0	-1	0
-0.79421087	0.572833885	-0.202707756
-0.093365896	0.909289651	0.405555348
0.458026498	-0.699929444	-0.548005931
-0.735964185	-0.391978274	0.55200521
0.080567348	-0.332696337	-0.939586105
-0.502345433	0.391931563	-0.770739071
0.136175794	0.34810532	-0.927512178
0.903495833	0.148152952	-0.402176556
0	0	-1
0.692298309	0.503197356	-0.517218979
0.965199664	-0.259990441	0.028188282
0.522619781	-0.819175627	0.236262261
-0.30127667	-0.87743663	0.373279156
0.549666747	0.380075007	0.743914953
-0.893073961	0.037586151	0.448337129
-0.962907917	0.23543295	0.131831975
-0.177354349	-0.921212873	-0.346283522
-1	0	0
0	1	0
-0.108574743	-0.52079128	-0.846751421
0.001608247	-0.516116481	-0.856516895
-0.587937963	-0.570446768	0.573514984
0.190057356	0.932618015	-0.30676023
0.464913854	-0.88465192	0.035299975
0.931779556	-0.242544616	0.270109178
0.425135434	0.255452941	0.86833384
-0.886175339	0.457812733	0.071419678
-0.368904099	-0.006936216	-0.929441582
-0.044371764	-0.02560689	0.998686855
-0.154078606	0.587071461	-0.79473699
0.184039113	-0.206766888	0.960925106
-0.462294411	-0.190572494	0.866005775
-0.777317219	-0.450998413	0.438609591
-0.867861871	-0.228634698	0.441069096
-0.272867148	0.134470781	0.952607542
-0.799669749	0.347272982	-0.489826263
0.328601813	0.74262059	0.583554203
-0.253004556	-0.110650226	0.961116654
-0.921193554	0.273014826	-0.277245994
-0.983265566	-0.169821063	-0.065951752
-0.320393252	0.88006234	-0.350483155
0.739393774	-0.471598431	0.480511984
0.285919803	-0.574552538	0.766902372
0.538557986	0.308692607	0.784005211
0.960882925	-0.078182154	-0.265690714
-0.197308948	0.90033727	-0.387894289
0.744394881	0.660593231	0.09743123
-0.292141798	-0.315529442	0.902825753
-0.677562342	0.424227443	0.600783113
-0.385001416	0.093298325	0.91818807
0.393144138	-0.65377892	-0.646537556
-0.409814699	0.671957762	-0.616866824
-0.69596348	-0.551931668	0.459354186
0.854088803	0.05777179	-0.516908828
0.521889025	0.587006273	-0.61891476
0.045873519	-0.899748354	0.433991383
-0.234677512	-0.400524394	0.885723814
-0.373794044	-0.922137246	-0.099704121
-0.093766023	-0.175158478	0.980065018
-0.782032822	-0.56315866	-0.266977506
-0.989236828	0.060704713	0.133136909
-0.453115139	0.653000418	0.606858405
0.798057927	0.374768843	0.471859999
-0.132690149	0.599897786	0.788996813
0	0	1
-0.883130928	-0.278429495	0.377566921
0.09793341	-0.044273713	-0.994207667
0.758794543	-0.640922966	-0.115968071
0.91543786	-0.323435172	-0.239506187
0.135684938	0.984353238	0.112420195
0.550122119	-0.241112296	0.799518927
-0.054232969	0.995001971	-0.083844271
0.847396408	0.040559629	0.529409335
-0.707227161	-0.615355627	-0.348090786
-1	0	0
0.726487363	0.296844222	-0.61975771
-0.809883014	0.376820853	0.449550384
0.479258633	0.575411825	-0.662731012
-0.075526975	-0.968394403	0.237714023
0.315443152	-0.37064241	-0.873567297
0.246806547	0.480295061	0.841666907
0.203475731	0.942615424	0.264714545
0.392959163	0.881504044	0.26178945
-0.61311168	0.509957682	0.603354978
0.721642478	0.562555016	0.403440191
0.861585585	-0.219289111	-0.457801886
0.820878806	0.131226245	-0.555821607
0.036869079	-0.046310567	0.998246464
0.693113227	0.218506215	-0.686912722
0.418746378	0.150340306	-0.895572031
-0.593698369	0.567292923	-0.570702187
0	0	-1
0.771494666	-0.545406141	-0.32760971
0.088919111	0.979004348	0.183422676
0.633539432	0.435670261	0.639389718
-0.739485875	0.622512502	0.25620075
-0.471893222	-0.271703411	-0.838745518
-0.998697025	-0.044998539	0.024070402
0.445713944	0.060703938	-0.893114837
0.508532054	0.536129817	-0.673765516
-0.084660679	0.403589616	-0.911014814
0.141922056	0.988377988	0.054470944
1	0	0
-0.226690464	0.949670331	0.216189027
0.654411881	0.585305251	0.478709571
0.171058059	0.242152705	-0.955039899
-0.138679978	0.5820461	-0.80124291
0.637757597	-0.708903176	0.301200157
0.635179785	-0.357277285	-0.684762428
-0.11309122	-0.815726533	0.567274712
-0.767622794	0.637701417	-0.063969897
-0.022897179	-0.504055044	-0.863367958
0.027182287	-0.677450785	-0.735065682
-0.701954514	-0.474450978	0.531183706
0.857905814	0.412492835	0.306345028
0.898552437	-0.367322624	-0.240161629
0.449447336	0.443954468	-0.775178381
-0.632035115	-0.378997444	-0.675938275
0.407776526	0.578452465	0.706477919
-0.876443338	0.481469288	0.005865126
-0.301981843	0.062912396	0.951235511
-0.260531126	0.822744795	0.505187623
0.168248701	0.054258428	-0.98425017
-0.8551789	0.447310509	-0.261882334
0.176882404	-0.87601668	-0.448672923
-0.424710958	-0.904408809	0.040808184
-0.07667192	0.993694577	-0.081807727
0	0	1
-0.710330779	-0.703117525	-0.032495067
-0.041574194	0.385636808	-0.921713534
0.91874916	-0.362496305	0.156513291
0.522027181	-0.847882342	0.092645328
-0.996723941	-0.007605421	-0.080520453
-0.613046653	0.677792724	-0.405919727
0.525181854	0.85097867	-0.004395851
-0.657440962	-0.485036971	0.57663725
-0.781369926	-0.431086022	0.451249243
-0.26040611	0.047869753	0.964311747
-0.338518833	-0.202248501	-0.918967107
-0.851006404	0.359657874	0.382667367
0.096194649	-0.922270465	-0.374384533
-0.720462452	0.159057055	0.675007192
-0.141613435	0.832735566	0.53525425
0.593255611	-0.429960627	0.680574492
-0.667562492	-0.524584456	-0.528366793
-0.199834671	0.946909948	-0.251848475
0.836080961	-0.488527947	-0.249617853
-0.725093524	0.292013826	-0.623672436
-0.516550995	-0.649706197	0.557724777
0.655933381	0.401352661	-0.639271023
-0.020564665	-0.920200355	0.390907151
-0.312456046	0.895306169	0.317487138
-0.165473609	0.968833566	0.184336663
0.478478479	0.565125267	0.672080187
0.169503386	0.354212311	0.919675073
0.368151712	-0.737439672	-0.56625705
0.335745915	0.802197679	-0.493714051
0.709651618	0.544952875	-0.446565723
0.743571818	0.613137656	-0.266764251
-0.749353422	0.653134074	-0.109019862
-0.993381794	0.113254721	-0.019130606
-0.977722617	-0.18215227	-0.104302615
0.714709102	0.193418509	-0.672145951
-0.646850954	-0.227081196	-0.728023333
0.786652259	-0.421738681	-0.450904322
-0.47454256	0.69112804	-0.545115943
-0.248701583	0.787473082	-0.563944738
-0.522720114	0.433583749	-0.73400873
0.020874209	-0.740343836	-0.671904213
-0.177662776	-0.484531484	-0.856542573
0	0	1
0.917942993	-0.075186545	0.38952233
-0.967216332	-0.253420224	0.016454712
0.486900162	0.728674325	0.481624294
-0.312063817	-0.537488605	0.783404221
-0.710500795	0.648997936	-0.272011581
0.071606029	0.40767171	0.910316623
-0.529824489	0.410865208	0.741940558
-0.445074148	0.61805506	0.648009989
-0.134693673	-0.943871504	0.301602715
0.234611601	-0.908129285	0.346783216
0.39332726	-0.918510678	-0.040395566
-0.851437697	-0.517380583	-0.085855574
-0.351373239	0.438804135	-0.827035536
0.759034934	0.023868996	-0.650612204
0.265617183	-0.712427615	-0.649533991
0.762075089	-0.592270847	0.261642511
0.102211737	0.456590154	0.883786282
0.234950799	-0.728182698	0.643854084
0.634467772	-0.772886195	-0.009878061
-0.320473605	0.946455279	0.0389753
-0.387782181	0.798126108	0.461107033
0.090374051	0.912925896	0.397993515
-0.098091081	-0.717011471	0.690125127
-0.836305073	0.136454014	0.53101236
0.505973278	0.525851111	0.683718985
0.429722559	0.25728941	0.865529134
0.858811498	0.486469428	-0.160593604
0.636134107	0.560549958	-0.530204811
0	0	1
0.79363187	0.117817019	-0.596881567
-0.341091003	-0.917310385	0.20542294
-0.670538579	-0.152141527	0.726106721
0.537856039	-0.564555769	0.626089183
0.52453187	-0.074211587	0.848150315
-0.366934187	0.456549306	0.810507269
-0.164068906	-0.145042158	-0.975727506
0.23304581	0.943812662	0.234323087
-0.637080411	0.390745951	0.664414142
1	0	0
0.001319821	-0.713647349	-0.700503904
-0.731893303	0.680359615	-0.037986687
-0.404748573	-0.077175113	0.911165514
-0.730298532	-0.681044177	0.053318697
0.782450927	0.622195695	0.025358691
-0.532234676	-0.127321663	-0.836968007
-0.483690701	-0.818282658	-0.310574945
-0.179210811	-0.820950629	-0.542147166
-0.414463892	0.544261712	-0.729382527
0.576543046	-0.058709196	0.814954813
0.515552265	-0.457782432	-0.724321136
-0.153014036	-0.894680343	0.419682963
-0.344462771	-0.202157655	0.916775699
0	0	1
-0.444276742	-0.848336644	0.287998462
-0.424451654	0.574290047	-0.700022668
-0.424559296	0.086352318	-0.901272812
0.071647463	0.125206358	0.989540302
0.421421349	-0.783285211	0.457021142
0.857569991	0.328154782	0.396091088
0.158504292	0.942349178	0.294710732
0.740599206	0.671938271	0.003431651
0.870364793	-0.473209608	0.136153569
0	-1	0
0.804251868	-0.526158421	0.276290154
0.838513081	0.104556078	0.534755869
0.484193265	0.563537825	-0.669314577
-0.835212368	-0.437951675	-0.332593792
0.309936133	0.767846146	0.560670928
0.500666089	-0.163410462	-0.850076754
0.698346209	-0.656272098	-0.285691275
0.673955936	0.468517303	-0.571204809
0.855831381	-0.381918269	0.34884249
-0.008556349	0.428616099	-0.903446196
0.109631838	-0.947391187	0.30071714
-0.18648763	0.227595065	-0.955731578
0.697849656	0.050784109	0.714441622
-0.752174185	0.224551462	-0.619524525
-0.819068755	-0.449054116	-0.3570389
0.223442149	0.627761715	0.745646589
-0.764777086	0.024390973	0.643833122
-0.233615803	0.311349657	-0.921132481
-0.081208797	0.768780541	0.634335567
-0.497688411	0.084461867	-0.86323371
0.541698538	0.563828769	-0.623425868
-0.269745972	0.911627385	-0.310117109
0.653384978	0.7565873	-0.025762902
0.635470381	0.203196215	-0.744908513
0.973075176	-0.200996873	0.112804959
-0.625851107	-0.697586952	0.348830669
0.948048208	0.316724651	-0.029834385
0.358276085	-0.898145025	0.254899511
-0.315376457	-0.878013198	-0.360042379
0.854182305	0.140393005	0.500661955
0.54560953	0.824023167	0.152630474
-0.883891699	-0.231434578	0.406415428
-0.135228461	-0.861426383	-0.489548619
-0.830341775	0.516807115	0.208429706
-0.650104344	0.523582723	-0.550659127
-0.988453494	-0.133897355	-0.070930874
0.505566116	-0.48705073	-0.712168863
-0.884657697	0.46040389	0.073546022
-0.221241345	0.898280586	-0.379663345
-0.155982567	0.168171977	0.973338392
-0.724244355	-0.657291689	-0.208417251
0.277982651	0.309057073	-0.909510512
0.507523411	0.343148692	-0.790360021
0	1	0
-0.103627224	-0.226525139	-0.968477031
0.777109371	-0.068245719	-0.625654495
-0.691301528	-0.023392254	-0.722187649
-0.150556936	-0.588572616	0.794301508
-0.783900828	0.123365455	-0.608506743
-0.229880191	0.250985462	-0.940298567
-0.334299762	0.427514308	-0.839925702
0.516510704	0.582346745	-0.627765052
0.551776547	0.236635511	-0.799716373
0.407894291	0.694313673	0.592917171
-0.417920917	0.717077702	-0.55780075
0.907822024	0.02889861	-0.41835875
0.587976822	0.784537054	-0.196938741
-0.611144552	0.75384768	0.241279947
0	-1	0
0.451854799	0.246948508	-0.857230235
-0.30925397	0.048524222	0.949740692
-0.3658321	-0.90910493	-0.199236296
0.616894562	-0.669190589	-0.414276545
-0.967138759	0.220144738	0.127196367
-0.53992165	0.297151167	-0.787518759
0.469240458	-0.049873806	0.881660931
-0.201402068	0.85356067	0.48049078
-0.855694898	-0.515826819	-0.041339258
0.893363719	-0.327683838	0.30744848
0.890617081	-0.046931184	-0.452325855
1	0	0
-0.522550632	0.041936526	-0.851576283
-0.726265155	0.565727521	-0.39050134
-0.475472448	0.877202951	0.066640331
0.388520753	-0.527265457	0.755673714
-0.72760504	-0.231468004	0.6457658
-0.755294826	-0.413836567	0.508201753
-0.195957425	-0.822187818	-0.534422941
-0.931883664	-0.13079361	-0.338357604
0.369663698	0.580184104	-0.725765221
-0.724263969	-0.661767131	-0.193664573
-0.252727535	0.6864872	0.681809444
-0.25366248	0.433931829	-0.864498996
0.304630853	0.95101725	-0.052594995
-0.894449129	0.21778057	0.39055394
-0.634183528	-0.121890166	-0.76351427
0.313197945	0.852942993	-0.417606631
-0.583208199	-0.179975457	-0.792134478
0.067658512	-0.743420841	0.665392951
0.78888015	0.252537712	0.560261379
-0.147152337	0.549268696	0.822587436
-0.619515829	0.008681323	0.784936158
-0.660270632	0.575141875	0.4829643
-0.185572844	0.940001515	-0.286286346
0	0	1
0.443720145	-0.641846026	-0.62541675
-0.848881829	-0.103405658	-0.518369472
0.874981712	-0.331044702	0.353293659
0.552603859	0.038635768	0.832548048
-0.496730254	0.2239965	0.838501415
-0.624855536	0.487022128	-0.61021718
-0.721503345	-0.47623595	0.50262535
-0.132695012	-0.935296289	0.32804403
0.047643417	-0.998280182	-0.034158219
-0.954657722	-0.293880594	0.047569224
-0.784184234	0.528710348	0.324839123
0.380434451	-0.795009678	0.472471417
-0.236117991	-0.780724843	0.578547331
0.986949286	0.039970761	0.155991808
0.194976357	-0.873650583	-0.445778959
-0.266806847	0.445974964	0.854353813
-0.11419684	0.478656834	0.87054392
-0.363322259	-0.40887437	-0.837149142
0.567986035	-0.601172856	0.562123706
0.148564482	0.105941953	0.983211522
-0.272264881	-0.397658893	0.876207304
-0.430868756	0.045116254	0.901286102
-0.348242647	-0.646607397	0.678694285
0.022770456	-0.872703595	0.487719122
-0.737549275	-0.068832915	0.671776076
-0.081814276	0.767761629	0.63549076
-0.104208134	0.988635848	0.108350468
0.28141085	-0.208186419	-0.936731738
-0.207318013	0.809770567	0.548899691
-0.236845946	-0.702915335	0.670681765
-0.771876745	-0.634679562	0.03725779
-0.940437821	-0.17802579	0.289626524
-0.214449748	0.811040583	0.544265081
0.967499112	0.107860014	0.22871748
0.535197962	-0.12955672	0.834732411
0.409015946	0.495165521	-0.766496617
-0.645440655	0.727164823	-0.233747045
-0.790433133	0.365288641	-0.491710963
-0.286366943	0.319244998	-0.903369584
1	0	0
0.129132939	-0.984275735	-0.120523693
0.621119429	-0.321013685	0.714955152
0.894461641	0.140361982	0.42454315
0.154388348	-0.929655479	-0.33452194
-0.463900481	-0.631149033	0.621648809
0.090266882	0.654347652	-0.750786947
-0.108346106	0.120655441	-0.986764098
-0.279664151	-0.602500014	0.74751702
-0.142097587	-0.408165343	0.901781198
-0.40280062	0.835998337	-0.372637144
0.025464943	-0.783135102	0.621329983
-0.542766864	-0.833555034	-0.102908389
-0.793964304	0.488848347	0.361452594
-0.677551349	0.64552613	0.352448841
-0.28694884	0.621902653	-0.728627102
0.08487601	-0.20031979	-0.976047153
0.492118814	0.48600487	-0.7222315
-0.709220497	-0.54576161	-0.446262874
-0.480700463	-0.156565468	-0.862794482
0.276986164	0.955815056	-0.098469503
0.064947368	0.691163514	-0.719774156
0.148509467	0.658175831	0.738071483
-0.6395893	-0.267371465	0.720720491
-0.884272783	0.465544006	-0.036474985
-0.501405659	0.352388451	-0.79019918
0.693634448	-0.260354951	0.671629773
0.664600385	-0.500063197	-0.555196476
0.789358074	0.3079657	0.531103529
0.892436869	0.448328998	0.050572178
-0.107345773	-0.644804158	-0.756772412
-0.586600673	-0.203062727	0.784005854
0.233930538	0.113570541	-0.965597347
-0.55761727	-0.620511275	-0.55138801
-0.289561918	0.929879199	0.226888897
-0.304193649	0.851692589	-0.426715313
-0.650909996	0.205163693	-0.730906312
0.596662215	0.019763171	-0.8022491
0.980023428	0.141217513	-0.140041759
0.919070815	0.031474508	-0.392833544
0.084622751	-0.977541917	-0.19300464
0.67926191	0.132177504	0.721894982
-0.12959008	0.567814841	0.812891578
0.220856768	0.713324855	0.665124002
-0.544353241	-0.690424256	0.476438764
0	0	1
-0.984970382	0.117031674	0.127031234
0.466764899	-0.667417943	-0.58024462
-0.429627442	0.797996308	0.422637141
-0.857627463	-0.473355189	0.201022386
0.009662334	-0.929593814	0.368458926
0.67853369	-0.207021653	0.704793634
0.090769826	-0.972562847	0.214201653
0.364002908	0.877802116	0.311392562
-0.522180744	-0.468502808	-0.712623596
0.79636332	0.426872347	-0.428468741
-0.028875786	-0.408579265	0.912265955
-0.997584938	-0.021893186	-0.065916462
0	-1	0
0	0	-1
-0.626206877	0.071850004	0.776339181
-0.245586562	-0.893794262	-0.375258654
0.897322003	0.275688326	-0.344687059
-0.64285624	-0.144498691	-0.752233995
0.553756461	-0.831488716	-0.044500527
-0.3944372	0.095687338	-0.913927365
0.234597052	0.718426524	-0.65484926
-0.945257021	0.011358127	-0.32612905
-0.842990344	0.537910757	-0.004392875
-0.173838195	0.227504064	0.958134741
0.68997277	0.234781468	-0.684700839
0.386977215	0.638938762	0.664835238
-0.450431151	-0.030176932	-0.892301031
0.963492152	-0.229004558	-0.138707556
0.687422822	0.418892234	-0.593278315
-0.284990127	0.837423086	0.466372387
-0.981531586	-0.152733847	-0.115187311
0.671488998	-0.469778937	0.573070917
-0.826157095	0.541762606	-0.154782855
-0.169577465	-0.962492521	0.211782035
0.291773822	0.953541164	0.075015228
1	0	0
0	-1	0
-0.144489518	-0.98943736	0.011682899
0.028463312	0.145029567	-0.989017828
0.261056694	-0.396052933	0.880336002
-0.122222386	-0.923250846	0.364238334
-0.388315828	0.30968237	0.867932974
-0.492712589	0.474194097	-0.729639817
0.527323431	-0.042035838	-0.848624173
-0.824616463	0.288074322	0.486847896
-0.859323366	0.091251755	-0.503226063
0.987940642	-0.008688266	-0.15458914
-0.979396412	0.06031673	-0.192729242
-0.976368972	0.215672459	0.013748453
0	0	1
-0.489102216	0.869162722	0.07304235
-0.296810938	-0.606630402	-0.737497676
0.695967307	-0.485061682	0.529475847
0.247407836	-0.927504047	-0.280224205
0.190887999	-0.131069569	0.972821947
0.726922691	0.345326324	-0.593576559
0.9902871	0.00856951	-0.138773281
0.520231367	0.850982955	-0.072023156
-0.222368749	0.596367389	-0.771296361
-0.299820753	0.527372244	0.794975492
0.196342078	-0.799964144	0.567016011
-0.115974525	-0.880431215	-0.459772536
0.118877486	-0.667341113	-0.735203361
0.707391456	0.18184237	-0.683030512
-0.648165066	-0.518591378	0.557624452
-0.566248431	-0.806929224	0.168011731
-0.675328608	0.168602882	0.717986309
0.803673577	0.585567848	0.105920144
-0.884804088	0.457864267	-0.086498777
0.95804407	0.274355316	0.08295011
-0.947102794	-0.139593104	-0.288981078
0.303984155	-0.935967317	0.177648006
0.617893668	-0.135017569	-0.774582256
-0.324859872	-0.629285082	-0.706021494
-0.877880448	-0.475086149	0.060158709
0.057228602	-0.725069125	-0.686294144
-0.79705815	-0.405049383	0.447921091
-0.295770332	-0.850215219	0.435492816
0.308058001	-0.72127283	0.620375509
-0.426257099	0.371774439	0.824674877
-0.570664538	0.817570905	-0.076940241
-0.744434482	0.1195652	0.656902935
0.577212625	0.63005676	0.519474796
0.30510342	0.447119724	0.840830456
-0.626400445	0.675790598	-0.388496524
-0.528031681	0.561173286	-0.637390843
-0.392364621	0.868227675	0.303695092
0.595752403	-0.339010622	0.728114602
0.24607214	0.097573932	-0.964327657
-0.990772389	-0.04500675	-0.127845472
0.915288667	0.402481256	0.015984191
-0.994519459	0.039979895	0.09660566
-0.109367775	-0.906482606	-0.407833268
-0.077991122	-0.880374931	0.467821938
0.035175382	-0.976944263	-0.210576825
-0.287480836	0.787252557	-0.545516435
0.567871082	0.693535389	0.443318281
0.240488846	0.655023081	-0.716316884
-0.697581463	-0.646202138	0.309520435
0.988177332	-0.137672813	0.067466714
-0.349527825	0.936863595	-0.010812233
-1	0	0
-0.032509587	0.162543352	-0.986165699
0.510195067	-0.851189566	-0.12319625
-0.691951162	-0.538613174	0.480728029
-0.895166802	-0.045926121	-0.443358984
-0.831465449	-0.453410694	0.321066892
-0.23906238	0.121182262	-0.963412704
0.267492097	-0.903171364	0.335752089
-0.362521889	-0.8336915	-0.41657696
0.025990979	-0.293653776	-0.955558438
0.329672039	-0.76734699	-0.549995404
0.578141849	-0.239421469	-0.780018822
0	0	-1
-0.615588818	-0.697768321	0.366291929
-0.607841307	0.184605512	-0.772301593
0.842707586	0.508801461	0.175968742
-0.425542588	0.73915127	0.522081322
-0.826668407	0.276397702	0.490126162
0.304434521	0.940685965	0.14976494
-0.504934288	0.65913053	0.557304503
0.107209795	-0.793525125	0.599019145
-0.665724983	0.258232304	0.700090226
-0.124009402	0.524997123	0.842021193
0.084599494	0.813656751	0.575157037
-0.821948972	-0.221494956	0.524728379
-0.87488285	0.327770344	0.35657622
-0.496937045	0.478324678	0.724057371
0.244525806	-0.565520642	0.787650642
0.539206267	-0.532392555	0.65254484
-0.909139772	-0.415447801	-0.029461817
0.930491095	-0.139800324	0.338588528
0.799764777	0.037490226	0.599141707
0.819780806	0.231038171	0.524004573
0.691066818	0.720349058	-0.059362348
-0.180672457	-0.724988264	0.664642371
0.796993295	-0.573451954	0.189616833
0.406310117	0.145662143	0.902050236
-0.10733775	0.097553374	0.989425059
0.852300859	-0.474408695	-0.22027173
0.635445118	0.141528804	0.759064621
0.455948813	-0.195243331	0.868326391
-0.098629517	0.976262436	-0.192831206
-0.19496605	0.977267786	0.083282135
-0.441789434	0.631488014	0.637216591
0.35500238	0.80281784	0.479016519
0.630109772	0.295916051	-0.717910417
1	0	0
0.696377008	-0.088346816	0.712217595
0.297491582	0.952900327	0.058989199
0.072404666	0.410880187	0.908809681
0.126689275	0.154654131	-0.97981219
-0.404579764	-0.909472404	-0.095787064
-0.62019282	-0.782520689	0.054974885
-0.944767634	0.289215025	0.154171292
-0.101397642	0.422077201	0.900871442
-0.527012123	-0.267568453	0.806638299
-0.088547438	0.995704995	-0.027035439
-0.75219836	-0.457038742	0.474671692
-0.947261396	-0.15150785	-0.282384878
-0.169113453	-0.353120314	-0.920166661
0.412196271	0.022028533	0.910828731
0.541296854	-0.345644638	-0.766503425
-0.464930325	-0.838912575	0.282958451
0.481124905	-0.857017377	0.184499432
-0.043668946	-0.996618757	-0.069599399
0.383063721	0.40092936	-0.832176564
0.467449154	0.883712338	0.023319343
0.705633841	0.702077514	-0.095749917
0.100576691	-0.84666709	0.522531499
-0.563461069	-0.632553276	-0.531401899
0.262747401	-0.95700163	0.12292959
-0.336913228	0.195847395	0.920941515
0.242259597	-0.188139323	0.951795085
-0.48314785	0.791345453	-0.374620512
-0.156802759	0.738813802	0.655413656
-0.690966006	0.711313324	-0.128838401
-0.783871671	-0.282970599	0.552695977
0.949708131	-0.216200971	0.226520654
-0.652611658	0.395555802	0.646245798
0.571938687	-0.678624955	0.460819171
0.939046037	0.210105778	0.272117811
0.982516935	-0.002893837	0.18615074
-0.330455837	-0.228011059	0.915865654
-0.293884618	0.753464615	-0.58815211
0.02468805	-0.020115461	0.999492806
0.285812178	0.832716032	-0.474231387
-0.288985883	-0.658971434	0.694437764
-0.315655324	0.927425492	-0.200608259
-0.911516064	0.387127144	0.138820166
0.765126474	0.229530169	0.601579072
-0.708026365	0.485822659	0.512518303
-0.589104088	-0.779514264	-0.212870583
0.158076966	-0.380365235	-0.911226624
0	1	0
0	0	-1
-0.16072482	-0.533130818	0.830625705
0.970186058	0.236774362	0.051738908
-0.260535482	0.203938882	-0.943679074
0.627002233	0.766035427	-0.141626002
0.670273617	-0.731002875	0.127937776
0.825536647	-0.553283251	0.111206511
-0.243179271	0.951164348	-0.190132124
0	0	-1
-0.228375779	0.969853825	-0.085018014
-0.262548104	-0.445228509	0.856060785
-0.860365051	0.399898365	0.315995692
-0.88575326	0.455942865	0.08693254
0.889017729	0.414150531	0.195260887
0.338592843	0.139266425	-0.930569583
-0.760848059	-0.537316736	-0.363869421
0.338433477	-0.405972282	-0.848910648
0.460191574	-0.782145882	0.420085151
-0.931324213	-0.221335781	-0.289215632
0.400878729	-0.448272671	-0.798966743
0.44080256	-0.410504069	-0.798235249
-0.74884581	-0.111785895	0.653248702
-0.675496455	-0.687730751	0.265952914
0.53291717	0.427762719	0.730081055
-0.108339512	0.874238546	0.473254176
0.259645686	0.919667877	0.294610105
0.834515333	-0.081711167	-0.544892139
-0.816858753	-0.266784224	-0.511437147
0.642703352	0.483687686	-0.594120042
0.523884813	0.774864679	-0.353736387
0.9348363	0.247862427	-0.254254418
-0.480735461	0.681354344	-0.551950789
0.108613758	0.452059174	-0.885350527
0.196930485	-0.489741061	0.849336257
-0.572493239	0.585428902	-0.574042239
-0.420376721	-0.790489522	-0.445432068
0.826278379	0.359338699	0.43375078
-0.122865586	-0.526627287	0.841170463
0.399025174	0.738453147	-0.543567714
0.163337723	-0.739968417	0.652508644
0.192383661	0.658892581	0.727220113
-0.792609569	0.585040319	-0.171749517
-0.890946844	0.426698387	0.155377628
-1	0	0
0.43846087	0.481801101	-0.758696095
-0.13593211	-0.95865532	0.250004877
0.386149978	0.490571965	-0.781170494
-0.872568254	-0.277736816	-0.401854331
-0.264205511	-0.380785503	-0.886113903
0.543658235	0.136513298	-0.82813033
-0.621064874	0.452031827	0.640269982
0.598196133	0.800181133	0.04326131
0.581807604	0.491169622	0.648268706
0.296547365	-0.723020517	0.623939895
-0.743833555	0.445822027	-0.49795016
0.04648383	0.157029486	0.986499364
0.655651019	-0.289548317	0.697340314
0.51730296	-0.841175372	0.157548849
0.123419959	0.776049947	0.618477157
-0.192162649	0.980962871	0.028024323
-0.052681051	-0.844163587	0.533490904
-0.150038145	-0.170882227	-0.973800708
-0.162626976	0.590923112	0.790166022
-0.236191783	0.303130429	0.923214701
0.299707485	0.564490411	0.769107274
0.71827274	0.689496211	0.093162473
-0.83123741	0.462860238	-0.307903828
0.538810886	-0.842170485	0.020777444
-0.665318554	-0.580817029	0.469044561
0.700205696	-0.508063568	0.501580895
0.879820975	-0.474962371	-0.018049899
-0.586937976	-0.619882915	-0.520815692
-0.429888247	-0.409219549	0.804820139
0.205220162	-0.955867625	-0.210242168
0.046185987	0.457978196	-0.887762821
0.053677407	0.05082153	0.997264212
0.438535101	-0.097332094	0.893427909
0.482539638	0.339226789	0.807515129
0.954220969	-0.0934576	-0.284126766
-0.677403174	0.477055342	-0.55994923
0	-1	0
0.394894469	0.461639296	-0.79432205
-0.332057722	0.259334411	-0.906908668
-0.141734552	0.461316455	0.875841564
0.537569087	0.773168942	0.336495563
-0.214529705	-0.966922341	0.137978952
0.726169401	-0.686086241	-0.044313323
0.864330567	-0.418904119	0.278302014
-0.208587363	0.068718085	-0.97558656
0.96081891	-0.274031723	-0.04163697
-0.302022195	0.294829776	0.90656384
0.187129002	0.221226256	0.957100664
0.916272149	-0.364711069	-0.165623624
-0.696038179	-0.306716948	0.649196093
0.92420721	-0.331513782	0.189577544
0.937204104	0.184351654	0.296079272
0.88755035	0.282057473	0.364277309
-0.076650988	-0.049255996	-0.995840586
-0.310573313	-0.939766129	0.142771987
-0.726607741	0.681297426	0.088741239
0.266316638	0.100508391	0.958631061
0.599909179	-0.784909749	0.155002138
-0.934796336	0.203255319	0.291278365
0.310629176	-0.633240883	0.708883276
0.250340239	-0.766021577	-0.592064783
-0.570472629	-0.761352723	0.308063323
-0.909182562	0.310790356	-0.277121677
-0.865772737	-0.014178838	-0.500236473
-0.995893436	0.003698474	0.090457644
0	0	-1
-0.746471095	-0.650931594	0.138090423
0.94304331	0.181124402	0.279039901
-0.195370141	0.953877831	0.227920145
0.836725452	-0.352831297	-0.418808541
0.82875045	0.557867757	0.044229585
0.209202236	-0.281342997	-0.936525783
-0.88329638	0.410459623	0.226517997
-0.039547052	0.905457213	-0.422591133
-0.935645688	-0.20539878	-0.28701653
-0.025343172	0.767698604	-0.64030975
-0.274821865	0.887202444	-0.370600548
-0.675990775	0.041022713	-0.735767361
-0.951645751	0.019589195	0.306572386
-0.193296283	-0.889550144	0.413928844
-0.468186998	-0.618262705	0.631309878
0.779656669	0.066532862	0.622662715
0.431094771	0.313968673	0.845920192
-0.447903882	-0.873484172	0.19080753
-0.130593276	0.639064029	0.75798586
-0.497221592	0.268247101	-0.825114647
-0.827604244	-0.218875398	-0.516879846
0.90317095	-0.427661238	0.037257209
0.606835878	-0.502742804	-0.61562967
0.593603465	0.544058869	-0.592988088
-0.889925987	-0.18887334	-0.415160931
-0.553453066	0.772508859	-0.311319397
-0.483591221	0.017167421	-0.875125597
0.872861327	0.45055171	0.187393331
0.976639108	-0.143161021	0.160252844
0.805233339	-0.585300258	-0.094988826
0.355043742	-0.932862375	-0.060923982
-0.964200433	0.15586791	0.214529067
-0.292912991	0.84805527	0.441592843
0.524971309	0.776235312	0.349090053
0.506317681	-0.267482584	0.819814292
0.54898095	-0.825910503	0.128420238
0.639385817	0.054680732	-0.766939238
0.773978406	0.542818989	-0.326044434
0.240141122	-0.656877652	-0.714733511
-0.010557596	0.5676032	-0.823234562
1	0	0
0.012523152	-0.481508299	-0.876352057
0.077231834	-0.995237165	0.059483015
0.461522494	-0.805784931	-0.371089791
0.134078594	-0.00619115	0.990951361
0.381892681	-0.304162196	0.872721799
0.058167652	0.760040969	-0.647266753
-0.219492771	-0.484617649	0.846740018
0.91468604	-0.200237901	0.351075819
-0.463244139	-0.862558764	0.203463132
-0.418288661	-0.43898798	0.795188122
0.399113038	0.9168688	0.007770883
-0.993331358	0.11419872	-0.015857646
-0.997724054	0.047490805	0.047867901
-0.447153093	0.604453748	0.659310078
-0.570701771	0.800692254	0.182185079
-0.441234812	0.887834812	0.130618481
-0.547389951	-0.819461603	0.169843819
-0.891591602	-0.394828926	0.221753319
-0.453410688	0.685608568	-0.569525802
-0.476636268	-0.772992932	-0.418688183
0.039397413	-0.686444956	-0.726113742
-0.904280267	0.153465345	0.398403798
0.760417824	-0.23342976	0.606032408
-0.193399436	-0.610758634	0.767834975
-0.166227575	0.772458808	-0.612923962
-0.067866652	-0.469623331	-0.880254534
0.552282698	-0.526740827	0.646164006
-0.095236363	-0.475782176	0.874391992
-0.705808844	-0.358190741	-0.611173681
-0.059756491	-0.680867425	-0.72996487
-0.360916965	-0.099327524	0.927293367
-0.470492393	0.863327777	-0.182488511
-0.140331394	0.818895652	-0.556522246
-0.006406835	-0.967624024	-0.252314684
-0.594102495	0.020072147	-0.804138877
-0.507025311	-0.72655937	0.463720623
-0.619697218	-0.766329303	-0.169454292
-0.406776536	0.146164243	0.901758761
0.215136252	-0.782554712	-0.584229848
-0.987739694	-0.033041728	-0.15257307
-0.682801364	0.451237653	-0.574601495
-0.451839079	0.416580858	0.788861101
0.639909506	0.22953852	0.733367501
-0.270309685	0.926178453	-0.262918517
0.071899621	0.897357593	0.43540762
0	0	-1
-0.451373378	0.232963548	0.861388448
-0.980948319	-0.091369648	0.171440901
0.44589652	0.068561516	-0.892454823
0.635896047	0.770242385	0.048609524
0.969229755	-0.086879283	0.230316462
0.050112745	0.947994386	-0.314317287
-0.438421064	0.895111762	-0.081005586
0.389587277	0.331264893	-0.859351689
0.952514239	-0.304304783	0.010734189
0.083763852	-0.796100206	-0.599339703
0.941435233	0.164412004	0.294394963
0.170411131	-0.827624929	-0.534786895
0.078553672	0.400592721	-0.912882683
-0.089514069	-0.9451627	-0.31409346
-0.545785049	-0.378510552	-0.747561664
0.508891257	-0.532620007	-0.67627333
0.199844606	0.41887164	0.885781397
0.35957627	0.551491219	0.752703355
-0.28508707	-0.022599185	-0.958235169
0.674025538	-0.145321974	-0.724272807
-0.272901907	0.960983892	0.045105515
0.797348803	0.592252897	0.116066329
-0.762518543	0.244567622	0.598959222
-0.326184968	0.631318447	-0.703591064
0.00364606	-0.192877071	-0.981216154
-0.659228905	0.023078114	-0.751588087
-0.695619796	-0.593476922	0.404843479
-0.781885227	0.583921743	-0.218382441
0	0	-1
-0.596645121	0.802467064	0.007823669
-0.858394014	-0.302030436	0.414653267
-0.462611959	-0.080044606	-0.882939996
-0.472127182	0.881230338	0.023000318
-0.619214284	0.705539999	0.344654872
0.970072418	-0.103507956	0.219648828
0.710307687	-0.181215212	-0.680164713
-0.530694937	-0.700948142	-0.476481465
0.793993677	0.421481223	0.438095446
0.064317144	-0.665408743	0.74370324
-0.126687143	-0.964178466	0.233045605
-0.560657792	0.816818595	0.135905202
0.329847567	-0.884897284	-0.328872893
-0.251021164	0.515539592	-0.819272424
-0.37560821	0.069214936	-0.924190329
0.497620032	0.461246344	-0.734592481
-0.312359858	-0.942496029	0.118880421
-0.567061467	-0.758945303	0.32006768
0.758363829	-0.529441108	0.380232055
0.430306934	0.398730787	0.809845481
0.220101084	-0.903434801	-0.367914493
0.925746735	-0.085255905	-0.368407945
0.429141787	0.792557026	-0.433232832
-0.893158539	-0.243103353	0.378376248
0.320680745	-0.677226742	0.662214315
-0.844365074	0.53339925	0.050327549
-0.842622997	0.427879325	0.326964475
-0.310119897	-0.950693017	0.002904657
0.187161105	0.806707135	0.560530391
0.748725921	0.662025046	-0.033650172
0.422072542	0.851577288	0.310919429
0.180100988	-0.68775629	-0.703245988
0.352300241	0.275326368	0.894471873
-0.891347151	0.315779678	-0.32524368
-0.363603602	0.11718878	0.92415324
0.026248436	-0.878108341	0.477741312
-0.111848046	0.005829938	0.99370822
0.37893679	0.271290898	-0.884764465
0.821107761	-0.443952351	-0.358731591
-0.093174571	-0.887056163	-0.452161325
-0.659934761	0.671801539	0.336405712
-0.084281919	0.89646315	-0.435029171
0.905782544	0.147825316	-0.397121717
0.350735289	0.540691747	0.764615715
-0.553269418	0.826564343	0.10336507
-0.543718726	-0.773122433	-0.326575643
0.753167723	0.606424903	-0.254925908
0.711890309	0.659644699	-0.241000122
-0.426434728	0.506420268	-0.749461096
-0.190294136	-0.054685038	0.980202881
0.711761362	0.195137541	-0.67477189
-0.79693695	0.333697074	-0.503525333
0	-1	0
-0.563586838	-0.265614161	0.782188593
-0.895500943	0.05721621	-0.441366476
0.896176432	-0.102608212	-0.431670428
0.788203223	0.374878056	0.488059549
0.484901325	-0.176985144	-0.856473563
0.004314773	-0.910093288	-0.414380972
0.259744324	0.96537606	-0.024123614
0.984837038	0.132696774	0.111747816
0.988419287	-0.149398247	0.026598424
-0.961457619	-0.19002117	0.198723933
-0.50018539	-0.594707969	0.629394159
0.042171078	-0.140470286	0.989186382
0.613907254	-0.047034798	0.787975641
-1	0	0
-0.693761037	-0.585681503	0.419133393
0.371812932	-0.773474283	0.513315377
-0.174720055	0.094691571	-0.980054289
-0.581400616	-0.601267437	-0.548133918
-0.962394171	0.235990559	0.134558224
0.996016061	0.082305386	-0.034319522
-0.051552416	-0.232965133	0.971117704
0.037832709	-0.97035116	0.238720154
0.394154068	0.487924806	-0.778827294
0.861899867	-0.240083541	0.44664137
0.092809193	-0.601373608	-0.793559221
0.079163892	-0.927602401	-0.365084734
0.076197427	0.915872721	0.394171423
0.243072858	0.757399788	0.606020748
0	0	-1
-0.149453521	0.770753753	-0.619356358
-0.635034101	-0.586755837	0.502443309
0.149048185	0.389408034	-0.908925752
0.247799915	-0.458416471	0.853492555
0.919505874	0.387147984	-0.068010185
-0.560447746	-0.82666241	0.05027509
-0.132295917	-0.1479088	0.980112635
0.952041734	-0.267432966	-0.148647723
0.998157878	-0.04726606	-0.038036437
0.758775521	-0.651331432	-0.005203258
0	1	0
-0.291645091	0.935561282	-0.199168844
-0.417740214	-0.205862566	0.884937126
0.006020399	-0.961942169	-0.273186782
0.661798542	0.735948483	-0.142837391
-0.253933617	-0.007742124	0.967190663
-0.976751893	-0.213475174	0.019598207
0.277513737	0.320590874	0.905653144
-0.367099365	0.070238035	-0.927526105
-0.795248792	-0.193966674	-0.574418217
-0.976222358	-0.027475111	-0.215023315
0	0	-1
0.312301852	0.658524412	0.684699315
0.235955021	-0.779546172	0.580200821
0.729007831	0.682560444	-0.051563767
-0.926409425	0.376167074	0.016245318
0.974914354	0.148717114	0.165605621
0.917644238	0.38794695	0.086175496
0.206636928	-0.797196355	-0.567255808
-0.311953387	-0.950053802	0.009102565
-0.702150345	-0.16341626	-0.69302238
-0.198142698	-0.267933758	0.942841966
0.647790631	-0.283783701	-0.706989469
-0.213452677	-0.097823098	-0.972043516
0.400690579	-0.913933102	-0.064601426
0.964063026	-0.18501537	-0.190661467
0	-1	0
0.471274785	-0.694539427	-0.54361297
-0.762853929	-0.565853146	-0.312832383
0.648660992	-0.048884086	-0.759505934
-0.604464006	0.632193062	-0.484721774
-0.430435594	-0.29918335	0.851595281
-0.498078667	0.089094004	-0.862542695
-0.913958302	0.072854185	-0.399214842
-0.813323499	-0.401356992	0.421209509
-0.946862213	-0.186813181	-0.261825866
0.484319493	0.669766751	-0.562891755
0.709270659	-0.208623312	-0.673358333
0.691067454	0.651832349	0.312314526
0.122968054	-0.301912483	0.945371731
0.175942629	0.232696922	-0.956502135
-0.584082371	-0.670112985	0.458035339
0.003986492	-0.59500233	0.803714088
-0.049273456	0.628981563	0.775857152
-0.060315486	0.155737577	0.985955298
0.334765589	-0.49560147	-0.801443188
-0.38440722	0.7154801	-0.583368936
-0.748502466	0.618200323	-0.239942533
0.759765138	0.271725916	-0.590696167
-0.387954099	0.262585351	0.88348206
0.982574465	-0.181425432	0.040400902
0.601402463	-0.798481355	-0.027250743
-1	0	0
0.36167064	-0.301432398	-0.882231748
-0.433391795	-0.133476834	-0.891266227
-0.72689028	-0.582968204	-0.363013215
-0.461269715	-0.235954185	0.855310396
0.885337914	0.431499932	-0.173160578
0.666162001	-0.354303619	0.656275197
0.961889846	0.032333808	0.271518782
0.139601353	0.185863753	0.9726079
0.273434909	0.9008837	0.337108157
-0.364140031	0.051384527	-0.929925625
0.090241794	0.878443985	0.469246827
0.304619263	0.718429126	0.625353256
-0.247852181	0.877419147	0.410737066
-0.195224427	0.728219789	-0.656950045
0.291695169	0.948731274	0.121749327
-0.887404494	0.431185187	0.163072369
0.413931721	-0.587829734	-0.695065993
-0.687536195	0.705282966	0.172829158
0.048596686	-0.988518702	0.143070394
0	1	0
-0.207347868	-0.670375466	-0.712463049
0.330666653	0.424481416	-0.842896846
-0.434912577	-0.042465697	-0.899470797
0.050040471	0.998492635	-0.02254795
-0.873987229	-0.442054353	-0.201827332
0.215305501	0.148027904	0.965262286
-0.735166222	0.427799248	0.525850197
-0.555486005	0.407716884	-0.724708383
-0.213729254	0.035133098	0.976260965
-0.340728519	0.659266227	-0.670277642
-0.324259431	-0.680979779	0.656599088
0.334960532	0.747806429	0.573225074
0.848336952	-0.130050654	-0.51323605
0.343363239	-0.056221314	0.937518453
0.88759331	-0.154826283	-0.433828236
0.9593623	-0.23368489	0.158162411
-0.443509607	-0.076996415	0.892956203
0.90166117	-0.259797069	0.34570597
-0.67869124	0.574377195	0.457677877
-0.094577862	-0.263172341	-0.960101738
0.106237411	0.125097821	0.986440139
-0.411729064	0.282565435	0.866392493
0.4787647	0.034744791	-0.877255471
0.903147947	-0.297576927	0.309470125
-0.015589077	-0.984842456	0.172749293
-0.848197581	-0.449337915	0.280457309
1	0	0
-0.231371715	0.292909674	-0.927723586
-0.826178895	0.301702012	0.47581964
0.323851416	-0.941860628	0.089547856
-0.874654698	0.009774176	0.48464794
0.998733395	-0.04116174	-0.028936419
0.402147634	0.213466031	0.890342369
0.151288023	0.156472895	0.976026725
-0.400791126	-0.491100826	0.773425143
0.700851814	-0.495664265	0.512955818
-0.190589265	0.572981677	0.797099574
0.595665119	0.231919279	0.769023091
0.444523428	-0.895704906	0.010566184
-0.076551236	-0.973088867	0.217342967
0	0	-1
-0.533292294	-0.819692062	-0.209055621
0.692715869	0.127454793	0.709859141
0.03810124	0.961115903	0.273504145
-0.893109861	0.38181583	-0.23784753
-0.212307658	0.977033678	-0.018183787
-0.04227219	-0.794660977	0.605579881
-0.328645934	0.119028624	-0.936922642
0.29571261	0.307968717	-0.904272814
0.327666388	-0.360948837	-0.873126953
-0.993995268	0.064025321	-0.088736498
-0.893191182	0.21771314	0.393459656
-0.790937144	0.424805574	0.440407378
-0.183924487	0.897470067	0.400898069
-0.449388739	-0.858296303	-0.247744258
0.412744066	0.777278742	-0.474847441
-0.333334345	-0.397878061	-0.854740465
0.749896806	0.593637908	-0.291973997
-0.213212203	-0.200991749	-0.956108191
0.543919068	0.087954827	0.834515426
-0.901458524	0.400204182	-0.164951938
-1	0	0
0	-1	0
0	0	-1
0.392149264	-0.740098081	0.546327544
0.531475547	-0.462519468	0.709654482
-0.984579397	0.174796178	-0.007050354
-0.236050486	0.906146188	0.350969021
0.524796048	0.606937827	0.596837986
0.015900878	-0.331313629	-0.943386687
0.151507356	-0.517355328	-0.842252329
-0.64922112	0.672644535	0.355051076
-0.837322138	0.405796441	-0.366361686
0.027497634	-0.972896232	0.229601396
0.756926497	0.652928066	-0.027335314
-0.300648447	0.883348015	0.359592541
0.081638655	-0.992815989	-0.087473098
-0.565989783	-0.219427165	-0.794674326
0.875075583	0.085636948	-0.476349701
0.329627445	-0.849502439	-0.411936104
0.43941324	-0.45513725	0.774445665
-0.925134378	-0.073969073	0.372364014
0.002215709	-0.89204069	-0.451949662
0.980187354	-0.181027347	-0.080385632
0.83872573	0.024272904	-0.544012845
0.471114917	-0.566224452	-0.676343555
-0.112244569	0.152333222	-0.981934696
-0.872958184	-0.483292635	-0.066122897
-0.178409889	-0.982834396	-0.046972983
0.180222712	0.850466435	-0.494192894
0.374030588	0.193189556	0.907071615
-0.222114733	0.975009292	0.004682505
-0.631007732	-0.767692137	-0.111705081
-0.892699427	0.242389363	0.379914634
0.504303	-0.118309707	-0.855383714
-0.922447202	-0.052689707	0.382511378
-0.110471494	0.462251637	-0.879840595
-0.317754995	0.492742882	-0.810084079
-0.853602982	0.492987256	0.168301858
0.248148159	0.28393844	0.926175714
0.637368355	-0.664085915	-0.390834335
-0.087404147	-0.788599793	-0.608663192
-0.413431051	-0.906218045	-0.088564225
-0.366417977	0.786977634	-0.496391045
0.075358774	0.735021537	-0.673843005
0.267849934	-0.963438084	0.006593271
0	1	0
-0.89597667	-0.00686104	0.44404812
-0.08421706	-0.959256682	-0.269692611
-0.745353987	0.666516523	0.01425339
-0.475362667	-0.628256064	0.615893378
-0.034424385	0.648815929	-0.760166332
0.588418866	0.234704498	0.773742229
0.773158077	-0.293127964	-0.562407845
-0.473593474	0.675236113	-0.565478039
-0.871240566	-0.423972094	0.247361152
-0.997335499	0.037527717	0.062558555
0.261510343	-0.304309008	0.915974
0.121420768	-0.074676742	0.989788049
-0.52191011	0.271993841	-0.808473368
-0.453621417	0.873377106	0.177313398
-0.573886391	-0.592805579	0.565009696
-0.22053205	-0.742926818	0.632001075
-0.511350335	-0.503960455	0.696092447
0.949985637	-0.284113242	0.129641638
-0.453499429	-0.890065101	-0.046069348
0.628730407	-0.163321533	-0.760278996
-0.379577636	0.569571287	0.72904689
0.521843019	0.569081816	0.635472856
0.975663416	-0.176057238	0.130708638
0.028610039	0.495809782	0.867959749
0.865734403	0.35924555	0.348491862
-0.115387623	-0.052766081	-0.99191806
-0.381999159	-0.594233689	-0.707787373
-1	0	0
-0.675125673	-0.696647868	-0.242666588
-0.470052401	-0.725655245	-0.50246911
-0.007453885	-0.994909734	0.100494081
-0.114635467	-0.482396957	-0.868419188
-0.495666493	0.687285324	0.530993043
-0.851957114	0.155592344	-0.499960096
-0.139804299	-0.449485134	0.882279928
-0.078932517	0.894765975	-0.439503706
-0.065536775	0.765157785	0.64049863
0.59581826	-0.382958824	0.705934232
-0.119412084	0.207793575	0.970856624
0.268498443	0.892652948	-0.362048755
-0.131205973	-0.077871381	0.988291981
0.237379963	-0.473530929	-0.848185836
-0.311973531	0.949940523	-0.016897305
0.339433376	-0.936518863	-0.087848751
-0.237033535	-0.518599414	-0.821504565
-0.825786117	0.366176309	-0.428943119
0.867154387	-0.211296475	-0.450995641
-0.477264636	0.715609301	0.510021368
-0.019908826	0.254903928	0.966761411
-0.969941116	0.194320033	0.146471694
-0.899366583	-0.286775793	-0.329999082
0.527058055	0.137754222	-0.838590234
-0.909380387	-0.399784666	-0.114889219
0.851763531	0.514304834	-0.099947116
-0.575067558	-0.772040195	0.270649665
0.966696419	0.055260151	-0.249888675
-0.262653869	0.066324549	-0.962607916
0.070694195	-0.985490211	-0.154309346
-0.792006684	0.41387699	-0.448810928
0.411497356	-0.716203531	0.563668723
-0.694840325	0.382094551	0.609262404
0.95414983	-0.213663941	0.209632588
-0.141392017	0.188281756	0.971883881
-0.696884161	-0.69830125	-0.163486486
0.470699076	0.677064164	0.565708846
0.768502233	-0.584296096	-0.260772679
0	1	0
0	0	1
-0.808075682	0.370065767	0.458328506
0.206461079	0.95837216	-0.197222277
-0.838109419	-0.088104024	0.538340303
0.061359733	-0.13497622	-0.988947119
-0.660812635	0.734762928	0.153134256
0.737907395	0.518162359	0.432435481
-0.641753257	-0.315372736	-0.699065659
0.048606463	-0.617466795	-0.785093732
0.728479706	-0.157133724	-0.666803052
0.06295828	-0.759421078	0.647546045
-0.133693477	0.948501941	-0.287176116
0.730427108	-0.401137881	0.552779016
-0.514839468	0.056416065	-0.855428284
-0.484363173	-0.068608351	0.872172696
-0.806156982	-0.027197199	0.591076334
-0.856021705	-0.488470897	0.169183402
0.112273185	0.977020894	-0.181176447
0.053640264	0.573241167	0.817629064
0.305792776	0.714673102	-0.629073235
0.063770712	0.745175219	-0.663812617
-0.74966592	0.630131401	0.20232505
0.208177372	-0.821552996	0.530766291
0.109045468	-0.043090739	-0.993102348
-0.590923365	-0.739201079	-0.32309649
-0.01592651	-0.991877117	-0.126198774
0.33749973	0.824363185	-0.454443915
-0.70714151	-0.440619798	-0.552996455
-0.45965692	-0.876460056	-0.143294406
0.864598788	-0.34188813	0.368213854
-0.618639446	0.564960977	0.545989314
-0.678648536	-0.073721324	0.730753947
-0.803568908	0.244190568	0.542814864
-0.422741807	-0.06416036	-0.903976113
-0.154098544	-0.406687083	-0.900477238
0.914258655	0.348868529	-0.20596568
-0.172940353	0.264553489	0.948737628
0.028672741	0.993475445	-0.11038303
0.321171005	-0.936622352	0.139956265
0.770642233	-0.055614254	0.634836675
-0.749525238	0.621478212	0.2279841
0.467921788	0.869090647	-0.160407754
-0.111381644	-0.767760799	0.630981366
0.227669237	0.015461327	0.973615769
-0.255099087	0.647417958	0.718174383
-0.641637683	-0.101561458	-0.760254138
-0.022072381	-0.769622846	0.638117141
-0.478198723	0.554463178	-0.681099527
0.434968774	-0.89936485	-0.04410252
0.304164087	0.751890415	0.584931631
0.896455276	-0.421663935	-0.136262482
0.250339082	0.001029716	-0.968157675
0.364116168	0.19617168	-0.910459273
0.493366567	0.748821166	-0.442556541
0.969900722	-0.243499055	0.000893822
0.892989899	0.44343852	0.077015052
-1	0	0
0.715215489	-0.380550975	0.586214772
-0.281658704	-0.636156181	-0.718313085
-0.524482836	-0.369630455	0.767001357
0.413811206	-0.264218251	-0.871176791
-0.007793471	0.636274847	-0.771423088
0.750713369	-0.092171919	-0.654166473
-0.82421377	-0.342676421	0.450826499
-0.204001597	0.429746588	-0.879602875
0.024113496	-0.928695819	0.370057584
-0.950281519	-0.086923236	-0.299014022
0.766781748	-0.623271837	-0.153551191
-0.749367119	0.521705525	0.407764964
0.410944045	0.511498143	-0.754648687
-0.354068186	0.928448829	-0.112332063
0.195745602	0.60945327	-0.768277536
0.217948031	0.303186354	-0.927672728
0.129340659	-0.780150343	0.612075516
0.742791355	-0.158288442	-0.650542676
-0.583784758	-0.012223478	-0.811816447
0.721623596	0.637394048	-0.270163309
-0.189949299	-0.438932742	-0.878212566
0.983967495	0.082416476	-0.15816287
-0.609996465	-0.771357153	-0.1814179
-0.663310975	-0.599970079	-0.447274475
0	0	-1
-0.309060906	0.598443042	-0.739153084
-0.150865777	-0.377262977	0.913735281
0.675844761	-0.540554156	0.501033994
0.772289823	0.315648223	-0.551302665
-0.873849476	0.08715561	-0.478321015
-0.18382615	-0.747425902	-0.638406194
0.476426557	-0.798977777	0.366949925
-0.453557505	0.222189981	0.86308586
0.851784533	-0.329038064	-0.40767274
0.693759755	0.672594893	-0.2575141
-0.460895665	-0.134387911	-0.877220084
0.62774122	0.665821163	0.403265594
0.106940358	0.59923693	0.793397039
-0.08180516	0.026356448	0.996299781
0.850533302	0.382375427	-0.361084665
-0.685887966	-0.646505363	0.33404867
0.194983	-0.867384174	-0.457849675
0.032260286	0.985988508	0.163664093
-0.6421707	-0.766332048	0.018761248
-0.319557172	0.579322608	-0.74984567
-0.77542366	0.356244074	0.521352383
0.50803603	0.071778296	-0.858339833
0.529785394	0.318213936	-0.786172581
0.712037549	0.008460137	0.702090418
0.666900407	-0.628423486	0.400409501
-0.702432222	-0.705164258	0.096604048
0.990300054	-0.096320332	-0.100140883
-0.420798829	0.903929527	0.076418297
0	-1	0
0.866220852	0.218948235	0.449135956
-0.113887053	0.215397621	-0.969862673
0.078910827	0.040311163	0.996066309
0.900913589	-0.329197393	-0.28281404
0.232374404	0.039909389	-0.971807274
-0.115505705	0.131598582	0.984550784
0.10410271	0.984152044	-0.143552706
-0.394771316	-0.026595853	0.918394397
0.790276559	0.454966014	-0.410449614
-0.936303133	-0.338524749	-0.093474258
-0.875152471	-0.209391397	-0.436191925
-0.92764294	-0.309438135	-0.2091091
0.610396904	0.00134768	-0.792094567
-0.507269679	-0.201471876	0.837906054
-0.460905852	0.207945121	0.8627425
0.302993053	-0.815666839	0.49283143
-0.413052676	-0.879354231	-0.236904249
-0.92045337	0.064620037	0.385473533
0.747054641	-0.009629095	0.664692895
0.171840256	-0.969091727	-0.177008904
0.899888097	-0.196206591	0.389492472
0.825981733	-0.467420817	-0.315074525
0.715395228	0.625612238	0.311157508
0.580539801	0.78972092	-0.198278612
0.569671852	0.821671345	0.018170886
-0.845845216	-0.488042811	-0.215313923
-0.87557628	0.190646636	-0.443869394
-0.68821477	-0.665730102	-0.288381451
-0.576963536	0.80329659	-0.147741889
0.185366427	0.276274424	0.94303326
-0.374627795	-0.269702556	-0.887082041
0.708085288	-0.14504271	-0.691070067
0.304112521	-0.336394311	-0.891265641
0.353700957	0.297631115	-0.886741987
-0.73521357	-0.048722957	0.676082155
-0.355736363	0.367135797	0.859455029
0.644900737	-0.453618213	-0.615088251
-0.692072422	0.476552679	-0.542156164
0.708799035	-0.558473364	-0.430942491
0.628595672	-0.763286388	0.149202452
0.083934639	-0.448218115	0.889974998
-0.345580763	-0.80773657	0.477635394
-0.047500027	0.616923397	-0.785588486
-0.122534872	-0.312056885	-0.942128285
-0.540357904	0.470634779	0.697507162
0.969238393	0.107747269	-0.221285934
0.795977155	0.246469244	0.552877274
-0.154478985	0.987912779	0.012829011
-0.119978861	0.985823671	0.11728923
-0.512798448	-0.838487635	-0.184326447
-0.389957865	0.75265371	-0.530514144
0.508722547	0.222214259	-0.831758495
-0.187632319	0.849434184	-0.49320957
-0.354470587	0.833071981	0.424666548
-0.74765913	-0.650409169	0.134066171
-0.319861279	-0.261511811	0.910659286
0.237344105	0.942421193	-0.235605751
-0.332832871	-0.62464009	0.706432613
0.940056102	-0.274778304	-0.201968832
0.286255652	-0.940463637	0.183264423
0.565261702	-0.757240409	0.327209676
0.198705939	-0.529959112	0.824414513
-0.135300489	-0.068220512	-0.988453205
0.242418243	0.218166977	0.945323524
0.582840549	-0.052736458	0.810873455
-0.272590186	-0.180336322	0.945078516
-0.199399194	0.310024769	-0.929583027
0.990970723	-0.022227701	0.13222313
-0.034847385	0.708696839	0.704652007
-0.054940625	0.942553232	-0.329507106
0.96583922	-0.01005136	0.258947044
-0.12988018	-0.420928324	-0.89774745
0.411636218	-0.778652937	-0.47355594
0.871594158	-0.412952579	-0.264185146
0.193878767	-0.776507419	0.5995392
0.450618192	-0.810725421	0.373721203
0.00516803	-0.54171039	0.840549312
0.460252439	0.718185626	-0.521897595
0.022556937	-0.940823623	-0.338145081
-0.041308309	-0.555522821	-0.830474574
0.739218413	0.650036225	-0.17609385
-0.128144149	-0.093719649	0.987317429
-0.179394652	-0.483900486	-0.856538311
-0.949933667	-0.188796468	-0.248961687
0.614657182	0.750838045	-0.241741141
0.32827195	0.772839717	-0.543098793
0.108983451	-0.244799419	0.963429215
-0.85287374	0.089772697	-0.514341566
0.13609965	-0.79720405	0.588168843
-0.301997528	0.56606287	-0.76705301
0.439185482	-0.438095988	0.784339223
0.443566868	-0.744048073	0.499640769
0	0	1
-0.820910103	-0.284979547	-0.494866912
0.35500425	-0.929449563	-0.100476331
0.644674726	0.697231892	-0.313468
-0.399306418	-0.874699418	0.274691305
0.608166974	-0.751917542	0.254465994
0.766241892	-0.642119487	-0.023578116
-0.81936683	0.384478126	0.425222964
-0.346049265	0.44062577	0.828310834
-0.605381377	0.545065366	-0.580014772
-0.249079149	0.886060229	-0.390969115
0.077533229	0.978308739	0.192095313
-0.680982584	-0.568552906	-0.461530403
-0.577161527	0.806313903	-0.129392663
-0.117637577	-0.806838272	0.578941623
0.466784605	-0.867375207	-0.172546756
0.110184799	0.33250409	0.936643123
0.193633089	-0.970239727	-0.145399787
0.786914226	-0.594671367	0.164717838
-0.112788173	-0.773024498	-0.624269136
0.252450953	-0.072117025	0.964918469
-0.303035983	-0.947598701	-0.101123169
0.850016627	0.445973075	-0.280320798
0.978735029	-0.184159988	-0.090348443
-0.751343477	-0.630303637	-0.195448983
-0.80967892	0.344185206	0.475348913
0.486396581	-0.873706536	-0.007433382
-0.167957335	-0.61460013	0.770750941
-0.162352381	-0.986595069	-0.016488588
0.818337949	-0.548353715	-0.172137169
0.774633996	0.388064618	0.499347599
-0.337562945	-0.908463834	0.246464441
-0.636225792	-0.756604993	0.150882821
-0.457721875	0.582471606	-0.671727261
0.087400369	0.692307285	-0.716290303
-0.143124472	0.015289279	0.989586592
-0.924305169	0.240074473	0.296688731
0.305492125	0.128443149	0.943491875
0.193880834	-0.020691838	0.980806846
-1	0	0
0.18066252	-0.91268737	0.36655534
0.2480471	0.739050072	0.626320706
0.200812486	0.319616586	-0.926023533
0.102017045	0.973701289	0.203711369
0.307415092	-0.750858609	-0.584557363
-0.194190117	-0.637132705	-0.745890149
0.603234013	0.005488898	-0.797545358
0.652235204	0.444016001	-0.614360667
0.059826059	0.911153179	-0.407701761
0.181154607	0.977017426	0.112338582
-0.767299332	0.641042573	-0.017780738
-0.112600462	0.368680987	0.922710933
-0.985535817	0.075663257	0.151638471
0.570588788	-0.537734729	0.620701052
0	1	0
-0.043172769	0.477615001	-0.877507848
0.956242802	0.169589178	-0.238409763
0.881833101	-0.403126165	0.244662372
0.669363611	0.553415316	0.495665053
0.221984979	0.969648247	-0.102493642
-0.966155671	-0.132053654	-0.221596597
-0.680402345	0.642673082	0.352170353
-0.650396665	-0.206931976	0.730864786
0.6928389	-0.713882326	0.101716681
0.049275237	0.727792742	0.684024616
0.074374068	-0.817996912	0.570394206
0.222560459	-0.076890868	0.971882007
0	0	-1
-0.311887313	-0.375962539	-0.872570039
-0.499419167	0.43890998	0.746952826
-0.998418242	0.056062592	-0.004242548
-0.807362173	-0.404544388	-0.429546458
-0.743759862	0.117118301	-0.658106808
-0.683982338	-0.727882257	0.048534323
-0.265340451	0.815622823	0.514153533
-0.022840621	0.836064879	-0.548154927
0.508805794	0.835657323	0.206865905
0.171039891	-0.977631473	-0.122401221
0.838802308	0.387935751	-0.381990238
0.983236268	0.173854837	-0.054963044
0.166929377	-0.971738668	0.166908792
0.834239485	-0.46788596	-0.291765678
-0.599809898	0.539842575	0.590591297
0.845438191	-0.528263059	0.07856466
0.231124453	-0.227565958	-0.945936162
-0.661137974	-0.283882991	-0.69448328
-0.309214603	0.095226267	-0.946212602
0.860456141	-0.354531235	0.365954688
0.698161014	0.652566419	-0.294496633
-0.042743172	0.737555544	-0.673932371
-0.119133287	-0.263787004	0.957195736
-0.543896711	-0.734870786	-0.405143548
-0.926253948	-0.30748373	0.217961877
0	1	0
-0.790374749	-0.592608253	-0.1553165
-0.385752687	0.336441835	-0.859070286
-0.398225466	-0.869823141	-0.291245913
-0.419550623	0.189152472	0.887805506
-0.742731241	0.192210153	-0.641409043
-0.548178844	-0.160180681	0.820878861
-0.249784517	-0.328056352	-0.911036072
0.164910411	0.942747101	0.289883527
0.490342571	-0.720759635	-0.489969091
-0.663784247	0.657240011	0.356967845
0.712750108	0.585103218	-0.386835247
0.777872019	0.156492411	-0.608625704
0.31879612	0.933250436	0.165567684
-0.835315639	0.14507317	-0.530284412
-0.717691314	-0.121186952	-0.685735299
0.301066349	-0.321489311	-0.897777075
-0.417586266	-0.351915775	-0.837721313
-0.360245785	0.409009453	-0.838411738
1	0	0
-0.941829697	-0.32311204	0.092495569
-0.299706688	-0.743551788	0.597751319
0.270568613	0.251764459	0.929197117
0.584714526	0.639426089	-0.499242627
-0.839160723	0.158017918	0.520422538
-0.219992332	0.831499209	0.510110223
-0.968349209	0.191117799	0.160542197
0.10842392	0.818408648	-0.564315105
0.434180566	0.5518469	0.712005783
0.215588796	0.579353332	0.786047828
-0.160525564	0.768302268	0.619631478
0.112314976	0.980363456	0.162088987
-0.439213591	0.705011996	-0.556820893
0.574582113	-0.81043847	0.114214196
0.066401071	0.410833441	-0.909289163
0.587707895	0.589661701	-0.553984213
-0.157380453	0.927541481	0.33896636
-0.105539281	0.240569304	-0.964877127
-0.827410908	-0.534599251	0.172031481
-0.082101626	0.983536915	0.160979687
-0.675320494	0.223572508	-0.702821147
0.751429454	0.538517151	0.381251956
-0.320049638	0.360514093	-0.876126599
0.209473184	0.804522015	-0.555756523
-0.862971812	-0.05239918	-0.50252759
1	0	0
0	-1	0
0.136999099	-0.716169118	-0.684348625
0.656195483	-0.211135949	-0.724450895
0.316046003	-0.437428551	0.841885495
0.814169293	-0.579596301	0.034590334
0.664392237	-0.288895781	0.689291073
0.463307932	-0.873146172	-0.151530601
0.462856214	-0.689923487	-0.556569589
0.529580563	-0.50161133	-0.684054458
-0.270195871	-0.962751931	0.010144488
-0.828372627	0.244771304	0.503870816
-0.069570089	0.507844177	-0.858635134
-0.869352181	-0.133538575	-0.475809032
0.265599897	-0.669055538	-0.694133548
-0.839871199	0.423754513	0.339187974
-0.78339986	-0.331717352	0.525593244
-0.54331504	-0.818792975	0.185436866
-0.390969373	-0.512144515	0.764755481
0.723460052	-0.230056417	0.65090675
-0.505041445	0.319590641	-0.801744948
-0.080648559	-0.140237396	-0.986827889
-0.647481847	-0.694062495	-0.31471338
-0.887860099	-0.441769132	0.128625344
-0.222886059	0.918366003	-0.326994938
0	0	-1
-0.115531004	-0.717838545	-0.686556925
-0.823057219	-0.101926077	0.558737764
0.060830789	0.713012619	-0.698507423
0.12633349	-0.975263963	0.181383716
-0.559026533	-0.824601597	-0.086726817
0.868238198	-0.468788376	-0.162480431
0.351020834	-0.932377569	-0.086350701
0	0	1
0.728512759	-0.67963443	-0.085826572
-0.51800025	-0.245448643	-0.819408753
-0.668907332	0.450647698	0.591168024
0.850885411	0.083612082	-0.518655028
-0.906416925	0.349591168	0.237053524
-0.09032673	0.427609444	-0.899439406
-0.364214625	0.930217592	0.045198882
-0.750011113	-0.655280206	0.089951001
-0.963405799	-0.23747045	0.124326395
-0.378712197	-0.191103043	-0.90556982
0.960728919	0.160377234	-0.226448862
0.923588623	0.07488522	0.376000345
0.683958043	-0.654849214	0.321518122
0.652751557	0.004500555	0.757558678
-0.075090077	0.924848076	0.372850528
0.364506032	0.721040908	0.5892668
0.641871684	0.750466599	-0.157482141
-0.305528851	-0.081861335	0.94865739
0	0	1
0.028524038	0.981977112	-0.186835038
0.827933312	0.547425694	0.121866897
-0.908536921	0.100977595	-0.405418534
-0.03998922	0.394066471	-0.918211566
-0.171833967	-0.24141418	-0.955087578
-0.370195086	0.670417411	0.643036619
0.614928686	0.787951151	-0.031554636
-0.588051806	0.263443357	0.76471738
-0.01672762	-0.976012557	-0.21707067
-0.487022278	-0.637767764	-0.596708957
-0.948944033	0.294385579	-0.113324108
-0.298347237	0.931795681	-0.206750415
-0.928755509	0.256378194	-0.267737607
0.661612338	-0.7483268	-0.047708637
-0.804353153	0.361428575	0.471577556
0.374187789	-0.707753682	0.599223017
-0.249767251	-0.839881539	-0.48188725
0.125983381	-0.910801148	-0.393153224
0.989833287	-0.06198065	-0.128017436
-0.46733619	-0.855292925	-0.223765274
0.297197449	0.661074933	-0.688951094
-0.656899369	-0.367304458	0.658460822
-0.627001437	0.158830722	0.762654574
-0.228280365	-0.912438998	0.33962207
-0.096294842	0.177265247	0.979440828
-0.953034045	-0.121995947	-0.277205876
0.052362406	-0.99810886	-0.032200645
-0.38700958	0.748124238	-0.53901179
-0.647401626	0.393042279	-0.652984611
0	1	0
0.592829404	0.206871543	0.778304222
0.433588838	0.06337125	-0.89887975
-0.256209417	-0.966221901	0.02778438
0.56669312	-0.238082548	-0.78878109
-0.115302191	0.314205916	-0.942326932
-0.304244817	0.781795165	-0.54427145
0.891883082	0.416833023	-0.175484468
-0.876577359	0.453388503	-0.16140322
-0.96143388	0.072551265	-0.265294568
-0.376482051	0.640568148	0.669278502
-0.735004498	-0.60737047	0.301445683
0.345468477	0.631902332	-0.69379462
-0.226215589	0.963784118	-0.141232718
0.432570544	0.765349555	0.476574006
-0.147171079	-0.91546314	0.37452358
-0.36093442	0.389145993	-0.847520938
0.384336868	-0.127033447	-0.914411108
0.990177975	0.037913904	0.134573823
-0.842258453	-0.235095013	0.4851093
-0.570237269	-0.142189592	-0.809080699
-0.767876423	0.02851073	-0.639963231
-0.478574514	0.334961236	-0.811644876
-0.223186604	-0.540130996	-0.811447008
-0.738339407	-0.665514026	0.109297762
0.981752335	-0.162436549	-0.098877296
0.96452514	0.222785231	-0.141626251
0.386040136	-0.791857881	-0.473216769
0.78290937	-0.622039229	-0.010959768
0	1	0
0	0	-1
-0.697549654	-0.213005593	0.684144062
0.415164404	-0.635999163	0.650494875
-0.467146119	-0.795643098	0.385650831
0.5749376	0.019570458	0.817963174
0.555173603	-0.670617972	0.49198964
-0.68327895	-0.181643252	-0.707202662
-0.981967559	0.101259181	-0.159644262
-0.044887493	0.94044067	-0.336981393
1	0	0
-0.365524953	0.551252061	-0.750008449
-0.168460885	0.734988897	-0.656819801
-0.75362856	0.44505158	0.483707643
0.095296067	0.966502898	-0.23830822
0.613287575	0.767588803	0.186241187
0.572780193	0.819396865	0.022619189
0.211391265	0.957473446	0.196362758
0.974957302	-0.161514571	0.152876753
0.964598788	-0.248518851	-0.088247148
-0.501567572	-0.444835515	-0.741991465
0.40973731	0.111033495	-0.905420841
0.669887485	-0.193716245	-0.716745962
0.158759167	-0.849756998	-0.502701274
0	1	0
-0.115492405	-0.787866263	0.604920041
-0.359639033	0.918070645	0.16675148
0.171146149	0.803089202	0.570751023
0.166807269	-0.074042633	0.983205484
-0.098680758	0.565127122	-0.819080853
-0.533856017	-0.603997874	-0.591763738
0.299757804	0.041970391	0.953091677
0.339509572	-0.154430565	0.927838591
-0.680120295	0.587534589	0.438451242
0.822500179	-0.409543774	-0.394673729
0.026195509	-0.227338114	0.973463496
0.57003891	-0.809783997	0.138944303
-0.232374396	-0.774511339	0.588331816
-0.81774321	-0.348176802	0.458332802
0.730298712	-0.377539254	0.569322319
-1	0	0
-0.714753648	0.698551897	-0.033948054
-0.715934999	-0.531662072	-0.452517975
0.336303158	-0.852788947	0.39956376
0.322920295	0.933153675	-0.157945252
-0.746904236	0.664851469	0.010324043
-0.453708253	-0.887907882	0.075950076
-0.343710915	0.368130977	0.863911101
0.850893704	-0.3928393	-0.348793906
0.993960705	0.099069956	0.047193853
-0.280536572	-0.304494427	0.910265003
0.236450126	-0.963793388	-0.123262499
0.22449454	0.687432477	-0.690679949
-0.782513613	0.155658767	-0.602862168
0.174726512	-0.832139942	0.52632097
0.001728089	0.898914832	-0.438120005
-0.122947308	-0.992394292	0.006126043
-0.999735181	-0.019770043	0.011777623
0.728218652	-0.381676985	-0.569227787
-0.141373644	0.300770924	-0.943159766
-0.186389537	-0.137687743	-0.97278005
-0.126686437	-0.275788239	0.95283335
-0.661028403	0.123424743	0.740140381
-0.796472588	0.293629728	0.528595308
-0.806909524	-0.154307758	-0.570163253
-0.545032865	-0.692384885	0.472802652
-0.365591015	0.874048071	-0.319973716
0.069469138	0.357455761	-0.931342804
0.483297939	0.454007099	0.748532335
-0.709070093	0.012952813	0.705019027
0.823944579	0.398474233	0.402906461
-0.265852816	0.404255563	0.875156969
-0.960663046	0.016084299	0.277250441
-0.912004268	-0.316201905	-0.261274896
0.73038834	0.458078212	-0.506652962
0.355561771	0.741645899	0.568803294
0.297034015	-0.943097981	-0.149455652
0.048750725	0.985838377	0.160455789
0.466793169	-0.463458461	-0.753200101
-0.944714683	0.045945427	-0.324658569
0.684617725	-0.719859419	-0.114459545
-0.494291123	-0.519389443	0.697073089
0.040120954	0.015239652	-0.999078607
0.570241823	-0.526155172	-0.630860522
-0.575191293	0.181959728	-0.797524692
0.41479669	0.836556087	0.357935217
0.909107814	0.240845666	-0.339876959
0.435089818	-0.420954105	0.795923672
-0.777443582	-0.566600548	0.273029844
-0.05765675	-0.941033606	0.333363842
-0.054633519	-0.262131562	-0.963484417
-0.665765735	-0.619579721	0.415784746
0.483148497	-0.875349495	0.018187663
1	0	0
0	-1	0
0	0	-1
-0.974040835	-0.212238844	0.078734525
0.618864738	-0.689930063	-0.375503586
0.529691528	-0.157597555	-0.8334206
-0.040127942	-0.994618931	-0.095514034
-0.150272115	-0.920456662	-0.360801641
0.027235242	-0.051885709	-0.998281581
0.646566105	-0.568756403	0.508397902
-0.010075261	-0.797811211	-0.602823159
-0.599837167	0.140282779	0.787728453
-0.210711377	0.562743797	0.799324799
-0.95201367	0.295164899	-0.080917574
0.813660922	0.491227869	0.310887576
0.100051985	-0.528113544	-0.843258967
-0.783626878	-0.598156932	0.16774147
0.822776345	-0.55711672	-0.112516871
-0.313219193	-0.814891558	0.48769405
-0.882274901	0.32224782	0.343143324
-0.013375521	-0.994628479	0.102641531
-0.796234137	0.27587133	-0.538429391
0.191255317	0.930049365	0.313734891
-0.845150256	-0.409667175	0.34335674
-0.981299117	-0.089268919	-0.170537685
0.545535534	0.73957025	-0.394242091
0.727036489	-0.512239978	-0.457195962
0.21995829	-0.740007526	0.635615617
0.418576418	-0.729501172	0.540945305
0.716749482	-0.57578097	0.393378259
-0.259983098	0.744774247	-0.614589383
0.442111294	-0.343158228	-0.828721928
-0.3992287	0.908410855	0.12412157
0.122530376	0.57411518	0.80955424
-0.351865938	-0.42241985	0.835315409
-0.949743977	-0.309820924	0.04469198
0.691418569	0.622760491	0.366209958
-0.913231338	-0.190477223	-0.360176276
-0.453697831	-0.760715706	-0.464187347
0.485084625	-0.869870523	0.089544291
0.411679256	-0.201238076	-0.88883262
0.79552433	-0.601711622	-0.071303326
0.206860998	-0.523960944	0.826240556
-0.071878797	-0.374816777	0.924308294
0.468288504	0.556277226	-0.686484905
0.421191339	0.410938464	-0.808534128
0.450804551	-0.89111732	-0.051818711
0.280052484	0.747344588	-0.602533545
0.938787825	0.336385682	0.07431078
0.352703598	-0.934183126	-0.053870753
0.34426139	0.87522167	-0.339810423
0.14429304	-0.570034334	-0.80885127
0.837874393	0.479633516	0.26061119
-0.977670166	-0.125030113	-0.168903871
0.115503059	0.958237043	0.26161195
-0.685389353	-0.60354196	-0.407404635
-0.426113114	-0.211647994	-0.879563949
0.623115904	0.125156658	-0.772050763
0	1	0
-0.707956387	0.302460322	-0.638212745
0.879332223	-0.073145112	-0.47055779
0.717961856	0.246028017	0.651153582
0.289499472	-0.165211246	0.942812442
-0.362956127	0.58281014	0.727045522
0.301381334	0.562477554	0.769927459
-0.982543305	-0.130107564	0.132968701
0.032103883	-0.944734389	-0.326261053
0	0	-1
-0.629168796	-0.750370011	-0.202710319
0.266330371	0.941193058	-0.207903248
-0.737054076	0.514305072	0.438453626
-0.085570853	-0.243454282	0.966130241
-0.591246627	0.799654829	-0.104783493
-0.161603156	0.832815776	0.529435834
0.530408901	-0.371288298	-0.762109833
0.856668342	-0.341762234	-0.386416778
0	0	1
-0.823072634	-0.512395576	-0.244953491
0.205601458	0.968432037	-0.140951872
-0.813210401	-0.579913666	-0.048877225
-0.014021391	0.710599886	-0.703456611
-0.15319238	0.133088498	-0.979193314
0.76234909	-0.241015016	-0.60061271
-0.545425702	-0.381185245	-0.746464073
-0.536578417	0.825231686	0.176284619
0.98417182	0.012364781	-0.176785013
0	0	-1
-0.862076613	-0.177709537	0.474597971
-0.220924253	0.035429681	-0.974647224
0.5576639	-0.214009883	0.802004205
0.261784042	0.603822955	-0.752905674
0.576451289	0.696659651	-0.427047118
0.859141857	0.23872443	0.452643255
-0.214979339	-0.831774709	-0.511795582
0.675801114	-0.147017529	-0.722273287
-0.737969368	0.66525128	-0.113322314
0.656407016	-0.022436497	-0.754073228
-0.877154119	0.478454081	-0.041016374
0.458691107	-0.713531247	-0.529599498
-0.898840636	0.302271015	-0.317360592
0.242568904	-0.769227833	0.591142004
0.348191808	0.869474679	0.350394417
-0.144683165	-0.743631904	-0.652746791
-0.030178771	-0.642935064	-0.765325908
-0.628322293	-0.718314418	-0.298723106
-0.951355145	0.155977997	-0.265695789
0.046721992	-0.951433727	-0.304287559
0.580232282	-0.455776189	0.674980418
0.924284281	0.032593894	0.38031067
-0.074417225	-0.169433004	-0.982728108
-0.80631341	-0.53210638	-0.258305024
-0.561045507	-0.772003765	0.29872751
0.628199706	0.520056556	-0.578710902
-0.746112895	-0.268205118	0.609410832
-1	0	0
0	1	0
-0.392757546	-0.021653644	-0.919387095
0.779813911	-0.622137719	-0.069533607
-0.393834719	-0.855440214	0.3363276
0.800190338	-0.188810272	-0.569250476
0.998360216	-0.005608932	0.056968576
-0.102595745	0.789816635	-0.60470141
0.935732943	0.138704063	0.324291601
0.865719203	0.301343308	0.39965294
-0.639461553	-0.119450309	0.759487028
-0.58544648	0.317663772	-0.745883467
-0.607412398	0.630521646	-0.483210754
0.779264409	0.11756529	0.615569154
-0.584837668	-0.699310656	0.411010351
0.842372296	-0.031653459	-0.537965587
0.134192646	-0.412943679	0.900816214
0.470527985	0.625536904	-0.622339937
-0.034876419	-0.99833121	0.046026418
-0.34639607	0.874563175	0.339336139
-0.450018506	0.311543985	-0.836913191
-0.187828382	-0.89219612	-0.410739069
-0.343088619	0.84996877	0.399804064
0.930319316	0.333823252	0.151881553
0.349660747	0.535150005	0.76899404
-0.932333554	0.351172285	0.086210038
-0.185921581	-0.941401139	0.281419725
-0.156446726	0.6579913	-0.736594781
0.181269796	0.003727776	0.983426339
-0.872694705	-0.029009525	0.487403733
-0.107197256	-0.510453588	0.853197446
-0.380871468	0.779088615	0.497953667
1	0	0
0	0	1
-0.715171443	-0.661426263	0.225931639
-0.353415772	-0.89627029	-0.267949361
0.485253025	0.651144416	-0.583558438
0.059503212	-0.285758018	-0.956452677
0.237594405	0.885412211	0.399492321
0.476471866	-0.551478021	0.684723706
0.520451054	0.109783003	0.846804814
0.812790399	-0.357151552	0.460233132
-0.273296367	0.824227286	0.49594201
-0.45522005	-0.191566119	0.869526957
-0.771480476	0.4921978	-0.403186311
0.826314859	-0.444517783	0.345843453
0.0333005	-0.452180268	0.891304707
-0.059007489	-0.888145156	0.455759036
0.196036008	-0.268129423	0.943226641
0.013805663	-0.99979895	0.014541801
-0.845095309	0.225215167	-0.484862916
-0.670499229	-0.683114322	0.289457434
0.724570445	0.277265493	0.630968713
0.117161348	0.934848849	0.335157945
0.18683606	0.020049044	-0.982186501
-0.813258448	-0.389653329	-0.43218165
0.051126461	0.091309246	0.994509279
-0.283564081	0.464853111	-0.838750855
-0.676981422	-0.160435124	-0.718301278
0.918096822	-0.386477181	-0.087940967
-0.822266594	-0.314402482	-0.47437193
-0.716104573	0.469597718	-0.516403161
-0.029770219	-0.767094488	0.640843024
-0.500028291	0.843043943	-0.198112638
0.541908187	-0.824062526	0.165095337
0.639711671	-0.688631005	-0.341403451
-0.326942993	-0.886011172	0.328774212
-0.046818099	0.981901216	0.183515853
-0.717381831	0.325825925	0.615792802
0.461074617	0.044689126	-0.886235341
-0.042741641	-0.920704483	-0.387912885
-0.966367399	-0.256856735	0.012596339
-0.138602142	0.438914737	-0.887774352
-0.67218509	0.594758746	0.440941311
0.103517775	-0.538111875	0.836492487
-0.177692831	0.894078308	-0.411155977
0.76947398	0.276846213	0.575557094
-0.652087792	-0.755908011	0.058177239
-0.634887604	0.356493024	-0.685441795
0.868782185	-0.474817556	0.140590908
-0.951324139	0.094701551	-0.293281434
0.246477823	-0.507672553	-0.825540588
-0.296117961	0.195427275	-0.934945096
-0.125945626	-0.243930944	-0.961579635
-0.276894344	-0.749250791	-0.601625111
-1	0	0
0	1	0
0	0	-1
0.179870169	-0.79865433	-0.574280405
-0.495517609	-0.260999243	-0.828457419
-0.932511074	-0.335949854	-0.132517141
-0.136680021	0.953751034	-0.267726608
0.273884714	0.191635653	-0.942477024
0.661249495	0.682568337	-0.311206638
-0.442963308	0.72233634	0.531049639
0.101277462	0.815629592	0.569641329
-0.911061223	0.087583076	0.402860586
-0.376922124	0.519246376	0.767015589
-0.244925329	0.864740867	0.438445909
0.117461892	-0.978443212	-0.16985754
-0.099311702	0.861353953	-0.498203326
0.400495082	-0.518304125	0.755621945
-0.759972661	-0.518448605	0.391985457
-0.601617173	-0.160975327	-0.782396141
-0.46723953	0.225071035	0.855003071
-0.91253267	-0.08671349	-0.399706013
0.804387332	0.504182624	-0.314262473
0	-1	0
0.339538249	0.774740952	-0.53337626
-0.346575732	0.458146313	0.818527469
-0.908596655	0.274793399	-0.314548417
0.777776028	-0.194188173	0.597792107
0.324827401	0.160316614	0.932086768
0.663815735	0.444523004	0.601454877
0.670219051	0.739985788	0.05681071
-0.072982731	-0.956404901	0.282777627
0.874560311	-0.46731396	-0.129467854
-0.060140107	-0.962209421	-0.265586515
0.206039961	-0.94874011	0.23966589
0.29760193	-0.859188814	-0.416206286
-0.532931186	-0.019407853	-0.845935982
0.680195637	-0.652643374	-0.333752186
0.384993439	0.876710625	0.28837221
0.359172773	-0.685605647	0.633198086
0.086270931	-0.788718801	-0.608670666
0.407889554	0.246921782	-0.879008387
0.273647664	0.586817292	-0.762077701
-0.96286138	0.07499084	-0.259372967
0.026671599	-0.292485739	-0.95589786
0.696163805	0.701062568	0.154490231
0.743628698	0.402932225	-0.533537236
-0.811470723	-0.501034215	0.300798904
-0.823399717	0.520722144	0.22552462
0.548968193	0.394968589	0.736636774
-0.489654191	0.329763995	0.807152081
0.80559264	0.35708895	0.472766306
0.842253781	-0.48680886	0.23157224
-0.985680876	0.06130448	-0.157082687
0	0	-1
0.206763157	-0.897797454	-0.388855665
-0.654531059	-0.645650082	0.39335107
0.927840268	0.200928677	0.314229383
0.358500461	0.442925237	0.821763137
0.554983685	0.809576529	0.191256249
-0.945607368	0.118002371	-0.303153667
0.459752599	-0.784366716	-0.416408936
0.853761455	-0.084061321	0.513833701
0	1	0
-0.564736658	0.391296422	0.726608297
-0.549479033	0.6187427	0.561453706
-0.457118978	0.082483411	0.885572542
0.71379652	-0.38821956	-0.582906597
0.493669831	0.767748827	0.408475014
-0.947294442	-0.251869229	-0.197977606
0.453359641	-0.438344231	-0.776092373
0.710974773	0.113317723	0.694027352
-0.527395213	-0.144779817	-0.837193582
0.720101448	0.294069014	-0.628472211
-0.95820164	-0.074589356	-0.276199285
-0.401320996	0.39677492	0.825536868
0.485165635	0.623101297	-0.613481116
0.416488873	0.81474814	-0.403388754
0.710367357	0.340324772	-0.616082193
0.784171088	-0.528585989	-0.325073156
-0.844226336	0.402689716	-0.353727134
0.014617685	-0.600806965	-0.799260479
-0.985060918	0.170270989	-0.025744484
-0.535858048	0.788437352	-0.302030949
0.929683079	0.029025951	0.367215015
-0.696394745	0.208225261	-0.686787158
-0.079553957	-0.98244548	0.168736618
0.020465284	-0.533431506	0.845595648
-0.985366414	-0.163666406	0.047606071
-1	0	0
-0.868530394	-0.431074731	0.244600759
0.248681165	-0.924876322	-0.287682927
-0.279116021	0.781726295	0.557672168
-0.00973515	0.912875328	0.408122361
0.159992928	-0.172974332	-0.971844712
-0.014907968	0.407271159	0.913185608
-0.159446133	0.136718648	-0.977693685
0.263234261	-0.905345455	0.333252654
-0.360896436	-0.678952095	0.639357345
-0.911215472	0.392975366	0.123518116
0.99539996	0.093607089	0.020411595
0.56007658	0.429407527	0.708465526
0.572021044	-0.422455029	0.703081556
-0.687812509	-0.421131028	0.5912382
-0.485676313	0.86963588	0.088611259
0.356356108	-0.921495388	0.154455736
0.155250251	0.722947567	-0.673234116
-0.143523584	0.979494654	-0.141390256
-0.196786352	-0.833913899	0.515618794
-0.821934716	-0.557737447	0.11555199
-0.126317151	-0.914058634	-0.3854099
-0.058802239	0.772300852	-0.632529597
0.958646725	0.264374772	0.105368099
0.528143042	-0.688420172	-0.497134383
0.398173312	-0.408113089	-0.821524023
-0.460545872	-0.646990632	0.607701096
-0.868428668	0.449180092	-0.209925922
0.488567688	-0.300753512	0.819053685
0.833404211	-0.501870208	0.231438362
-0.582807133	0.477809314	0.657293013
1	0	0
0.47511371	0.217704315	-0.852567765
0.329471884	-0.873983296	0.357213488
0.638430535	-0.561468566	-0.526459401
0.271798266	0.587260553	-0.762398023
-0.867674745	0.080986719	0.490491272
0.501911944	0.094003562	-0.859795168
-0.695082493	0.407181675	-0.592506043
-0.196997491	0.93325367	0.300382383
-0.25207949	0.62377599	0.739837445
-0.101912751	-0.333906944	-0.937080543
0.93847989	-0.13324865	0.318591107
0.575454584	0.121794889	0.80871381
0.599267396	0.61880774	0.507893266
1	0	0
-0.013758972	0.1503489	-0.988537252
-0.651057145	0.660609897	-0.373790261
-0.43957729	-0.514981146	0.735911833
0.054492412	-0.884672059	-0.463018278
-0.89361549	0.376173093	0.244837009
0.451585163	0.777089977	-0.438408494
0.334124571	0.941465529	-0.044759665
0.84329086	0.113223167	-0.52539608
-0.371578688	-0.905439761	-0.205202627
0.918877475	0.095925744	0.382704113
-0.148740113	-0.769289132	-0.621345806
-0.313360779	-0.685557272	-0.65712727
0.148618811	-0.667602448	-0.729533701
-0.842408378	-0.516413479	0.153835118
0.097857642	0.343851846	0.933911018
-0.57324657	-0.655140861	-0.492116675
0.555433335	0.361275193	-0.748982006
0.707623833	0.182708524	0.6825585
0.079028898	-0.418782929	0.904640974
0.548315031	-0.70793385	0.445174451
-0.699914466	0.212020681	-0.682031503
-0.351228668	0.936234959	-0.010125401
-0.354775932	0.798596224	-0.486187319
0.112001489	0.993706127	-0.001949142
-0.990642068	0.020245167	0.134975651
0	-1	0
0	0	1
-0.506086776	-0.812989005	-0.287967102
-0.914447225	0.353350418	0.197306245
-0.507953516	0.318869282	-0.800190981
0.007588015	0.019081971	0.999789128
0	1	0
-0.954627005	0.209882048	-0.211274245
-0.969784629	-0.172884361	0.172130099
-0.214534432	-0.267700942	-0.939314209
-0.387985876	-0.198677454	0.899996794
-0.014695722	-0.514142288	0.857579002
0.70817484	0.674558944	0.208467329
0.891523161	0.322404743	-0.318184905
-0.833433459	-0.540354385	-0.115783451
-0.098711321	-0.506485491	-0.856579548
0.832368123	-0.215595168	-0.510570299
-0.303172735	0.916732767	-0.26016788
0.99427916	0.082734236	-0.067557362
0.699954956	0.077849655	0.709931328
-0.62161065	0.782105984	-0.043708469
-0.846396629	-0.532157295	-0.020527054
-0.568863139	-0.768557845	-0.292768797
0.636319907	-0.578936192	0.50983317
-0.154077786	0.251904484	-0.955407854
-0.654358466	-0.15013946	0.741129638
-0.503913896	-0.548950802	0.666876153
0.379219284	-0.777167394	0.502198743
-0.0182292	0.21403853	-0.97665511
0.654708629	0.74153165	0.146585887
-0.802926088	0.588816108	-0.092764695
-0.625499876	0.680443788	-0.381767149
-0.466269422	-0.240585909	0.85129974
-0.785066156	0.566308771	-0.250929286
-0.769247653	-0.307613863	-0.560028356
0.667560841	-0.734297619	-0.123164649
-0.976686865	0.048542163	0.209108646
-0.408662742	-0.591876633	-0.694749462
-0.245338564	-0.548858115	0.799101845
-0.121603093	0.988298165	0.092083788
-0.51937196	0.809762081	0.273016738
-0.285316464	0.944709648	0.161611253
0.92867188	0.267416539	-0.257015437
0.808917254	0.586061383	0.046743246
0.261209123	0.952688295	0.155418164
0.831421836	0.086647706	-0.548844154
0.276177399	0.508047545	0.815851541
-0.88442066	0.179995547	0.430582977
-0.034074912	0.710847205	0.70252057
0.3906619	0.096041488	-0.915510411
-0.367065761	-0.216386922	0.904676421
0.086247113	0.627068098	-0.774175068
-0.188792315	0.631288531	-0.752218221
-0.176259782	-0.981782446	-0.070962791
0	0	1
0.546469963	-0.683941182	0.483316706
-0.006684555	0.152570128	0.98827004
0.585042741	-0.028926972	-0.81048641
0.867103849	0.294220084	0.401952059
0.997000912	-0.036977456	-0.067984186
-0.919492344	0.300146894	0.253861518
0.513235846	0.650150726	0.560261546
-0.906483733	0.422239182	0.001146909
-0.540244911	0.590416464	0.599619742
-0.603783942	-0.769231093	0.20911355
-0.616512565	0.675978249	-0.403690059
0.729131476	0.400847382	0.554696914
0.258188038	0.924120312	-0.28167461
0.209631488	-0.509919091	-0.834288415
0.332317451	0.928579273	-0.165244196
-0.881000602	-0.078034614	0.466635338
-0.236498983	-0.146491272	0.960525137
-0.018294411	0.737115182	0.675519447
0.66192078	-0.367228118	0.65345573
0.993884315	-0.110068895	0.008877329
-0.350501846	-0.180821197	0.918940777
0.909048843	-0.414214364	-0.045350429
-0.831855288	-0.40631503	0.378054065
0.175205122	-0.493001833	-0.852204411
-0.946997501	0.242333481	-0.210879625
0.269473964	0.946037503	0.179991184
-0.988615815	0.148731044	-0.022756262
0.780309727	-0.567206056	-0.263427447
0.135701219	-0.01334495	0.990659927
0.417313124	0.780295951	0.465819692
-0.879017423	-0.426490439	0.213153175
-0.102692502	-0.413180986	-0.904840164
0.556730026	0.549709759	-0.62279279
0.27446833	0.562465754	-0.779935518
0.615948421	-0.232497554	-0.752696771
1	0	0
0.226163586	-0.790152959	0.56965633
0.803106829	0.337911512	0.490749663
0.066991701	0.992902065	-0.098273094
-0.022747857	-0.565390766	-0.82450944
0.072504141	-0.934431444	-0.348684708
0.053362331	-0.164785368	-0.984884889
-0.396009708	-0.681167829	0.615781373
-0.551555068	-0.046958857	0.832815629
0	1	0
-0.485199011	0.80535085	0.340575877
-0.377231292	-0.816684107	0.436719156
0.711449915	0.531835771	0.459336186
-0.73246633	-0.130412142	-0.668195891
-0.788779711	-0.211259482	0.577231322
0.211284051	-0.114986728	-0.970637472
0.633509237	-0.154976667	-0.758055591
0.999551372	0.028327124	0.009727779
-1	0	0
-0.694149167	0.668257508	0.267560903
-0.301401401	0.926914363	-0.223577637
0.238317841	0.233657227	0.942660547
0.632077733	0.574276375	-0.520273375
0	-1	0
-0.939245664	0.019660093	0.342682161
0.056749475	0.976727464	0.206840416
-0.901237891	0.361725211	-0.238589892
0.82228024	-0.202566877	0.531809992
0.096291401	0.665637458	-0.740036986
0.407277383	0.081059614	-0.90970021
-0.007332335	0.424390242	-0.9054497
-0.980335913	-0.149793824	-0.128465204
-1	0	0
-0.609481809	0.520002685	0.598438912
0.229786522	0.94485381	0.23334402
-0.144310934	-0.831887063	-0.535852842
-0.206756149	0.19594281	-0.958570973
-0.074376045	-0.366275378	-0.927529273
-0.450475741	-0.54608554	0.706301769
-0.36074088	-0.920582716	0.149644518
-0.104357551	0.775952835	-0.622098626
1	0	0
-0.131469904	0.510371849	-0.849844833
-0.044518798	-0.804092525	-0.592834959
0.411484547	-0.898545732	-0.152630387
0.882231456	-0.4651883	0.072577567
0.660589715	-0.307912969	-0.684697621
0.382076363	0.585780786	0.714757667
-0.559314892	0.609034226	-0.562355904
0.509312321	0.844063055	-0.167805001
0.315720712	-0.882860008	0.347676055
-0.876406734	0.387416274	0.286041722
0.557844824	-0.377771412	-0.738984379
-0.715998831	-0.586197532	-0.379101738
0.766678777	-0.510754394	0.389016197
0.331753992	-0.44273159	0.833023426
-0.571985094	-0.579773249	0.580255144
-0.174042927	-0.90015138	-0.399295071
-0.886746836	-0.454597097	-0.083794558
0.134769639	0.798634727	-0.58653194
0.248487585	0.265432767	-0.931557495
-0.568598435	-0.345310974	-0.746629862
-0.323235755	0.938280066	0.123081944
-0.077836266	-0.995483982	-0.054342964
0.824808562	-0.287598425	-0.486803844
0.627603095	-0.166064413	0.760616175
0.937356821	-0.342037479	-0.06612528
0.659541303	0.326229974	-0.677184815
0.264336032	0.630929755	0.729420391
0.046283397	0.909552997	0.413002656
0.38811582	0.721121588	0.573890029
0.505439388	0.616490982	-0.603713421
-0.509271983	0.499073863	-0.701118625
-0.992935732	-0.096930752	0.068432902
-0.697858697	0.713880706	-0.058030829
-0.106259538	-0.577524679	0.80942829
0.632003634	-0.672389052	-0.385310744
0.158059693	0.475795688	0.865237307
-0.41826792	0.619389717	-0.664385675
-0.309695971	-0.387521111	0.868283245
-0.240728985	0.872499796	-0.425198378
0.838938972	0.514961941	-0.176055675
0.998038975	0.024977173	0.057396379
0.159409734	-0.877140386	-0.453004725
0.33868528	-0.143276942	-0.929926878
0.859559415	-0.132966311	-0.493434466
-0.172533332	-0.977177203	0.123923216
0.442392738	0.68535453	-0.578427034
0.885676817	0.07005835	-0.458986277
0.732670842	0.572925988	-0.367354391
-0.462250714	0.874323053	-0.147930651
-0.202589539	-0.979010706	0.022260215
0.936119738	-0.062379412	-0.346104964
-0.028180393	0.888577271	0.457860568
0.615147115	-0.735672339	0.283514085
0.790462974	0.059302073	0.609632308
0.329717781	0.696550461	0.637262614
0.525334413	0.73358466	0.431134899
0.236547331	0.706458505	-0.667054526
1	0	0
0.70729094	-0.697056133	-0.117695686
-0.753613131	-0.639765264	0.150889548
0.679222663	-0.577536418	0.452888793
-0.028430851	0.943344116	0.330595775
-0.015836393	-0.569938601	-0.821534661
0.169833892	0.676750481	0.716355523
0.406212679	-0.280648781	0.869613432
-0.004937757	-0.226308859	0.974043079
0	1	0
-0.212553644	-0.51687791	-0.829251575
0.634842331	-0.480167332	-0.605321855
0.383258463	0.289748972	-0.877016809
0.377170393	-0.309542481	0.872883696
0.981207134	-0.074501923	-0.177994451
0.702383432	-0.710781488	0.038041966
0.70954723	0.702833601	-0.050672058
0.606874532	0.508347579	-0.610971392
0.109803196	0.449618822	-0.886445809
0.853396106	-0.384250322	0.352231142
-0.706737883	0.393739353	-0.587784728
-0.789947574	-0.021977213	-0.612780411
0	1	0
-0.180083459	-0.545523961	-0.818519124
-0.996810184	0.074165121	0.029478654
0.126585563	-0.124336157	0.984132418
0.422861178	0.162184998	0.891562926
-0.962746706	0.092086412	-0.254241761
0.929992107	0.24768208	-0.271603144
0.509528023	0.849949442	-0.134041561
-0.528712452	0.473586404	0.704399788
-0.95437299	-0.145363148	0.260848137
0.477794171	0.856647701	-0.194595598
0.139718087	0.383252175	0.913015129
0.646309948	-0.512508782	0.565347856
0.031395098	-0.932620999	-0.359489109
-0.883089493	-0.467640764	0.038276153
-0.606188242	-0.666660034	-0.433705217
0.884419845	-0.040443806	0.464936378
0.572927649	-0.393754568	0.718826299
-0.722154554	0.405373987	0.560503997
-0.246084759	0.925337021	0.288433163
0.577420815	0.468695358	-0.668513174
0.671873334	0.641153036	0.37082207
-0.810322909	0.515723533	-0.278219373
-0.549431806	0.342884092	-0.761941724
1	0	0
0	0	1
-0.253965118	0.836482723	-0.485590746
0.522582374	-0.851052191	-0.05116474
0.163275433	-0.966972552	0.195717184
-0.164406359	-0.603267376	0.780409522
0.264063566	0.962873833	-0.056075086
0.806076408	-0.35178237	0.475909644
0.755679127	0.280458595	0.591854741
0.97820933	-0.170436835	-0.118565558
0.229437462	-0.33963132	-0.912145283
0	-1	0
0.982684692	-0.143789855	0.116855785
0.810786565	-0.585108157	0.016540567
0.334504699	-0.23421154	0.912826139
-0.007824994	0.998488071	-0.054409023
0.415047664	0.198758523	0.887823454
0.924186523	0.096705585	0.36949601
-0.260478124	0.431524735	0.863676762
0.28871906	0.956837394	-0.033219066
-0.649693527	0.079585714	-0.756018806
-0.483756511	-0.549317376	-0.681344302
0.12089277	0.716836832	-0.686680344
-0.699423419	0.501631541	-0.509090049
0.055419497	0.310334732	0.949010555
0.521186625	0.143449984	0.841300543
-0.73632928	-0.251721759	-0.628056803
0.411277889	-0.469223206	0.781460224
-0.589348711	-0.598018693	-0.543177448
0.013780461	-0.765456978	-0.643339501
0.627719218	-0.279784821	0.726422079
0.113926285	0.175785928	-0.977813944
0.672448006	-0.075515636	-0.736281922
0.447764087	0.666739608	0.59578991
0.05058916	-0.954645988	-0.293413998
0.703548954	0.675749255	-0.219958662
0.246544825	0.9553983	-0.16257225
-0.994323606	-0.007936291	0.10610175
0.725707904	-0.57866476	-0.372149344
-0.939918868	0.289832915	0.180414531
0.747200336	-0.427011812	0.509266698
-0.583759486	0.804859714	-0.106891081
-0.051795792	0.17396814	0.983388165
-0.793241556	-0.487622609	-0.364680716
-0.494261088	0.790427521	0.361842938
-0.731666035	-0.652633207	0.196811356
-0.388554966	-0.53272344	0.751818312
-0.107911015	-0.889767549	0.443473698
0.364975537	0.718534593	-0.592031161
0.99151725	-0.114274796	0.06192588
0.080392086	-0.275068401	-0.958057664
-0.900371968	0.435121039	-2.03969E-05
-0.932689587	-0.064810272	-0.354809475
-0.852874248	-0.214583489	-0.475982607
-0.31196778	-0.508997021	-0.802245684
-0.07585556	0.489389662	0.868759859
-0.891701402	0.452598817	0.00478755
0.703245076	0.376224913	-0.603242221
-0.048376823	0.179254063	0.982612672
-0.137022895	0.802765045	0.580338701
0.382149655	-0.903601311	0.193562164
-0.021151416	-0.89996004	0.435459004
-0.298273417	0.726704021	-0.618816802
0.485667142	-0.154392114	0.860401361
0.218936296	-0.76419568	0.606689262
0.57283913	0.02884054	-0.819160274
0	1	0
-0.83202734	0.198643494	-0.517949097
-0.481321999	-0.873491544	0.073086628
0.558893854	0.013804659	0.829124292
0.240495138	-0.960385232	-0.140791671
-0.100796228	0.834520155	-0.541679085
0.623201091	0.427509849	0.654870772
0.933044185	0.296594683	-0.203617639
-0.21459736	0.750826941	-0.624665413
0.647854373	0.139234426	-0.748931563
0.793766077	-0.297623466	-0.53042972
0.05131717	0.02157556	0.998449319
0.612704667	0.333112266	-0.716679293
-0.087660068	-0.083152125	-0.992673882
-0.782637469	0.498676567	0.372559086
0.831726472	-0.484899689	0.270376344
-0.275722338	-0.483905659	-0.83054952
-0.472190063	0.231959606	0.850430059
0.338245214	-0.746084463	-0.573540016
-0.790665423	-0.308847505	-0.528641095
-0.473439081	0.149490781	-0.868048353
0.794232296	0.208042493	-0.570888239
-0.910651466	-0.373064701	0.177585575
0.08992928	0.801172816	-0.591637426
0.280304461	-0.923201325	-0.262923416
0.213729574	0.280025572	-0.935898151
0.624603635	0.762749902	-0.167579493
0.429405862	0.903097662	0.005021909
-0.222058093	0.774751324	-0.591988673
-0.483204763	0.827587313	0.285678834
-0.7207833	-0.350115851	0.598239355
0.586226994	0.805931025	-0.082541468
-0.769005268	0.625549354	-0.131601306
0.813537195	-0.468322053	-0.344719722
0.545712393	-0.057071286	-0.836026826
0.703897094	0.071329396	0.706711396
0.596170951	0.480015931	0.643556449
0	-1	0
-0.560564823	0.421965942	0.712538997
-0.458581222	0.415951657	-0.785294519
0.204495355	-0.619202895	-0.758135492
-0.691822715	0.721978824	-0.011309671
0.035839201	-0.998631919	0.03807678
-0.869079619	0.481497918	0.113403577
0.850770046	0.237550917	-0.468785549
-0.639100324	-0.138733553	-0.756507619
0.936845669	0.317182221	0.147362243
0.872173187	-0.062479524	-0.485190933
0	1	0
0.348126427	-0.407713772	-0.844143039
0.31297896	0.938655508	-0.14481025
0.520350163	0.73922119	-0.427536828
0.673083337	-0.02163794	-0.73925004
0.805904915	0.501033774	0.315408348
0.960553156	-0.248259448	0.125319118
0.934985441	0.046950469	0.3515649
0.297681955	-0.04857353	0.953428585
-0.453630217	0.376906477	-0.807564941
-0.477156804	-0.868233038	-0.135988147
-0.443429962	-0.772449434	-0.454633634
0.567270626	-0.397181156	-0.721423015
-0.885486444	0.422747763	-0.192868055
-0.464492517	0.88556763	-0.004083435
0.806012397	-0.171467214	0.566518323
-0.158229989	0.30168149	0.940186976
0.88751967	-0.041964237	-0.45885492
-0.771837122	-0.168482816	-0.613091345
0.799069149	-0.393428306	-0.454645645
0.533855527	0.024210097	-0.845229051
-0.428918118	-0.817569215	-0.384200244
0.313277426	-0.798987532	-0.513299306
-0.413099356	-0.903274107	0.115951755
-0.381599078	0.510731886	-0.770412282
1	0	0
0	1	0
0	0	1
-0.461491424	-0.872426152	-0.160929411
-0.944165604	0.320540319	0.076191973
-0.025956247	0.937541899	-0.346902668
-0.016087267	0.902663765	0.430045726
0.918860194	-0.065427041	0.389121121
-0.009040799	-0.20504403	0.978710994
0.14410576	0.724018383	0.674559791
0.497263231	0.260483666	0.827573283
0.844149431	0.261241276	-0.468150332
0	1	0
-0.518547781	-0.276733916	-0.809028145
-0.502332146	-0.805675799	-0.313925026
-0.386444429	0.482855567	0.785818812
-0.335620351	-0.610878821	-0.717067671
-0.433931733	0.105852882	0.894705772
0.672040106	-0.67322465	0.308432597
-0.21175507	-0.938769767	0.271792413
-0.462521944	-0.685198349	0.562651467
0.094566515	-0.971460567	-0.217535149
-0.780467496	-0.141120664	0.609061119
0.987434002	0.065208742	-0.143951074
0	1	0
0	0	1
-0.483171062	-0.657784947	0.577810253
0.773111365	-0.634111307	0.014200945
0.139124992	-0.766619585	-0.626848186
0.969931048	0.061415965	0.235503378
0.672253618	0.632257269	0.385130913
0.819074584	-0.020624285	0.5733162
0	1	0
0	0	1
0.602244035	0.015667976	-0.798158278
-0.349346833	-0.086582643	0.932984585
0.36930473	-0.919801315	0.13258792
-0.972559339	0.147640099	0.179807491
-0.957268055	0.269422406	-0.105116304
-0.049203455	-0.826285844	-0.561097785
0.219506682	0.206819203	-0.953437273
0.309556177	0.950881153	7.59069E-05
-0.647234493	0.512386297	0.564400384
-0.238605957	-0.931365542	-0.275000771
-0.650162666	-0.742291152	0.162149171
0.02709395	-0.109244409	-0.993645599
-0.866615224	0.493987827	-0.070385221
-0.795044905	-0.233009346	0.560009146
-0.340250569	-0.676296252	0.653339827
-0.634351219	-0.673827907	0.378885844
-0.731804488	0.369401806	0.572716769
-0.544905202	-0.81342742	0.203504677
-0.208164565	0.480106059	-0.852153558
-0.135551516	0.97830264	-0.156683539
-0.737475018	-0.174668953	-0.652396624
0.057209043	0.051037314	0.997056828
0.020261814	0.761271127	0.648117065
0.842236264	0.017865411	0.538812493
-0.533151696	0.580026672	0.615888244
-0.382528345	-0.377970649	-0.843095637
0.273871074	-0.961661077	-0.014234048
-0.878403908	0.474951857	0.053172427
-0.803396449	-0.533605826	-0.264232791
-0.739555404	-0.671072538	0.052148381
-0.14969864	0.884651934	-0.441566839
0.575417713	0.152043401	-0.803602675
-1	0	0
0.392706331	-0.72689357	0.563389274
0.311329882	0.192575095	-0.930585051
-0.289758027	0.956866402	0.021141791
0.328439098	0.687797287	0.647350485
-0.846843725	-0.461801264	-0.263809206
0.663663554	-0.611170541	0.431301816
-0.2581085	-0.390742609	-0.883572417
-0.634397903	0.564085083	0.528533177
-0.05922421	0.819772541	-0.56961871
0.814026903	-0.575281489	-0.080071276
-0.17896997	0.844317792	-0.505071496
0.700931178	0.315213848	-0.639793493
0.601079113	0.436812334	0.669252482
0.985720789	0.081965943	0.147092181
-0.827324709	-0.173131358	-0.534377543
-0.116443086	0.170771714	0.978405861
-0.912702001	0.385917315	0.134323798
-0.486561021	-0.423652947	0.764052716
-0.594301729	-0.607955065	-0.526494154
-0.862342819	-0.467328555	0.194856059
0	0	-1
-0.796886722	0.601927005	0.05153089
0.02090937	-0.999778794	0.002272005
0.316021076	0.561164161	-0.765000304
-0.713963195	-0.691219883	-0.111676448
-0.008268853	-0.913686872	-0.406334746
-0.661999385	-0.654281324	0.36561286
-0.988702997	-0.116620391	0.094159796
-0.954853217	0.152592584	0.254893776
-0.990248354	0.119738023	0.071210972
0.094093066	0.219305501	-0.971108435
0.180690496	-0.509412596	-0.841338072
-0.343588866	0.230866214	0.910300765
-0.275256998	-0.946607362	-0.167833509
-0.636924984	-0.313657889	0.704233834
0.613422545	-0.69978495	0.366078959
-0.088224141	-0.990305842	-0.107288588
-0.300337975	0.945565894	-0.125308581
0.730471888	0.011779339	-0.682841173
-0.191302428	0.820684947	-0.53840468
-0.975114152	-0.030587347	-0.219583252
-0.654231779	0.307186295	-0.691098661
-0.336085272	-0.309318481	-0.8895891
-1	0	0
-0.120789263	0.989659014	-0.077362715
0.911583752	0.005313803	0.411080074
0.711130543	0.559380327	0.425895528
-0.931380772	0.271445916	0.24258395
-0.222188924	0.202982077	0.953640581
-0.357384418	-0.270368108	0.893967261
-0.683074641	-0.730099827	-0.019059834
-0.947132368	-0.16982457	0.272212956
0.007366384	-0.062331238	0.998028333
-0.266804227	0.439105748	-0.857905383
-0.003041466	-0.988819432	-0.149086824
-0.480236322	-0.349803135	-0.804369842
-0.057738804	0.282408652	-0.957555003
-0.521248891	-0.731813813	0.439030906
0.698446098	0.25474567	0.668788227
-0.526224358	0.470275342	-0.708469497
0.525904639	-0.837822239	0.146554448
-0.460088748	-0.352236093	-0.815014159
-0.392682299	-0.730115324	-0.559224664
-0.053108359	0.64601054	0.761478749
-0.711129329	-0.497365837	0.496912771
-0.127838369	0.006606651	0.99177301
-0.895338262	-0.413553096	-0.165357894
0.907229779	-0.319963884	-0.27305172
0.138835481	0.957512837	-0.252772379
0.736836173	-0.169047776	-0.654595526
0.445567877	-0.336138379	-0.829747104
0.818102081	0.557320684	-0.141783777
0.345197059	-0.701849389	-0.623094235
-0.26641414	-0.862876703	0.429496569
-0.336585028	0.40158503	-0.851727646
0.248504783	-0.321543524	-0.913704074
-0.747526898	0.485127654	-0.453712129
-0.212362951	0.88981772	-0.403889097
-0.753030772	-0.501478565	-0.425985804
-0.975730356	0.150211563	0.159332226
-0.473225537	0.805006862	0.357800982
0	1	0
0.950494789	-0.016302457	0.310312563
-0.694000768	0.719580622	-0.023804682
-0.838034805	-0.071854613	-0.540864659
-0.575847868	0.723114748	0.38145025
0.376602354	-0.058833296	0.9245049
0.745352935	-0.485842489	-0.456515145
0.90850131	-0.270790748	-0.318273058
0.997355647	-0.011948684	-0.071686414
0.705809458	0.106945679	-0.700282537
0	-1	0
0	0	1
-0.693555675	0.356492285	0.626014199
0.015747234	0.29892272	-0.954147385
0.223858429	-0.832179462	0.507311292
-0.052748902	-0.992439755	-0.110819162
-0.60978918	-0.77297846	0.175104133
-0.563110355	-0.824764689	-0.05167142
0.985685952	0.148603802	-0.079624834
0.778927272	-0.587055827	0.220539706
0.786143408	-0.358774274	0.503249006
0.667277784	0.164163217	-0.726492118
0.002553974	0.906679609	0.421812237
0.864334579	0.118414089	0.488777903
-0.286624338	0.35563428	-0.889590213
0.645816115	0.461589283	-0.608158598
-0.640862689	0.693710591	-0.328725767
0.482579319	-0.761085948	-0.433434402
-0.663038579	0.184299418	0.725543635
0.886282932	-0.303866116	-0.349525318
-0.605086208	-0.75271597	-0.259401906
0.275310336	-0.743273983	-0.609711411
0.567383189	0.773534601	-0.282348258
0.887430986	-0.232258157	0.398148708
-0.634077368	0.536367707	-0.557005902
0.110247196	0.841999204	-0.528093643
-0.017999034	0.960710066	-0.27696968
0.440703836	-0.795376359	-0.416120868
-0.391974302	-0.832359481	0.391833945
-0.501992813	0.002724265	-0.864867501
1	0	0
0	0	-1
0.404908967	0.911561147	-0.071449307
0.554694184	-0.683869364	-0.473958918
0.194895726	0.370596058	-0.908115751
-0.701351093	0.699231627	-0.13849829
-0.369800672	-0.386407786	-0.844947623
0.267479692	-0.794493308	-0.545192625
0.151965346	-0.981496165	-0.116498124
0.606018161	-0.285974697	-0.742267109
0.156933108	0.252384202	0.954816325
-0.382407637	-0.916534268	0.117172241
-0.908589421	0.397991964	0.126758279
0.080876588	-0.996371605	-0.026506648
0.96215248	-0.008373008	0.272383
0	1	0
-0.595688484	0.184828154	-0.781660913
0.424299387	-0.050397435	0.904118426
-0.701676659	-0.386720413	-0.598412223
-0.307329732	-0.92253138	-0.233418699
-0.817190524	0.078541943	0.570991078
-0.875233432	-0.131352877	-0.465524286
-0.9699484	0.019876249	0.242497496
0.288884591	0.51102501	-0.80956725
-0.896976912	-0.304178027	0.320792999
-0.433110243	0.830008697	0.351427204
0.777629808	0.406365818	-0.479748584
0.538862313	0.841454238	-0.039776533
0.481265758	-0.37547656	0.792086248
0.602297087	-0.088213609	0.793382996
-0.767560164	0.158008341	0.621196232
0.066179307	0.179125642	0.981597832
0.057346359	-0.841159743	0.537737559
0.099788269	-0.649463077	-0.753816962
0.253615231	-0.941289924	-0.222828617
-0.817750793	0.159827943	-0.552936406
-0.963986075	-0.139291437	-0.226558474
-0.778733516	-0.624914	-0.055286558
0.977368521	0.07726261	0.196929588
-0.104673759	0.965410983	0.23879916
0.065792001	-0.394786147	-0.916414377
-0.395323874	0.220923224	-0.891578355
-0.180953072	0.979275712	-0.090967389
0.924993504	0.174326553	-0.337634817
-0.526491201	-0.805852575	0.270940293
0.813814279	-0.1132704	-0.569979066
-0.47948726	-0.199885476	-0.854480991
-0.120099938	-0.258153307	-0.958609866
-0.235277141	-0.411958428	0.88030388
0.723125028	-0.543464717	0.426305402
0.527646173	0.516113578	-0.674697184
1	0	0
-0.34975652	0.124892436	-0.928478463
0.704309564	-0.390831214	0.592620452
-0.410339203	0.510962462	0.755340388
-0.147040388	-0.214186929	-0.965661993
0.299894083	-0.921498094	-0.246788983
0.633742315	0.666640837	-0.392378226
-0.553595088	-0.517139072	0.652763095
-0.827915161	0.396265468	0.396900699
0.025857972	-0.707729309	-0.706010334
-0.139978942	0.964460858	-0.224100755
-0.949631535	-0.307855215	0.058524476
0.222262881	0.240569285	-0.94484159
-0.118574657	-0.992942104	0.002455187
0.745435522	-0.341231675	-0.57261403
0.243320169	0.936586348	0.252192998
-0.650628432	0.71995133	0.241563089
0.588204435	0.584141459	-0.559280161
-0.311142922	0.017276094	0.950206093
-0.814579496	-0.530640593	0.234266528
0.581550919	0.704356889	0.407037962
0.901111362	0.314804917	0.298154619
0.645665378	-0.737059709	0.199647705
0.954418382	0.298036064	0.016126249
-0.817648361	-0.064017804	0.572147602
-0.493091864	0.489465327	-0.719224657
-0.994130519	-0.098900992	-0.043853227
-0.289134634	0.876466306	-0.384977893
-0.73342275	-0.073724365	-0.675763115
-0.239853962	-0.84796027	0.472687484
-0.824595389	-0.064729575	-0.562007586
-0.732950257	-0.483652055	-0.478397963
-0.800587022	0.545809133	-0.247290941
0.542505569	-0.240144412	-0.804995881
0.313900593	-0.753053855	-0.578252807
-0.176733619	-0.641906806	-0.746137306
0.382072937	0.001270313	-0.924131299
-0.799693969	0.494562791	-0.34043678
-0.044999423	-0.857316859	0.51281854
0.63786407	0.752392675	0.164422294
0.83368263	0.068232017	-0.548012468
-0.82910924	0.304256522	0.469047798
-0.170339826	-0.023555804	0.985103785
0.197459158	0.242708926	-0.949790639
0.023025539	-0.892833955	0.449797014
-0.335873366	0.578047744	-0.74367324
0.925508629	-0.034890025	0.377115982
0.728030348	-0.423264307	-0.539276496
-0.275684929	0.917599448	0.286372262
0.983990706	0.135668659	-0.115569486
0.264713056	0.908158476	0.324307231
0.300051759	-0.949691555	-0.089749049
0.14881796	0.981107114	0.123620568
0.068337489	0.636596168	0.768163594
-0.42616127	-0.286606645	-0.858046154
-1	0	0
0	0	-1
0.166991271	0.654961608	-0.736979787
0.750096101	-0.597019299	0.28447108
-0.141203515	0.986057083	0.088051105
0.547309314	-0.227190207	0.805504267
0.936007038	0.319692237	0.147267438
0	0	1
0.589050126	0.529056129	0.610835135
0.122024299	-0.80157141	-0.58531474
0.743032074	-0.604067441	-0.288107383
-0.664055746	-0.185059663	-0.724419
-0.767530017	-0.633359888	-0.098756898
-0.261371364	0.927605362	-0.266895676
-0.362658517	0.315705556	-0.876817428
-0.71395332	0.663793352	0.222820652
-0.685099236	0.7146192	-0.141274325
-0.083726102	-0.086158407	-0.992757105
-0.032252782	-0.272096248	-0.961729375
-0.491505397	-0.81189916	-0.315027299
-0.611402732	0.446237777	0.653497166
-0.245406985	0.213729962	-0.945565923
0.429554569	-0.242406111	0.869897781
0.612096141	0.535984139	0.581428686
0.652574062	0.105020488	0.750411747
0.858798364	-0.192125662	-0.47492431
0.444434745	-0.884082731	0.144483503
0.255004325	0.874444071	0.412698875
-0.706314796	0.203980769	0.677872594
0.109149891	-0.785908385	0.608633151
-0.801012944	-0.558679129	0.215071836
-0.583814247	-0.258554449	0.769617127
-0.045310755	-0.589770776	0.80629856
-0.08128396	0.061814304	-0.99477229
0.664776266	-0.746320608	-0.03283391
0.716185741	-0.34179721	-0.608483896
-0.842055206	-0.452198046	0.294040741
-0.645371864	-0.391976023	-0.655629434
0.647061591	-0.729148633	0.222830805
-0.642197254	-0.061560505	-0.764063473
-0.283858556	0.270669169	-0.919870926
-0.905294153	0.402185305	0.136709461
-0.375370279	0.906956906	0.19111861
-0.323912981	-0.466539894	0.823055835
0.621686881	0.631884833	0.462846605
-0.186982099	-0.873238425	-0.449991497
0.923493619	0.368098723	-0.107994745
0.795923109	-0.58779509	-0.144925281
-0.256751312	-0.931682883	0.256993713
0.859454299	-0.479651149	0.176841972
0.040205613	-0.407507333	0.912316438
-0.449880081	0.683019152	-0.575406596
0.876823214	-0.385474524	0.287385531
0.338250307	0.897628737	0.282576326
0.88180465	-0.208647246	-0.422950218
-0.898192284	-0.334217642	0.285568184
-0.132410784	0.744181866	0.654721876
-0.025643947	-0.225720724	-0.973854477
0.180719637	-0.194531592	-0.9641047
-0.15745962	-0.670926371	-0.724613188
-1	0	0
0.230770109	0.39400337	0.889666511
0.893428365	-0.448428914	0.026405793
0.570762801	-0.678670733	0.462207594
-0.292220056	-0.95473077	-0.05564706
0.070239992	0.703484289	-0.707231362
-0.610918266	0.031425424	-0.791069728
0.184646148	0.104023583	-0.977284449
0	1	0
-0.752310542	-0.125281612	-0.646786956
-0.632440007	-0.586110359	0.506452647
0.348792842	-0.929094475	-0.12299191
0.766425212	0.067246499	-0.638803807
0.935809378	0.315286102	-0.157656214
0.028153928	0.682633579	-0.730218291
0.075221563	0.212103831	0.974347824
-0.400195728	0.677999197	-0.616571543
0.521732841	-0.257714022	0.813251698
-0.260144383	-0.181361561	-0.948384355
0.161115731	-0.151881035	0.975178892
0.78955492	-0.117322009	-0.602360834
0.25198008	-0.927566086	0.27591157
0.549919919	0.835167911	-0.009090827
0.404534091	-0.733725318	0.545893146
0.387646267	0.720578511	-0.574888669
0.403128683	-0.435536222	-0.804857419
0.825077867	0.550245848	-0.128358955
-0.824282308	0.562198068	-0.067022455
0.97948278	-0.02289517	-0.200223113
0.005554494	-0.162257994	-0.986732735
-0.228661062	0.046076435	-0.972415077
0.159756076	0.983824693	0.081036847
0.034197429	-0.449810051	0.892469301
0.711878148	0.648961179	-0.268475119
0.055754013	-0.955431868	0.289899008
-0.464652323	0.878622505	-0.110094104
0.713760684	-0.565987943	-0.412557068
-0.674578659	0.677667987	0.292762243
0.281332037	0.677078541	-0.680012451
-0.725361529	0.400853786	0.559613165
0.224024883	-0.610622014	-0.759574623
-0.332296796	-0.557508551	-0.760764783
-0.574921619	0.524156349	0.628271641
0.031713893	-0.71031016	0.703174022
-0.604811732	0.246225368	-0.757347897
-0.988843498	0.106098708	0.104554298
0	0	-1
-0.765626729	-0.6414598	-0.048425584
-0.939995957	-0.149470954	0.306701866
-0.546250031	-0.348192858	0.76182192
-0.973976329	-0.191663258	-0.120976467
0.23321344	-0.441385326	-0.866481671
0.120766294	0.518474978	0.846521824
0.758946042	0.560395741	-0.331598431
-0.096941394	-0.994451567	-0.040846633
-0.132234358	0.982681391	0.129812782
-0.824943747	0.560014285	0.07649716
-0.530531729	0.722313611	-0.443620482
-0.702068126	0.711820399	0.020299384
1	0	0
-0.333560902	-0.77748609	-0.533153359
0.444521122	-0.079832518	0.892203868
0.237736899	0.931205349	0.276292896
0.568035587	-0.586656675	-0.577208383
-0.011749848	0.004183907	-0.999922215
0.963170635	0.124987795	0.238076416
0.549366937	0.649109486	-0.526168077
-0.81946117	0.320351812	-0.475245313
-0.814455076	-0.395457034	-0.424589995
-0.201181323	0.513082112	0.834429639
-0.98635482	-0.094462906	-0.134836672
0.551528345	0.118311232	0.825723281
0.025951359	-0.513242182	0.85785138
0.77145895	0.022314396	-0.635887692
0.710407656	0.069413701	-0.70035898
0.082135137	-0.436967769	-0.895719257
-0.710060023	0.397789208	0.581015068
-0.05606732	0.831105608	-0.553281053
0.608715704	0.791518686	0.054436761
0.183162746	-0.858983761	0.478119554
0	-1	0
-0.973780228	-0.227490653	0.000265382
-0.923495298	0.381374615	-0.041350193
-0.743752578	-0.162053692	0.648514228
0.341257609	0.337184135	-0.877411023
0.291191761	0.094033748	-0.952032044
0.406968433	0.223174648	-0.885759432
0.458781568	-0.699487835	-0.547938173
0.398688343	-0.114863331	-0.909864836
0.514841853	0.8552438	-0.05912622
-0.174632636	0.926123153	0.334364094
-0.532541507	0.772548499	-0.345786581
-0.198581187	-0.77550361	-0.59929931
0.751473208	0.501259154	-0.428984006
-0.93146457	-0.152299415	0.330421916
-0.787831205	-0.603115945	-0.124792424
-0.186809676	0.869542583	-0.457162818
0.004751319	-0.808272608	-0.58878928
0.504549855	0.478629431	0.718570324
0.475573051	-0.393194671	0.786910557
0.070374931	-0.997520001	-0.001103078
0.191148128	0.074859633	0.978702421
0.403634813	-0.44758432	0.797964419
-1	0	0
-0.876262163	0.365404869	0.314076269
-0.541538145	-0.444010867	-0.713856279
0.694303605	0.433641574	-0.574367033
0.19008278	-0.770463021	-0.608486048
0.48771761	-0.730945152	-0.477337111
-0.03414254	-0.52329677	0.851466252
0.495784825	-0.868098825	0.024532384
0.048093763	-0.992808882	0.109624425
-0.314098313	0.678685369	-0.663873798
-0.214623783	0.387361562	0.896597821
0.275550589	-0.275362102	0.921003575
0.200345139	0.979084828	-0.035422108
-1	0	0
0	0	-1
-0.405569314	-0.344091718	-0.846826087
-0.317340989	-0.909760935	0.267637324
-0.651571835	-0.564540182	-0.506703589
-0.093380406	0.464621146	-0.880572138
0	0	-1
0.750472608	0.448782073	0.485165452
-0.442598024	-0.889869992	-0.110627244
0.203530326	0.834877533	0.511424394
0.550186492	-0.804355857	0.224291058
-0.329213848	0.937518757	0.1125914
0.649801613	0.39629072	-0.648622794
0.241868584	0.741412431	-0.625945042
1	0	0
-0.822658786	-0.496797008	0.276451179
-0.164879704	-0.719395073	-0.674748407
-0.407420638	0.658780788	-0.632468416
-0.439838389	0.855512955	-0.273202809
0.148117965	-0.588565758	0.794765007
0.04231808	-0.709724647	-0.703207015
-0.365430983	0.277711875	0.888446009
0.94839357	0.196158803	0.249141247
-0.760802249	0.423572874	-0.491697019
-0.674866572	0.01767803	-0.737727996
0.794334241	-0.364832246	-0.485726822
-0.787638919	-0.609002094	-0.093495363
-0.382635776	-0.826186276	0.413528838
-0.360167351	0.893636532	0.267755911
0.027924306	0.76109484	0.648039257
0.980950094	0.0927063	-0.170711614
-0.605119029	0.284488874	-0.743570468
0.36121925	0.905128246	0.224195254
-0.611219664	0.114107123	-0.783192241
-0.069574856	0.379827194	-0.922437338
-0.538166521	0.377580083	0.753531735
0.152912657	0.891109335	0.427249192
-0.302226642	0.933657102	-0.192206848
-0.96926832	0.17285118	-0.175046834
-0.165586006	0.21936126	-0.961489424
-0.463318583	0.678843921	-0.569655002
0	-1	0
-0.820031361	-0.47497359	0.319293996
0.714007348	-0.58597742	0.38317616
-0.477467512	-0.149474736	0.865841832
-0.171215172	0.820003816	-0.546149344
0.005480771	0.495254486	0.868730657
-0.864078237	0.487604679	-0.124941897
0.69829884	0.044861019	0.714399201
-0.443705416	0.715342961	0.539824001
0.387168183	-0.527372242	0.756293142
-0.856305641	-0.147865407	-0.494849947
-0.984015787	0.120709544	0.130927983
0.148450278	0.979249528	0.137959695
0.558486567	0.466493799	-0.685912742
-0.437657551	0.788380286	-0.432333659
-0.898205742	0.350307511	-0.26553925
0.010010398	0.67877881	0.734274553
0.217881739	0.379165822	0.899311307
-0.832171112	-0.50962888	-0.218562682
0.104018767	0.07859644	0.991464924
0.944367348	-0.097343676	-0.314156843
0.567945627	0.06230102	0.820704787
-0.567095259	0.678080101	-0.46755785
0.492197352	0.390556627	0.777950697
0.991641374	0.118613723	0.050775673
-0.104350204	-0.978347911	0.178735558
0.081497459	0.809445254	0.581512292
0.056962188	0.621075268	-0.781678208
-0.693766873	0.27192302	-0.666892343
-0.529594354	0.791158933	-0.305936862
0.328718835	-0.910735667	-0.250008944
0.978841664	0.125752509	-0.161416553
1	0	0
0	0	1
-0.59957663	0.523734547	0.605152864
0.522745934	0.191946532	-0.830598108
0.615917808	0.711146248	0.338993019
-0.460352408	-0.381839942	0.80141994
0.94259714	0.168548544	0.288274208
0.493390623	-0.343693935	0.799024513
-0.381089017	0.529736553	-0.757727091
-0.687307368	0.698126419	-0.200569401
0.193265242	0.96706539	-0.16562934
0.870186227	0.293624591	-0.395677305
0.60607943	0.728359879	0.319624172
0	0	-1
-0.355181048	0.511085731	-0.782711824
0.014362497	-0.659118066	0.751902316
-0.312858514	-0.644419055	-0.697741809
0.465005075	-0.754367351	0.463357508
0.44249791	0.361133937	-0.82083974
-0.084384584	0.921985925	0.377916916
-0.251701499	0.364331112	-0.896609835
-0.943303513	-0.068746366	0.324734384
0.066575117	-0.008131862	0.997748278
-0.588445774	-0.785705995	0.190781708
-0.691253702	-0.697100651	-0.190312903
0.609645758	0.724033295	0.322657462
0	0	-1
-0.362076474	0.113607012	0.925199478
0.868919841	-0.42556084	0.252737575
-0.683552865	-0.694439911	-0.224741388
-0.447070357	0.540923889	-0.712411007
-0.482205867	0.019129155	-0.875849061
0.232486767	0.400392193	-0.886361097
-0.988232893	0.110100311	0.106177543
0.742509809	0.650269479	-0.160713372
-0.335496182	0.931118752	0.143039093
-0.457496664	-0.867358895	0.195921795
-0.846916588	-0.527485408	0.067018187
-0.799010973	-0.287090185	0.528356594
-0.788407238	-0.385509656	-0.479370766
0.266984029	0.588689446	-0.762996897
0.943456931	-0.328214766	0.046519753
0.38379719	-0.646488203	0.659357808
0.042395287	-0.999035719	0.011413628
0.262294074	0.195431023	-0.944991288
0.370007956	-0.512596365	-0.774815513
0.068672602	0.864740347	-0.497501965
0.772811509	0.430486999	0.466308176
-0.41277635	-0.822534066	0.391220393
-0.175895915	0.983908969	0.031365074
0.452014812	-0.727396516	0.516310873
0.962990966	-0.04050309	-0.266473075
-0.760470089	-0.32488035	-0.562261507
0.140447229	-0.056338169	-0.988483984
0.315045731	-0.523021573	-0.791956199
-0.982831641	-0.153364125	0.102573924
0.657874861	0.159639579	-0.7360135
-0.615369365	0.144660031	0.774850967
0.035203704	0.920678497	0.388731019
-0.989962536	0.039863116	-0.135591704
0.601454165	0.77687847	-0.186313527
-0.305772594	0.858810745	-0.411031903
0.335706915	-0.255119473	-0.906760675
-0.695611747	-0.531839461	0.482981455
0.753126801	-0.598655488	-0.27278495
0.78462282	-0.458800875	0.416975763
0.840339683	-0.274416449	0.467466394
0.667751698	0.690828753	-0.277242321
0.460980049	-0.216302983	0.860645347
0.576907286	-0.724187847	0.37779617
0.529666312	0.741251311	0.412310674
-0.085733789	-0.832780397	-0.546924608
0	0	1
-0.548574044	-0.835563958	0.029989842
0.631271793	-0.023811175	0.775196073
-0.34859241	0.818132422	-0.457321191
0.565758129	0.032699458	0.823922621
-0.956606466	0.282946883	-0.069606968
-0.225708219	0.614641953	-0.755824761
-0.339820868	0.918069385	0.204133244
0.6112665	0.209777486	-0.763116421
0.255700762	-0.49571984	-0.829987326
0.497615045	0.866859386	-0.030562593
-0.297168546	0.919735965	0.256469513
0.280814831	-0.835604582	-0.472131352
-0.507473532	0.805460531	0.306111005
-0.287364031	0.112580345	-0.951182201
0.592614388	-0.390673502	-0.704402159
0.661884941	0.176320179	-0.72857362
0.754295887	0.587462339	-0.293130884
-0.562002584	-0.504581648	-0.655400989
0.473001042	-0.811726364	-0.342593525
0.855104142	0.443941242	0.26779298
0.852474486	0.111310563	0.510780981
0	0	-1
0.322155107	-0.710929884	-0.625135816
-0.942672442	-0.318196138	0.100597639
-0.775028258	-0.480848503	0.410019409
0.043715757	-0.541266036	0.839714243
0.95574838	-0.137678253	0.259980253
0.3030926	0.279404106	0.911080799
-0.841531405	0.172016967	-0.512088915
-0.541830881	0.840256817	0.019692081
-0.027191402	-0.879511717	0.475099744
1	0	0
-0.510751311	0.518024683	-0.686136667
-0.168147258	0.381904918	0.908776724
0.245494396	-0.739299765	-0.627031386
-0.61018757	-0.503373244	-0.611789593
0.955318465	0.293172356	0.03763775
0.396095309	-0.900498296	-0.179475135
-0.591757766	-0.5709458	0.569072614
-0.316502664	0.240292523	-0.917652204
0.741958036	-0.180374868	-0.645726861
0.231678189	0.600016045	-0.765706185
0	-1	0
-0.607632148	-0.481890934	-0.631319491
-0.482156881	0.322472819	0.814577205
-0.361104421	0.698846019	0.617428408
0.390093712	-0.159144342	0.906917843
0.257281368	-0.780019042	-0.57041791
0.65153894	-0.314380949	0.690406857
-0.365152664	-0.17723978	-0.913919905
0.699416122	0.440071682	0.563164277
0.638004039	0.597249045	0.486049817
-0.677898019	0.734312805	0.035199169
0.88547957	-0.259595198	-0.385404026
0.940757773	-0.288453253	0.1782401
0.557875093	0.482506695	-0.67525008
0.902805678	0.418616478	-0.098499504
-0.424825742	0.831895704	0.357033088
-0.419748717	-0.907547799	-0.012961793
0.689617004	0.460405111	0.55897721
-0.726062733	-0.401011788	0.558589701
0.084972863	0.759419217	0.645028732
-0.718893661	-0.170383645	-0.673914919
-0.250152793	-0.721178062	0.646007572
-0.102046374	0.813636655	0.572347736
0.101876816	0.413748939	-0.90467283
-0.414569654	0.884690679	0.213200385
-0.992549962	-0.014380942	-0.120986617
-0.370162475	0.92506391	-0.085067645
1	0	0
0.196227545	-0.218986543	-0.955792679
-0.877442125	0.20896455	0.431774401
0.549991345	-0.770156842	0.323060303
0.917519792	-0.369258203	-0.147667905
0.948785088	0.068795441	0.308340792
0.656016281	0.347213851	0.67013818
0.062582018	-0.161661131	0.984859975
0.657112503	0.685325062	0.313899215
0.291653624	0.949402158	0.116506251
0.446268732	0.686914458	-0.573578893
0.57075364	-0.333952315	-0.750144075
0.454318229	-0.444506887	0.772015916
-0.379164681	-0.176110778	-0.90841573
0.972116865	-0.168101481	-0.16349524
-0.862564089	-0.445430217	0.239948147
0.815194976	-0.294697439	-0.498608635
0.63836827	0.708608717	0.300598798
-0.977110577	-0.206803554	0.049871932
-0.222086142	-0.9665141	0.128562202
0.388246222	0.02313522	0.921265235
-0.314601212	0.488964554	-0.813596794
-0.93374962	0.146127961	-0.326738834
0.168243118	0.517607547	-0.838913989
-1	0	0
-0.988720846	0.029559714	0.146824088
-0.553420212	-0.657639268	-0.51111316
0.207572989	0.787794891	0.579907462
0.856369498	-0.473737407	-0.205436494
-0.482801306	-0.874817438	0.039966845
0.119748729	0.989715401	0.078253862
-0.381023331	0.374083681	0.845507316
-0.5873021	0.774793166	-0.234033744
0.402808462	-0.048075963	0.914020812
-0.044107202	0.121380108	0.991625647
0.300871046	0.729806779	-0.613888165
-0.894449196	-0.164245204	-0.415913631
0.197046662	-0.033849629	-0.979809581
-0.736333708	-0.676165176	-0.024765413
0.451847631	0.79444398	-0.405823215
-0.959150513	-0.200530389	0.19954412
-0.427367062	-0.35174624	0.83284571
0.125231298	-0.945437233	-0.300774933
0.732945272	-0.429156301	-0.527840977
-0.770909986	0.339509034	0.538916886
-0.730697775	0.497930156	-0.467061368
0.020310915	-0.999535922	-0.022702588
-0.505367439	0.073662899	-0.859754342
1	0	0
-0.651157121	0.752167017	0.101188841
-0.645923859	-0.659215076	0.384990717
0.942056188	0.227159718	0.246837194
0.93415844	0.34690285	-0.083704375
-0.359132023	0.276708804	0.891322853
-0.030575702	0.956070586	-0.291537582
-0.546738388	0.813447924	-0.198442964
0.542960289	0.688950091	0.480147787
-0.38152528	-0.560399102	-0.735113126
-0.643993679	0.391055888	-0.657531318
0.602674938	-0.274304288	0.749359778
-0.995352623	0.061283457	0.074279829
-0.278688169	0.721033794	0.634384089
-0.437521872	0.863510289	-0.250847745
0.898507791	-0.087361935	0.430176292
0.365168158	-0.908980047	-0.201016145
0.851786317	-0.41705715	-0.317054261
-0.830092043	-0.39711646	0.391466112
-0.666489887	-0.745140155	-0.023608918
-0.362143046	-0.37792292	0.852071993
0.339472386	0.581607283	-0.739250612
-1	0	0
-0.842395926	0.237764771	-0.483566973
-0.800763453	-0.47922618	0.35933294
-0.182890915	-0.730063138	0.658451766
0.376491152	-0.672171234	-0.637526662
-0.195733528	0.442316504	-0.875239679
0.048847659	0.162186628	-0.985550305
0.331099667	0.186248458	-0.925032174
0	1	0
-0.662474626	0.102544793	0.742032301
0.175708341	0.816642997	0.549746118
-0.702449904	0.695959415	0.149012164
-0.701019549	-0.058482468	-0.710740032
-0.154093538	-0.639598795	0.753105944
-0.289632198	-0.860098214	0.419933628
-0.563554759	0.184558638	-0.805198201
0.78866248	0.145364136	-0.597394979
0.028985126	-0.825302932	0.56394586
-0.846123727	0.363801019	-0.389516954
0.145885376	0.78612917	-0.600598356
-0.006953405	0.501025831	0.865404395
0.440239558	-0.664543945	-0.603796718
-0.095648908	0.783202768	0.614365291
0.302096938	0.621978292	0.722412932
0.873099087	0.27918604	-0.399691305
-0.214976064	0.15439456	-0.964337914
0.076814991	0.594429367	-0.800470602
0.861029848	-0.176291465	-0.477020879
0.73285379	-0.06550948	-0.677225096
0.840673335	-0.388726349	-0.377041336
-1	0	0
0	0	1
0.217476752	-0.975885786	-0.018729527
-0.89690604	0.32074185	-0.304440833
0.017807768	-0.848717315	-0.528546878
0.066814507	-0.902635012	0.425189201
0.28617697	0.321492579	0.902632408
-0.073839925	0.047461287	0.996140096
0.105663903	-0.989631372	-0.09728765
-3.86643E-05	-0.74193324	-0.670473763
-0.202554516	-0.920275375	0.334760964
0	0	1
-0.803453458	-0.291729345	0.518995693
0.675703923	-0.714706051	0.180608605
0.410177382	0.867599061	0.28111632
0.524404213	-0.821400494	-0.224279849
-0.707332313	-0.693476583	0.137008129
-0.58246055	-0.763965867	0.277661414
0.433720618	0.506586657	0.745155276
-0.107407344	-0.956419684	0.271523572
-0.960955741	-0.181388954	-0.208954808
0.598837294	0.775728118	-0.199097419
-0.51955781	-0.847091424	-0.111784617
0	1	0
0	0	1
-0.012102713	0.18876	-0.981948668
0.793919144	-0.231099741	0.562392481
0.297249028	0.874095115	0.384188423
0.641623952	0.703794931	-0.304944912
0.334084724	-0.903934727	-0.267000763
0.211497124	-0.431222306	-0.877106772
-0.918606192	0.369156892	0.14101721
-0.971545974	-0.232195207	-0.046731218
1	0	0
-0.8242049	0.261303549	0.502400973
-0.646555349	-0.596654754	0.475362267
0.643510229	-0.735435959	-0.21219928
-0.805133023	0.557398998	-0.202650368
0.98014275	-0.149113342	0.130711138
-0.151474834	-0.973113228	0.173510862
0.454197015	0.378674098	-0.806418625
0.869385796	0.213126381	0.445808797
-0.298232733	0.831117482	-0.4693623
-0.224958849	-0.884596438	-0.40851274
0.208831266	-0.470222138	0.857485069
-0.531250073	0.221756735	0.817677999
-0.317004769	0.920422922	-0.228756686
0.268353717	-0.961886045	-0.052550151
0.910909944	-0.220235158	0.34891195
-0.90784496	0.415440247	-0.056806071
0.508028194	0.511984214	0.692661186
-0.988517463	0.073544407	0.132001685
-0.630459589	-0.701243662	0.332833343
-0.051935532	-0.574467328	-0.816878198
0.92570397	0.049032778	0.375057258
-0.644150961	0.478534382	0.596719686
-0.555950597	0.811280602	-0.180949492
-0.545736373	-0.710108107	-0.444880083
-0.710729667	-0.497625452	0.497224546
0.211617567	-0.717869684	0.663235344
0.948888951	0.183078287	-0.257083836
-0.391421937	-0.41321691	-0.822216913
0.181628616	0.204112481	-0.961950696
0.647492649	0.098019325	-0.755741676
-0.195503314	0.974035219	0.114165869
-0.679072383	-0.730539426	0.071922498
0.009165641	0.315968337	0.948725461
0.432045033	-0.303952522	0.849087718
0.686091388	-0.690421197	-0.229340746
-0.916186702	-0.271665008	0.294618481
-0.98141934	-0.010493828	0.191587991
-0.228794995	-0.721046193	-0.654022353
0.593578569	0.755168288	-0.278182206
-0.438045963	0.021897602	-0.898685835
0.425674434	0.071180234	-0.90207242
-0.719484984	0.299639806	-0.626543969
-0.80972443	0.113640584	-0.575701455
-0.742136876	0.543615529	-0.392065063
-0.13010288	0.71450717	0.687424719
-0.600560874	-0.79747757	0.057932397
-0.277634884	0.009167914	0.96064292
0.035902459	-0.794692762	0.605949196
0.317637525	0.309836445	-0.896162809
-0.397343313	0.398366753	-0.826693547
0.951233875	-0.273637505	-0.142396033
-0.630926932	0.017354984	-0.775648123
0.181032429	0.039000208	0.982703538
-1	0	0
0.216023934	-0.455996482	-0.863366011
-0.608724204	-0.308688008	-0.73086699
-0.667764475	0.640670062	-0.378988756
0.648642063	-0.598256272	0.470481568
0.968288034	0.198242905	0.152046156
-0.135383994	0.83748789	0.52941969
0.863270315	0.465537734	-0.195035844
0.7546433	-0.238384689	-0.611298805
-1	0	0
0.012215391	-0.385050972	-0.922814463
0.337903535	-0.875852749	-0.344533254
-0.690574986	0.706719422	0.153798074
-0.015907337	-0.44570777	0.895037172
0.018132383	0.999827928	-0.003915398
-0.728689791	-0.44752872	0.518391004
-0.719689986	-0.660085548	-0.215251931
-0.226421073	-0.973893949	-0.016250352
-0.323902537	-0.855640603	-0.403690853
-0.634023224	0.639903099	0.43421029
0.006012474	-0.432566292	-0.901582084
-0.017576415	-0.310927597	-0.950271066
0.154718808	0.569486704	-0.807308482
0.992994158	0.096440752	-0.068277259
0.174990269	0.971594248	-0.159320507
-0.407852791	0.903713263	-0.130224571
0.86351513	0.428124293	-0.266554329
-0.116447321	0.99113862	0.063908188
-0.434984375	0.36865392	0.821512557
-0.987241781	0.107380305	-0.117571835
0.925456932	0.118226962	-0.359933122
-0.173730836	-0.51033924	-0.842241923
0.044375699	-0.745640537	0.66486915
-0.457838755	0.887771878	0.047378984
0.210473735	-0.416762067	-0.884313398
0.994224518	0.060306428	0.088773548
-0.521763007	-0.85206288	-0.041859436
0.11900785	-0.598569628	0.792181502
0.440081852	0.894986441	-0.072987902
-0.726091236	0.666359794	-0.169576361
0.278555418	-0.296433467	-0.913528368
0.52057523	-0.822385804	-0.229527819
-0.817915634	0.567484759	0.094736813
0.422465764	-0.214288174	0.880683403
-0.200737954	0.910626425	-0.361197714
-0.491930497	0.133695692	0.860307996
-0.421034784	0.219357888	0.880120348
0.363158642	0.086940823	-0.927662166
0.254557161	0.603362992	-0.755747148
0.14189513	0.862722826	0.485360791
-0.059285649	-0.197468823	-0.978514832
-0.13977734	0.977508946	0.157919459
0.734511097	0.366674659	-0.571001876
0.340045335	-0.854394908	-0.39291031
0.595670806	0.515639921	0.615866676
-0.509299452	-0.134008945	-0.850091566
-0.868079271	-0.296509695	0.39814618
0.161967885	0.604711543	0.779801484
0.464197839	-0.515234453	-0.720453902
-0.184617517	0.577492328	0.79524775
0.26416858	-0.964047974	0.028748303
0.94119027	0.313137023	0.126909734
0.207125008	0.923153651	0.323861958
0.896400309	-0.398962182	-0.19312085
-0.892617664	0.260979629	-0.367591267
0.814257072	0.478994849	-0.327947184
0.38323343	0.923644753	0.00353668
0	-1	0
0.338859899	0.863211089	0.374219968
-0.43001489	-0.23049912	-0.872901684
-0.437521307	-0.135653905	0.888916826
0.139892382	0.012553942	-0.990087127
-0.402343817	0.297285715	0.865875659
-0.217773849	0.935590567	-0.277929561
-0.860353942	0.227741484	-0.455987841
0.583468212	0.117952733	-0.803524734
-0.887111226	-0.259895414	0.381428954
-0.126851584	0.838587711	0.529791776
0.882025833	-0.172725204	-0.438402137
0.165822587	-0.969028068	0.182995826
-0.90834092	0.048384661	0.415422313
-0.955258889	-0.067836326	0.287886588
-0.138991378	-0.454776564	-0.879692943
0.390905179	-0.656486162	-0.645150417
-0.338488599	0.400202064	0.851624199
0.79839574	-0.587183981	0.133338721
0.449054058	0.43867553	-0.778404928
0.109739898	-0.395096033	0.912061555
0.793771294	0.112602534	0.597702101
0.528666102	0.417587575	0.739007963
-1	0	0
-0.828682953	-0.52436942	0.195758205
-0.042657971	-0.586839847	-0.808578562
-0.064262748	-0.504754924	-0.86086745
0.167124554	-0.09618399	-0.98123291
-0.395987588	-0.401817333	-0.825673459
0.136947157	-0.791314023	-0.595875484
-0.75195931	0.512359555	-0.414782933
-1	0	0
0.415763481	0.838410757	-0.352431739
0.758920657	-0.113312214	0.641248608
0.448995272	0.25768942	-0.85556964
0.10213771	-0.954695261	0.279508225
-0.320237471	-0.281309275	0.904606574
-0.333113914	0.067767487	0.940448131
0.700183016	0.533998475	-0.473908613
0.791577214	-0.438310586	-0.425780864
0.410709836	-0.361068608	-0.837225711
0.218227592	0.842713011	0.492149875
0	0	1
-0.204086937	-0.884145511	-0.42027995
-0.448881566	-0.201167453	0.870653201
-0.936623745	0.349435487	0.02511575
-0.85051051	-0.018189458	-0.52564343
0.522722517	0.828586068	-0.200515081
1	0	0
-0.370640836	-0.915934353	-0.153914365
-0.801144967	0.452965123	-0.391138516
0.056975516	0.873129624	-0.484147136
0.370776134	0.820780926	-0.434561539
-0.483233868	0.237837992	-0.842566388
0.740596607	-0.317307526	0.592311236
0.144464422	-0.635223056	0.758697371
-0.305222699	-0.563442484	-0.767705458
-0.169426527	0.49490165	0.852271676
0	1	0
0	0	-1
-0.688233247	0.140746628	-0.711705968
-0.364039207	-0.259820467	-0.894409739
0.631585297	0.134693075	-0.763516724
0.882977117	0.435756752	0.174549313
-0.955831309	0.182647634	0.230274513
-0.494063953	-0.863707832	0.099546929
-0.690787383	0.330246161	0.643234222
0.725615233	-0.67191685	-0.148358619
-0.109567633	-0.829489873	-0.547669138
-0.507066125	-0.841691311	-0.185579312
-0.873673987	0.410436687	-0.26121924
0.303303012	-0.52112614	-0.797768657
0.666295364	-0.429902209	-0.609290226
0.245275463	-0.293980721	0.923804786
-0.520621145	-0.60239959	0.605035831
0.997467902	0.006599251	0.070811259
0.971149085	-0.198736965	0.131806953
0.808806556	0.388316254	0.441636096
0.57714129	0.792651472	-0.196498282
0.441865181	-0.332722304	-0.833097251
-0.804864451	-0.027191155	0.592835438
0.587674689	-0.118493964	-0.800373438
0.016145607	-0.257686702	-0.96609362
0.940636131	-0.151124167	-0.303916363
0.777018528	0.050500253	-0.627448748
-0.491072144	-0.791323547	-0.364218606
-0.03725656	-0.878973943	0.475412197
-0.627624955	-0.575347623	-0.524463562
-0.733670765	0.676916331	-0.059257823
-0.016198245	0.885351792	-0.464639453
-0.491962892	0.570344293	0.657784083
-0.511778558	-0.724694557	-0.461411429
-0.617724545	0.091473347	-0.781056344
0.078755228	-0.976770515	0.199291182
-0.434428177	0.632152743	0.641603513
-0.211253218	-0.835576913	-0.507132428
-0.294098814	0.278685316	0.914243065
0.923549686	-0.339218269	-0.178848942
-0.811611396	0.217272329	0.542291137
-0.008625208	0.401023961	0.916026958
-0.464384225	-0.878031085	-0.115795968
0.153429013	-0.97859419	0.137160308
0	1	0
-0.742395633	0.459440486	-0.487609643
0.901846259	-0.059502598	-0.427940142
-0.335968084	0.838218371	0.429552568
0.978611722	-0.12524555	-0.163195125
-0.269502002	-0.930750019	0.247129668
-0.305065161	-0.478665502	-0.823294956
0.87616001	-0.42108902	0.234579782
0.903949864	0.146037816	0.401929844
-0.88896101	0.325518921	0.322157965
0.110898171	0.979114698	-0.17039954
-0.921574152	0.083323188	-0.379154756
0.868783127	-0.494461342	-0.026904629
0.398118503	0.859327911	-0.321025231
-0.875082096	0.482957316	-0.031361713
0.010571949	0.474190508	0.880358788
1	0	0
0.912649867	0.031639413	0.407515851
0.736823665	0.582456675	0.343271189
-0.064169009	0.270000586	-0.960719533
0.081350415	0.561909129	-0.823189068
0.575140089	0.391436174	0.718325553
-0.078370407	0.851508107	0.518451563
0.77874544	-0.595390455	-0.197650564
0.635642902	-0.771534678	0.026312382
-0.131367309	-0.98425448	-0.11826136
0.37946658	0.42766398	-0.820431981
-0.987585811	-0.093730573	0.126050961
-0.579564433	-0.541777992	-0.608754199
-0.610467805	-0.152214103	0.777277252
0.648718778	-0.720090882	0.24623783
0.065327122	0.848799199	0.524663975
-0.589067976	0.196532769	-0.783819999
0.856428307	0.067813375	-0.51179283
-0.036000168	-0.544132499	-0.838226587
0.286384791	0.927623612	-0.239787793
0.292612079	0.82606618	-0.481656348
0.357526738	-0.928824056	-0.097265126
0.610718458	0.42437022	0.668530389
-0.208494296	-0.767375854	-0.606353384
-0.569646191	0.016275184	0.82172887
0.4484469	-0.128044165	-0.88459034
0.629460302	0.771470791	-0.092803813
0.797191146	-0.491997874	-0.349891938
0.611193939	-0.497039761	0.615949223
0.597782831	0.751521936	0.279052804
-0.432410714	0.83188952	-0.347822945
0.036394717	0.084755425	0.995736884
-0.300848912	0.399706568	0.865866382
0.588235443	-0.116561917	-0.800245202
-0.585026358	0.420038302	-0.69376652
0.155710979	0.961091258	0.228161531
0.984789849	-0.173705432	-0.003921319
0.749752121	-0.567190758	0.340831925
0.637463468	0.732913331	0.237651795
-0.515557527	-0.856759165	-0.012812849
0.985591182	0.112924344	0.125929006
-0.363281809	-0.347604611	0.864405786
0	1	0
0	0	1
0.227168863	0.936344095	-0.267682728
0.866608278	-0.488840076	-0.100127281
-0.857597823	0.12902308	-0.497874501
0.698660608	0.240639163	0.6737701
0.27183348	0.555165632	0.78606468
-0.00032049	0.388673472	0.921375509
-0.368173355	0.812353845	0.452249501
-0.970454121	0.207738044	-0.122734283
-0.473011355	-0.747024283	0.467134861
-0.467534845	-0.880687437	-0.076163026
0.452378325	-0.696949052	-0.556431371
0.342183472	-0.41217981	-0.844404095
0.21109143	-0.454158384	0.865552177
0.320850748	0.093103798	-0.942542562
0.512846518	0.101133537	-0.852502467
-0.964620991	-0.009774842	-0.263459289
-0.084723199	0.677937097	-0.730221385
0.755077498	0.338917783	0.561242112
0.89205357	0.450392335	-0.037244762
1	0	0
-0.162353907	-0.327355884	0.930848717
0.608785197	0.660080691	0.440084156
0.572182327	0.142118778	0.807718786
0.014283741	0.941108426	0.337803058
-0.973380119	-0.22415555	-0.047806213
0.790893439	-0.495213281	0.359515472
0.628195281	0.195555905	-0.753079396
0.814166008	-0.254299899	0.521982063
-0.673157763	-0.482978737	0.559991219
0.643446127	-0.626512432	-0.439840031
0.455382874	-0.407630922	-0.791494453
-0.495313016	-0.864678341	0.083644388
-0.95415265	0.016577196	-0.298861032
0.499384406	-0.295385147	-0.81447089
0.708601424	-0.705525225	-0.010871002
0.948371843	0.206576184	-0.240659773
0.975325426	-0.218854018	0.02903845
0.510627977	-0.705805735	0.491016632
0.365369672	-0.061886886	0.928803002
-0.90303624	0.419240615	-0.093610132
0.109808758	0.580807721	-0.806600538
0.256737985	0.834288207	-0.487902443
-1	0	0
-0.38638683	0.185752017	0.903438656
-0.01936385	0.149648797	0.988549583
-0.522915839	0.524042516	0.672263688
0.421876874	0.715719699	0.556565554
-0.086021517	-0.88555186	-0.45650652
-0.091462357	0.555774647	0.826286378
0.451890291	-0.735111719	0.505377013
0.153662774	0.52885744	0.834684108
0.665176917	0.590488382	0.45701547
0.668957852	0.676919186	-0.307043659
0.75850786	0.619074385	0.203501186
-0.658927117	-0.070925449	-0.74885555
-0.852602893	-0.469747215	-0.228923264
0.325415811	0.24447969	0.913418979
0.727581357	-0.536370178	-0.427705975
0.741802524	-0.284605051	-0.607230583
-0.3412688	-0.592778108	-0.729485929
0.975274384	0.218896675	-0.03039936
-0.609925112	0.728098069	-0.312833119
-0.833849812	-0.249658969	0.492305688
0.741425843	0.660722947	-0.11718749
-0.658419092	-0.021443706	0.752345975
-0.87269503	-0.063685685	-0.484094535
0.356843592	0.78356577	-0.508613148
-0.368979967	-0.63328351	-0.680298302
0.136551699	-0.027579592	-0.990248958
-0.115727356	0.081140146	-0.989961341
-0.997464124	-0.05879856	0.040100518
-0.308707856	-0.937835227	0.158633373
0.463589145	-0.158887984	-0.871687853
-0.686349224	-0.394459506	0.611004452
-0.161673414	-0.985370906	0.053906254
-0.22077196	-0.271701321	0.936716678
0.665484894	-0.737343173	0.115995266
-0.913019057	0.049591341	-0.40489122
-0.366070942	-0.85430216	-0.368998489
-0.236588964	0.771056788	-0.591182791
0.786261259	-0.615632059	-0.052824245
0.478352522	0.718756619	-0.504547111
0.352650179	0.777229072	0.521107302
-0.181978781	0.855727281	0.484370255
-0.174969041	-0.948544257	0.263912157
0.790014727	-0.531012349	-0.306435337
0.737819264	-0.154890426	0.656986826
0.977091673	-0.127958591	-0.17005429
1	0	0
0	1	0
0	0	-1
-0.79950894	-0.599046042	0.043923724
0.714334522	0.090317995	-0.69395162
-0.179052806	-0.983468103	0.027029284
-0.037038834	0.8387693	-0.543225724
-0.074066443	0.550738409	-0.831385209
0.389825138	-0.216775559	-0.895011016
0.624873041	-0.394331387	-0.673822262
0.910101237	-0.317940693	-0.265762024
-0.176835866	0.221250606	-0.959050179
0.183574164	-0.424510319	-0.886618021
-0.833370045	0.410604632	0.369997573
0.014508879	0.998168112	-0.058735965
-0.234240886	0.917872463	-0.320376886
0.523713356	-0.29118507	-0.800584521
-0.423918176	0.205839456	-0.881999716
0.580150733	0.461044069	-0.671463695
0.433443259	-0.536198789	0.724305047
-0.398448915	-0.638903265	0.658058569
0.998632118	0.025808701	0.045473121
-0.376167797	0.621578715	-0.687122761
0.203814799	0.658918437	0.724075977
-0.634058284	-0.279023832	-0.721190539
-0.745986427	0.658105983	-0.101984146
0.767631972	-0.021984621	-0.640513725
0.382290842	-0.323250753	0.865657359
-0.716791025	-0.680655858	-0.151387679
-0.830286973	-0.485662549	0.273414393
0.835375561	0.463899814	0.294863756
-0.246179357	-0.534368785	-0.808607275
-0.029641401	0.333976342	0.942115274
-0.166765853	-0.962847897	0.212398395
-0.390932274	0.825927958	-0.406220341
0.936927328	-0.027000912	0.348479746
-0.620294225	0.768148591	0.158690947
0.099426544	0.992600177	-0.069708327
0.390093413	0.7673378	0.508939908
0.425980769	-0.822180596	0.377570459
0.71252702	0.399342932	0.576914611
-0.181622938	-0.767393747	0.614914584
0.153703747	-0.714935873	-0.682086399
0.357684618	0.001855168	0.933840603
0.719086933	-0.62540763	0.302950952
-0.7800339	-0.597393758	0.186192947
-0.112806107	-0.850429819	-0.513852027
-0.921385284	-0.227115504	0.315385013
-0.076165081	-0.479729806	-0.874104223
-0.846287367	-0.085174074	-0.525873625
0.016848533	-0.821580036	0.569844165
0.33370763	0.299865279	-0.89371138
-0.383404965	-0.118013707	0.916009496
-0.589728813	0.297991509	0.750613741
0.046924844	0.199653771	-0.97874227
0.658815212	0.670968993	0.340239808
-0.015232642	0.831292643	-0.555626231
0.046615071	-0.608366729	-0.792285907
-0.018792067	-0.269375035	0.962851987
-0.410208021	-0.112394971	-0.90503964
0.685064585	-0.70863324	-0.168894777
-0.10235216	-0.464165395	-0.87981505
-0.75309445	-0.146528531	0.641387666
-0.564153693	-0.815852233	-0.126947798
0.22959243	-0.948580747	-0.217903381
-0.977397357	-0.210660472	0.017792472
0	0	-1
0.391701578	0.693160005	0.605061221
-0.245211717	-0.01852227	-0.969292597
0.39153423	-0.901118005	0.186245238
-0.296200951	0.784621009	-0.544641963
-0.814282337	-0.561226891	0.14821826
-0.977768286	-0.076603345	0.195195045
0.188652422	0.661229157	0.726075937
-0.420141313	-0.143150193	0.896096702
-0.777092226	0.620266821	0.106755527
-0.589661892	0.13101332	0.796953175
-0.392661163	0.892313372	0.222697232
0.927169816	-0.36496256	0.084607692
0	1	0
-0.287740053	-0.952483481	-0.099904357
0.413243874	0.5514337	-0.724672598
-0.229289125	0.864153901	-0.447955949
0.89653146	-0.121314315	0.426044808
0	0	-1
-0.558280817	-0.774006779	0.298724012
-0.45833751	0.877999767	-0.13799687
0.978559544	0.070576245	-0.193494735
0.737849038	0.276976555	0.615518305
0.410241176	-0.853072301	-0.322443526
-0.977767548	0.154257445	-0.142039655
0.90596967	0.209459518	0.367893554
-0.169537519	0.401755772	-0.89991629
-0.622808106	0.297564843	0.723578073
-0.726950421	0.681289273	-0.085953547
-0.495944322	0.837286422	-0.230197038
0	-1	0
-0.469154252	0.259172576	0.844229746
-0.021527256	-0.034051456	0.999188208
-0.171212579	0.47309192	-0.864216575
-0.17364634	-0.676016944	0.716134094
-0.807414406	-0.547310526	0.22030244
0.872134922	-0.025500992	0.488600427
-0.757775562	-0.492509295	-0.428031298
-0.813489793	-0.149036046	-0.562158887
0	1	0
0	0	-1
-0.886762994	-0.155969382	0.435114864
-0.05271504	-0.746179944	0.663653988
-0.111142322	0.951907421	-0.285516456
-0.78315991	0.140758875	-0.605679366
-0.267992611	-0.061320787	-0.961467483
-1	0	0
-0.298373251	-0.704354167	0.644095187
-0.167826787	0.510198915	0.84352311
0.242649885	0.869249322	0.430728045
0.039024485	0.906328564	0.420767898
0.075595561	0.385736993	0.919506543
-0.192137205	-0.010246394	-0.98131458
-0.791634897	-0.563132675	-0.237056494
0.153544766	0.891676703	0.425836426
-0.893108012	-0.182069087	-0.411350127
0.335192037	0.901838797	0.272640942
-0.726519979	-0.676803308	-0.118768689
0.455224507	0.117176939	0.882632547
0.838562465	-0.016045432	0.544569129
0.149506383	0.218774983	-0.964253778
0.226072557	-0.129267071	0.965495325
0.771678196	-0.597500321	-0.217959006
-0.437215364	0.049899426	0.897971477
0.219359209	0.705430891	-0.673979818
-0.735845642	0.269001144	0.621425439
-0.242659849	0.591998796	-0.76853993
0	-1	0
-0.085396873	0.353766402	-0.931427242
-0.110075215	-0.985416241	-0.129762395
0.335503108	0.938997033	0.075645466
0.423488463	0.646782016	0.634295314
-0.80203226	0.544318058	0.245890432
-0.967024384	-0.234869846	0.098488562
0.329249456	0.025059885	0.943910376
0.286334467	0.337457053	0.89673592
-0.243391055	-0.420241656	0.874161166
0.919778951	-0.375658159	0.113523693
0.88329212	-0.468239771	-0.023378359
-0.509899986	0.77549351	0.372306083
0.517202694	0.85475857	0.043464464
0.06417343	0.668894065	-0.740582541
-0.476254778	0.220411007	-0.851234618
-0.738267366	-0.393522326	-0.547815184
-0.484254929	-0.17174338	-0.857905225
-0.800825176	-0.437016666	0.409506374
-0.277075644	-0.387559173	-0.879219526
-0.285299037	0.571398676	0.769485551
0.449519634	-0.84561058	0.287879916
-0.918251315	0.275554932	0.28440113
0.18388303	-0.109188144	-0.976864873
0.004421889	-0.156999126	-0.987588842
-0.999886459	-0.01126901	0.010003883
-0.951377434	0.306556198	-0.030071169
0.159826401	-0.606022992	-0.779225035
-0.249642921	-0.93246272	0.261135383
0.504464543	0.353726444	-0.787650384
0.362633465	-0.629801837	-0.686910923
0.671931409	0.360314797	0.64705597
0.741644464	-0.567532376	-0.357589837
-0.337220895	0.912124221	0.23304822
0.950639429	0.223710373	-0.215031034
0.034480199	0.777307411	0.628175377
0.08246946	-0.751968411	0.654020104
-0.535784809	-0.581510646	0.612192786
0.054853819	-0.989390945	-0.134523662
0.055338242	0.950441057	0.305940315
0.514734118	0.78345845	-0.348197708
-0.282221818	0.520658821	-0.805769965
0.898151787	0.273489783	0.344277077
0.373102287	0.920176998	-0.118612709
-0.636164845	0.039073024	0.770563164
-0.924567829	0.259483983	0.279002495
0.48659528	0.05938055	0.871607127
0.935188295	0.303498761	-0.182513987
-0.052018688	-0.035885377	-0.99800115
0.373277536	0.414417411	0.830013307
0	0	-1
-0.34963041	-0.884590903	0.308638157
0.519568564	-0.810865645	0.269342558
-0.070363027	-0.898084562	-0.434157995
-0.815951	0.075327075	0.573192635
-0.025024386	-0.985144374	0.169895091
0.724812252	-0.493039103	0.481206444
-0.661585907	0.335159539	-0.67079965
-0.488326951	-0.807030338	0.332022322
-0.709393912	0.668552997	-0.22315279
0.655735971	0.746361079	0.113822128
0.325871812	0.065620784	-0.943133858
0.181528793	-0.811313295	-0.555713987
0.996202552	-0.074143891	0.045641631
0.649711677	0.677046385	-0.345663029
-0.738283126	0.652066112	0.172475537
-0.485726462	-0.575390908	0.658023637
-0.332655638	0.770016949	0.544439276
0	-1	0
-0.669143668	0.425080422	0.609551791
0.997832332	-0.065693336	-0.003876032
-0.582148641	-0.810632255	-0.063073827
0.022354731	-0.965134955	0.260796442
-0.518401603	-0.778115572	-0.354677226
0.766774914	-0.271364689	0.581736569
-0.798535463	-0.410966616	-0.439826733
0.986271962	0.156494472	-0.052698176
0.354894902	-0.524163437	0.774146175
0.465983148	-0.702689108	0.537668786
0.481590467	0.298778469	0.82389444
-0.832936393	-0.553301269	0.008641225
-0.966081746	-0.250084675	0.064371698
-0.751691718	-0.565143581	0.339959254
-0.902654014	-0.415372114	-0.112613222
-0.133432833	0.754254777	0.642880557
-0.399645581	0.204292661	0.893615084
-0.232800396	0.596347953	0.768227241
0.123004359	0.517108736	-0.847035113
0.719426003	0.641043745	-0.267374538
0.922413373	-0.374532296	-0.094229126
-0.539157285	-0.841981141	0.019421129
0.817754365	-0.50725614	-0.271972439
-0.378050967	0.87050857	-0.3151068
-0.28044773	0.649160857	-0.707063825
0.953610602	-0.28807435	0.087407027
0.914321627	0.264806201	0.306420689
-0.523364986	0.61513381	-0.589660484
0.429082691	-0.811045988	-0.397608413
0.116396621	0.044297648	-0.992214465
-0.628489002	-0.592793831	-0.503584202
0.318472585	-0.624201422	-0.713405773
-0.927694372	-0.017521422	-0.372929151
-0.528213649	-0.629588019	0.569744914
-0.132771199	-0.317587526	-0.938887625
0.49089248	0.073076828	-0.868149958
-0.840195179	-0.499603895	0.210874394
-0.382544683	-0.629077961	-0.676698223
1	0	0
0	0	1
-0.218861156	0.575321097	-0.788102423
-0.654277959	-0.697761318	0.291632467
0.40356384	0.908334881	0.109836113
-0.336443447	0.308950155	0.889581705
0.095884438	0.96844312	-0.230052379
0.339015884	-0.93212569	0.127318219
-0.592365408	-0.798676427	-0.105920665
-0.611989406	0.785075139	-0.095530061
0	-1	0
0	0	-1
-0.8045255	-0.5308971	-0.266246107
-0.237118791	-0.803531045	-0.545996831
-0.455705893	0.695768766	-0.555191826
-0.890482508	-0.265939608	-0.36921136
-0.200573085	-0.953074864	0.226757007
0.163395137	-0.89765426	-0.409290677
0.927419815	0.35713367	-0.111121684
-0.923433021	-0.075383531	0.376282844
0.779172237	-0.320466657	-0.538694484
0.920202957	0.362894896	-0.146744038
0.01948088	-0.946444274	0.322278964
-0.136212866	0.2025226	-0.969758038
0.395698952	0.71198335	-0.580087966
0.191956154	-0.844710311	-0.499617178
0.458030552	-0.753767192	-0.471214424
0.218637122	-0.647967711	0.729613359
-0.056530779	0.089165132	-0.994411308
0.405231091	0.310320611	0.859935394
0	-1	0
-0.126662826	0.759616984	-0.637917366
-0.341088528	-0.520638724	0.782683803
-0.965405506	0.039392623	-0.257760414
0.192727924	-0.322140678	-0.926866404
0.703447612	-0.654467476	0.277189068
0.791777362	-0.141045401	-0.594301946
-0.94939228	-0.146479484	0.277845387
-1	0	0
-0.545303302	0.782482803	-0.30060767
0.784073789	0.432396964	0.445265268
-0.098232266	-0.757763024	0.645093498
1	0	0
-0.782522958	-0.17957953	0.596161902
-0.304661718	-0.555265096	-0.773861687
0.084107842	0.450362907	-0.888875201
0.748338202	-0.596897738	0.289314752
0.481226012	-0.87588857	-0.035224121
-0.171444442	0.749732595	0.63914618
-0.958169557	-0.247150749	-0.144317727
-0.423642271	-0.49850214	-0.756321917
-0.93569163	-0.314136498	0.160622023
-0.269700979	0.883820128	0.382260858
-0.653570181	-0.372631716	-0.658780405
-0.266535359	0.885675984	-0.380180159
-0.286624126	0.800686001	-0.526068948
-0.39927962	-0.741515437	0.539194438
0.923142251	0.233014216	0.305798561
1	0	0
0.173921194	0.840599293	-0.512975873
0.109791704	0.481489904	-0.86954773
0.408741667	0.686542582	-0.601323151
0.205743207	-0.975548255	-0.077300287
0.075774485	0.357300549	0.9309106
0.066962312	-0.19818661	0.977874285
-0.616805917	0.636520593	-0.463024833
-0.498024007	-0.284168782	0.819280289
0.356255167	-0.907700187	0.221726468
-0.914290199	0.139995337	-0.380098326
-0.618368925	0.783069277	-0.066500982
-0.967137853	0.188517868	-0.17060301
-0.027462886	-0.870374283	-0.491624245
-0.552576917	0.800232997	0.23299335
-0.795842734	-0.511121881	0.324636359
0.072504313	-0.577495776	0.813167727
0.409896527	-0.506043227	0.758884108
0.12368815	-0.2428693	-0.962141229
-0.462178213	0.164354185	0.871423549
-0.456042704	0.693139674	0.558195704
-0.062027754	0.544214608	0.836649878
0.363909325	0.280097249	-0.888321752
-0.74374904	0.604088356	0.286207309
-0.187845946	0.947805758	0.257639564
0.971013996	0.134802618	-0.197383062
-0.832595241	0.088889099	-0.546702746
0.230242049	-0.64051001	-0.732622362
0.649973611	0.755357317	0.083484296
0.419105587	-0.883616072	0.20874181
0.439464108	-0.127550083	-0.889158183
-0.147904921	0.957145308	0.248991955
-0.034629366	-0.678460841	0.733819933
-0.774872055	0.630704428	0.042251896
0.079664307	-0.546056443	0.833952012
0.754184911	-0.583868574	0.300503923
-0.995959673	-0.062451632	0.064530014
-1	0	0
-0.771550074	-0.581055527	0.259007641
-0.493680646	0.80525915	-0.32838563
0.043928835	0.361451999	0.931355308
-0.075642206	0.945576085	0.316487164
0	-1	0
0	0	-1
-0.308700027	0.568397147	0.762646036
0.934568991	0.168076942	0.313577651
-0.970401938	0.209878591	-0.119461521
-0.938483347	-0.130590959	0.31967954
-0.853404578	0.213800057	-0.475384227
-1	0	0
-0.240597613	0.653410641	-0.717751575
0.377896739	0.52678536	0.761374572
-0.166158358	0.379047132	-0.910337669
-0.094232315	-0.917289638	0.38691083
-0.328975011	0.198411237	-0.923259673
0.540063648	-0.373228324	-0.754342014
0.616837757	-0.784414193	0.064850255
-0.775731713	-0.218016905	0.592206838
0.595794956	-0.077951311	0.799344709
-0.324222952	-0.920689493	-0.217279395
0.703221943	-0.554068019	-0.445519393
-0.598443387	-0.77805427	0.191042052
-0.083249094	0.773185314	-0.62869234
0.239027833	-0.095912006	-0.96626424
0.369620454	0.67467837	-0.638897345
0.049628313	-0.998765737	-0.002008426
0.026959775	-0.85185591	0.523081905
-0.986373238	0.038112721	-0.160047667
0.454909857	0.50274675	-0.735052874
-0.342658957	-0.814385961	0.468359206
0.410843112	0.622779366	-0.66584818
0.109699966	0.694152001	-0.711420352
-0.316015711	-0.874509349	-0.367923184
-0.009701227	0.983525909	-0.180506711
-0.97836133	-0.190521641	-0.080688367
0.934716254	-0.297454757	-0.194489569
-0.764496609	0.09028639	-0.63827369
-0.813604977	0.318870532	-0.486177463
-0.500956751	-0.76256503	-0.409312727
-0.205364605	0.868564746	-0.451021797
-0.261374893	0.538143227	-0.801302085
0.346824698	-0.126735908	0.929328058
-0.911475095	-0.248124436	-0.328096654
0.218744594	0.603686372	0.766624789
0.401798156	0.862915604	-0.306488012
-0.657266594	-0.079601541	0.749442605
0.081332931	0.401984285	0.912027186
-0.545745009	0.694708028	0.46855431
1	0	0
0.010147043	0.419583645	0.90765996
-0.626230101	0.15529609	-0.764015043
-0.599972009	-0.620665381	0.504785176
-0.492045396	-0.492479041	0.717882805
-0.813557462	0.125089029	0.567870576
-0.229644941	-0.568203467	-0.790194926
-0.896249765	0.429300748	-0.111522312
0.08908443	-0.94910806	-0.302089149
-0.298383787	-0.895949739	0.329000275
-0.26667689	0.942904863	0.199534097
0	1	0
-0.585120098	0.73343694	0.345983708
-0.719518617	-0.27924762	0.635856687
0.922841537	0.365644288	0.121110494
0.582297494	-0.776507718	0.24076003
-0.602788394	-0.667657649	0.436897489
0.461252534	0.881963155	-0.096887012
0.516628131	-0.71003659	0.478480318
-0.553437306	0.782429973	0.285500412
-0.096622266	0.821554917	-0.561882245
-0.511710954	-0.674274638	-0.532452451
-0.980889462	0.024236628	0.193050379
-0.488260278	-0.076661496	0.869324402
0.780939927	0.577230099	-0.238617359
0.767413027	0.00770754	-0.641106731
-0.04550889	0.915947795	-0.398708638
0.751172344	-0.660025008	0.010348856
0.297587012	-0.037082578	-0.953974241
-0.699596638	0.429172599	-0.571292766
-0.973461648	-0.149185965	0.173539526
-0.037043542	-0.975642745	-0.216215192
0.475664567	0.30921126	-0.823487472
-0.584252812	0.340402504	-0.736732507
-0.224043081	-0.751968009	0.619958718
0.28644391	-0.382450241	-0.878454153
-0.667720135	-0.640638147	-0.379120807
-0.130606916	-0.781458883	-0.610134286
0.631785515	0.540691724	-0.555427333
-0.170323693	0.592751608	0.787169214
-0.740794921	0.607759768	0.286096047
-0.871100706	0.021858094	-0.490617757
0.035655855	0.173142927	-0.984251079
0.913871604	-0.048992982	-0.403036449
0.601275021	-0.521449977	0.605440559
0.63336408	-0.556259942	0.537982173
-0.102462019	-0.743715474	-0.660597327
0.198157603	-0.851894795	-0.484777085
-0.231652545	-0.642417282	-0.730504712
-0.821426336	-0.327706303	0.466762631
-0.322514873	0.703427851	0.633382518
0.82020309	-0.021668311	-0.571661941
0.959719062	0.003400496	-0.280940847
0.448085109	-0.72717745	-0.520031433
-0.872596797	0.150929675	-0.464537472
0.352860901	-0.891111194	0.285324419
0.167515652	-0.086503319	0.982067046
-0.938156371	-0.192410965	-0.287820508
0.027523625	-0.766016657	0.642231213
-0.110177591	0.963371137	0.244493254
-0.598450075	0.237639848	-0.765104444
0.438094052	0.490170181	-0.753529558
-0.254017334	-0.786739762	0.562597317
-0.5885995	-0.678648028	0.439303407
-0.091574342	0.659467671	-0.746134392
0.091398219	-0.816267188	-0.570398319
0.474149713	0.880442562	0.001716149
-0.727131449	-0.685059979	-0.044414867
0.291150031	0.798415159	0.527034054
0.434203863	0.36686968	-0.822723309
-0.491333086	0.846234845	0.206102852
0.405477441	-0.027853504	-0.913680594
-0.493610143	0.698370376	0.518293203
0.425281301	0.84406024	-0.326646791
-0.290782959	0.637983422	-0.713037463
0	1	0
0	0	-1
-0.244012479	0.905136721	0.348116972
-0.293191907	-0.922530505	0.250950141
0.33975397	-0.854946653	0.391961043
-0.783121325	-0.591957195	-0.190545715
0.930572345	-0.365935194	-0.011249231
-0.197697424	-8.46254E-05	-0.980263088
0.801926644	-0.100706368	-0.588873403
0.955983097	0.158178251	0.247135509
-0.628222635	-0.271047263	-0.729293975
-0.896691812	0.085329812	0.434353101
-0.289490835	0.84812828	-0.443704268
0.558700948	0.822452083	0.106891638
-0.317441565	-0.181276419	-0.930789833
0.395998958	-0.789100943	0.469579096
0.136594096	-0.031500149	0.99012615
-0.348541705	-0.677513799	0.647683357
-0.814576025	-0.542619014	0.205013425
0.765942571	-0.574953307	0.287681547
0.813327998	-0.581792924	-0.003815871
0.939421299	-0.299010784	0.1675714
-0.964130994	0.034895356	0.263123051
1	0	0
0	0	1
0.9595725	0.247930151	-0.133233847
-0.122981541	-0.4438023	-0.887645796
0.885340526	-0.402665492	-0.232449252
0.387704959	0.279717798	0.878318176
-0.88077845	0.154013512	0.447782491
0.844531083	0.507099065	-0.172098193
0.117796539	0.989765865	-0.080545069
-0.9836166	0.089785487	-0.156323223
-0.183429623	-0.981009522	-0.063038803
0.047543267	0.908228559	-0.415764985
0.636561747	0.658715542	0.401102203
-0.586797213	0.313342502	-0.746649521
0.654942898	-0.536767668	0.531911902
0.324542725	-0.941027731	-0.095597224
0.02953818	-0.927513744	-0.372620116
0.547564458	-0.780200621	-0.3024238
-0.435252325	0.382623846	0.814956689
-0.852171411	0.049334737	0.520931828
-0.241829338	0.948515767	0.204539509
-0.382808833	-0.327395102	-0.863869113
0.382823213	0.154666536	0.910782438
0.258441449	-0.944497543	0.202811263
0.098200801	-0.90250157	0.419341769
1	0	0
0	0	-1
-0.382863255	0.058927759	-0.921923667
-0.392353745	0.918974732	-0.039293525
-0.450114391	-0.418672727	0.788739617
-0.76872155	-0.629643722	-0.112320796
-0.948387048	-0.289897368	-0.12853608
-0.34197933	-0.926088293	0.159407061
1	0	0
0.520742278	-0.737537527	-0.429960319
0.600877533	0.480760455	-0.638604397
-0.710922174	0.673738478	-0.201658438
0.292525645	0.587583469	-0.754436487
-0.448939873	0.647020485	-0.616293341
-0.598552704	-0.798838819	-0.059926633
0.37338481	-0.442048513	-0.815583776
0.30717803	0.79276876	0.52645926
-0.739044626	-0.592224816	-0.321065116
-0.878606676	-0.45118763	-0.156460959
0.299956963	0.744468314	0.596483654
0.851480299	-0.369179241	-0.372408362
0.340127821	0.039143186	-0.939564195
0.583148453	-0.181888612	-0.791741381
0.437108719	0.89639443	0.073573051
0.10327162	-0.547146331	-0.830641839
0.319317376	-0.575366568	0.752987201
-0.639871601	0.758169166	-0.125474499
0.461125953	-0.255277583	0.849821282
-0.573002904	0.174499406	-0.800760657
0	1	0
-0.574768253	-0.766718548	-0.285979235
0.116948461	-0.588064028	0.800314786
0.599491238	-0.27203299	-0.75273389
0.604083235	0.518813342	-0.604910043
0.728543248	0.379979345	-0.569947745
0.46774204	-0.681085769	0.563328997
-0.094357537	-0.852553388	0.51405192
-0.920089601	0.282840571	-0.270991399
0.85121449	-0.502088045	-0.15277921
-0.880493185	0.045905932	-0.471830898
-0.806909848	-0.521819174	-0.276769301
0.583034956	0.81093515	-0.049542124
-0.334981211	-0.677445103	-0.654870766
0.266599678	0.837439954	0.477094262
-0.463361857	0.098191976	-0.880712283
-0.176656408	0.115814533	-0.977435168
0.411643289	-0.143527389	-0.89997205
0.261116009	-0.205106721	-0.943265425
-1	0	0
-0.017495234	0.998975042	0.041746644
0.859977841	-0.11387641	0.497463845
-0.962493815	0.200560529	0.182705037
-0.355719281	0.432659312	-0.828413974
-0.701122475	0.110473591	-0.704430877
0.125378097	-0.560340551	0.818717778
-0.43674548	0.522822842	-0.73205851
-0.305688671	-0.43054396	-0.849226904
-0.178398743	0.969094645	-0.170380331
-0.315816872	-0.527043472	-0.788977111
-0.667961709	0.428805663	0.608237501
0.737136698	-0.021391018	0.675404999
-0.874094101	0.402781514	-0.271526341
0.754031771	0.398951133	-0.52179889
0.44587897	-0.307973605	0.840442861
0.918154307	-0.351979543	-0.181942487
-0.315862386	0.947077066	-0.057236207
0.024884413	-0.991182776	-0.130144038
0.379609878	0.136095455	-0.915081618
0.022292585	0.135314642	-0.99055186
-0.861004701	0.110966135	0.496344056
0.943315491	-0.322485885	0.078477628
-0.400471071	0.830237086	-0.387723229
-0.234421703	0.961043455	-0.146430675
-0.398754793	0.687637911	0.606752601
-0.523637483	-0.693243196	-0.495194566
-0.787139449	-0.569098213	0.237778702
0	0	1
0.436823192	-0.215264727	-0.873410897
0.080585572	0.77642343	-0.625038097
-0.847667286	0.183661654	0.497723385
0.060813398	-0.738595885	0.671399918
0.910636163	0.40385171	0.087438979
-0.400055219	-0.779333263	-0.482281543
0.331757171	0.923803764	0.191111972
-0.326075542	-0.931479835	0.161307342
-0.432068543	0.173759033	-0.88494326
0.358719565	-0.759074131	0.543255684
0.748132893	-0.575285051	0.330672473
0.836314944	-0.191147815	0.513848058
-0.796855088	-0.602480635	0.045155867
0.3745116	-0.834124507	-0.404941192
-0.002493851	-0.126596636	-0.991951144
0.962940171	-0.097134958	-0.251616826
0.453364344	-0.342714988	-0.822804478
0	1	0
-0.67050956	-0.551327974	0.496441734
-0.047804784	-0.06532599	0.996718224
-0.209008478	-0.958665826	0.193068097
-0.075253119	0.053070236	-0.995751233
0.751447586	0.078876408	-0.655061094
-0.686215759	0.523095652	-0.505449178
-0.996474215	-0.057245344	-0.061336035
0.712433635	-0.674217997	0.19459807
0.33679972	0.688829913	0.641934031
0.551194038	-0.686003022	0.474957879
-0.641144566	0.397550748	-0.656419872
-0.56548023	0.792275003	0.229199539
-0.227166474	-0.686984224	0.690252177
-0.947946448	0.317776628	-0.020384975
0.388443365	0.916994866	0.090731294
-0.812853352	-0.431853065	0.390861048
0.743576862	-0.102311436	0.66077668
-0.870367743	-0.474720592	-0.130768311
-0.305284512	-0.017958508	-0.952091833
0.450228141	-0.550732866	0.70284275
0.449939997	0.620822014	0.641976655
-0.934662845	0.314657267	-0.165517889
-0.653718066	0.43589857	0.618583161
0.743606835	-0.667631163	0.036297447
-0.18884959	-0.945806026	-0.2641719
0.512285395	-0.409088527	-0.755122673
0.782563827	0.520901254	0.340962962
0.676599623	0.239246198	-0.696400895
0.722497422	0.251321836	-0.644076712
0.210700544	-0.975398074	0.064837317
0.255380122	0.93250992	-0.255355131
0.292556105	0.163198327	0.942219312
0.144224542	0.474931627	0.868123972
0.170549008	0.539532817	-0.824510385
0.878473382	-0.477195256	0.023858015
0	-1	0
-0.892953039	0.245561737	-0.377272187
0.953346786	0.049767908	-0.29774664
-0.288281791	-0.622214477	0.72783429
0.490696046	0.058066188	0.869393874
0.717198317	0.534109114	0.447609236
0.869963884	-0.065426578	0.488755771
0.331817837	0.024170446	-0.943033781
-0.114790079	0.542927446	0.831897245
0	1	0
-0.574124498	-0.798071364	0.182929382
0.954531183	0.297212494	-0.023129093
-0.342504393	0.276021451	-0.898055065
0.9373876	0.166271488	0.306036404
-0.835385434	0.405369693	0.371223097
-0.848859057	0.527048122	-0.040725654
-0.694935605	-0.597214566	-0.400498773
-0.074211296	-0.971258757	-0.22616169
1	0	0
-0.191176161	0.836063414	-0.514246675
-0.156608376	-0.945875935	0.284240273
0	0	-1
-0.138308696	0.607652886	0.782066924
-0.638283925	0.016287786	-0.769628702
0.189304008	-0.975855952	0.10894564
0.906700668	0.10256146	-0.409114955
0.743429846	0.654961514	-0.135415949
-0.930792203	-0.021494043	0.364916265
0.274288628	0.334453346	0.901613392
0.974291927	0.196168606	0.110784109
-0.712015357	0.367273459	0.598451617
-0.083398877	0.673497914	0.734469323
0.388579696	0.568218844	-0.725350374
-0.916723401	0.200887044	0.345344178
0.507117106	-0.695870367	0.508524015
-0.952807022	-0.097592754	-0.287462055
-0.790661243	0.154134214	-0.592534761
-0.222302752	0.949595569	0.221019776
-0.93995169	0.331278697	0.082129438
0.242822885	-0.747315275	-0.618511865
0.561386163	-0.072624325	0.824361137
0.481127715	-0.699883792	-0.527900369
-0.955358159	-0.251742779	0.154649155
-0.204613798	-0.059789696	-0.977015039
-0.696696437	-0.717179058	-0.016379026
-0.508400848	-0.780539292	-0.363712786
0.416245332	-0.595810484	0.686840368
0.623092562	-0.689779405	-0.368727585
0.047179392	0.588416183	0.807180587
-0.913629592	-0.086065555	-0.397333222
0	0	1
-0.253115558	0.935828939	0.245268652
0.956398637	-0.292047188	-0.003175935
0.896430125	-0.195804283	-0.397584851
0.566583531	0.811163252	-0.144904385
0.530164096	-0.670327305	0.519218003
-0.042148211	0.931086304	-0.362355935
0.668833439	0.739176747	-0.079243719
-0.821142876	0.363984009	-0.43959074
-0.239536166	0.83572054	0.494159492
-0.59375404	-0.638340408	0.48987515
-0.669180464	-0.145897404	0.728636709
-0.516603295	-0.63564707	-0.573649578
0.527689162	0.423648024	0.736251655
0.239597595	-0.078632736	0.96768274
0.113694396	0.956879861	0.267309776
0.929347167	-0.345531882	0.130082906
-0.385408369	-0.688816283	-0.613997164
-0.791806393	0.576277986	-0.202351969
-0.674400867	-0.474656277	-0.565583671
0.286617381	-0.23624462	0.92846053
-0.050410875	0.200354272	-0.97842573
0.532488864	-0.367887036	0.762308821
0.310969367	0.590130997	-0.745012389
-0.461840287	-0.652081944	0.60124262
0.173422993	0.763285353	-0.622350332
0.334067288	-0.569859828	-0.750772152
-0.862528288	-0.154986121	0.481688961
0.680670729	0.724495731	-0.108596939
-0.440597722	0.703184279	0.5580372
0.337845786	-0.447963494	0.827761398
0.364927856	-0.235463935	0.90076878
-0.718052474	0.684972246	0.123343696
0.667854946	0.711346859	-0.218987252
0.238692611	0.363218861	0.900609736
0.008278658	0.996978126	-0.077240407
-0.321805734	-0.651656228	-0.686866238
-0.298849713	0.932763895	-0.201594556
-0.624938456	-0.698347171	0.348945775
-0.716460822	-0.644298705	-0.267512747
0.161189163	0.938988533	-0.303839742
-0.918408992	0.294788305	0.263865076
-0.840817935	0.136909646	0.523718387
-0.124927198	0.042745919	0.991244663
0.797424253	0.276444492	0.536370212
0.995961466	-0.088076955	-0.017412865
0.593501034	-0.348881917	-0.725284724
0.159283463	-0.509941079	0.845333587
-0.411566362	0.670889295	-0.616863586
-0.653668234	-0.756780796	0.000816269
-0.123417752	-0.128242241	-0.984033529
-0.035355199	-0.473919963	0.879857874
-0.564833828	0.657678987	0.498418597
0.631445084	-0.242793205	-0.736429607
0.372357847	-0.610055651	0.699415282
0	1	0
0.061860923	-0.053871798	-0.996629849
0.875543578	-0.432709177	0.214909773
0.792633631	-0.037513006	-0.608543097
-0.848808452	-0.132742296	0.511765273
-0.93291874	0.060621307	-0.354947434
-0.997659388	-0.050761224	-0.045815315
-0.134920791	-0.335558777	-0.932307185
-0.757514106	0.615253156	-0.218256577
0.130161946	-0.557418304	0.819965062
-0.041725926	-0.259382887	-0.964872771
0.843217412	0.458460266	-0.280710848
0.120539004	0.508575798	0.852537979
0.494375154	0.859835047	0.127580953
0.825718109	-0.354011802	0.439164261
0.090511637	0.939823592	0.329452969
0.190515694	-0.981486729	-0.019686813
-0.333149062	-0.330311651	-0.88312282
0.605142455	0.49345634	-0.624742707
0.961684926	0.07503502	0.263688924
1	0	0
-0.590026797	-0.713239386	-0.378362203
0.503657087	-0.708777975	-0.493926433
-0.647114948	-0.171539656	0.74284345
-0.778547905	0.238610735	0.58045506
0.441957608	-0.658756868	0.608861941
-0.306890653	0.903126127	0.300302057
-0.012235461	-0.628755193	-0.777507042
0.259307466	-0.457613225	0.85049972
-0.118320989	-0.443433689	0.888463115
1	0	0
0	-1	0
-0.437585386	-0.275053504	-0.856075113
0.870977079	-0.219693939	-0.439469567
-0.112225475	-0.735160999	0.668538516
-0.628969157	-0.238317265	0.740001812
-0.526471122	0.49114913	-0.69397456
-0.355578932	-0.078040027	-0.931382508
0.914971929	-0.203366907	-0.348522983
0.296350367	-0.803660307	-0.516049001
-0.862668011	-0.334623749	-0.379250377
-1	0	0
0	-1	0
0.032991718	-0.831743092	-0.554179551
0.133278822	0.639193901	0.757408682
-0.084553221	0.680145195	0.728184912
-0.346348421	-0.297692723	-0.889618915
0.66404062	-0.131103992	-0.736112626
-0.481310278	0.60708221	-0.63229076
0.111232577	0.930287513	-0.349560376
-0.547400338	0.721370403	-0.424237682
-0.884653202	-0.2586416	-0.387934576
-0.05768091	-0.053148182	0.996919346
0.43970239	0.881456677	-0.172325082
0.325609529	-0.882540862	-0.339263999
0.408545727	-0.805656298	-0.428961908
-0.499399785	0.353949043	0.790771731
-0.613959457	-0.438139881	-0.656572335
0.397725692	-0.531186763	-0.74810086
-0.590627889	-0.678701853	0.436488821
0.017642437	-0.751893686	0.659048275
-0.422048109	0.524965383	-0.73911213
-0.633260706	-0.07075544	-0.770697441
-0.977762616	-0.203132036	-0.052131005
0	0	1
0.25472032	-0.965090989	0.060966719
-0.538205904	-0.817322699	0.205713417
0.04514922	0.037331905	-0.998282463
0.577731277	-0.465118429	-0.670739456
0.314776086	0.870123569	0.379211011
-0.096880711	0.766148463	0.635319337
0.578189481	0.805126309	-0.132168646
-0.379069548	-0.017774262	0.925197467
0.605923616	-0.64197498	-0.46981347
0.072089061	-0.47769143	0.875564998
-0.523079631	-0.151216214	0.8387618
-0.380325756	-0.777913685	0.500202577
-0.070080293	-0.409740685	-0.909506088
-0.918339749	0.395793006	-3.60994E-05
-0.913013179	0.129707275	-0.38675956
-0.302364396	-0.864457362	0.401608318
-0.555028653	-0.149482148	0.818289852
-0.751090987	0.498182004	-0.43321706
-0.10491092	0.915425306	-0.388574585
0.343403726	0.723606463	0.598721611
1	0	0
0	1	0
-0.33005081	-0.744239832	-0.580666458
0.60269211	0.250531404	0.757625393
-0.378939063	0.024144806	-0.925106597
0.950179657	0.034358141	0.309803387
-0.93996396	0.159589327	-0.301660407
-0.659649519	-0.218086684	0.719236199
0.828797813	-0.122383929	0.546000329
0.858032517	-0.417858302	-0.298621231
-0.294449479	0.950206304	0.102017078
0.366346061	0.596747389	0.713920947
-0.129651822	-0.656571369	0.743037309
-0.614730827	0.661410581	0.429699959
-0.11238827	-0.188745115	-0.975573758
-0.914028621	0.044087864	0.403246749
-0.462662962	-0.056415525	0.884737403
-0.719193071	-0.396985339	0.570231503
0.912354583	0.094867238	0.398257858
-0.730052546	-0.672226751	0.123022255
0.162133562	0.214633745	-0.963143325
0.453248334	0.750846366	0.480411993
0.406477751	-0.888302492	0.213762766
0	1	0
0.462784238	0.727475102	-0.506567592
0.148463253	-0.617093909	-0.772757251
-0.964661982	0.10006749	-0.243749374
0	1	0
0.153373577	0.67896569	0.717970848
0.33543417	-0.132100275	0.932755828
0.217991364	-0.239415992	-0.946128822
-0.897137641	-0.148572827	0.416017029
0.985839826	-0.167641417	0.00402401
0.480669995	-0.421482914	0.76896587
0.220646629	-0.067547655	-0.973012014
-0.571700117	0.287994071	0.768256722
-0.69578402	-0.661919003	0.27883298
-0.897423141	-0.335071265	0.286982496
0.995054179	-0.027842633	-0.095351815
-0.499513249	-0.177721386	-0.847880666
-0.517356909	-0.827576149	0.21785212
-1	0	0
-0.461662481	-0.772006417	0.436891116
0.760373493	0.62778526	-0.166486692
-0.567549906	-0.817423094	0.098522023
0.351305586	0.523480545	0.776242555
-0.796313951	0.335209362	-0.503506479
0.936210064	-0.221566894	-0.272798144
0.121109052	0.931844112	-0.342051382
-0.247963941	0.883912587	0.396500217
0.69519925	0.132975342	-0.706410334
0.284079364	-0.420107627	0.861863386
-0.730697366	0.403685947	0.550562454
-0.243263306	-0.354559731	-0.902834626
0.039997415	0.588683776	0.807373283
-0.364534982	-0.930559732	0.03424664
0.339663302	0.818524424	-0.463299697
-0.204045562	0.238854168	-0.949375634
0.656912434	-0.749673747	0.080345048
-0.13719146	-0.61847279	0.773737624
0.857108802	0.40030024	0.324228652
0.656587048	0.754239953	-0.00394222
0.961169668	0.27250384	-0.04352617
0.493011798	-0.156019743	0.855918926
0.383777442	-0.452955558	-0.804702515
-0.178719131	-0.666294222	0.723955442
0.060747811	0.835239077	-0.546521169
0.136929081	0.192298179	-0.971736506
-0.839227351	0.224830772	-0.495124809
-0.66252962	-0.736466784	-0.136642517
-0.377766705	0.707797096	-0.59692176
-0.939358025	-0.340402973	-0.041621109
0.904927528	-0.277744238	0.322434967
-0.789895255	-0.24138391	0.563736901
0.770378183	0.635671017	-0.049394471
0.453629233	0.870891081	0.18912759
-0.066251689	0.097695481	0.993008714
0.437692277	-0.084139406	0.895179329
0.302508373	-0.846521935	0.438051708
0.545462641	-0.23339261	0.804983476
-1	0	0
0.360866459	-0.723344982	-0.588682798
-0.983317225	-0.053898449	-0.17373023
0.123340052	0.987622448	0.096897533
0.092973474	0.980197692	-0.174838264
0.441569792	0.591544906	-0.674604138
-0.886788503	0.35618583	0.294512826
-0.646357037	0.138375184	0.750383161
-0.769519893	0.564794938	0.298070145
0.229853473	0.049705856	0.971955096
-0.100110182	0.005275789	0.99496237
0.502190112	-0.819954339	-0.27473619
0.72522251	0.344932951	-0.5958805
0.352782914	-0.844072327	-0.403839227
1	0	0
0	-1	0
-0.410489557	0.403663343	0.817651655
0.846072803	-0.516827366	-0.130576744
-0.026874465	-0.972866593	-0.229800688
0.111726977	0.692497618	-0.712716025
-0.120286325	0.293210365	-0.94845078
1	0	0
-0.696758256	-0.601860262	0.390246277
-0.101331298	-0.967981184	0.229661482
-0.915044525	-0.147216997	0.375527194
-1	0	0
0	0	1
-0.209411458	-0.392873018	-0.895431535
-0.057199486	0.188776888	-0.980352745
-0.709718463	-0.368488192	0.600429976
-0.958184811	-0.281498196	0.051387104
0.961162694	-0.023881964	-0.274947137
0.079350597	-0.891018222	0.446978759
-0.507686888	-0.85837553	-0.073793453
0.438628277	0.396890375	-0.806277412
-0.228090931	-0.538916443	0.810890619
0.239726596	0.758507706	-0.605968002
-0.32027766	0.464216348	-0.825787747
-0.810763765	0.568391587	-0.139975428
0.35283108	0.517932878	0.779266169
-0.065721355	0.986781961	0.148128542
-0.750684056	-0.526223252	-0.399452797
-0.41611407	0.798863249	-0.434357675
0.814806926	0.503943306	0.286584747
-0.565091074	0.500893684	0.655574249
-0.766450662	0.16765173	-0.620037321
-0.528631925	0.610446272	-0.589833567
0.971386392	0.075299946	-0.225251851
0.805341892	0.578061044	0.131414864
-0.251304821	0.675126412	0.693577836
-0.947991222	-0.041671271	-0.315556885
0.732459556	-0.667084588	-0.136018937
0.314216962	-0.214278644	-0.924852617
0.392776384	-0.240437889	-0.887646514
0.949101778	0.248295191	0.193791934
0.437585249	-0.552648052	-0.709294918
0.128864611	-0.917815752	0.375510529
0.510219336	0.859085297	0.040603966
-0.114826215	0.838674233	0.532391277
0.574696701	0.59912856	-0.557466296
0	1	0
0.928097766	0.239017278	0.285491292
0.820753798	0.207060471	0.532437005
-0.424371451	0.712297579	-0.559053693
-0.639022679	0.482573691	-0.598976334
0.786220767	-0.296974974	-0.541906606
0.575971161	0.147132472	0.804120176
-0.263412135	0.884369457	0.385363088
0	0	1
-0.086350368	0.807360821	0.583705507
0.469690259	-0.563662953	0.679466803
0.243997293	0.646616063	0.722739918
-0.19362062	-0.937393836	0.289488949
1	0	0
0.015724888	-0.982411981	-0.186062964
-0.548496079	-0.573887013	0.608116558
-0.742052156	0.485800455	0.46190531
-0.777525368	0.543045937	-0.317104733
0.604218913	0.794985235	0.054018344
0.381363515	0.907384368	-0.176679029
-0.288679979	-0.945145167	-0.152854453
0.164539054	0.002390653	0.986367672
0.989808489	0.110651625	-0.089640247
-0.943009892	-0.010463732	0.33260014
-0.691764047	0.690321851	-0.211939246
-0.97677606	0.047671453	0.208892222
0.690936659	-0.580013741	-0.431498081
-0.763133992	0.246459844	0.597397737
-0.42009905	-0.761767576	-0.493180442
0.33619606	0.891168501	0.304616008
0.571305453	-0.123321423	-0.811419686
-0.919971704	0.022941162	-0.391312876
0.155626551	0.801782834	0.576996243
-0.213279095	-0.874817924	0.434977733
0	-1	0
-0.589258833	-0.40244537	-0.700579583
-0.145551439	0.358182237	-0.922236555
-0.262726803	0.766154704	-0.586499443
-0.695543579	0.671549047	-0.255423192
-0.628796026	0.060925346	0.775179759
-0.515289332	-0.200132187	-0.833321074
-0.093205944	-0.77574579	-0.624124284
0.633465247	0.743307219	-0.214979437
0	0	1
0.832311876	0.552187888	-0.048430123
-0.818102373	0.515824282	-0.254231817
0.583367392	-0.811928123	-0.021335633
0.724437889	0.661396107	0.194280556
-0.057740253	-0.052063018	0.996973172
0.868377738	0.143171667	0.474786245
0.421439128	-0.897118735	0.1325407
0.418485687	-0.862814866	0.283584618
0.606464328	-0.778222545	-0.163005183
0.258761442	0.753170758	-0.604794449
-0.68829036	0.642597927	-0.336636725
0.70514515	-0.698507887	-0.121889498
0.824711022	-0.284343425	0.488876823
-0.484837065	-0.396637718	-0.779494413
0.183802162	-0.476067952	-0.859986087
-0.827933472	-0.396899288	-0.396228622
-0.17895726	-0.864329363	0.470009629
-0.25811118	-0.81388871	-0.52054182
-0.376383195	0.075499221	-0.923382671
0.094724125	-0.91541337	-0.391210559
-0.779807168	-0.621200292	0.077530491
-0.126433435	-0.932167139	-0.339232975
0.130977576	-0.969041687	-0.209291862
-0.287097496	0.921534832	-0.261435617
-0.626035919	-0.697556857	0.348559119
0.553635088	-0.754523322	0.352395723
-0.343965186	0.178784603	0.92180476
-0.665158749	0.710952084	0.228278277
-0.308893816	-0.305308979	0.900761366
-0.623539161	0.711835639	-0.323247486
-0.791465338	-0.403406882	-0.459179165
-0.594333155	-0.164041068	-0.787311012
-0.246388811	0.682892895	-0.687713493
0.676063243	0.170248576	0.716905792
0.625612745	-0.133373454	-0.768648304
-0.831823276	0.294089424	0.470724386
0.840049176	0.541137534	0.038568791
-0.699121707	0.475698476	-0.533797526
0.320678712	0.399269553	-0.858923156
-0.660893206	-0.431716611	0.613873715
-1	0	0
0	-1	0
-0.951680889	0.30673955	0.014640165
-0.203409462	-0.558105416	0.804451947
-0.395240485	-0.219197941	0.892041042
-0.950080926	-0.307680395	0.051759143
0.004515478	-0.766691958	0.641999261
-0.28671869	-0.124764449	-0.949855897
-0.699862617	-0.015356791	-0.714112377
-0.415897345	-0.305839633	-0.856441193
-0.913132144	-0.000573392	-0.407663292
-0.761294867	-0.311523255	-0.568668082
-0.438234306	-0.892948725	-0.102923599
-0.360832549	-0.596085529	-0.717273946
0.495457888	-0.074047419	-0.865470081
0.52755329	-0.824725556	0.203752996
0.911941193	-0.405767934	-0.060956079
1	0	0
-0.720498532	0.412755935	-0.557238193
0.014910525	0.995252193	-0.096180809
0.634770614	-0.507688052	-0.582511039
0.277911774	-0.683103342	-0.675377576
0.133437712	-0.964022973	-0.229900164
1	0	0
0	0	1
0.970916214	-0.027831068	0.237796418
0.69191728	0.58505998	0.423031083
0	0	1
-0.603851289	0.370697309	-0.705653688
-0.144553009	0.780570131	0.608123917
0.203699175	0.869021861	0.450896498
0.137331991	-0.650775291	0.746747243
0.853364321	-0.472461611	0.220339198
-0.503436026	0.691556083	-0.517979103
-0.132080249	-0.105046929	0.985657116
0.890807382	-0.454376279	-0.0020988
-0.864029458	0.142942542	0.482721996
0.313777645	-0.080944742	0.946039924
0.923404907	-0.382645825	0.03009236
0.775454142	0.241648947	0.583332376
0.768837442	0.554682429	0.318145235
0.608456625	0.487227515	-0.626410316
-0.214557471	0.709050999	0.671722988
-0.851090455	0.452072352	-0.266974955
-0.337367252	-0.934082413	0.116933241
0.676140823	0.149547748	-0.721435415
-0.266645717	-0.961270599	-0.06970579
-0.137002894	0.351840637	-0.925979683
-0.128263655	-0.004293983	-0.991730809
0.171150223	-0.12902087	-0.976760573
0.312669296	-0.943959573	0.105727179
-0.657295082	-0.452680597	0.602530872
-0.374645933	-0.723252791	0.580125698
-0.837004607	-0.243723493	0.489920551
-0.463167524	0.268443667	0.844638291
0.278615558	0.620808763	0.732782266
-0.359099055	0.657244452	0.662629308
0.54959866	0.740625831	0.386541965
-0.762587323	0.06427235	0.643684426
0.15177844	0.96272279	0.223893131
0.45225536	0.206292054	-0.867703105
-0.512141827	0.648824359	-0.562794545
0.163841609	-0.73012777	-0.663377243
0.011940463	-0.997233198	0.073371484
0.757421821	-0.070871483	0.649068115
-0.992236161	-0.03630855	-0.118949947
-0.897348918	-0.43693574	-0.062065117
-0.72521446	-0.628320427	-0.281562477
-0.853193857	-0.047201244	0.519453834
0.668657868	-0.432555602	-0.604807661
-0.149103959	0.81296688	0.562896847
-0.052169467	0.507028653	-0.860348936
-0.654138158	-0.113397777	-0.747826326
0.215911837	0.956177167	-0.197755667
-0.186081362	-0.904162883	-0.384529852
0.754478762	-0.103966621	0.648037607
0.936662276	0.241404913	0.25374682
1	0	0
-0.791914783	-0.474995024	0.383732594
0.490387748	-0.688403613	0.534434582
0.276463473	-0.923331519	0.266508636
-0.152790064	-0.848070411	0.507377349
0.247973404	-0.905350385	-0.344746097
0.2208223	0.525006015	-0.821952673
-0.137647384	0.750485347	-0.646393798
-1	0	0
0	1	0
0.588184117	0.613658613	-0.526747142
0.640701733	-0.766036983	0.05185199
0.285658397	0.079369732	-0.955039123
-0.699486778	0.195366971	0.687422719
-0.924486855	-0.017552641	-0.38080961
-0.025461836	0.473037875	0.880674096
-0.975396785	0.023753955	0.219173132
0.243412217	0.496944826	0.832944375
-1	0	0
-0.966314273	0.092671018	-0.240101664
-0.438288068	0.855280963	-0.27640196
0.476849761	0.7498912	-0.45856024
0.215482521	-0.145221422	-0.965649016
0	0	1
0.303776436	0.889904344	0.340279495
0.088630716	-0.714912142	0.693574239
0.841896218	-0.353738944	-0.407528547
0	0	-1
0.532236765	-0.147813465	-0.83359175
-0.374089268	-0.575982801	0.726843197
-0.080117307	0.996640662	-0.016988454
0.752053419	0.654198492	0.080249535
-0.806429917	0.517377367	0.286341491
-0.749953143	0.106560327	0.652851576
-0.076518739	0.09427309	-0.992601364
0.452789892	0.493740765	-0.742429371
0.881351772	0.254972564	-0.397753751
0.47821013	0.866171569	-0.14512713
0.780897285	0.542056698	0.310441566
-0.422712026	0.323851296	-0.846424764
0.279244449	-0.959016577	0.048059787
-0.020633301	-0.316404523	0.948399939
0.425232775	0.128818989	0.895869831
-0.593092624	-0.70547698	0.387999188
0.692116362	0.067804688	0.718594089
-0.154822974	-0.792344409	-0.590101842
-1	0	0
-0.792577625	0.459917324	0.400370782
0.981182139	0.132873994	-0.140093226
0.494255509	0.319215975	-0.808586825
1	0	0
-0.696339291	-0.542709517	-0.469657293
0.016280898	0.171742423	0.985007346
0.123189365	0.896309608	-0.425973551
-0.011845337	0.301893902	0.953267937
0.009598568	-0.152302966	-0.988287243
-0.078479845	-0.996906245	0.004341955
0.1227553	-0.121248642	-0.985002489
0.918751356	0.025954796	0.393982607
0.088295134	-0.938590791	-0.333543544
-0.538826853	0.648280726	-0.537956989
0.729162933	0.628181365	0.271495101
0.451449251	-0.579898154	-0.678167903
0.538515084	-0.684275644	-0.491699449
0.459743102	-0.881700804	0.106018735
0.747245894	-0.664054887	0.025586748
-0.858796802	-0.475341008	0.191099396
-0.75529231	0.586021401	-0.29344922
-0.091258454	-0.745238145	0.660524035
0.526924342	-0.168344176	-0.833073212
0.824204198	0.548817553	0.13959489
0.449685658	-0.462123892	0.764345679
0.493742372	-0.70238792	0.512708182
-0.470996073	0.853756035	0.221953444
0	1	0
-0.87090473	-0.491389986	0.007799576
-0.103036032	0.761337702	0.64011599
0.457908551	0.016576838	-0.888844738
0.609436121	-0.779138555	0.146733523
-0.813993819	-0.161664692	0.557923463
-0.566623611	0.283548284	0.773652412
0.592316183	-0.704130834	-0.391613724
0.181588361	-0.55745234	0.810106509
0.363726621	0.930343584	-0.046516246
1	0	0
-0.600686741	-0.67757219	-0.424348167
-0.848707481	-0.275764114	0.451275708
-0.512619633	0.14870747	-0.845640113
-0.540191824	-0.669864516	-0.509386222
0.144701677	0.836478223	-0.528550478
-1	0	0
0	1	0
-0.01337837	0.282270985	0.959241424
0.894118004	-0.387200913	-0.225007663
0.195788106	0.940382818	-0.278113598
0.197908801	-0.319855678	0.926565946
-0.10641762	-0.685594746	0.720163269
0.383305137	0.838371532	-0.387569797
0.740291943	0.269086117	-0.616084816
0.149989187	0.983359418	0.102506093
-0.994682004	-0.101208352	-0.019094005
-0.565719448	-0.446115038	0.693500453
0.310053376	0.467400322	0.827891202
0.241907797	-0.398593824	-0.884648846
-0.609061089	-0.789702233	0.073586502
-0.114043285	-0.921834404	-0.370426052
0.862380501	-0.193876408	-0.467666344
-0.850152581	0.526353022	0.013895519
0.147782054	-0.601649862	-0.784970005
0.150322009	0.015207485	-0.988520119
0.262369327	-0.658309559	0.705542955
0.492267639	-0.609010865	-0.621915057
0.812734298	-0.539101944	0.220979761
0.422593418	-0.317291055	0.848964775
-0.272964158	0.539603314	0.796441355
-0.110793463	0.193815495	0.974761695
-0.302699327	-0.403161733	0.863616659
0.963710857	0.031528317	0.265079891
0.102060406	0.985915512	-0.132492551
0.034049528	0.888910703	-0.456813301
-0.785071464	0.583539883	0.207711343
-0.694781147	0.353671991	-0.626254965
-0.145293283	0.785880863	0.601066661
-0.653112339	0.284491395	0.701789797
0.977039249	-0.179175343	-0.115284442
0.557341259	0.52125222	-0.646271494
-0.754301596	0.63383035	0.171137925
-0.730737352	0.544426303	0.411853035
-0.360582631	-0.825896164	0.433446297
-0.641740244	0.264869633	0.719731573
-0.166530755	0.657211357	0.735078731
0.516943229	0.632158698	0.577187213
0	-1	0
-0.521039271	0.463060986	-0.717002511
-0.303470938	-0.951159	0.05658574
-0.121778616	-0.123556009	-0.984836982
-0.263662746	-0.030895351	0.964120031
0.952581742	0.303630807	-0.019908718
1	0	0
0	1	0
-0.118282377	0.612009835	-0.781954757
-0.239141059	0.17558336	-0.954977506
-0.402363545	-0.727722272	0.555449253
-1	0	0
0.546872181	-0.420320287	0.724059165
-0.74233752	0.297658865	-0.600278441
-0.107334353	0.324948414	-0.939621128
0.179719957	-0.946919875	-0.266539841
0.100679721	0.69623838	0.71071493
-0.939089212	0.047775734	0.340336496
0.922086507	-0.3813155	0.06599215
-0.969388568	-0.204398231	0.136041048
1	0	0
0.013854077	-0.955746907	0.293863769
0.101619976	-0.953507265	-0.283720419
0.08917255	0.843659865	0.52942071
0	0	-1
-0.084911451	-0.975156715	0.204595764
-0.937113589	0.1259104	-0.325522185
0.010881209	-0.328182622	0.944551622
-0.2196642	0.872651671	-0.436149859
0.47899343	-0.143226706	-0.866055082
0.660129408	0.74654451	0.083069004
0.621276363	0.689242282	0.372774407
0.849662123	0.242022348	-0.468507694
0.72205335	-0.041385714	-0.690598423
-0.882515442	0.469580134	-0.025709753
0.023743752	-0.866657414	0.498338401
-0.688310499	-0.696689309	-0.202120419
0.031227045	-0.595195832	-0.802973719
0.091692169	0.503161995	-0.859314001
-0.975147361	0.111649126	-0.191369007
0.147313938	0.610935	0.777854119
0.376231004	0.028881243	0.926075648
0.041167567	0.35921061	-0.932348095
0.701460549	-0.487083584	0.520290957
-0.438952887	0.87125075	-0.219641738
0.270539362	-0.546376329	-0.792642013
0.752819331	0.656231305	-0.051220396
-0.611722653	0.360845983	0.70397839
0.625324623	0.643063135	-0.442084744
0.722543234	-0.035135743	-0.690432295
0.050894862	0.99014077	-0.130502756
-0.555875216	-0.77699289	-0.295439999
-0.928824579	-0.061770691	0.365334482
0.725450237	0.637172148	0.26025681
-0.880499445	0.340488643	-0.32983058
-0.450310722	-0.661399384	0.599809227
-0.897221938	-0.18883588	0.399166386
-0.163570789	-0.46461679	0.870273425
-0.138521505	-0.128590586	0.981975689
-0.501824598	-0.411957628	-0.760567542
0.714600722	0.572767219	0.401601197
0.869230358	0.494370255	-0.006052745
-0.575251277	0.535490214	-0.618333405
0.575260552	-0.727712147	0.373510815
-0.217112613	0.930978902	0.293496843
-0.26010098	0.9265001	-0.271928381
-0.529010821	-0.804571232	-0.269838254
0.394188889	-0.063936476	0.916802731
-0.34486114	-0.381382024	0.857682077
-0.256851261	-0.933602331	-0.249828175
0.544876392	-0.466148175	0.697004732
-0.333645608	-0.615091207	-0.714383241
0.970765859	0.077248456	0.227258275
-0.45403649	0.016146376	-0.890836775
-0.095458368	-0.40008765	0.911491949
0	1	0
-0.835113795	0.425476556	0.348646883
-0.45957015	0.567189836	-0.683440537
0.985395062	0.056715541	0.160561261
0	-1	0
-0.825628354	-0.046582618	0.562288076
-0.593436747	0.145595543	-0.791602656
-0.482038209	-0.158128106	-0.861762535
-0.455458681	-0.377390609	-0.806308699
-0.363690517	-0.601695915	0.711119704
-0.935533044	0.346982444	0.066189938
0.134808547	0.983103657	-0.123829949
0.525935597	-0.660819462	0.535452506
-0.104699952	-0.15664625	-0.982089544
0.776878936	0.117045313	0.618675612
0.554021556	-0.018822202	-0.832289517
0.914159435	-0.041842821	0.403189418
0.204764839	0.053351071	-0.97735614
0.532207887	0.793194607	-0.295968039
-0.68097946	-0.193280071	0.706335465
0.312759568	-0.167303236	0.934981861
0.63715501	-0.614669564	0.464989054
-0.133907416	-0.986571129	-0.093521179
0.760218519	-0.35624291	-0.543285185
-0.711152653	-0.470462516	0.522424086
-0.830377629	0.484422229	0.275332704
-0.487267697	-0.872916145	0.024240361
-0.660098871	0.693193937	-0.289398767
0	0	-1
0.992792356	0.080594242	-0.088701216
0.034294946	0.835888632	0.547826662
-0.369772174	0.286123104	-0.883969518
-0.674548566	-0.201623342	-0.710163545
0.053512336	0.965625882	-0.254368012
-0.847063838	0.522345828	-0.09817174
0.262599679	0.852264597	0.452422884
-0.671337393	-0.448927255	0.589720633
0.560400004	-0.545371158	0.623315438
0.112163219	-0.113561598	-0.987179404
0.30075055	0.697348558	-0.650579815
0.810334468	-0.394326983	-0.433433133
0.567688081	0.420713784	-0.70762289
-0.688962252	0.4689492	0.552646055
-0.682866363	0.417848139	-0.59924658
0.026816891	-0.922953928	-0.383975132
0.048332787	0.683859716	0.728010873
-0.589575964	0.752488882	-0.29353137
-1	0	0
0.2483074	0.631781461	-0.734299408
0.067201438	0.001065215	0.99773886
0.212147048	-0.39554112	0.89361113
0.559771707	-0.333470542	-0.758586207
0.131301242	0.682287483	0.719196617
-0.59326431	0.787259932	-0.168104901
0.211545405	0.85853651	0.467079868
0.022238899	0.907054793	-0.420424825
0.573052239	0.584805754	0.57411964
1	0	0
-0.737467185	0.385074729	-0.554850975
0.455571299	-0.838194531	-0.299807804
0.10152667	0.024312535	-0.994535689
0.500605242	0.689287414	0.523714858
-0.579963004	0.514910273	-0.631276742
0.702113192	-0.555824315	-0.445080213
-0.577813877	-0.56361643	-0.59031148
0.145566278	0.275023555	-0.950353883
0.596677861	-0.789767249	0.142278678
-0.096677822	-0.579409737	0.809282247
-0.750869263	-0.006903778	0.660414784
-0.818673501	-0.553569861	0.152755057
-0.012907692	0.422600495	-0.906224152
-0.627639141	0.116227135	-0.769779424
0.283007644	-0.869613345	0.404572989
-0.515514556	0.312334002	0.797929956
-0.535667409	-0.218403639	-0.815696192
0.024794711	-0.787118434	-0.616303329
1	0	0
0	0	-1
-0.231395001	-0.422638631	0.876260772
-0.354099728	-0.072851271	-0.932365848
0.765104151	0.521440767	0.377776606
-0.919856479	0.377244534	-0.107473811
1	0	0
-0.685705048	-0.355149694	0.635356027
-0.226731256	-0.933554388	0.277613295
0.23047468	0.88638231	0.401506939
-0.066564166	0.804791774	-0.589813032
0.647628476	-0.570688666	0.504868105
-0.913818655	0.323134415	-0.24600735
-0.187213814	0.096761805	-0.977541887
-0.11230192	0.538868818	-0.834870454
0.560495593	-0.824829164	0.07417237
0.363986442	-0.916779182	-0.164407424
-0.366286092	-0.591825138	-0.718037259
0.091776423	-0.86495771	-0.493381442
-0.138812738	0.576888362	-0.804941514
-0.738147375	-0.49867459	0.454381013
0.631407195	-0.547238383	-0.54941342
-0.94471693	0.084206334	-0.316889911
-0.659370422	-0.74658154	-0.088581325
-0.98385608	-0.116881417	0.135521022
-0.997333538	0.002179078	-0.07294563
-0.093776872	-0.939996598	0.328043127
0	-1	0
0	0	1
-0.119978985	-0.903236654	-0.412029842
-0.939660735	-0.112030254	-0.323244373
0.190109063	0.9748495	0.116305619
-0.546176163	-0.829060725	-0.119791128
0.938439454	0.079743484	-0.336113622
-0.0073804	-0.154243417	0.988005313
0	0	1
-0.065587791	0.859145763	0.507510394
0.967395215	0.158020041	-0.197929698
-0.712853087	0.696037463	-0.085862253
-0.605114328	-0.614159399	0.506601306
-0.896141092	0.354342741	0.267156069
-0.581865369	0.810440304	-0.067964743
0.310763387	-0.674976251	-0.66920339
-0.694682195	0.595241792	-0.403861187
0.535900803	0.613794741	0.579712294
-0.758006729	-0.001222165	-0.652245587
0.647594812	0.56694745	-0.509108583
0.291608423	0.793690337	-0.533872809
0.013364804	-0.941706676	0.336169478
0.005033403	-0.838005925	0.545637915
0.679125126	-0.527285532	-0.5106457
0.86281966	-0.415723763	0.287603872
0.656706042	-0.726900825	-0.200878979
-0.696565442	0.06939781	0.71412921
-0.807175687	0.224570443	0.545926302
0.094276115	0.26695842	-0.959085615
-0.454098883	0.563070146	0.690468113
1	0	0
-0.158245449	0.621121168	-0.767572063
-0.378894526	0.518245466	0.766720663
-0.801330558	-0.597311261	0.032993861
0	0	-1
0.742577751	-0.669602865	-0.014501274
-0.015426131	-0.284956315	0.958416367
-0.455500937	-0.280608518	0.844853689
-0.394096774	-0.774675401	-0.494535899
-0.019019374	-0.895057664	0.445544656
0.832139582	0.265954156	0.486633438
0.65470475	-0.644609185	-0.394766625
0.302194827	-0.84729152	-0.436778396
0.277267082	0.314771829	0.907767405
0.81454754	-0.338703995	0.470947883
-0.629183778	0.182401002	0.755551221
-0.531867923	-0.181093136	0.827237444
0.547842908	0.550049524	-0.630328223
0.646372268	0.583788006	-0.491319097
0.213739832	-0.172530295	-0.961534493
0.553966829	-0.0474775	0.831183878
0.319750969	0.025914363	-0.947147171
0.014089486	0.990969236	-0.133347143
-0.082245376	-0.355467094	0.931063286
-0.267680588	-0.741584171	0.615142276
0.202748551	-0.678624764	0.705947204
0.502416206	0.863603709	-0.042030816
0	0	1
-0.902667913	-0.316510046	0.291568226
-0.189583386	0.927050518	-0.323474073
0.858054051	0.440798221	0.263515037
-0.602580424	0.149872471	-0.783859091
-0.207170054	-0.245315621	-0.947048475
-0.735215667	-0.479490769	0.47911014
-0.827069278	-0.480798611	-0.291185687
-0.061144517	-0.996787152	-0.051737045
-0.29849162	-0.459078145	0.83674967
0.709694897	-0.603905023	-0.362811074
0.288737377	0.955974151	0.05238464
-0.097142774	-0.403139931	0.909967844
0.687478156	-0.215674933	0.693439333
-1	0	0
0.534018041	-0.633006771	0.560470481
0.679558626	-0.16992263	0.713671054
-0.906088441	-0.185606543	0.38020251
-0.154661588	-0.971368158	-0.180343268
0.051157843	-0.879931582	-0.472338106
0	1	0
0	0	1
-0.316103312	-0.36401041	-0.876113644
0.486150321	0.873788932	-0.012278769
-0.072760137	0.956011123	0.28416315
-0.047056757	0.245447398	-0.968267131
0.611621461	0.272277582	0.742821719
0.144672902	0.651344165	0.744862759
-0.652644547	0.747745478	-0.122195728
0.767884745	-0.597093363	-0.232018392
-0.932670013	0.359136663	0.033874842
-0.656578069	-0.469691905	0.590165023
0.39406452	-0.885876758	0.244817327
0.200135695	0.927018519	-0.317147236
0.544205421	0.810150085	0.217938752
0.145417454	-0.797792937	-0.585132629
-0.451223033	-0.891327041	-0.043975906
-0.211963332	-0.077063644	-0.974234438
-0.499827147	-0.339084286	-0.79699101
0.715075378	-0.436908471	0.545690564
-0.668742109	-0.520929726	-0.53048677
-0.588631052	0.491938632	0.641490348
-0.122313302	0.983540199	-0.132996739
0.572158805	-0.816980819	-0.071948896
-0.478180173	-0.260638353	0.838696233
-0.28072324	-0.155762409	0.947065222
-0.801735527	0.162918402	-0.575045858
-0.187931116	-0.636842274	-0.747739135
-0.107871759	-0.834952692	0.539645889
0.284304797	0.357004797	0.889785568
0.228273873	0.875859632	-0.425159905
-0.624416132	0.775692268	0.091684237
-0.717785059	-0.665210885	-0.20561879
-0.732238699	0.569428803	-0.373600489
-0.684434545	-0.212066586	-0.697550799
-0.162506792	0.406891894	-0.898905183
0.475392607	-0.439543949	0.762104314
0.765630767	0.462011129	-0.447610596
0.31959817	0.918016373	-0.234740172
0.658243831	0.336517165	-0.673402745
-0.267152938	-0.795180839	0.544349833
0.068874293	-0.666701796	0.742135464
-0.753417957	0.245258351	0.610089931
0.282032495	-0.847289523	0.450064591
-0.105038613	-0.808518522	0.579020457
-0.997291308	-0.042799634	-0.059818372
-0.154221652	-0.544956175	-0.824159238
-0.817964122	-0.339021889	-0.464756768
-0.073626696	0.997283571	-0.002141965
0.730203701	-0.683215089	0.00443818
-0.406534449	0.840452251	0.358287253
0	0	1
-0.951159494	-0.292323	0.099211289
0.229373716	0.856486743	-0.462404756
0.915639267	-0.191222188	-0.353608267
0.719387689	-0.596307246	0.356228888
-0.561290133	-0.737655585	-0.375256745
0.101367343	0.948881497	0.298912305
-0.225399227	0.594926407	-0.771529493
-0.138117222	0.982089762	-0.128153553
-0.912432804	-0.327503081	-0.245373409
-0.738816249	-0.665694923	0.104884795
-0.370869364	0.92084995	-0.120379751
0	0	1
0.792117497	-0.398788702	-0.462079476
0.292474594	-0.562175211	-0.773574589
-0.134490194	0.213150262	0.967718634
-0.067771323	0.960363695	0.270386058
-0.903367257	0.414199859	-0.111202856
-0.626784856	-0.775684055	0.073857915
-0.83534058	-0.24666024	0.491288959
0.360631206	0.320181743	-0.876030128
-0.495880862	-0.729256124	0.47147394
-0.291763944	0.895670345	-0.335631395
0.31231178	0.810213748	-0.495999027
-0.366423652	-0.807843063	-0.461652785
-0.384176361	0.923160273	0.013551186
1	0	0
0	0	1
-0.983194669	0.156126121	0.094619642
0.224787843	0.92104398	0.318038382
-0.942799682	0.330048869	0.046866877
0.688159293	-0.360092846	0.629896761
-0.018390805	0.082056039	0.99645802
-0.865080037	0.388472416	0.317373142
-0.727740527	0.306253173	-0.613679655
-0.014015376	-0.301724087	-0.953292266
-0.671617187	0.649282953	-0.356878133
-0.156621551	0.605406191	-0.780354428
0.219968994	-0.812885862	0.539286766
-0.542349199	-0.83960301	-0.030399528
0.265114333	-0.632997901	-0.727343143
0.930545416	0.203809314	0.30421537
-0.037175961	0.512463558	-0.85790387
-0.194645476	0.970346334	0.14332177
-0.955706021	0.272191451	-0.111972384
-0.212290265	0.972990202	-0.090680267
-0.501660493	0.690067919	-0.521673286
0.266889978	-0.285991133	-0.920314518
0.379697969	0.063587829	0.922922554
-0.021894307	-0.561481162	-0.827199821
0.592369868	0.577818676	-0.561447697
-0.863126853	0.280195606	-0.420121956
0.403527876	-0.635844736	0.657926078
0.237220993	0.936731565	0.25741052
0.896918582	-0.321455529	-0.303650129
0.993656569	0.077912788	0.081093901
0.582279043	0.403900643	0.705560335
0.945665291	-0.09158606	0.311976201
-0.835046227	0.459001319	-0.303340714
0.378607175	0.560729371	0.736368915
-0.004108072	-0.938889249	0.344194861
0.271955423	0.016724637	-0.962164505
0.885763751	-0.010606323	0.464015175
0	1	0
-0.74449104	-0.667469135	0.014766376
0.372972613	0.807209811	0.457497268
0.445029143	-0.216421556	-0.868971099
0.660603933	-0.159654773	-0.73356172
0.185228157	0.972189151	-0.143313589
0.226634397	-0.278589613	-0.933287029
-0.393011307	0.841754772	-0.370122975
0.550377951	0.763694864	0.337422978
0.532652684	0.243851099	-0.810442941
-0.792286087	0.457125225	0.404127808
-0.214592881	-0.02018434	0.976495001
0.276323112	-0.935300011	0.221041688
-0.527764947	-0.045445663	-0.848173834
0.522430789	0.563721913	-0.639752823
-0.202923205	-0.368867104	0.907060766
-1	0	0
0.51391205	-0.430071489	-0.742248556
-0.578223179	0.30396875	-0.757139983
-0.714378822	0.632123389	-0.300138167
0.790309398	-0.284812604	-0.542487637
0.575126928	-0.399445064	-0.71391362
0.045030419	0.300793481	0.952625605
0.13601375	-0.471350918	0.871394613
-0.257661277	0.428311934	-0.866117517
0.642614542	0.627285708	0.439953623
0.90653193	-0.350421671	-0.235381634
0.743245087	-0.445208415	0.499375819
0.105182104	0.202534364	-0.973610064
-0.328465131	-0.926535771	-0.183417889
-0.276425499	0.898963364	-0.339784953
-0.290426592	-0.901173346	0.321774758
-0.921967647	-0.285283629	-0.261894845
0.752929701	0.528763119	0.391798965
-0.131079152	-0.155966134	-0.979026466
-0.1461417	-0.873450782	-0.464463492
-0.530218818	-0.502469629	0.682929189
0.602951717	0.3604135	-0.711724199
-1	0	0
0	-1	0
-0.978489852	0.200252638	0.049562989
0.173975662	0.7302128	-0.660697915
-0.9324329	-0.359725377	0.034154656
-0.767675488	0.561668132	-0.308550247
0.58485372	-0.037744455	0.810260132
0.384373101	-0.255909053	-0.886999366
-0.68166943	0.110771539	-0.723226419
-0.514444717	-0.416165835	0.749768385
-0.079417565	-0.752681557	-0.653577329
0.079061481	-0.995902666	-0.04389946
0.287278355	0.723944903	-0.627196081
-0.428230819	-0.323451769	0.843799336
0.883964225	0.109986805	0.45443388
-0.835523311	0.304074154	0.457645829
0.453677576	0.864011902	0.218311909
0.482458261	0.649749396	-0.587417865
-0.622043224	-0.00380354	0.782973666
-0.491772262	-0.851698527	0.181023926
0.402172131	-0.901590878	-0.159346998
-0.753262351	0.657425103	-0.019699347
-0.246493509	0.732293467	-0.634812751
-0.901600537	-0.298027585	0.313521978
-0.20120069	-0.228214831	0.952594496
0.049663914	0.76087233	0.646998294
0.506339227	0.125820557	0.853105958
-0.170285871	-0.243900665	-0.954733045
-0.984935597	0.171469524	0.022362273
0.065667826	-0.800535312	-0.595676885
0.368877821	-0.788185526	-0.492638539
0.938161736	-0.106962447	0.329259156
0.531840221	-0.50250266	-0.68164291
-0.58677796	0.783646367	-0.203936259
0.475000043	0.742505472	-0.472292901
0	-1	0
0.988762782	-0.107879687	-0.103489783
-0.766503445	0.495613363	-0.408460356
0.988011998	-0.149231905	0.039523803
0.99664072	0.078402824	0.023670055
0.931770724	-0.135167215	0.336946795
0.041713047	0.69882605	0.714074348
-0.747863447	-0.031505676	-0.66310456
0.025702233	0.324789506	0.945437027
-0.282799696	-0.022635686	-0.958911861
-0.116398647	0.215778654	-0.96947972
-0.053148885	0.486302391	0.872172678
0.661433698	-0.433153277	-0.612277471
0.47361442	0.403666312	0.782778953
0.678493723	0.722336575	-0.133701684
-0.726092519	-0.644484752	-0.239643608
-0.023813491	0.038264155	0.99898387
0.464040419	-0.876571916	-0.127625097
0.826728477	-0.520483688	-0.213580796
-0.905605077	0.198210394	0.37495611
-0.484021901	-0.836685572	-0.256281201
-0.970475835	-0.13315565	-0.201112475
-0.559610496	-0.804608572	0.198597931
-0.568813282	-0.197152998	-0.798487411
-0.942010053	-0.286805088	-0.174240932
0.612886621	-0.66394914	0.428417472
-0.977024824	-0.117784569	0.177621196
-1	0	0
0	1	0
-0.986837484	-0.132423185	0.092821763
0.889557801	-0.351851271	-0.29135477
-0.12234663	0.991625276	0.041359563
0.51698498	-0.74457436	0.422297943
-0.3269094	0.686275035	0.649735962
0.344096081	-0.810594905	-0.473849962
0.082100376	0.851031121	-0.518657458
0.665800853	0.43418794	0.606786665
0.717871012	-0.655297779	0.235044743
-0.108219938	0.451345474	0.885762783
0.627176561	0.470224569	0.620917398
0.052413737	0.34087856	-0.938645091
1	0	0
0.447500803	0.764305321	0.464306373
0.750808624	-0.630165676	-0.197933402
-0.687075383	-0.221318578	0.692058888
0.59677601	-0.600982361	0.531675273
0	0	1
-0.880429999	0.473743567	-0.020249677
-0.587774009	0.084199629	0.804631677
-0.872093066	-0.088063216	0.48135076
0.924841705	0.253866575	0.283230617
-0.775748399	-0.036850507	-0.629965445
-0.811692541	-0.555703335	0.179858339
0.332679848	-0.426580358	0.841042994
0.575411133	-0.808439521	0.12380456
0.177637698	0.851943397	0.492582275
1	0	0
-0.647967324	-0.704187644	0.290272474
-0.646142009	-0.209617466	-0.733867169
-0.329604234	0.163716586	0.929816072
-0.010308286	0.050130387	-0.998689483
0.949032362	-0.046882422	-0.311672287
-0.673097877	0.149512052	-0.724282676
0.807017098	-0.5611157	-0.184045034
-0.758865706	0.242677177	-0.604343138
0.925485653	0.378263174	0.019831212
0.851381484	-0.026371818	-0.523883667
0.543640447	-0.79289263	0.275275028
-0.238424548	-0.956247427	-0.169542304
0.083853847	-0.900366583	0.426976052
0.515070825	-0.853297004	-0.081155828
-0.707212824	0.140207297	-0.692958827
0.337680606	-0.803520806	0.490230683
-0.722808903	-0.583774987	0.369802724
0.987402228	-0.124532951	-0.09761344
0.264345503	0.763069752	-0.589784714
-0.141375253	0.056553558	0.988339381
-0.962619894	-0.186507426	-0.196412626
0.573999881	0.434992488	0.693761971
-0.04456182	0.449041852	0.892398823
-0.196588592	0.436558698	-0.877934752
-0.017430602	0.982085258	0.187629207
-0.273972988	-0.724347778	0.632660334
-0.60645304	0.019400124	-0.794882599
-0.158655424	0.883273768	-0.441198262
0.693812736	-0.455487754	-0.557812508
0.958302937	0.096110465	0.269106409
1	0	0
-0.257358734	0.389046621	0.884538981
0.431260916	-0.186618556	0.882716
0.664525746	-0.747167336	-0.01210395
0	-1	0
0	0	1
-0.99240192	-0.12211739	0.01502575
0.179394161	-0.204208989	0.962349429
0.4396591	-0.527750434	0.726759489
0.607806172	-0.316401348	0.728328116
0.948743818	-0.315309253	0.021569484
-1	0	0
0.550707185	-0.286132494	-0.784123582
0.058206623	-0.625199481	0.778291461
-0.963957128	0.035437004	-0.263687077
-0.719826866	-0.59785302	0.35273368
-0.509299276	-0.806092918	0.301377596
-1	0	0
0.43334077	0.113178683	-0.894095276
-0.786113208	-0.096713466	0.610469107
0.803141651	-0.563795825	-0.192607778
-0.634503707	0.106285764	-0.765577157
-0.394433231	-0.375073889	-0.838893321
-0.579251579	0.045964607	-0.813851868
-0.958280043	-0.171555205	-0.228622333
-0.159982642	0.446626768	-0.880301133
1	0	0
0	1	0
0.001706857	0.658225108	0.75281923
-0.085226858	-0.108033062	-0.990487375
0.485187596	0.013001903	-0.874313415
-0.434351791	0.636630955	0.637212326
-0.201094541	0.968144883	-0.149186029
-0.033336279	-0.19030789	-0.981158295
-0.902064767	0.430036091	-0.036716712
0.7759582	-0.527102802	0.346484499
0.791721866	-0.608190379	-0.057279581
0	-1	0
-0.402388027	-0.626216686	0.667784799
0.71596624	0.348768763	-0.604774911
-0.419554301	-0.384416279	0.822312783
0.368522014	-0.259841139	0.892566024
0.979505382	0.200203436	-0.022085974
0.964444749	-0.248217992	-0.090742245
-0.821543002	0.181357528	0.540533573
0.975580358	0.212788189	-0.054444034
-0.217940222	-0.903029042	-0.370189962
-0.667642731	-0.423508747	0.612285493
-0.362852382	-0.883544472	0.29612044
-0.40407545	0.124927195	0.906154637
0.28229574	-0.630734109	0.72283027
-0.676538468	0.113074395	-0.727674297
0.681664546	-0.310415118	-0.662552565
-0.206166859	-0.1744701	0.962837167
0.005579124	0.947410095	0.319973414
-0.204921602	-0.627499335	0.751166907
-0.286906205	0.492333545	-0.821761833
0.122461199	0.12586965	-0.984459286
-0.978516909	0.012503785	0.20578706
-0.021680711	0.549122873	0.835460363
-1	0	0
0	1	0
0	0	1
0.436835987	-0.651634642	-0.620118225
-0.005775622	-0.482802719	0.875710099
-0.064389907	0.997299231	0.035329633
-0.768476307	-0.063157373	-0.636753729
0.853911955	0.476215344	-0.209888824
0	0	-1
-0.493598544	0.868478496	-0.045886588
-0.394829099	-0.275492574	-0.87647808
-0.217446914	0.97599676	-0.012131111
0.733225799	0.273150831	-0.622710648
0.478384	0.876316705	0.05672549
-0.867888372	-0.077516719	0.490673956
0.827954955	-0.560389072	-0.021323261
0.638758136	0.579785039	0.50580367
0.800668089	-0.589368064	-0.10759134
0.914721452	-0.400566177	0.053210932
0.248298321	0.216367168	0.944210354
-0.518541342	-0.434536178	0.736405586
0.976564947	0.073195266	0.202394063
-0.108118168	-0.325359846	-0.939388861
0.769567217	-0.429379514	0.472651596
-0.683231988	0.257456837	-0.68330815
0.806033287	0.577717118	0.128659517
-0.870717064	-0.361512163	0.333407785
0.178812885	0.757302918	-0.628106872
0.477779276	-0.110581228	-0.871492258
0.317972226	-0.232334646	-0.919192186
0.64997402	0.639301941	-0.410885388
-0.511384989	-0.845984268	-0.150983482
0.763971739	-0.503825198	0.403122006
0.711781421	0.697862696	0.079717413
-0.693867297	0.558178759	0.454955654
0.27155922	-0.124751193	-0.954302222
0.599167644	0.792298586	-0.115156784
-0.292037458	0.383579714	-0.876116845
0.554970367	-0.079395243	0.828072634
0.888324839	0.428397719	0.165391581
-0.914953053	-0.401464962	-0.041070608
0.540151436	0.822081887	0.180049432
-0.618671973	-0.11086847	-0.777787357
-0.669498749	-0.679776894	0.29945751
0.853240228	-0.52120814	0.017977438
0.380879717	-0.728982755	0.5687836
-0.629414126	-0.466014666	0.621826495
-0.633948586	-0.166391634	-0.75526354
-0.5881452	0.480416833	-0.650603482
0.188825319	0.228053693	0.955163081
0.70946112	-0.396159947	-0.582856943
-0.033499868	-0.680323846	-0.73214563
0.817216079	0.002769184	0.576324745
-0.458066884	0.692371962	0.557490625
0.835270755	-0.473374859	0.279712367
-0.359310197	-0.930371116	-0.072840705
-0.899226563	0.387276532	0.203490729
-0.768927359	-0.626977965	0.12509735
-0.793757404	0.56410178	-0.227460691
0.11339562	-0.124731403	-0.985689358
0.178264981	0.67465707	0.716281672
-0.756956435	0.64655013	-0.094815005
0	-1	0
0.027421879	-0.638406566	-0.769210698
0.276979164	0.046484346	-0.959750878
-0.73015799	-0.07944971	0.678643539
0.224208136	-0.971477786	0.077211544
-0.687809094	-0.34763371	0.637235791
0	1	0
0.740351756	-0.245691115	0.625711718
0.540534683	0.336656997	-0.771028095
0.654037709	0.467506252	0.594703775
-0.468212676	-0.667983676	-0.578424324
0.475490559	0.279239025	0.834226765
0.357170517	-0.925669527	0.124760367
-0.296151301	0.493104694	0.818011105
-1	0	0
0.140603663	-0.742234898	0.655223601
0.002445731	0.541814326	0.840494649
-0.442885522	-0.612414677	-0.654828739
-0.436356643	0.877798344	0.197643487
0.83392978	-0.551857143	0.00384911
-0.975552492	-0.01514	-0.219244422
0.482717908	-0.848732907	0.215953405
-0.950889971	0.196400088	-0.239238936
-0.988339412	-0.14011024	0.059618181
0.262679738	-0.137484652	0.955037866
0.425038969	0.849570174	0.312365803
1	0	0
0.004901798	0.268078711	-0.963384543
0.18124956	-0.640408545	0.746341405
0.065447114	-0.196466528	0.978323862
0.451977714	0.698490858	0.554821293
0.756011028	0.28211034	0.590644632
0.411949602	-0.667160105	-0.620640733
1	0	0
-0.151161021	0.603064457	0.783239176
0.688904051	0.708618328	0.152549249
0.253216596	0.967261569	-0.016923747
-0.288054057	0.305342036	0.907629386
0.590136823	-0.655876254	-0.470706776
-0.030474738	-0.838673294	-0.54378157
0.09949655	-0.13506446	-0.9858286
0.569995242	-0.749648744	0.336351282
-0.503469384	0.835777049	0.219078306
-0.796679852	0.372059123	-0.476312107
-0.303146481	-0.58471124	0.752472576
-0.862961645	0.407427207	0.298831508
0.960695717	-0.066653187	-0.269483007
0.74269388	0.582362944	-0.330543796
0.397346864	-0.894891121	0.203187972
0.636078924	0.770187982	0.047053952
0.324096171	0.900576675	-0.289695227
0.860978812	-0.132183078	-0.491165064
-0.293996428	-0.88779508	-0.35409885
0.838054345	0.544260524	0.038018372
0.653182499	0.236482685	0.719325075
-0.67736795	0.471519364	0.564661093
-0.961039155	0.139616896	0.238559982
0.540163349	-0.554794735	0.632792508
-0.023689564	-0.985382334	-0.168702285
-0.076042429	0.791558853	-0.606343245
0.461056477	0.325512253	-0.825511174
-0.240732064	-0.088642312	-0.966535366
0.915915356	0.253882904	0.310873819
0.130072886	0.685130979	0.716712345
0.735980029	0.673674033	-0.067057391
0.790301277	0.237203074	0.564941229
0.514802504	-0.251167938	0.819690825
0.117188224	0.480984255	0.868861938
0	1	0
-0.148454982	0.436799567	-0.887224468
0.219610537	0.315731844	-0.923084294
-0.120181837	0.06851168	0.990385014
0.465636693	0.291747853	-0.835503238
0.96397433	0.168380478	-0.205916261
0.374825598	0.892838353	-0.249690703
-0.436199274	0.05985896	0.897856947
-0.126645104	-0.90615992	-0.403528459
-0.904305062	0.085742358	0.418187281
0.715187258	-0.665372754	0.213977298
-0.657935789	-0.32100284	0.681232467
0.763282297	0.645783346	0.019078934
0.281556752	-0.213978247	-0.935381797
-0.146236592	0.05953568	0.987456511
0.452183748	-0.648096492	0.612781197
0.841302877	-0.506070211	0.190006341
-0.021847283	-0.897967971	0.439518167
0.782554283	-0.524653093	-0.335183423
-0.849529173	0.510181965	-0.13421828
0.511459289	0.704969047	0.491353272
0.83866562	0.416078731	0.351451943
0.63408414	0.196310507	-0.747930136
-0.850964296	0.052250023	0.522618122
-0.424483497	-0.793852683	0.435444231
0.02412931	-0.622596171	-0.782171199
-0.567046143	0.244816809	-0.786462587
-1	0	0
0	0	1
0.556822616	0.226820891	-0.799062487
-0.420650695	-0.108179087	0.900749842
-0.346810349	0.92661025	0.145313543
0	-1	0
-0.00140455	-0.018370128	-0.999830268
0.045297953	0.554511973	-0.830941976
-0.785118793	-0.618420383	-0.033833568
0.002669895	-0.33646898	-0.941690765
-0.752765644	0.652386103	-0.087956002
1	0	0
-0.735202617	0.677775541	-0.009870529
0.703602166	0.582322936	-0.407239476
0.364766346	-0.852203398	-0.375093164
-1	0	0
0	1	0
-0.770680777	0.423659699	-0.475986974
0	0	1
0.591948559	-0.415283464	-0.690750714
-0.016775212	-0.486342551	-0.873607186
-0.415429001	-0.463042291	-0.782949923
-0.087073772	-0.950958944	-0.296808432
0.969798255	0.242266795	0.028251449
-0.660831444	-0.742339818	0.11060469
0.872132773	-0.099208815	0.479105455
0.146902364	0.945065949	-0.292010354
-0.416919529	0.893517729	0.166745836
0.06464555	-0.78170853	0.620284391
0.780054458	-0.024320577	-0.625238796
0.866561509	0.022750834	-0.498551452
-0.262614062	-0.074380169	0.962029856
0.660114821	0.737912594	0.140475717
0.722296247	-0.371898156	0.583077948
-0.445689003	0.836892262	0.317761946
-0.30674321	-0.349893327	-0.885145899
0.014172145	-0.644326987	-0.764618784
-0.526297146	0.821854617	0.218097002
-0.744257722	-0.652957222	-0.140453942
-0.990143137	0.07376749	-0.119058498
-0.964927164	0.200414857	0.169556638
0	0	1
-0.873827749	-0.429024076	0.228830521
0.315511928	0.266481836	-0.910735776
-0.818310305	0.106891268	-0.564749946
-0.695439313	-0.711920544	0.097638621
-0.382075444	-0.607054044	-0.696780986
-0.26848356	0.517197239	0.812664502
-0.577737655	0.754993239	-0.310168359
0.030088869	0.184789398	-0.982317433
-0.725319228	-0.184105989	0.663337774
-0.98576584	-0.120886011	-0.116842972
0.246483006	-0.960676898	0.127851573
0.279177227	0.531312707	0.799854289
-0.127389788	0.959565105	0.251011257
-0.608533927	0.427614604	-0.668455092
-0.977317659	0.19232887	0.088655506
0.730496313	0.295084952	0.61587337
-0.704488	-0.578046259	0.411775644
-0.443505182	-0.859842918	-0.252929457
0	0	1
-0.66336313	-0.72765513	-0.174549048
0.912591757	-0.062705987	0.404034954
0.750540356	0.320148615	-0.57809518
0.081410334	-0.043551891	0.995728673
-0.789850995	-0.608121401	0.079522123
-0.549412386	0.397761185	-0.7348007
0	-1	0
-0.830303317	-0.437378357	0.345393363
-0.236852132	-0.285520803	0.928643601
-0.994790926	0.065518178	-0.078092136
-0.984336774	0.176057541	0.009211831
-0.380300282	0.204759822	-0.90191192
0	1	0
-0.433618609	-0.099933135	-0.895537978
-0.180557406	-0.049221136	-0.982332074
0.88152546	-0.331412887	-0.336271262
-0.693696682	0.716695298	0.071643306
0.806137279	0.324339065	0.494921063
0.479036864	0.277592306	-0.832746176
0.169838881	-0.651162273	0.739690779
-0.484629394	-0.621522604	0.615503049
0.519628526	0.673969851	0.52511983
-0.919512793	0.06906656	0.386944483
0.413074618	-0.70711483	0.573897183
-0.332880293	0.74209766	0.581791864
0.991852456	0.020171273	0.125784834
0.539818662	-0.133676309	0.831099547
-0.650082102	-0.501716942	0.570677992
0.41531866	-0.793677554	-0.444506863
-0.525810424	-0.715153861	0.460519655
-0.440251522	-0.584863252	-0.681258815
-0.86237504	-0.173785021	0.475508209
0.122672886	-0.862080155	-0.491700284
-0.371137201	0.200817849	0.906603204
-0.017544222	0.380422699	-0.924646295
-0.114063757	0.732041858	-0.671642894
-0.945868137	-0.224212103	-0.234653789
0.945585342	-0.316622876	0.074955417
-0.766488752	-0.221039544	-0.603022813
-0.164474506	0.127474903	0.978109547
0	0	1
-0.979386036	-0.113421968	0.167147989
-0.615793512	0.74672272	0.251403122
-0.123230372	0.328217797	0.936529419
-0.027540332	-0.707830576	0.705845172
-0.445932424	0.533832469	0.71844775
0.492952934	-0.610338137	-0.620068354
-0.600246805	-0.6566335	0.456657661
-0.179776245	-0.977580111	0.10962494
0.901373225	0.049544189	0.430199584
-0.95800936	0.119595222	0.26060516
-0.299126404	0.091188058	0.949846373
0.741070137	0.364664631	0.563768355
0.781457533	0.552543381	-0.289861925
0.322097171	0.913033748	0.250245452
-0.188467618	-0.67993112	-0.708642103
-0.102502889	0.522286599	-0.846587188
0.392864856	-0.378142685	-0.838251344
-0.856548716	-0.238792074	-0.457496057
-1	0	0
0	0	1
0.009552682	-0.201454966	-0.979451195
0.175859331	0.214103316	-0.960850283
-0.719480906	-0.467486866	-0.513617812
-0.877356509	-0.38310996	0.288915757
0.129012897	0.988610574	-0.077490678
0.737895742	0.506559099	0.445990755
0.968670136	-0.247867453	0.015488483
-0.086663089	-0.30440149	0.948593296
0.253778359	0.855895952	-0.450598118
0.852889107	0.479356922	-0.20687463
0.032227655	-0.716944415	-0.696385011
0.159232358	0.342925641	0.925768362
-0.081927457	-0.375869486	0.923043889
0.272900743	0.806952264	0.523787389
0.932525261	0.108442641	-0.344436976
0.881262689	-0.390844034	0.26573862
0.034550047	-0.353953169	-0.934624763
-0.997442781	0.003891942	0.071363515
0.877765272	0.335892967	-0.341619732
0.548051779	-0.836399496	0.008667805
-0.793479428	-0.097157753	0.600791785
0.894645037	0.446586567	-0.013065063
0	-1	0
-0.003132783	0.079316905	-0.996844529
-0.424112671	0.098527485	0.900233735
-0.522584526	-0.092910264	-0.847509939
0.899640448	-0.41046095	0.14889215
0.440214513	0.817431015	0.37150736
-0.798035533	-0.356951062	0.485515424
0.738664963	0.608015926	0.291016676
0	-1	0
0.330459033	0.74142935	0.584019988
0.250858952	-0.445085765	-0.85963274
-0.834740979	-0.272219885	0.478647921
-0.633973114	0.369115837	-0.679581923
-0.78476183	-0.234173616	-0.573856766
0.709812506	0.027253077	-0.703863251
0.386557162	-0.819788048	0.422517593
0.311621006	0.222356119	-0.923823633
-0.983181107	0.124879275	0.133266937
-0.544137249	0.385377396	0.745250909
0.015135501	-0.99339378	0.113752866
0.12286775	0.260159562	-0.957716304
0.214613147	0.781726038	0.585530186
-0.021269006	-0.996135396	0.085216795
0	0	1
0.261714745	0.809306865	0.525859097
-0.420231164	0.753356217	0.505826233
-0.757656391	0.527788876	0.38392147
0.90788028	-0.20370051	-0.366414382
0.985426265	-0.077818959	0.151259003
0	1	0
-0.824484944	-0.194429606	0.531433632
0.712254095	0.697726163	0.076630968
-0.728702641	-0.251544771	-0.636959723
0	0	-1
-0.094785959	0.967929912	0.232652762
0	-1	0
0.244306106	-0.828795093	-0.503401649
-0.624047167	-0.769401724	-0.136330924
-0.676006842	-0.551462916	0.488777456
-0.25734722	0.385462125	0.886110241
0.414095532	0.343422993	0.842962359
-0.753767929	-0.546679291	-0.364658281
1	0	0
-0.035143019	-0.854977165	0.517473686
0.955118296	0.087349774	0.283053101
0.406553045	0.167265559	0.898185312
0.228520416	0.958240313	0.17191254
-0.587867646	-0.346850403	-0.730825854
-0.33473044	0.775312606	0.535579962
0.707976192	-0.634701819	0.309714888
-0.905619113	-0.373930883	-0.200074277
-0.541156929	0.83822717	-0.067263587
0.361856795	0.556603115	0.747831955
-0.698319738	0.63113912	0.337658044
-0.828943171	-0.553453801	0.08088331
0.053699355	-0.45717659	-0.887753313
-0.481281096	0.4212589	-0.768706346
-0.325248314	0.733188677	-0.597200049
-0.825452007	-0.494431748	-0.272334778
0.510635703	0.451456203	0.731736616
0.911570548	0.411130977	0.00323346
0.256083405	0.805185578	-0.534880804
0.695852095	-0.653170885	-0.298592793
-0.885503682	0.116443636	0.449804522
0.372852573	-0.854425471	0.361853662
0.3829406	-0.663442287	-0.642806991
-0.115412082	0.58367127	0.803746166
-0.830984727	0.553467579	-0.056018057
-0.682644424	-0.688787198	-0.244067176
0.520685741	0.043680298	0.852630278
-0.918322375	0.229473211	0.322530713
-0.824288545	-0.485653323	0.291014166
0.837233129	0.411179747	0.360516162
0.950711185	-0.198358054	0.238332385
-0.47812586	0.858836986	-0.183833329
0.383185959	-0.908824779	-0.16494254
-0.457092091	-0.78939115	0.409790719
0.441080853	0.372918636	0.816320631
0.360943027	0.617006859	0.699301557
0.539582257	0.829779147	-0.142539663
0	-1	0
-0.07234998	0.791902936	0.606345792
0.162288127	-0.725001414	0.66935455
-0.557434951	0.767651406	-0.316192338
0.77235988	-0.47864478	0.417563637
-0.098333033	-0.404669637	-0.909160657
0.425807682	-0.066268389	0.902383687
-0.883916471	-0.020575368	0.467191959
-0.86930769	-0.255196155	0.42329548
-0.335358062	-0.726195507	0.600145863
-0.009020277	0.30228753	0.95317411
0.511119866	-0.050276855	0.858037715
-0.221274328	0.640598252	-0.735303714
0.023633738	-0.098968246	0.994809898
0.181972484	-0.231516392	-0.955660073
-0.144998172	-0.910125358	0.388133177
-0.251213437	-0.248643197	-0.935450891
0.026906024	0.742069816	-0.669782393
0.87629346	-0.371719561	-0.306487096
1	0	0
0.73268216	0.610725039	0.300319462
0.798432711	-0.064186381	0.598652917
-0.216413763	-0.293005093	0.931296461
-0.450320231	0.853243004	0.263036245
-0.993774909	-0.018884604	0.109794365
0.453213111	0.548375085	-0.702767844
-0.690039555	-0.720925005	0.064129159
0	0	1
0.321628285	-0.899875463	-0.29458343
0.162233773	0.55253607	0.81754761
-0.021460763	0.978333445	-0.205920143
0.247940122	-0.336053869	0.908621755
-0.509679155	0.497089531	0.702231555
0.956224073	-0.23325275	0.176716373
-0.76242264	-0.477915187	0.436243959
0.212225206	0.936148403	0.280333067
0.560061008	0.575625851	-0.595807474
0.978066128	-0.185266636	0.095199381
0.854239525	-0.404816302	0.326187975
0.120064952	0.228892039	0.966019069
-0.657754678	0.737407622	-0.153586403
0.014933345	0.971646479	-0.235966342
-0.738575829	-0.237789751	-0.630842119
0.03216802	0.735594588	0.676657831
0.271630521	-0.849157466	0.452933172
0.795593137	0.59206606	-0.128410832
0.210303165	-0.890221987	-0.404075975
-0.641632849	0.728553648	0.239826748
-0.946936088	0.063599877	0.315066819
-0.889405752	0.212645021	0.404647382
0.114437149	-0.468631196	-0.875950307
-0.593985273	-0.799162469	0.092308421
-0.997391815	0.012817869	-0.071030061
0.514721972	0.121227986	-0.848743228
0.960322748	0.057364956	-0.272927613
-0.894142076	-0.078547759	-0.440840332
0.7122647	-0.202959312	0.671927463
0	0	1
-0.541777394	-0.840478379	0.008564431
-0.972953354	-0.217956663	-0.076528848
0.778781053	0.612886772	-0.133678254
-0.593617913	0.328781102	-0.734520769
0.156230142	-0.977383962	0.142522746
-0.997583458	0.039427458	0.057207693
0.12618553	-0.71330334	0.689402319
0	0	-1
-0.761505984	0.483381861	-0.431799274
-0.329919891	-0.204503713	-0.921591611
-0.670738221	-0.7413058	-0.023998951
0	-1	0
0.745922151	-0.641900411	0.177662622
0.623687416	0.431092105	0.652053375
0.11982213	0.990569783	-0.066439168
-0.301355484	0.413937712	0.858976393
-0.902658495	0.38514891	0.192010309
0.649318981	-0.351726616	0.67429463
-0.922820231	0.221512953	0.315174289
1	0	0
0.363807117	0.465415072	0.806866279
-0.448938811	0.819518306	0.356151217
0.620626742	0.153390049	0.768956397
0.997348012	0.070712183	-0.017225848
-0.395814216	0.212121845	0.893496183
-0.245605684	-0.781743557	-0.57319705
-0.524566895	-0.83458175	-0.168234586
-0.8634043	-0.254467589	0.435636616
0.629474088	-0.775593371	0.047088164
0	1	0
-0.408389428	-0.822871846	0.395094925
-0.583062451	-0.360502341	-0.728063349
0.269105538	0.25314013	0.929248236
0.940764549	0.12744195	0.314198367
-0.34652723	0.431951992	-0.832668214
0.234921138	0.968488888	0.082712343
-0.027920828	0.511376866	0.858902863
0.417799502	0.893870368	0.162601787
0.999029703	-0.003712994	-0.043884693
0.742997326	0.42615731	-0.516086156
-0.069805657	0.932664257	-0.353927328
0.706394773	0.67542075	0.211691369
0.678277681	0.319013818	0.661943782
0.90475824	0.155726371	0.396436406
0.685321387	0.713517388	0.145696718
-0.210977742	0.931271964	0.297020068
-0.353546353	0.705556505	0.614162026
0.060633852	0.970893745	0.231708591
-0.704346265	0.622845756	-0.34052827
0.055273737	-0.599304876	-0.798610343
-0.130986731	-0.016947047	-0.991239262
0.079769944	-0.996477159	-0.02588488
-0.576432601	-0.806226327	-0.133133642
-0.445662958	0.589432502	-0.673760977
-0.744244676	0.21352416	-0.632856458
-0.123309063	0.439809144	-0.889585742
0.213827009	0.60253072	-0.768917903
0.105586188	-0.993936582	0.030685967
0.926276751	0.008445959	-0.376749315
-0.93768637	0.316030022	-0.144462092
0.794101724	0.607765095	-0.004903101
0.109888309	0.844564349	-0.524056886
-0.13070598	0.79192932	-0.59645947
0.312734182	0.594392581	-0.740874343
0	0	1
-0.903139437	-0.211062272	-0.373887516
0.939372387	0.262487606	-0.220634938
-0.264758341	-0.025326242	-0.963982159
0.228567243	0.95597651	-0.184026977
0.466491637	-0.880726334	-0.081894302
-1	0	0
0	0	1
-0.477205477	-0.721467593	-0.50175636
0.98600581	-0.101931488	0.131918593
0.559571098	0.510358676	-0.653003988
-0.337659795	0.929983911	-0.145312728
-0.391218206	0.485833729	-0.781609815
0.260767121	0.697976535	0.666955219
0.638208552	-0.757611426	0.136801942
0.030611031	-0.977540062	-0.208514729
0	-1	0
-0.343037638	-0.366283942	0.864963151
-0.24676981	0.917190625	-0.312835449
0.634386865	-0.085074909	-0.768319963
-0.62671228	0.130231322	0.7682913
0.631353549	0.168171435	-0.757040993
-0.167649706	-0.923131395	-0.346008676
-0.899937123	0.193846442	0.390559511
-0.176823477	0.484478838	-0.856746003
-0.229022523	0.479740657	-0.846993262
-0.328465019	-0.874141444	-0.357753361
0.384862543	-0.879205054	-0.280854582
0.023736572	-0.993349747	-0.11266257
-0.961247011	-0.122643357	0.24690644
-0.492489085	0.870250742	0.010869538
-0.076608503	-0.659878505	0.747456685
0.160628682	0.469198207	0.86836137
0.831461975	-0.532000557	-0.160144909
0.484862139	-0.526315834	0.698498639
0.423300766	-0.879975144	0.2155463
0.337840003	0.183824309	0.923077871
-0.216653174	0.665048057	0.714683485
0.709783353	0.704195172	0.017797523
0	0	1
-0.917162933	-0.196163562	0.346889047
0.639353277	-0.753874174	-0.151331148
-0.522057199	-0.831964183	0.187861329
0.911981979	0.105318421	-0.396480643
-0.427270039	-0.887896819	-0.170527276
-0.730888329	0.400089166	0.55292939
1	0	0
0.559019091	-0.778982585	0.284048921
0.566122171	-0.650111044	0.506814874
-0.878670677	0.445107012	0.172677706
0.617894843	0.70247042	0.353187305
0.606045523	0.794441011	0.039652276
0.117153806	-0.62733244	0.769888951
-0.221652261	0.830072266	0.511713112
0.299462484	-0.817371461	-0.492164723
0	-1	0
0	0	-1
0.154983185	0.588997788	-0.793134174
-0.983389311	-0.151335342	-0.100215154
-0.32650344	-0.487056554	-0.810044083
0.59367707	0.319594761	0.738516571
0.152604527	0.89295349	0.423492531
0.878679618	0.475736964	-0.039955855
-0.176162731	-0.495317003	0.850663129
0	0	-1
-0.058010956	-0.001335235	-0.998315054
-0.738038248	-0.502846109	-0.449939257
-0.365368843	0.376492823	-0.851327647
0.581419795	0.714684831	-0.388814369
-0.899108135	0.273764781	-0.341551469
-0.6801206	-0.725176136	-0.107496708
-0.517206034	-0.819144887	0.247991074
-0.79947093	0.564846735	0.204436783
0.84513453	0.510151934	0.159664118
-0.930642124	0.254513258	0.262922494
0.132197978	-0.504639317	-0.853148788
-0.002837971	-0.682850907	0.730552247
0.911807428	0.24091887	-0.332513628
-0.801398672	-0.152313132	0.578412377
0.072608881	0.859359808	-0.50619035
-0.223561567	0.794139316	0.565122086
-0.649051417	0.593458192	0.475961797
0.984681749	-0.169690439	-0.040087493
0.023759868	0.212253097	0.976925837
0	1	0
-0.675558996	-0.164277059	-0.718771932
-0.781050096	0.008461201	0.624411047
0.95276969	-0.290258153	-0.089331531
0.605444623	-0.284685478	-0.743230104
0.942041828	-0.112613124	0.31603082
0.644603855	0.127265313	0.753849727
-0.817134581	-0.410077359	-0.405126692
-0.998679641	-0.049638448	-0.013228721
-0.747736318	-0.467493946	0.471529224
0.398833251	-0.012293627	0.916941059
-0.436684265	-0.262239325	0.860544821
0.74216329	-0.262688006	0.616594407
0.194213521	0.38140076	-0.903777942
-0.16662037	0.984200134	-0.059897819
-0.485852385	0.587907087	0.646770993
-0.469008655	0.662526929	-0.58402821
-0.546686233	-0.534341592	0.644680716
0.047222431	-0.353944468	-0.934073528
0	-1	0
-0.703803756	0.481193298	0.522602414
0.914552411	-0.398532608	-0.069033669
0.28312232	0.958404555	-0.036089622
-0.263651089	0.415082332	-0.870743798
-0.604950181	0.622711977	-0.496251017
0.260672671	-0.555870126	-0.789340333
-0.943798265	-0.126390975	0.30540163
0.479855183	0.737217426	0.475656883
-0.04170639	0.489611395	-0.870942741
0.59125363	-0.318108794	0.741097794
-0.270446685	-0.740330116	0.615442857
0	1	0
-0.576338675	-0.133184181	0.806285126
-0.18316417	0.958348194	0.219133809
0.658542075	-0.326975526	-0.677797419
0.983905575	-0.023189267	0.177178095
-0.798162846	0.513776769	-0.314594187
0.646376394	-0.212237485	0.732907093
-0.837137181	-0.513252897	0.189136997
0.890267142	0.452603902	-0.050735822
-0.983452238	-0.00709847	0.181028471
-0.818344477	-0.370692524	0.439203108
0	1	0
0.309750175	0.941048288	0.135952009
0.660382553	-0.750271125	-0.031434404
0.03635754	-0.88113427	0.47146636
0.90645847	0.278690954	0.317276527
-0.788079292	-0.437450034	-0.433091789
0.281865255	-0.898621302	0.336201925
0.403025419	-0.792266157	-0.458131912
0.871708603	-0.024231925	-0.489425096
-0.72753217	-0.127896911	-0.674046972
0.006075248	0.56085257	0.827893403
-0.401338216	0.779198387	-0.481432767
-0.069416544	0.794790245	0.602901161
-0.987489284	0.125599053	-0.095340403
0.044692957	0.913626287	0.404091013
-0.773579451	-0.584880479	-0.243905021
-0.022953272	-0.474552217	-0.879928032
0.73309672	-0.41376562	0.539784411
-0.794180164	0.602246451	0.081099188
0.634111487	-0.765694708	-0.107769369
0	0	1
0.215391361	-0.83120994	-0.512539361
0.082710184	0.588122896	0.804531221
0.247454876	0.156792556	-0.956128746
0.983234344	-0.080331396	-0.16369817
0.722525771	0.691193308	0.014433347
0.189400053	0.909600557	-0.369803254
0.934580805	0.105266571	0.339820052
0.845858804	-0.515846745	-0.135738789
0.965581176	0.07825242	-0.248051509
-0.050807915	0.978802666	0.198403369
0.915462448	0.024293509	0.40166943
-0.268607093	0.912984229	0.307099375
-0.351331661	-0.522440249	0.776931303
0.380638604	-0.031125672	0.924199895
-0.711414517	0.040727421	-0.701591521
-0.599466952	-0.707477505	0.37431932
0.488251488	-0.640039045	-0.593262594
0.629958844	0.21258651	-0.746966419
-0.490296133	0.651802201	-0.578587584
0	0	-1
0	0	-1
-0.668252954	0.731397635	-0.135998121
0.943538982	0.225209639	0.242929635
-0.998927073	-0.039186267	0.024680748
-0.472970628	-0.646429972	-0.598687795
-0.080055733	0.181972478	-0.980039334
0.440727663	0.893802098	-0.082927297
0.939780761	-0.101966425	-0.326213073
0	1	0
-0.739358605	-0.476096617	0.476110139
0.667347781	0.108076051	-0.73686261
0.69267643	-0.06731834	0.718099996
0.492387913	0.155611792	0.856352214
-0.973996897	0.091648277	-0.207197098
0.133524201	-0.808939904	-0.572527309
0.518912648	-0.162243411	-0.839289426
-0.892015581	0.451201512	0.026933209
-0.486436464	0.788561428	-0.376231897
-1	0	0
0	0	-1
-0.368641736	0.375944095	-0.850158402
0.009311435	0.581447538	-0.813530613
-0.397682108	-0.574742083	-0.715206599
-0.347251878	-0.937035407	0.037158853
-1	0	0
-0.407183566	0.41805474	0.812054049
-0.39276269	-0.002999801	-0.919634966
-0.882493352	0.132347521	0.451319862
0	0	-1
0.442018872	-0.466897858	0.765914947
0.873161115	-0.19550529	-0.44650571
0.233567249	-0.936134956	-0.262864384
-0.842930855	0.534730348	0.05942246
-0.062647422	0.754054628	-0.65381719
0.374021268	0.918285149	0.129847893
0.845778955	0.405495087	-0.346744421
0.068767395	-0.591357992	-0.803471698
0.711829923	0.285576576	0.641672954
0.686400632	-0.076887548	0.723147618
0.910531841	-0.361735369	-0.200198125
0.090266014	-0.781229068	-0.61768373
0.037943226	-0.370748257	0.927957996
-0.157410527	0.429968446	0.889015783
0	-1	0
-0.382189066	-0.090587781	0.919633281
0.023652397	0.147013312	-0.988851683
0.010882778	-0.785175168	0.619178101
-0.889914684	-0.163729592	-0.425728172
0.949414524	0.152894934	-0.274290359
-1	0	0
0	-1	0
0.208609659	-0.683795383	-0.699218052
-0.044743824	-0.63800169	0.768733916
0.755188276	0.605954218	0.250020306
-0.618284745	-0.457101978	0.639360427
0.931728472	0.356980634	-0.066684938
-0.839328734	0.115799704	-0.531147536
-0.966394545	0.215690907	0.139853553
-0.214176032	0.155580171	0.96432538
0	0	-1
0.563186137	-0.738811969	0.370105728
-0.638248557	0.769817729	0.004409345
-0.690514818	-0.618513775	-0.375006661
-0.921315033	-0.298248668	0.249452083
-0.548539338	-0.835005991	0.04323875
0.203890564	-0.862824344	0.46256112
-0.250079126	-0.963292732	-0.09760913
0	-1	0
0.080183526	-0.409558345	-0.908753302
-0.846416484	-0.472638286	0.24534096
0.113752657	0.014609994	0.993401672
-0.127341122	-0.480303316	0.86780929
0.941466862	-0.318655608	-0.109994319
0.460555141	-0.880708592	-0.11064058
0.586593819	0.581871752	0.563323135
-0.970368483	-0.021833586	-0.240641437
0.571436826	-0.727410893	-0.37991229
-0.555894861	-0.672115045	0.489123983
0.535795421	-0.321369178	-0.780797745
-0.772895094	0.021580145	0.634166753
0	1	0
-0.600263733	0.677567681	0.424953512
0.569725452	0.252332417	0.782138902
-0.508151353	0.509395416	-0.694477151
0.168398658	0.461163864	-0.871188718
0.887623825	0.133553749	0.440780378
-0.759635566	0.598420631	-0.254649869
0.375170389	0.139303475	-0.916428787
-0.066488592	0.741598026	-0.667541486
0.961691788	0.273736566	-0.014737605
0.619099132	-0.495535229	0.609229926
0.15002198	-0.257056489	0.954680767
-0.462023789	0.874774481	0.145957615
0.307475276	0.950227103	-0.050273322
0	0	1
-0.389509971	0.913957605	-0.113857274
0	0	1
0.683001458	-0.617400889	0.390288547
-0.258172373	-0.411634045	0.87401627
0	0	-1
0.825722789	0.479678475	0.296800331
0.44349311	-0.119283856	-0.88830469
-0.927218366	0.233396606	0.29290293
-0.797606899	-0.602921001	0.017592662
-0.815590438	0.108349026	-0.568394868
-0.493425341	0.364714392	-0.789629562
0.578417427	0.480878755	0.65893012
-0.13786102	-0.984284676	-0.11035405
-0.731872787	0.596128237	0.330141406
-0.584087527	-0.693097891	0.422441801
0.889450936	0.452355947	-0.065200692
0.282794974	0.544043764	0.789964168
0.90303876	0.36790128	-0.221742294
-0.248124356	0.755070048	-0.606880158
0	-1	0
0	0	-1
0.039977704	-0.91730011	0.396184667
-0.66463882	-0.728920874	-0.164102402
-0.878899737	-0.069651881	0.471893915
1	0	0
0.570093061	-0.18510596	0.800455923
-0.681919471	-0.630734619	0.370350748
-0.031827413	0.99948876	-0.003038796
-1	0	0
0.393253714	-0.825194352	-0.405469848
0.822823371	-0.548589237	0.148362898
0.454754307	0.832680217	0.315978126
0.759101441	0.644784204	-0.089545142
-1	0	0
0	-1	0
0	0	-1
-0.568522813	-0.420633467	-0.70700021
-0.733418969	-0.475518839	0.485776131
-1	0	0
0.720905517	0.636100335	-0.275084713
0	-1	0
-0.16804838	0.862677466	-0.477019216
0.655846506	0.04679009	-0.753442796
-0.74272162	0.612891352	-0.26968275
0.909093275	0.148843963	-0.389094965
-0.949907653	0.282026015	-0.134672852
-0.562855732	0.776284861	0.283857779
0.001461842	-0.919682034	0.392661201
-0.973745008	0.226556592	0.022198439
-0.53250541	-0.629762002	0.565542049
0.135626042	0.982544277	0.127327613
-0.728603966	0.285071375	0.622792559
0.661672786	0.748884073	-0.036902165
0.921480446	0.186650002	-0.340639933
-0.257665585	0.7022118	-0.663707039
0.440493489	0.36248251	0.821323271
-0.822306333	0.563442436	-0.079654981
-0.139938326	-0.967076397	-0.212557068
0.956882344	0.105699968	0.270561816
-0.924861049	-0.316976325	0.210138169
-0.166672927	-0.437987796	-0.883395057
-0.672417395	0.74012261	0.008565524
0.654774835	0.657084875	0.373509548
0.721701657	-0.662133036	-0.201808228
-0.586174332	0.474067951	-0.657007786
0.23414711	-0.806448668	-0.542969315
0.196739616	-0.889772954	0.411822308
0	1	0
-0.133317381	-0.753286152	-0.644039167
0.690645408	-0.63380579	0.348280262
-0.042699505	-0.8900461	-0.453866382
-0.23261568	-0.972539481	-0.007543473
-0.494203095	0.814970313	0.302632928
0.999512171	-0.0262643	0.016899908
-0.045882296	0.987860729	-0.148411576
-0.848560417	0.381682601	-0.366419992
0.193142213	-0.280002959	0.940369304
0.749643839	0.420330081	-0.51123061
-0.799538354	-0.509801657	0.317554233
0.939247458	0.152407276	-0.307548753
-0.065591782	-0.960910271	-0.268978008
-0.914678336	0.166568614	0.368264088
-0.116580762	-0.982124535	-0.147784724
0.416513821	-0.201124843	-0.886603087
-0.543278625	-0.397673793	-0.739394272
1	0	0
-0.754869365	-0.608049882	-0.245860903
0.735617388	-0.059704815	-0.67476099
-0.99018894	-0.13836756	-0.019500812
0.567276817	0.248656429	0.785090437
0.697394272	-0.385937952	0.603898275
0.747282763	-0.122952702	-0.653032239
0.410263539	-0.462773764	-0.785827126
-0.916441256	0.150861234	-0.370643105
0.910052523	-0.21638285	-0.353529162
0.207920052	0.382610326	-0.900210303
0.357346891	-0.933931479	-0.008671388
-0.571787216	0.072702485	-0.817174234
-0.03277623	0.746231878	-0.664878713
-0.532644138	-0.846142513	-0.018250189
0.711470927	-0.539635933	0.45011352
0.482568636	-0.874282284	0.052516665
0	-1	0
-0.446819563	0.843868261	0.297049888
-0.937066353	-0.186079615	0.295433627
0.412040641	0.645106868	-0.643474661
-0.499877002	0.346527324	-0.793751722
0.985854952	0.145561014	0.083078308
0	1	0
-0.962160396	0.111939875	-0.248428736
0.913996248	0.210426273	0.346888517
-0.423091403	-0.210481974	-0.881300745
0	0	1
0.684984931	0.089121396	-0.723085763
0.995637497	0.092520628	-0.012079266
-0.536390562	0.081479035	-0.840027578
-0.483921519	-0.87510453	0.003467628
0.277211399	-0.741670282	-0.610801959
0.086870788	-0.995714776	-0.031710429
0.081098052	0.99438501	-0.067982039
0.157241383	0.984622445	-0.07611694
-0.523211807	0.791432159	0.31604516
0.738289722	-0.497640589	-0.455282472
0.306505365	-0.561945963	-0.768291088
0.704978583	0.68848796	-0.17026311
0.305852053	-0.514363683	-0.801176962
0.838223945	-0.511485582	-0.189111391
0.18931204	-0.217082483	0.957620043
0.18465724	-0.467195966	0.864655788
0.63824391	0.763884837	0.095523123
-0.512598766	-0.85086683	0.115187422
-0.235340514	0.897417435	0.373171261
-0.479657227	0.782801891	0.396421674
-0.449063236	-0.340662943	0.826009061
-0.565979578	-0.818148338	-0.101490959
-0.37721508	0.737871591	-0.559691253
-0.693136685	-0.221798116	-0.685833166
0.962324493	-0.10267074	0.251774283
-0.957704654	0.177104016	0.226794982
0.255322326	0.925044405	-0.281253194
-0.86833091	0.464130627	0.174883364
0.952618192	-0.075923557	-0.294540648
0.91915059	-0.110832287	0.377992589
0.641809359	-0.759961962	0.10265751
0.51402474	0.434070934	-0.73983849
0.631644715	0.285544104	0.720756213
-0.018400038	-0.167132502	0.985762733
0.700736542	0.685159674	0.198807745
-0.081812742	-0.688774742	0.720344383
1	0	0
0	-1	0
-0.366870699	-0.845097233	0.388865732
-1	0	0
0.039242554	-0.818647321	0.572954261
-0.481939286	-0.089442319	0.871627556
-0.487798369	0.503680086	0.712993073
-0.195618172	-0.262735607	-0.944829895
0.859198165	-0.503364443	0.091666523
0.916271013	0.363297393	0.168708136
-0.527075023	0.247847667	-0.812873578
0	1	0
0.192392031	0.384020526	-0.903057884
0.767585755	0.460850784	0.445453324
0.82052042	0.56137086	0.107745056
0	0	1
-0.596368702	0.786401051	0.160989934
-0.884514207	0.446421834	-0.135433246
-0.637971764	-0.249644276	0.72847084
-0.911408472	0.406813359	0.061947472
-0.273264456	-0.451313218	0.849495683
0.757049879	0.636522023	-0.147360767
0.300977969	0.390704625	0.869920777
0.679266137	0.550993772	-0.48477147
0.629306195	-0.316207923	0.709919899
-0.450089388	0.103379445	-0.886979274
0	0	1
-0.268505397	0.938017476	0.219153066
0.114723436	-0.991593172	0.059845761
-0.129090549	0.840106758	-0.52683609
0.47186151	0.835916343	-0.28034012
-0.058073072	0.894698648	0.442879045
-0.751079386	-0.199947664	0.629206395
-0.992323573	0.100198211	-0.072486175
-0.53153815	-0.135976333	-0.836048821
0.715009535	0.345078403	0.608015017
-0.162332551	-0.614734879	0.771847894
0.006334138	-0.787663152	0.616073566
0.588423688	-0.110015628	-0.801033161
0.35147025	-0.437982263	-0.827429877
-1	0	0
-0.89349274	-0.321520558	-0.313520741
-0.551717836	0.528230617	-0.645429968
0.565160413	-0.265138535	-0.781213968
0	-1	0
-0.594145485	0.209390885	0.776625134
0.85872805	-0.00734885	0.512378893
-0.589133271	-0.231387949	-0.774197395
0.036955182	-0.970943968	-0.236436305
0.814346908	-0.547513442	0.192530893
-0.9823378	0.065819375	-0.175157803
-0.60219118	-0.46286594	0.650477443
-0.239230287	0.970940689	-0.006561149
-0.693300436	-0.710123791	0.122713924
0.271928434	0.090737114	0.958030116
0.622919157	0.169737335	-0.763649764
-0.374310667	0.896088354	-0.23857323
-0.32386473	0.63257988	-0.703529908
-1	0	0
0	0	1
-0.920726324	0.38782449	0.043072047
-0.429250895	-0.296248076	0.853217878
-1	0	0
0.6791917	0.047045426	0.732451611
0.535437937	0.826466241	-0.173953352
-0.212418667	-0.977145075	-0.008112492
0	0	-1
0.649606992	0.583668832	0.487177022
0.602715077	-0.272044164	-0.750150991
-0.3225343	0.923607282	0.207174356
-0.332530234	-0.862734826	0.380936037
0.760552554	-0.616846981	0.202631721
-0.449630977	0.010108189	-0.893157214
0.490477708	0.262197427	0.83107408
-0.322991151	0.160398417	0.9327106
0.055582778	0.406623556	0.911903415
0	0	-1
0.060345922	-0.835998888	-0.545402814
-0.312865092	0.525389326	0.791253114
-0.965161313	-0.210904683	0.154863986
-0.094657943	-0.979804677	0.176132532
0	0	-1
-0.756068602	-0.5991145	0.26348071
-0.597272113	0.781553723	0.180110523
-0.686344135	0.07316546	0.723587275
-0.593663972	-0.216065685	-0.775163666
-0.681840999	0.019894084	-0.731229839
0.438782235	0.667594162	0.601488309
0.555202493	0.730101429	0.398374315
0.706062889	0.696871228	0.125879658
0.20474333	0.831870808	0.515820829
0	1	0
0.399723165	-0.4749996	-0.783962225
-0.992324902	-0.106055776	-0.063588215
0.883542726	-0.467093303	-0.034294289
0.063841761	0.575556052	-0.815266497
0.082615907	0.311733876	-0.946570971
0.106346489	-0.926593696	-0.360713941
-0.844005165	0.054043046	-0.533605313
0.696022624	-0.686884141	0.209147515
-0.733324638	0.67711073	0.061286503
-0.024987615	-0.177690354	0.983769158
-0.371921788	0.902660555	0.216513524
-0.177490906	-0.013263124	0.984033062
-0.141792376	-0.771720583	-0.619953436
-0.77938562	-0.536127562	0.324230309
-0.901693411	-0.165541023	-0.399431048
-0.176278674	-0.967431828	0.181663115
-0.112358236	0.979683922	0.166117548
-0.661636671	-0.713400616	0.230860297
-0.787571073	0.084682826	-0.610377444
-0.470132383	-0.511862622	0.719007787
-0.570145889	-0.682574237	-0.457193696
-0.704076712	-0.68477057	-0.188056508
0	1	0
0	0	-1
-0.451135989	0.412276964	0.791520072
-0.318113018	0.688686241	0.65154844
-0.502511577	0.173455259	-0.846991965
0.118476688	0.992424942	-0.032496282
0.798786654	-0.532388021	-0.280183647
0.445038404	0.002407617	-0.895508248
0.898983191	0.171043644	-0.403203786
0.42652252	0.893205007	-0.142349414
-0.689826728	-0.140398761	0.710230437
-0.051960106	0.890323682	0.45235372
0.022836462	0.487842749	-0.872632768
-0.715130144	-0.01126465	0.698900555
0.482475494	0.305873473	0.820767212
0.216022477	0.793254062	0.569282251
0	1	0
0.700793295	-0.626723268	0.340744337
0.547911662	0.827076303	0.125449587
0.228182513	-0.96251348	0.14663063
-0.586323228	-0.803977222	0.099225497
0.294838461	-0.829994996	-0.473475013
-0.741553729	0.304731859	0.597692698
0.171809802	0.522138519	0.835375819
-0.615108671	-0.37149621	-0.695436474
-0.835375013	0.484532982	0.2595696
0.233623263	-0.378261984	0.895733243
-0.79305581	0.522457991	-0.313209403
0.246787014	0.567753394	-0.785335758
-0.656800267	0.288785437	0.696574749
-0.467298211	-0.324164437	-0.822526474
-0.191740981	0.981345475	0.014016263
-0.316298743	-0.586907946	0.745314811
0.529305168	0.553486836	0.643030607
-0.985765599	-0.115396746	-0.122269272
0.367006052	-0.927837243	0.066517724
-0.03861671	0.770972654	0.635696402
0.796623502	0.592291535	0.120754847
-0.570395458	0.813726206	-0.111797507
0.562084736	-0.072270305	-0.823916108
0	-1	0
0.025181873	-0.985939021	-0.165197216
0.866181467	0.245147361	0.435468067
-1	0	0
0.680859197	-0.691578044	0.241144277
-0.240524765	-0.891262896	0.384445428
0.837687282	-0.17873668	-0.516074817
0.826274605	0.562987617	0.017754431
0.013359834	0.520525576	0.853741553
0.885544889	-0.230263965	-0.403470887
-0.984735879	0.13763989	-0.106538764
0.306009745	0.914288407	-0.265395451
0.351005154	-0.589498206	0.727521303
-0.078806872	-0.041543005	-0.996023923
-0.078047508	-0.919374471	0.385563444
0	-1	0
0.993648156	0.012414911	0.111844587
0.465533608	0.832543988	0.300248177
0.623345535	0.087500317	-0.777035416
-0.618107003	-0.753868008	0.222770644
-0.190956798	-0.973533129	0.125573672
-0.460072026	-0.274016551	0.844540503
-0.659381591	-0.558548981	0.50322853
-0.22123305	0.94745067	-0.231069611
-0.274681416	-0.956408642	-0.099159619
-0.465101546	-0.848603371	-0.252096947
0.826443857	-0.54336392	0.14746593
-0.859385308	-0.511265836	0.008008579
1	0	0
0	0	-1
0.232570597	0.913413573	0.33404575
-0.847931155	0.038970599	0.528671967
0.009402891	0.098931341	0.995049836
-0.996134081	-0.087842445	-0.000772478
0.164554643	-0.928005074	0.334257912
-0.650744602	0.564842351	0.507429385
-0.481356384	-0.875518717	-0.04198819
0.677147106	0.422632744	0.602373107
-1	0	0
0	-1	0
-0.994059042	0.041556646	0.100596549
0.247557372	-0.579724456	-0.776295629
-0.880581628	0.313161394	0.355676733
0.962314107	0.271842479	-0.007295651
-0.643852882	0.756565674	0.11428844
0.295298229	-0.877067768	0.378881361
-0.686557373	-0.561632408	-0.46174453
0	-1	0
0	0	-1
0.52576868	0.319760554	-0.78823885
0	0	1
0.111467615	0.551581398	0.826639542
0.020740791	-0.037522967	0.999080501
0.287586166	-0.943969268	-0.161914232
-0.392872354	-0.915028526	0.091510166
0.882131885	-0.438121206	0.172896344
0.787374659	0.080704046	-0.611169374
-0.030613194	-0.885954812	0.462760092
0.171394117	-0.984023977	-0.048175395
0.712592629	0.043251519	0.700243565
-0.612435598	-0.311965274	-0.726361002
-0.136708667	-0.976076504	-0.169072167
-0.966978515	-0.253637249	0.02491378
0	0	-1
-0.848839432	0.500925638	-0.168953021
-0.03261952	0.551400628	0.833602612
-0.466249256	0.88444976	0.018980321
-0.656618452	0.744284176	0.122038006
-1	0	0
-0.720365799	-0.177014339	0.670625857
0.596108146	-0.338152459	-0.728222488
0.439095139	-0.479685081	0.759669456
-0.775436093	-0.549252085	-0.311481963
0.028948997	0.97946062	0.19954661
-0.03368302	-0.275540388	-0.960699198
0.465668792	0.766929536	0.441555956
-0.792458137	-0.601187603	-0.102876462
-0.959251625	-0.170203305	0.22553748
0.627601159	0.748519174	-0.214093042
0.097548261	0.717085679	-0.690124964
-0.3489036	-0.005389779	0.937143121
0	-1	0
0	0	1
0.43287352	0.683080966	0.588235421
-0.29960699	0.675309919	-0.673937805
0.88734739	0.133335744	0.441402525
-0.756114202	0.146410721	0.637852032
-0.895932252	0.052036978	0.441132125
-0.122256703	-0.916905239	0.37991852
0.994924226	-0.090980197	0.042992879
-0.539714508	-0.616843744	0.572897936
-0.988438848	-0.120703426	-0.091756893
0.106835707	-0.942159632	0.317681223
0.66630264	0.741914924	-0.074853435
0.943994752	0.24080483	0.225581343
0	0	1
-0.457638834	0.352579765	-0.816243963
1	0	0
0.752144921	0.572180542	0.326936453
-0.096671616	-0.613667044	-0.7836245
0.837603575	-0.532188037	0.123272647
0.628277088	0.663074186	0.406940444
0.910790464	0.143248431	0.387221666
0.525957729	0.804972949	0.274566966
-0.136249379	-0.865025745	-0.482873241
-0.590870951	-0.75287296	0.289920377
0.020920954	-0.248421972	0.968425959
0.572020371	-0.69963836	0.428134162
-0.165991737	-0.969597316	0.179799297
-0.21069837	0.85404268	-0.475623062
-0.182278903	-0.607256743	-0.773313423
0.776449026	0.614936998	0.137765741
0	0	-1
0.76683388	0.638024924	0.06992851
-0.058439371	-0.868635055	-0.491993884
0.205361575	-0.022320649	0.978431608
-0.829505645	-0.08798165	0.551524808
-0.8329602	0.541188259	-0.115293421
0.428896603	0.634867233	-0.642643992
-0.217877301	0.93150038	-0.2912671
0.282302933	0.047789491	0.958134238
0.419601237	-0.855363428	-0.303789743
-0.76518056	0.006494763	-0.643782982
-0.103586045	0.706823463	-0.69976462
0.189825532	-0.06215371	-0.979848551
-0.976911285	0.003201372	0.213621378
-0.823916937	0.312181885	-0.472972887
-0.518892324	-0.591849535	0.616818356
-0.786446304	0.590746365	0.18033564
0.280782528	0.126281759	-0.951427396
0.849607757	0.281000801	0.446324108
-0.768952962	0.014090934	0.639150052
0	0	1
0.25686324	-0.18707086	0.948169694
0.496124706	0.773052054	-0.395285717
-0.736783139	0.504900224	0.449695864
0.00934136	-0.931650975	-0.36323436
-0.445739178	0.884488675	-0.137827318
-1	0	0
1	0	0
0	1	0
0.299023554	0.692749988	0.656263947
0.84127487	0.539322613	-0.037252
0	-1	0
0	0	1
-0.581198136	0.119291204	-0.804971015
-0.739051218	0.366403962	-0.565288805
0.152670547	0.643965532	-0.749666658
-0.365834998	0.418878397	0.831087025
-0.487866868	-0.232590221	-0.841360629
0.09437233	-0.926125938	-0.36521858
-0.497507926	0.836167901	0.230887646
-0.292758744	-0.770559547	0.566153956
0.357824367	0.8782681	-0.317185857
0	0	-1
-0.547804386	-0.123825706	0.827392016
-0.022454356	-0.999024228	-0.038031494
0.842162073	0.532526391	0.084727123
-0.247133931	-0.953782569	0.170949206
0.984796171	-0.138938712	0.104271453
0.485785192	0.348145401	0.801752784
-0.168635304	0.072181678	-0.983032014
0.399094663	0.713050864	-0.576438995
-0.640980323	-0.705173666	0.303107779
-0.776942291	-0.462861875	0.426754686
-0.434676532	0.037423749	0.899808744
0.934459522	0.232687733	0.269521466
-0.933799937	0.298847828	-0.196742606
0.212629794	-0.350980674	-0.911921673
0.127644479	-0.665539504	-0.735366614
0.343095663	-0.57776853	0.740586856
0.093543541	0.536144984	-0.838926792
-0.455985474	0.841018672	0.291144021
0.823060001	-0.523843604	-0.219454124
-0.528381612	0.841106781	-0.115551959
0.588283702	0.00141499	-0.808653377
0.28792658	0.624705567	0.725838301
0	-1	0
0.499556901	-0.851090667	-0.161516498
-0.334944358	-0.129606115	-0.933281593
0.40506447	-0.182184864	-0.895952817
-0.199826412	0.536721361	0.819755808
0.421906709	0.780889314	0.460658884
-0.15840453	-0.740767076	0.652818615
0.699632186	-0.470401426	-0.537807867
-0.823201267	-0.259941421	-0.504747592
-0.596272993	0.701233958	-0.390806159
0.337380441	0.901516961	0.27100112
-0.170278759	0.971912816	0.162451908
-0.060321382	-0.833964999	-0.548510448
0.710338054	-0.16000537	0.685432805
0.841278122	-0.432993351	-0.323678668
0.371559933	-0.369880964	0.85154641
0.476548181	0.272316821	0.835909912
0.844208768	-0.207835689	0.494080845
0.578129558	-0.761604795	0.292787211
-0.318793068	0.254896537	0.91290675
-0.108397048	-0.855625654	0.506117397
-0.234849553	-0.930845503	0.279950598
0	-1	0
-0.556671519	0.691289246	0.460690785
-0.946703953	0.321361619	0.021870869
0.879152821	-0.19719363	0.433825991
0.335692287	0.486339027	-0.806712489
-0.157574147	-0.942911702	-0.293407414
-0.481614174	0.194199264	-0.854596064
-0.934369668	0.318248379	-0.160222635
0.538461597	-0.233692228	-0.809596845
0.250307307	-0.878666098	-0.406561361
0.284942889	-0.945693892	-0.156430854
-0.850594055	0.392473911	-0.349934256
-0.151939877	0.010718151	-0.988331622
-0.552884849	0.098164309	-0.827455202
-0.280309556	0.378546138	-0.882116417
-0.937724551	0.152280915	-0.312222981
0	1	0
0	0	1
0.874831514	0.070966016	-0.47920105
0.527171761	0.594402337	-0.607269129
0	0	-1
-0.806228528	-0.559002967	0.193678194
0.965723692	-0.224397405	0.130474345
-0.116161701	-0.499896355	-0.858259922
0.649744879	0.754131548	0.095484034
0.653887325	-0.716943283	-0.241709939
-0.326269787	0.612053427	0.720373951
0	-1	0
-0.845535404	0.499947642	0.187409276
0.419936636	0.086743369	-0.903398478
0.065388993	-0.311313249	-0.94805503
0.676405924	0.537246043	0.503827068
-0.094199246	0.83125848	0.547846549
0.314511239	0.780968024	-0.539603212
0.492370628	0.071161471	0.867471735
-0.702292158	0.208850449	0.680563894
-0.352808836	0.934043914	0.055568814
0.476465652	-0.499418776	0.723575407
0	-1	0
-0.008263584	-0.98544574	-0.169789299
0.649800973	0.1442376	-0.746293649
0	1	0
0.973363793	-0.203128289	0.106310037
0.690776065	-0.128535352	0.711552592
0	1	0
0.939165089	-0.121549578	-0.321239217
-0.83396942	0.083404661	-0.545471052
0.337065873	0.913554137	-0.227608076
-0.070316672	0.594977061	-0.800660891
0.062539172	0.910568986	0.408598794
-0.484173849	0.872220176	0.069337205
-0.263493533	0.042631873	0.963718673
0.604313545	0.695703093	0.388332777
1	0	0
-0.094516041	0.978591609	-0.182825546
-0.308671022	-0.850708615	0.425460987
-0.683087563	0.068268514	-0.72713877
-0.330082683	-0.764655629	-0.553486398
-0.496309004	0.867830639	0.023395616
0.098548758	0.795598237	-0.597755458
0.870656012	0.250208676	0.423501744
0.932949926	-0.058228524	-0.355265922
0.357892212	0.006987268	-0.933736763
0.623675431	-0.525732639	0.578475712
0.190708781	-0.375731865	0.906893448
-0.617727923	0.4463864	-0.647419025
-0.880641349	0.473148698	-0.024517829
0.547006122	0.314738921	0.775708524
0	0	1
0.260228396	0.898640361	-0.353166651
-0.769688967	0.524538234	0.363921057
0.83391125	0.55046804	0.039711008
0.611963945	-0.773425937	0.165264789
-0.231385204	-0.749124175	0.620704324
-0.756304172	-0.401082641	-0.516852701
-0.01553886	0.913240752	0.407123903
0.556249143	-0.268440429	-0.786464638
-0.011528885	0.778555937	-0.627469312
1	0	0
0.389837152	0.899335772	0.198045862
-0.002877173	0.702799334	0.711382329
0.291734664	0.810684987	-0.507622634
0.389969067	-0.098048037	-0.915593091
0.094785849	0.709256253	-0.698549361
-0.863781835	-0.491519569	0.110857815
-0.31017528	-0.219124966	-0.925081372
-0.509364864	0.622320929	-0.594360242
-0.485716206	0.087636531	-0.86971237
-0.274862283	-0.914660761	0.296388964
0.072240936	-0.124429406	-0.989595155
0.949883649	-0.188111031	-0.249670369
-0.210850261	-0.923143637	-0.321477826
0.213969008	0.41479486	0.884399507
-0.834463454	0.08544829	-0.54439814
1	0	0
0.145288296	-0.757892014	0.635996074
-0.823556138	-0.251643666	0.508360849
-0.476116229	0.245178212	0.844512274
-0.499740622	0.535651519	-0.680688446
0.507207408	-0.690194257	-0.516112908
-0.748645387	0.47389305	-0.463632896
0	0	1
0.816405314	0.298516721	0.494338073
-0.5487506	-0.276121127	-0.78906901
-1	0	0
-0.642723699	-0.02307859	-0.765750368
-0.178944447	0.384506331	-0.905612371
-0.114965981	-0.915000609	0.386725624
-0.914436607	0.067444335	0.399070111
-0.79359096	-0.573232807	-0.204003767
0	0	1
0.937693315	-0.008248885	-0.347366094
-0.312395769	0.946768334	-0.077708462
0.260459562	-0.22560775	0.938755538
0.361391697	0.792511863	0.491244326
0	-1	0
0	0	1
-0.855456075	0.516603444	-0.03627375
0.935064767	0.293210703	-0.19920182
-0.88624361	-0.24582637	0.392608786
-0.576193208	0.161088736	0.801281352
0.417234724	-0.534028666	0.735342484
1	0	0
-0.943266097	-0.327645894	0.053825997
-0.078506396	-0.065419354	-0.994764823
-0.019473217	-0.229258876	-0.973170674
0.352373569	0.870266977	-0.344192179
0.745865502	0.216807631	-0.629824661
0.733397345	-0.580466633	-0.353817498
0.606824902	-0.291283007	-0.739538875
0	1	0
0.841808169	-0.307260343	0.44379059
-0.417582944	0.236549366	-0.877307747
-0.738486866	0.661352489	-0.131339385
-0.70756322	-0.305241416	-0.637324068
-0.113303655	-0.915818374	-0.385277805
-0.487626913	-0.014659274	0.872929035
-0.024905942	-0.758367227	-0.651351552
-0.319460527	0.519888861	-0.792250304
0.793199745	-0.181357084	0.581329315
-0.006647542	0.14810173	0.98894979
-0.007298605	0.093328049	0.995608661
-0.568843658	0.566251684	-0.596469549
0	-1	0
0.662445789	-0.654713484	0.364027238
-0.330727519	0.942670178	0.044634551
-0.042749587	-0.802954923	-0.594504722
-0.467933078	0.318912604	0.824216832
-1	0	0
0	-1	0
-0.226897778	-0.593289693	-0.77235014
-0.65791717	-0.682938041	-0.317396643
-0.954832058	-0.199202504	0.22048606
0.485143777	0.870484376	-0.08302088
-0.642318939	-0.140711057	-0.7534101
0.643802919	-0.453500629	-0.616323762
0.493722685	0.173782664	0.852078339
0	-1	0
0.43087389	0.565778779	-0.703023516
-0.092459307	-0.091049117	-0.991544923
-1	0	0
0	0	-1
-0.929628956	0.031381496	0.367158283
0.04744713	-0.979522512	0.195664044
0.376200463	-0.270358544	0.886216378
0	1	0
-0.8842628	0.009618903	0.466890542
-0.992387424	0.099092265	-0.073129495
-0.706370839	0.031101864	0.707158336
0.694380594	0.590849518	0.410770541
0.271870122	-0.956922685	-0.101909825
0.119087291	-0.868789772	-0.480648051
0.38416052	-0.489666404	-0.782718026
0.234342741	0.742500612	-0.627515992
-0.813837027	-0.282579121	-0.507758145
-0.009051078	0.431596547	-0.90202134
0.110723367	-0.993093796	0.038794956
0	0	-1
0.976019031	-0.156229805	0.151588587
-0.807629348	-0.086667118	-0.583286933
0.52719378	-0.776830523	-0.34438504
0.35497014	0.293973991	0.887454501
0.269572606	0.783722395	-0.559562166
1	0	0
0	-1	0
-0.819917044	0.549681703	0.159956452
-0.495047705	-0.467326794	-0.732484428
0.577673937	-0.534004493	-0.617358911
0.052206787	-0.692823626	0.719214762
-0.262965303	0.836970367	-0.479926926
0	0	1
-0.388559837	-0.310068685	-0.867685809
0	0	-1
0	-1	0
0	0	-1
-0.549997439	0.469596749	0.690638625
0.805703517	-0.243430301	-0.539984751
0.548931557	-0.820019274	-0.161995484
0.170228656	0.8029342	0.571243272
0.090374433	0.939368599	0.330785577
0.906985355	0.419560362	-0.036696974
0.834858449	-0.078620758	0.544821206
0	-1	0
0.058984605	-0.161083652	-0.98517657
0	-1	0
-0.350306192	0.176133586	0.919925286
-0.363110773	-0.4706538	0.804136536
-0.945821149	-0.062844244	-0.3185482
0.792110245	-0.609946966	-0.02293595
-0.681618885	0.531848984	-0.502525973
0.593134565	-0.341630934	0.729026538
0	1	0
0.617256934	-0.680672926	-0.394560826
-1	0	0
-0.092626904	-0.640085026	0.762700082
0	-1	0
-0.100782171	0.090891909	-0.990748008
0.774992154	-0.578547819	0.254302147
0	1	0
-0.361002576	-0.165933693	0.917683578
0	0	-1
-0.569860279	-0.663837893	0.484333061
-0.112378207	0.946278262	0.303197278
-0.22521445	-0.934336612	0.276212864
-0.356752557	-0.564049477	0.744698463
-0.376016735	0.877404559	-0.297947402
0.505404569	-0.1190389	-0.854632062
-0.580679328	-0.661279485	-0.474890472
0.755579321	0.548805336	0.3576487
0.922098463	-0.185102384	0.339811023
0	0	1
-0.507465601	0.851535371	0.131780788
-0.505686724	-0.862021825	0.034631062
0	-1	0
0.749555493	-0.660574666	-0.042516747
0.995491899	-0.085877292	-0.040261264
0.28562377	0.943450027	-0.168288768
-0.614746972	0.508203641	-0.603170971
-0.484484609	0.68859595	-0.539546366
-0.810510554	-0.322140594	0.489181029
0.777196573	0.009296937	0.629189203
-0.355586165	0.496724848	-0.791721482
0.275430189	0.187504147	0.942857574
-0.131215107	-0.267824402	0.954490799
1	0	0
0.425008024	0.223421745	0.877183506
-0.685454421	0.640055379	0.347104232
0.26853018	0.625119369	-0.732882881
1	0	0
0	1	0
-0.704534816	0.609426502	0.363634475
-0.165716743	0.985684822	0.031038554
-0.900955458	-0.391519304	0.187061211
-0.837887343	0.529990246	-0.130595325
0	1	0
0	0	1
0.292872398	-0.884226903	0.363824878
0.721559778	0.442660078	0.532356593
0.279824878	-0.758338631	-0.588744902
-0.799088318	-0.187424674	0.571252879
-0.819100151	0.544822514	-0.179564394
-0.210060798	0.967538127	0.140514889
0.193818671	0.542686973	0.817266892
0.615065741	-0.746445718	-0.253993945
-0.718475733	0.579985305	-0.383939665
0	-1	0
0	0	-1
-0.892476818	-0.375511785	0.249952054
0.396517357	0.71571436	0.574914724
0	0	-1
-0.598672636	0.515231089	0.613292753
0.715877904	-0.135833186	0.684885518
-0.422852124	-0.350254815	-0.835773681
-0.811075876	-0.547239757	0.206602448
-0.608135408	-0.792309109	-0.049169116
-0.617801444	0.760870329	-0.198488586
-0.698274544	-0.159637402	0.697802666
0.837649586	0.335595975	0.430950708
0	1	0
0.643344853	0.219458507	0.733447587
-0.582621914	0.094268531	0.807257796
-0.705779834	-0.698709133	0.116963129
1	0	0
0	-1	0
0	0	1
0.223647434	-0.075716922	-0.971724639
-0.465505574	0.697375383	-0.544951499
0.799938374	0.599543851	-0.025411988
0.351134937	-0.831576119	-0.43033175
0.928568792	-0.057406175	0.366694055
0.074688197	0.870591379	-0.486304765
0.855709053	-0.323806951	0.40362244
0.644181651	0.742375569	-0.184142651
0.867274156	0.392003608	-0.306869205
-0.979875564	-0.010605152	-0.199327394
0	1	0
-0.861119234	0.130667889	0.491324299
0.45123425	-0.728550771	-0.515365333
-0.371799837	-0.826097669	-0.423470805
1	0	0
0	1	0
-0.527247703	0.838196779	0.139413126
0.417971884	0.908456697	0.002435754
0.264776478	-0.182743589	0.946835887
-0.756068734	0.316778513	-0.572722832
0	1	0
-0.519317388	0.045249684	0.853382632
-0.096073659	0.992887883	0.070310058
-1	0	0
-1	0	0
0	0	-1
0.105484582	-0.897440857	-0.42833738
-0.385836174	0.921381277	-0.046765261
0.663683615	0.034762578	0.747205208
0.248004529	-0.6776024	-0.692350158
0.807323998	0.58782865	-0.051821231
0.951933726	-0.017136236	0.305824345
0.160002379	-0.960498837	0.227686677
0.095962228	0.954042863	0.283889886
-0.701972863	-0.561651057	0.437929434
0.940241971	0.27366696	0.202611526
1	0	0
0.533884316	0.130243997	-0.83546636
-0.253922815	-0.324696601	0.911095671
-0.388272427	0.656965784	0.646251097
-0.828512661	0.326134891	-0.455195347
0.71891403	0.160815756	0.676240275
-0.216857983	0.727789641	0.650611139
0	0	-1
-0.222423942	-0.868237296	0.443499253
0.305323337	0.809139901	0.502066012
0.632063849	-0.714535178	0.299891265
0.661483227	0.154192744	-0.733937694
-0.38988359	0.920807262	0.010235873
-0.447511745	-0.837021077	0.31484751
0	-1	0
-0.670054707	-0.616589561	-0.413332799
-0.302916676	0.559005434	-0.771851289
0.407810351	0.497464877	0.765649668
-1	0	0
0	-1	0
0.965996145	-0.248273193	0.072193285
-0.29638678	-0.954918498	-0.0168979
0.265188785	-0.214285582	0.940083293
-0.227792986	-0.332196893	0.915289888
-0.525725315	-0.401445785	-0.749969449
0	0	-1
-0.620305704	-0.770120415	0.148779639
0	0	-1
-0.379937178	0.562948989	-0.733986496
-0.047241668	0.044090846	0.997909927
0.35910182	-0.430871168	-0.827886417
-0.32313728	0.939447275	-0.114110105
0.123991037	0.99106992	0.049057483
0	1	0
0.649570714	-0.714408529	0.260150611
0	1	0
-0.988662423	-0.043731013	-0.143646132
-0.165598508	0.067002943	-0.983914498
0.21558896	0.899662606	-0.379642722
-0.535779225	0.118277068	-0.836032988
0.019955371	-0.030471031	-0.99933643
-0.385214112	-0.828222163	-0.407011224
-0.783062685	-0.512619679	-0.352184464
0.569184586	-0.702067936	-0.427936351
-0.185004397	-0.491241422	-0.851149363
0.773692908	0.541031592	-0.329672718
-0.724365951	0.332959248	0.603682125
0.652254673	-0.757550366	-0.026101401
0	0	1
-0.152830165	0.38338491	0.910856164
0.142237978	-0.906865137	0.396691291
0	-1	0
-0.094065001	-0.186557254	-0.977930553
0.727150149	0.375924651	-0.574398223
0	-1	0
0	0	-1
0.065786325	-0.997833593	0.000529182
0	-1	0
-0.341622679	0.352382838	0.871275089
0.038473959	0.635825369	-0.770873436
0.751091386	-0.559850299	0.349899088
0.229986844	-0.963736964	0.13534074
-1	0	0
0.400819751	0.649061207	-0.646577974
0.060415909	0.926068099	0.372488648
0	1	0
0	1	0
0	-1	0
0.772467629	-0.567872126	-0.284279811
0	1	0
-0.132118444	0.54359128	-0.828886746
0.79416236	-0.078375976	0.602630361
0	0	1
-0.409556594	0.571094988	0.711416833
-0.640909257	0.181969474	-0.74573617
0.391468844	0.915211668	0.095602024
0	0	1
1	0	0
0	-1	0
0	0	-1
-0.398155597	0.242543559	-0.88467211
0.633813434	-0.600390404	-0.487659608
0	0	1
-0.804787504	0.558425361	-0.201191921
-0.304509645	0.5907308	0.747202113
-0.802306009	0.594672865	-0.051664802
-0.474803681	-0.879607134	-0.029201951
1	0	0
0.196385512	0.222372119	0.954978205
-0.008438291	-0.946402306	0.322879962
0	1	0
0	0	-1
-0.161744686	0.679966945	-0.715180824
0.454176944	-0.31293275	0.834144111
-1	0	0
-0.755566337	-0.124861555	-0.643062285
1	0	0
-0.257079843	0.909682222	-0.326172056
-1	0	0
0	0	-1
-0.632004606	-0.704854965	-0.322101934
0.125466014	0.5100686	-0.850933783
1	0	0
1	0	0
0	-1	0
-0.786483984	0.146853296	-0.599897535
0.856686655	-0.128900906	-0.499472254
0.556376763	0.748885999	-0.360020358
1	0	0
0	0	-1
0.448894294	0.383449282	0.807131068
0.068446834	0.031632973	0.997153141
0	0	1
0.880048446	0.459711625	-0.119079614
0.796403278	-0.221480645	-0.562750515
0.952378501	0.093198884	-0.290325953
-0.470338062	0.721391101	-0.508307965
0.359883458	-0.777876753	-0.515161774
0	0	1
0.278964578	0.612790461	-0.739369065
0	-1	0
-1	0	0
0	1	0
0	0	1
0.770589112	-0.577228022	-0.270185551
0	0	1
0	0	-1
0	0	-1
0	1	0
0.959523702	-0.12681033	-0.251462535
1	0	0
-1	0	0
-1	0	0
0	0	1
0	1	0
0	-1	0
0.027246506	-0.588683479	0.80790432
-1	0	0
0	-1	0
0	0	-1
0	1	0
0	0	-1
0.474564163	-0.616053205	-0.628702874
0	1	0
0	0	-1
-1	0	0
0	-1	0
0	0	1
-0.857047175	0.099910255	-0.505458288
0	0	1
-1	0	0