0.281937	0	0.49381	
0.313175	0	0.517961	
0.333398	0	0.547367	
0.308011	0	0.550352	
0.282909	0	0.529616	
0.277058	0	0.50248	
0.323569	0.0753786	0.533264	
0.342841	0.0847056	0.484112	
0.309147	0.0375426	0.48285	
0.282977	0.0205395	0.537334	
0.295793	0.0487552	0.566856	
0.370423	0.0854688	0.521427	
0.317504	0.0569756	0.573129	
0.364358	0.0670658	0.561292	
0.319533	0.0284263	0.486968	
0.375869	0.0515082	0.504574	
0.369511	0.023082	0.535567	
0.346742	0.0659689	0.476008	
0.395674	0.0613878	0.537994	
0.32979	0.02876	0.564343	
0.291097	0.0205395	0.555577	
0.509397	0.372591	0	
0.477839	0.297623	0	
0.456369	0.291528	0	
0.414613	0.340979	0	
0.38163	0.412193	0	
0.387599	0.456826	0	
0.45498	0.465016	0	
0.522326	0.445899	0	
0.478298	0.315295	0.0602554	
0.458806	0.298116	0.0174509	
0.403043	0.401648	0.0435372	
0.456546	0.372036	0.0863418	
0.511672	0.38525	0.0388584	
0.493837	0.319037	0.0388584	
0.466552	0.295456	0.0174509	
0.49186	0.330121	0.081663	
0.469315	0.447921	0.0381363	
0.423347	0.429186	0.0816735	
0.407273	0.456393	0.0473736	
0.387996	0.453277	0.00923735	
0.392938	0.473488	0.00923735	
0	0.998053	0.339406	
0	0.977582	0.344437	
0	0.979529	0.370935	
0	1	0.365905	
0.227079	1	0.3951	
0.222117	1	0.357722	
0.185368	1	0.323681	
0.0793399	1	0.324629	
0.0122487	1	0.413692	
0.0434277	1	0.454806	
0.0636949	1	0.474595	
0.143507	1	0.443831	
0.156101	0.894616	0.326774	
0.154796	0.847428	0.355965	
0.118719	0.850849	0.358487	
0.0697146	0.870337	0.352784	
0.0753456	0.910742	0.327211	
0.121438	0.939578	0.303565	
0.147632	0.940117	0.299875	
0.175298	0.857922	0.348922	
0.159906	0.938435	0.300377	
0.189504	0.92396	0.309155	
0.200644	0.887811	0.330958	
0.0265153	0.955128	0.392836	
0.0398816	0.896919	0.348641	
0.116584	0.86272	0.393256	
0.142539	0.879919	0.436971	
0.10242	0.944973	0.460549	
0.063544	0.999229	0.474661	
0.158451	0.863583	0.421819	
0.160586	0.851711	0.387049	
0.193124	0.867934	0.365068	
0.19073	0.868154	0.4021	
0.178694	0.862424	0.417038	
0.204035	0.939489	0.420258	
0.185771	0.872505	0.423112	
0.211974	0.904925	0.361835	
0.23006	0.969788	0.35769	
0.0497306	0.967005	0.3232	
0.0142666	0.934657	0.35008	
0.226681	0.937674	0.334395	
0.218232	0.922902	0.324258	
0.163099	0.885233	0.436911	
0.0648809	0.999229	0.475044	
0.163454	0.949238	0.300812	
0.15118	0.950921	0.30031	
0.158813	0.980294	0.305168	
0.218738	0.967886	0.334427	
0.382588	0.909177	0.626823	
0.386923	0.878898	0.59828	
0.384978	0.869009	0.594443	
0.369266	0.858696	0.612783	
0.343653	0.854812	0.651843	
0.336885	0.879842	0.680638	
0.358854	0.916211	0.670556	
0.349289	0.887644	0.587194	
0.3017	0.903034	0.594406	
0.294317	0.875334	0.633814	
0.305446	0.849847	0.659981	
0.332805	0.8486	0.646162	
0.317149	0.914429	0.581817	
0.387263	0.877789	0.596055	
0.382477	0.920352	0.599696	
0.360558	0.950903	0.597443	
0.332513	0.932919	0.58799	
0.388517	0.885474	0.599456	
0.37474	0.946503	0.647717	
0.373095	0.962297	0.631568	
0.374903	0.95985	0.610913	
0.322214	0.852823	0.666447	
0.322331	0.932039	0.591127	
0.315615	0.950657	0.619734	
0.30443	0.954219	0.640441	
0.295697	0.924207	0.624423	
0.334837	0.944585	0.595864	
0.36742	0.966744	0.644775	
0.349567	0.973093	0.65454	
0.332879	0.951314	0.674578	
0.33148	0.919252	0.688163	
0.337341	0.905229	0.689658	
0.305988	0.928456	0.66039	
0.309647	0.905359	0.680421	
0.304565	0.87886	0.669836	
0.368035	0.967806	0.632875	
0.321674	0.965771	0.651732	
0.321789	0.907223	0.685322	
0.319338	0.917389	0.683262	
0.26468	0.812812	0.784107	
0.288698	0.78706	0.824751	
0.254055	0.759386	0.831671	
0.184074	0.753498	0.795071	
0.1541	0.760677	0.769585	
0.200063	0.792316	0.765541	
0.247261	0.802084	0.744826	
0.245126	0.776543	0.718423	
0.219112	0.75011	0.706911	
0.188386	0.733288	0.708999	
0.165985	0.743579	0.735092	
0.152589	0.75792	0.759614	
0.271433	0.786755	0.763031	
0.288852	0.797483	0.802313	
0.304169	0.770077	0.815257	
0.289832	0.729105	0.786988	
0.256445	0.715015	0.730248	
0.243699	0.727739	0.710611	
0.241276	0.75122	0.70923	
0.21851	0.744393	0.815474	
0.212375	0.729661	0.796328	
0.177187	0.731414	0.768318	
0.152269	0.743261	0.758543	
0.15302	0.750613	0.766149	
0.308666	0.753854	0.836305	
0.263463	0.748042	0.829034	
0.226966	0.712272	0.758734	
0.25922	0.705904	0.742123	
0.299008	0.763034	0.845231	
0.166745	0.738983	0.737456	
0.197413	0.730459	0.701323	
0.219593	0.72029	0.71222	
0.24649	0.707349	0.731064	
0.219577	0.731568	0.703642	
0.151509	0.747857	0.756178	
0.243716	0.71646	0.719189	
0.796256	0.417709	1	
0.780386	0.503362	1	
0.757404	0.572296	1	
0.695495	0.500387	1	
0.637801	0.42511	1	
0.715581	0.411366	1	
0.7596	0.490272	0.941729	
0.792914	0.427807	0.973588	
0.755597	0.571549	0.992302	
0.744037	0.565013	0.960444	
0.684895	0.480875	0.934789	
0.718824	0.539674	0.935513	
0.781471	0.414931	0.947239	
0.724359	0.416834	0.941528	
0.668699	0.426007	0.935637	
0.667794	0.434324	0.935178	
0.680026	0.492625	0.941683	
0.75437	0.571482	0.992302	
0.636164	0.431626	0.991807	
0.647715	0.44995	0.966119	
0.784813	0.404832	0.973651	
0.655127	0.423368	0.967877	
0.662786	0.453443	0.94173	
0.652724	0.430831	0.959567	
0	0.211258	0.699876	
0	0.220832	0.68113	
0	0.196421	0.684924	
0	0.186847	0.703669	
0.0604684	0.116981	0.741088	
0.0355799	0.130888	0.718574	
0.0132461	0.155699	0.704278	
0.0359434	0.216674	0.760089	
0.0845176	0.222505	0.819821	
0.10373	0.200759	0.831927	
0.115592	0.175599	0.83378	
0.0985703	0.135115	0.794437	
0.0735991	0.239806	0.808538	
0.0376557	0.234389	0.748324	
0.0991822	0.101672	0.765843	
0.125801	0.156282	0.832507	
0.128698	0.12323	0.805904	
0.12438	0.0943453	0.777703	
0.124646	0.216424	0.702775	
0.112376	0.233933	0.770205	
0.0784093	0.245794	0.807734	
0.0368479	0.213802	0.6642	
0.0877794	0.209495	0.662837	
0.103955	0.210421	0.671746	
0.0893278	0.228493	0.819017	
0.0361474	0.133035	0.710495	
0.0610882	0.126434	0.706948	
0.08346	0.1578	0.682489	
0.0821211	0.200275	0.658643	
0.0452351	0.126718	0.718123	
0.0992344	0.108979	0.739782	
0.104654	0.199064	0.669149	
0.0975115	0.195368	0.665016	
0.134221	0.103185	0.780233	
0.123304	0.155311	0.725082	
0.143497	0.221539	0.731822	
0.123556	0.174253	0.833424	
0.149074	0.154305	0.815596	
0.152548	0.185747	0.765539	
0.124289	0.210012	0.700733	
0.151563	0.131046	0.789887	
0.104411	0.200115	0.669039	
0.105196	0.205949	0.671576	
0.133765	0.154937	0.832151	
0.103104	0.205564	0.669342	
0.804479	0.739596	0	
0.790424	0.666504	0	
0.73861	0.650154	0	
0.752664	0.723246	0	
0.84436	0.73288	0.0165114	
0.838371	0.693577	0.0678412	
0.823509	0.648334	0.108161	
0.819026	0.638725	0.113602	
0.782239	0.614728	0.0669209	
0.74351	0.591525	0.0143468	
0.741223	0.594387	0.00419656	
0.777845	0.732703	0.0497015	
0.817726	0.725987	0.0662129	
0.784593	0.718239	0.104323	
0.783843	0.71146	0.109685	
0.806454	0.68341	0.106394	
0.737853	0.688819	0.0408986	
0.741689	0.675395	0.0845899	
0.763248	0.695358	0.0983124	
0.794959	0.682224	0.113245	
0.818884	0.639065	0.113765	
0.811729	0.647323	0.115116	
0.741552	0.591872	0.0131457	
0.740594	0.632773	0.0498477	
0.774364	0.666122	0.101873	
0.818742	0.638899	0.113705	
0.743637	0.591244	0.0190993	
1	0.595978	0.335083	
1	0.583215	0.271867	
1	0.624359	0.233337	
1	0.67362	0.267922	
1	0.670596	0.314726	
1	0.634098	0.343357	
0.988839	0.591664	0.223048	
0.956445	0.573396	0.269329	
0.967605	0.564946	0.318148	
0.927975	0.561648	0.322612	
0.959971	0.608121	0.22205	
0.923869	0.622807	0.253447	
0.905131	0.618622	0.284179	
0.912764	0.592189	0.306064	
0.955448	0.641085	0.229598	
0.984316	0.655234	0.238356	
0.949527	0.591467	0.340542	
0.989158	0.618065	0.353005	
0.90695	0.620864	0.284697	
0.976122	0.674452	0.264358	
0.972398	0.686027	0.299484	
0.934806	0.650716	0.295974	
0.906608	0.620539	0.285562	
0.968851	0.661577	0.321886	
0.977416	0.630678	0.345953	
0.991806	0.692839	0.293924	
0.988258	0.646711	0.336305	
0.588232	0.580199	0.435614	
0.621717	0.510913	0.417977	
0.681271	0.458746	0.450082	
0.696161	0.459422	0.470364	
0.662616	0.527984	0.487272	
0.621683	0.594168	0.492295	
0.607767	0.599359	0.478542	
0.646342	0.515599	0.549521	
0.683338	0.462474	0.517448	
0.627628	0.591699	0.49946	
0.625091	0.581406	0.520425	
0.599846	0.541679	0.567893	
0.568541	0.491447	0.527594	
0.546654	0.482376	0.45958	
0.575265	0.556376	0.453444	
0.601547	0.575845	0.522	
0.604241	0.552077	0.568435	
0.569023	0.427751	0.491394	
0.612561	0.518844	0.568808	
0.647736	0.481078	0.567573	
0.658543	0.431441	0.545411	
0.6418	0.404987	0.520553	
0.614558	0.404292	0.50436	
0.667798	0.458529	0.561458	
0.616764	0.528315	0.570048	
0.613758	0.561909	0.554023	
0.559537	0.52822	0.414607	
0.616821	0.432093	0.46025	
0.602119	0.500873	0.41242	
0.571672	0.550494	0.399472	
0.599493	0.600235	0.47357	
0.652164	0.461292	0.430925	
0.642524	0.404826	0.517913	
0.673894	0.430081	0.492961	
0.651816	0.406044	0.523998	
0.621154	0.594465	0.493375	
0.415845	0.918754	1	
0.355456	0.934355	1	
0.327843	0.876033	1	
0.368369	0.810088	1	
0.428444	0.835615	1	
0.386909	0.94969	0.963118	
0.414782	0.923753	0.915063	
0.447267	0.891346	0.906165	
0.457794	0.880525	0.910192	
0.454244	0.881995	0.955972	
0.357769	0.915099	0.914014	
0.385242	0.944507	0.925079	
0.443068	0.888628	0.899091	
0.420192	0.859526	0.887947	
0.364821	0.855928	0.888939	
0.335878	0.8797	0.90019	
0.45824	0.867279	0.898433	
0.459264	0.872909	0.905462	
0.413819	0.781839	0.961307	
0.422701	0.783081	0.912038	
0.44224	0.827263	0.899674	
0.329453	0.915758	0.976315	
0.355712	0.927769	0.938276	
0.333434	0.901684	0.928367	
0.336052	0.85003	0.900834	
0.331998	0.83229	0.952696	
0.409859	0.784	0.906475	
0.368251	0.809634	0.897864	
0.456877	0.875402	0.90371	
0.452552	0.872167	0.896058	
0.458115	0.866762	0.897855	
0.400074	0.816382	0.884656	
0.415223	0.791249	0.889995	
0.440886	0.828977	0.895052	
0.403717	0.790443	0.889023	
0.425011	0.789479	0.896871	
0.910582	0.333941	0.584877	
0.923571	0.282234	0.610925	
0.954994	0.266378	0.6482	
0.972201	0.312711	0.655648	
0.983612	0.365772	0.655325	
0.953416	0.371145	0.621829	
0.893818	0.298796	0.577287	
0.883521	0.273828	0.613408	
0.913274	0.257266	0.647046	
0.874677	0.302378	0.596236	
0.924922	0.371975	0.596405	
0.914563	0.380557	0.610857	
0.881082	0.346105	0.618278	
0.873961	0.249626	0.649514	
0.862394	0.265151	0.648715	
0.854171	0.293641	0.63082	
0.893249	0.261254	0.677927	
0.93559	0.270304	0.678358	
0.907155	0.386986	0.625602	
0.910847	0.387084	0.637777	
0.915645	0.377543	0.672519	
0.914581	0.354593	0.713871	
0.908256	0.334738	0.731546	
0.878717	0.305125	0.690561	
0.91123	0.299246	0.72023	
0.912684	0.32955	0.732728	
0.951223	0.34553	0.695404	
0.935486	0.384112	0.620328	
0.969397	0.383259	0.650741	
0.952532	0.392631	0.64604	
0.907645	0.327654	0.734387	
0.928077	0.390541	0.635072	
0.927702	0.377115	0.685592	
0.924711	0.385313	0.659532	
0.947359	0.388746	0.661817	
0.913296	0.336634	0.729887	
0.141389	0.242015	0.232226	
0.132422	0.202742	0.277541	
0.104135	0.187365	0.279176	
0.0718447	0.19277	0.251143	
0.0609739	0.220919	0.207417	
0.0815907	0.254184	0.1775	
0.108041	0.268151	0.176508	
0.128682	0.268754	0.189142	
0.085001	0.143909	0.195556	
0.0815547	0.177863	0.248383	
0.125602	0.184588	0.289263	
0.110779	0.15082	0.224315	
0.0672048	0.179334	0.227373	
0.0574947	0.19424	0.230133	
0.0913837	0.116047	0.149308	
0.0749459	0.124662	0.123292	
0.0569521	0.139937	0.108244	
0.0555937	0.166746	0.166077	
0.137321	0.190088	0.277135	
0.14993	0.196858	0.231027	
0.136794	0.171567	0.1698	
0.107809	0.132963	0.137756	
0.0930288	0.115391	0.13407	
0.0619509	0.220004	0.151262	
0.0575597	0.17484	0.111907	
0.0546816	0.148261	0.104006	
0.147179	0.230631	0.197839	
0.144141	0.208243	0.265413	
0.0894333	0.226168	0.135153	
0.109862	0.262064	0.167205	
0.107063	0.14063	0.129285	
0.0867133	0.139491	0.107318	
0.0740722	0.152461	0.0976088	
0.072721	0.179797	0.104039	
0.0953028	0.125997	0.122454	
0.100879	0.258432	0.166095	
0.0679724	0.198075	0.118217	
0.0623083	0.156562	0.0977287	
0.0693756	0.141096	0.105012	
0.573893	0.543797	1	
0.595757	0.554019	1	
0.616545	0.651279	1	
0.597669	0.736768	1	
0.546856	0.729613	1	
0.543868	0.633901	1	
0.625529	0.571267	0.963385	
0.644524	0.586698	0.9216	
0.636031	0.666242	0.956968	
0.623739	0.73265	0.998754	
0.532404	0.672456	0.919953	
0.554226	0.591021	0.948436	
0.521177	0.719378	0.98269	
0.521602	0.715907	0.954207	
0.547099	0.629995	0.896674	
0.603642	0.547621	0.964139	
0.624283	0.56068	0.923515	
0.587408	0.595829	0.907615	
0.589681	0.611033	0.900627	
0.637667	0.597713	0.910603	
0.592733	0.732804	0.985389	
0.541854	0.722645	0.958152	
0.637604	0.569008	0.926454	
0.629802	0.560783	0.927208	
0.623257	0.565174	0.918523	
0.62553	0.580378	0.911536	
0.628776	0.565277	0.922216	
0.566058	0.738252	0.990527	
0.560632	0.734756	0.977162	
0.54038	0.728018	0.973217	
0.311767	0.531523	0.524188	
0.341225	0.483502	0.52144	
0.35728	0.452592	0.548494	
0.339716	0.477061	0.57521	
0.312635	0.519946	0.585348	
0.300259	0.543002	0.569143	
0.29947	0.546798	0.554098	
0.344533	0.437913	0.552392	
0.299972	0.40478	0.553745	
0.265335	0.387236	0.559153	
0.249335	0.403274	0.574459	
0.246629	0.450362	0.600593	
0.291214	0.490587	0.602993	
0.3564	0.446733	0.537795	
0.325884	0.460965	0.502716	
0.310709	0.497734	0.48636	
0.2468	0.46071	0.470656	
0.273131	0.471135	0.469989	
0.343653	0.432054	0.541693	
0.264541	0.386983	0.558776	
0.253683	0.385196	0.556296	
0.237023	0.393468	0.540411	
0.237181	0.430854	0.499469	
0.300556	0.539763	0.576507	
0.277311	0.522278	0.588228	
0.256864	0.492858	0.605792	
0.252364	0.508566	0.519901	
0.220271	0.466779	0.484353	
0.242097	0.463137	0.472269	
0.298013	0.545476	0.563979	
0.274109	0.525652	0.579696	
0.222668	0.483748	0.554277	
0.193759	0.460554	0.512267	
0.199069	0.465052	0.501371	
0.263306	0.386553	0.559073	
0.29831	0.542236	0.571343	
0.25311	0.505694	0.596581	
0.233745	0.41883	0.588406	
0.232945	0.41655	0.585923	
0.238911	0.399638	0.5692	
0.212987	0.439222	0.550472	
0.232369	0.417761	0.586513	
0.240468	0.461293	0.473626	
0.211277	0.431554	0.518101	
0.232393	0.416392	0.585095	
0.521446	0.561356	1	
0.48983	0.515471	1	
0.528419	0.447171	1	
0.56208	0.443199	1	
0.572975	0.457547	1	
0.570929	0.507404	1	
0.446255	0.51199	0.941373	
0.45199	0.556383	0.957761	
0.469887	0.577324	0.985691	
0.474091	0.468103	0.969723	
0.448412	0.485562	0.939026	
0.472187	0.568845	0.951647	
0.523746	0.552877	0.965956	
0.482867	0.553067	0.928245	
0.485621	0.530581	0.926077	
0.529073	0.491285	0.95797	
0.573502	0.468298	0.994182	
0.46052	0.539192	0.934931	
0.478211	0.545199	0.92515	
0.461796	0.516583	0.932164	
0.478701	0.496311	0.932335	
0.512235	0.458976	0.968547	
0.566738	0.45727	0.994182	
0.457908	0.479908	0.93827	
1	0.752296	0.298462	
1	0.745423	0.313351	
1	0.72452	0.304889	
1	0.721184	0.289136	
1	0.741016	0.283918	
0.89323	0.801663	0.312238	
0.94638	0.8102	0.303641	
0.939526	0.765978	0.34868	
0.902275	0.741759	0.373283	
0.889413	0.740805	0.37423	
0.873514	0.756489	0.358223	
0.923599	0.831925	0.269118	
0.908516	0.814605	0.249512	
0.879907	0.783862	0.250096	
0.8645	0.770145	0.301263	
0.961739	0.791188	0.271171	
0.893808	0.774856	0.239613	
0.929263	0.734597	0.251952	
0.982231	0.724174	0.274598	
0.98452	0.770533	0.319375	
0.90734	0.714566	0.343096	
0.898799	0.727693	0.284567	
0.873168	0.761202	0.253231	
0.887804	0.737916	0.372989	
0.894239	0.729983	0.369063	
0.955006	0.740869	0.342655	
0.884074	0.751485	0.244815	
0.913884	0.721967	0.276159	
0.928609	0.698176	0.315911	
0.891068	0.750941	0.239828	
0.9737	0.706627	0.279616	
0.965609	0.693891	0.301576	
0.943988	0.692887	0.310243	
0.991469	0.703636	0.294153	
0.92272	0.709277	0.337428	
0.892929	0.73637	0.374573	
0.42603	0.482167	1	
0.47073	0.459199	1	
0.460679	0.587004	1	
0.435828	0.594968	1	
0.414314	0.580024	1	
0.393508	0.560191	1	
0.399474	0.526572	1	
0.440957	0.596781	0.998377	
0.450165	0.587101	0.984068	
0.436201	0.594222	0.998377	
0.431769	0.532133	0.950127	
0.405159	0.542335	0.974631	
0.394658	0.561321	0.996575	
0.445763	0.486213	0.939135	
0.431278	0.506356	0.947888	
0.444085	0.482782	0.939691	
0.446734	0.48213	0.939581	
0.421186	0.487582	0.985293	
0.438529	0.478641	0.955152	
0.390609	0.553873	0.996575	
0.437728	0.469349	0.985293	
0.208174	0	0.856463	
0.139354	0	0.862516	
0.115652	0	0.794783	
0.184471	0	0.78873	
0.233026	0.0592021	0.896862	
0.198829	0.0205913	0.922878	
0.247013	0.0391868	0.818032	
0.265846	0.0777977	0.83674	
0.242244	0.0931705	0.875767	
0.205607	0.0938332	0.933085	
0.19639	0.0598648	0.95418	
0.107371	0.0905244	0.915597	
0.162985	0.0929428	0.957865	
0.0793389	0.0122148	0.829384	
0.0747405	0.04907	0.857088	
0.223954	0.133994	0.867941	
0.246935	0.120333	0.82822	
0.269867	0.0800849	0.823631	
0.220039	0.162497	0.83107	
0.186221	0.167343	0.843129	
0.147514	0.137949	0.904781	
0.193602	0.100187	0.774849	
0.240119	0.0987964	0.802513	
0.146686	0.016558	0.763293	
0.16209	0.0588463	0.764236	
0.103716	0.112717	0.855684	
0.146894	0.163355	0.844905	
0.205217	0.135655	0.791566	
0.207449	0.16082	0.814839	
0.0989696	0.0575988	0.806984	
0.125913	0.092752	0.779369	
0.180396	0.152986	0.800023	
0.158995	0.0981048	0.774189	
0.136563	0.0619419	0.769954	
0.359558	0.270651	0.149904	
0.389065	0.268165	0.113178	
0.404451	0.244105	0.0857772	
0.381417	0.213811	0.102763	
0.356798	0.199289	0.127389	
0.349736	0.208898	0.139446	
0.346919	0.23833	0.153535	
0.40099	0.272317	0.0805975	
0.367433	0.299824	0.122984	
0.370096	0.317527	0.0946097	
0.386196	0.301656	0.0776355	
0.342508	0.261698	0.162552	
0.337444	0.315955	0.11839	
0.308848	0.303235	0.137668	
0.321787	0.27815	0.154909	
0.388594	0.244127	0.0669408	
0.386103	0.284939	0.0624352	
0.375777	0.269172	0.0507675	
0.340933	0.221808	0.149468	
0.336522	0.245175	0.158485	
0.348223	0.242271	0.0640217	
0.341045	0.211955	0.0998439	
0.33887	0.301694	0.075228	
0.37046	0.293039	0.0561684	
0.312416	0.236142	0.0840661	
0.302864	0.245329	0.0904717	
0.308051	0.272713	0.090161	
0.370553	0.309756	0.0713687	
0.312598	0.305573	0.109481	
0.30375	0.244504	0.109852	
0.328725	0.223666	0.13128	
0.319788	0.237038	0.14199	
0.302095	0.251433	0.130822	
0.303109	0.275827	0.138341	
0.301342	0.251795	0.110755	
0.304172	0.245157	0.130208	
0.455535	0.320393	0.556165	
0.492918	0.323194	0.513488	
0.521524	0.329851	0.496737	
0.529287	0.338057	0.514742	
0.506802	0.347355	0.579107	
0.467284	0.34317	0.619904	
0.449802	0.329977	0.597991	
0.509413	0.38693	0.563556	
0.457131	0.386891	0.609448	
0.441631	0.410195	0.566195	
0.450744	0.420233	0.533734	
0.488129	0.419315	0.503226	
0.531156	0.409828	0.488672	
0.545975	0.40156	0.495854	
0.472578	0.372028	0.630578	
0.475793	0.360393	0.628357	
0.543067	0.364925	0.512308	
0.55161	0.38569	0.49191	
0.549492	0.393468	0.493343	
0.546774	0.400643	0.495969	
0.450033	0.332916	0.508227	
0.424353	0.351525	0.499562	
0.415011	0.353302	0.52336	
0.42933	0.337455	0.557726	
0.4222	0.379085	0.565925	
0.412895	0.362188	0.536066	
0.453806	0.35002	0.618112	
0.442639	0.374395	0.607705	
0.436578	0.349337	0.483049	
0.479463	0.339615	0.488309	
0.426524	0.396561	0.53982	
0.411322	0.373161	0.537279	
0.437324	0.39326	0.591032	
0.413437	0.364275	0.524572	
0.474309	0.414907	0.500851	
0.464411	0.379622	0.478985	
0.462314	0.367243	0.626565	
0.537888	0.357813	0.494528	
0.515413	0.41691	0.481637	
0.501593	0.412503	0.479262	
0.532951	0.401467	0.486194	
0.546633	0.401155	0.494845	
0.612199	1	0.412757	
0.655667	1	0.411144	
0.704653	1	0.371729	
0.70795	1	0.309307	
0.636968	1	0.285884	
0.559495	1	0.319241	
0.536426	1	0.361378	
0.567134	1	0.392057	
0.57996	0.96195	0.300884	
0.690075	0.944702	0.293136	
0.681322	0.876736	0.30997	
0.619197	0.893984	0.312583	
0.724943	0.951318	0.335723	
0.717411	0.900448	0.331916	
0.705534	0.893832	0.317887	
0.530589	0.982237	0.347486	
0.563223	0.922074	0.318196	
0.554987	0.920757	0.326123	
0.542817	0.942869	0.337056	
0.681254	0.937054	0.379203	
0.651317	0.983201	0.407724	
0.578838	0.985845	0.395944	
0.577191	0.934565	0.357634	
0.589622	0.896158	0.331531	
0.628277	0.877817	0.325268	
0.665573	0.860837	0.319755	
0.679272	0.88431	0.339745	
0.679196	0.986487	0.401785	
0.710063	0.907057	0.345917	
0.690605	0.942226	0.378114	
0.674846	0.969689	0.398364	
0.697013	0.909592	0.358953	
0.535266	0.970907	0.356851	
0.552807	0.974515	0.374631	
0.571302	0.909353	0.329401	
0.541102	0.98867	0.370744	
0.573307	0.907562	0.328253	
0.666449	0.862414	0.317045	
0.69079	0.879587	0.325044	
0.177982	0	0.584437	
0.240738	0	0.607236	
0.254769	0	0.630892	
0.201818	0	0.686242	
0.124694	0	0.681048	
0.114889	0	0.602899	
0.227676	0.0942626	0.627506	
0.269426	0.0712373	0.64288	
0.262091	0.033719	0.628205	
0.186674	0.0251472	0.585983	
0.149592	0.0734586	0.580354	
0.171526	0.105056	0.601018	
0.135652	0.0251472	0.569369	
0.239773	0.0771386	0.68343	
0.213451	0.0856997	0.692698	
0.199758	0.100463	0.650477	
0.268412	0.0720077	0.654256	
0.266816	0.0696468	0.66796	
0.211703	0.0847924	0.693577	
0.187044	0.0518539	0.710064	
0.154813	0.0137307	0.72365	
0.127472	0.012304	0.685243	
0.131073	0.0576646	0.617332	
0.26514	0.031742	0.654806	
0.272461	0.065461	0.652119	
0.212968	0.0459371	0.695932	
0.271447	0.0662315	0.663496	
0.147104	0.00295081	0.724868	
0.213849	0.0830553	0.697562	
0.105062	0.00935318	0.641423	
1	0.75048	0.700177	
1	0.775549	0.667312	
1	0.847704	0.671632	
1	0.890434	0.707836	
1	0.822752	0.706637	
0.957295	0.761504	0.729825	
0.907585	0.807487	0.762594	
0.942499	0.871503	0.744322	
0.99221	0.89332	0.714892	
0.880397	0.799886	0.683752	
0.873136	0.821715	0.72888	
0.914169	0.859012	0.706601	
0.942038	0.853438	0.646693	
0.929388	0.817565	0.61825	
0.908779	0.801309	0.633029	
0.889692	0.842081	0.754834	
0.982973	0.896025	0.710305	
0.965529	0.888372	0.686585	
0.912802	0.75941	0.75124	
0.911484	0.742712	0.740266	
0.94986	0.737157	0.71666	
0.993884	0.742832	0.697986	
0.869852	0.793765	0.71516	
0.891626	0.766055	0.729761	
0.87328	0.777659	0.711945	
0.88514	0.760615	0.715692	
0.903955	0.740957	0.727647	
0.889263	0.759274	0.704855	
0.887948	0.782438	0.669699	
0.93117	0.808784	0.613319	
0.962938	0.774096	0.655037	
0.878447	0.772632	0.699658	
0.970319	0.80737	0.624271	
0.937592	0.817872	0.615997	
0.990763	0.89314	0.703249	
0.939374	0.809092	0.611066	
0.881516	0.58204	0.752157	
0.869704	0.611449	0.708705	
0.846507	0.546093	0.692024	
0.842374	0.507238	0.704224	
0.858355	0.516011	0.735932	
0.856435	0.53828	0.779976	
0.835404	0.585605	0.789889	
0.841351	0.639525	0.776341	
0.851934	0.658867	0.764463	
0.871068	0.648706	0.750192	
0.842083	0.506634	0.704576	
0.82897	0.515076	0.711984	
0.800795	0.536768	0.735159	
0.811988	0.550595	0.771795	
0.800964	0.569186	0.720309	
0.81821	0.599599	0.700701	
0.842048	0.507307	0.70412	
0.784492	0.615966	0.722416	
0.849668	0.657846	0.76258	
0.814585	0.636956	0.742808	
0.780034	0.604987	0.733642	
0.781118	0.571526	0.747199	
0.804534	0.606536	0.765292	
0.848197	0.657924	0.763789	
0.564116	0.547614	1	
0.503722	0.717953	1	
0.463204	0.657313	1	
0.491267	0.576252	0.918924	
0.51167	0.613317	0.895361	
0.531292	0.63444	0.887605	
0.539371	0.634138	0.893647	
0.466128	0.614341	0.952494	
0.494042	0.612815	0.907085	
0.498239	0.646131	0.902753	
0.507956	0.684745	0.91487	
0.507185	0.714655	0.944805	
0.494917	0.718265	0.978572	
0.526859	0.637517	0.884156	
0.5221	0.652868	0.886603	
0.511108	0.661983	0.893476	
0.531971	0.638306	0.886975	
0.512206	0.708592	0.929549	
0.515358	0.68583	0.908155	
0.518262	0.709586	0.934833	
0.512372	0.719691	0.961262	
0.292971	0.313842	0.794828	
0.310607	0.261624	0.826166	
0.319091	0.2468	0.904848	
0.300979	0.303197	0.88978	
0.285124	0.350159	0.861729	
0.284508	0.351051	0.854869	
0.285068	0.346646	0.838884	
0.294501	0.28255	0.753226	
0.275705	0.253298	0.75546	
0.259265	0.220295	0.76949	
0.259214	0.195894	0.809082	
0.277568	0.189951	0.863061	
0.30724	0.219119	0.887219	
0.222811	0.299865	0.810298	
0.235449	0.272617	0.754271	
0.25447	0.279003	0.749701	
0.278376	0.313235	0.788052	
0.272969	0.349916	0.854129	
0.237515	0.337863	0.862394	
0.278032	0.282038	0.745814	
0.287346	0.279088	0.745633	
0.226962	0.18668	0.813033	
0.231076	0.234635	0.77472	
0.212422	0.313378	0.872565	
0.213501	0.26342	0.87854	
0.219776	0.201953	0.854585	
0.24297	0.205067	0.784	
0.250573	0.177316	0.841713	
0.231692	0.176021	0.835993	
0.274435	0.266839	0.747995	
0.262794	0.241049	0.757822	
0.215193	0.294081	0.883539	
0.239714	0.274368	0.897594	
0.284968	0.255401	0.91396	
0.312934	0.253771	0.918524	
0.283043	0.34994	0.861726	
0.271419	0.349032	0.8607	
0.250873	0.263803	0.751883	
0.29886	0.229066	0.906325	
0.290825	0.204076	0.887717	
0.286203	0.20641	0.89211	
0.24464	0.254349	0.900951	
0.22454	0.240189	0.888279	
0.25221	0.218584	0.887072	
0.223537	0.268996	0.89013	
0.261432	0.190799	0.865332	
0.217922	0.229547	0.879923	
0.282959	0.350167	0.861441	
0.702971	0.199764	0.765254	
0.667048	0.264285	0.740123	
0.725437	0.292244	0.75145	
0.791494	0.274221	0.7753	
0.781205	0.210237	0.78643	
0.757335	0.162057	0.789967	
0.743861	0.157115	0.787017	
0.715505	0.182397	0.729066	
0.745184	0.15233	0.784632	
0.774166	0.170285	0.76909	
0.786176	0.208315	0.717522	
0.739903	0.227899	0.671154	
0.699138	0.224178	0.661246	
0.689233	0.216523	0.668798	
0.777081	0.264225	0.722354	
0.729252	0.299384	0.742313	
0.679566	0.275806	0.700055	
0.683434	0.252084	0.676559	
0.695943	0.239336	0.667616	
0.678326	0.226506	0.710227	
0.74015	0.155655	0.784093	
0.783799	0.298445	0.765204	
0.80249	0.192814	0.760966	
0.801089	0.2245	0.775894	
0.671093	0.294102	0.727268	
0.665954	0.288758	0.733207	
0.67463	0.271381	0.704704	
0.686962	0.235924	0.669258	
0.784431	0.182943	0.780126	
0.748895	0.15379	0.787556	
1	0.28806	0.259821	
1	0.304022	0.266988	
1	0.302175	0.272122	
0.852135	0.29842	0.372255	
0.857511	0.306632	0.310953	
0.937545	0.321563	0.274766	
0.93217	0.313351	0.336068	
0.878692	0.269724	0.362939	
0.944478	0.263332	0.302917	
0.997956	0.322921	0.283213	
0.848902	0.27016	0.34115	
0.879448	0.260822	0.279879	
0.89628	0.282061	0.237395	
0.887401	0.300188	0.250108	
0.875459	0.241465	0.331833	
0.902279	0.280219	0.236511	
0.953811	0.285589	0.245369	
0.901623	0.283113	0.236937	
0.661906	0.460904	0.302555	
0.659592	0.457779	0.29917	
0.695375	0.434739	0.293987	
0.759084	0.436293	0.319075	
0.762752	0.483226	0.358275	
0.701357	0.484796	0.336572	
0.655545	0.451233	0.295176	
0.681316	0.426862	0.288207	
0.71833	0.407187	0.285134	
0.728408	0.409589	0.287809	
0.756256	0.424136	0.329306	
0.707265	0.403946	0.336966	
0.704226	0.428913	0.396263	
0.740888	0.450911	0.405986	
0.774342	0.453666	0.376006	
0.66149	0.461265	0.303027	
0.659242	0.459212	0.300531	
0.648882	0.44722	0.294376	
0.716681	0.404155	0.285613	
0.724068	0.398379	0.293436	
0.676353	0.419851	0.371173	
0.655109	0.438453	0.332541	
0.723943	0.403375	0.286404	
0.786807	0.455837	0.35354	
0.652512	0.454128	0.298842	
0.689449	0.440827	0.394211	
0.724656	0.468118	0.411908	
0.736496	0.494721	0.385944	
0.717322	0.449888	0.419301	
0.748221	0.46914	0.398593	
0.784904	0.5441	0.58041	
0.798389	0.537233	0.551686	
0.713411	0.560907	0.542448	
0.635282	0.588053	0.58618	
0.646734	0.591165	0.648595	
0.659618	0.589071	0.664519	
0.671977	0.585856	0.668071	
0.723737	0.56767	0.637139	
0.780397	0.643723	0.589575	
0.768278	0.602976	0.549354	
0.694402	0.584655	0.525095	
0.660646	0.634991	0.570385	
0.685281	0.679407	0.615258	
0.722827	0.677739	0.617044	
0.757245	0.672844	0.61545	
0.765574	0.664922	0.608594	
0.770264	0.557342	0.534188	
0.637549	0.58822	0.533356	
0.804956	0.565703	0.568075	
0.796661	0.612638	0.578126	
0.658379	0.634825	0.623209	
0.751539	0.632349	0.648342	
0.759376	0.591435	0.625123	
0.687944	0.597973	0.673364	
0.72148	0.623485	0.663462	
0.801086	0.602887	0.586486	
0.7753	0.620451	0.619926	
0.688416	0.648684	0.646682	
0.674096	0.603086	0.670611	
0.659317	0.590149	0.664572	
0.784822	0.633971	0.597935	
0.757666	0.671507	0.61653	
0.753152	0.652454	0.634287	
0.690365	0.614126	0.675851	
0.756448	0.67215	0.617038	
0.661289	0.589718	0.665936	
0.714825	0.476	0.294962	
0.765346	0.496332	0.276112	
0.756463	0.500892	0.246085	
0.705941	0.480561	0.264935	
0.660653	0.458747	0.299144	
0.701264	0.490378	0.333326	
0.754536	0.516107	0.346703	
0.76935	0.503886	0.31175	
0.751639	0.525098	0.23674	
0.666533	0.508769	0.307948	
0.711404	0.567204	0.284391	
0.749655	0.57455	0.252388	
0.751894	0.560187	0.246363	
0.696563	0.556626	0.331462	
0.72714	0.548616	0.354006	
0.736885	0.529872	0.360792	
0.767072	0.538582	0.330793	
0.757867	0.523513	0.251184	
0.750876	0.574418	0.253592	
0.757227	0.569464	0.293039	
0.756979	0.560921	0.336199	
0.743598	0.557759	0.346345	
0.727784	0.555856	0.349051	
0.749788	0.576312	0.255093	
0.745299	0.555524	0.348178	
0.73774	0.54695	0.35686	
0.738384	0.554189	0.351905	
0.598512	0.453256	1	
0.581434	0.469488	1	
0.565425	0.439904	1	
0.565092	0.432444	1	
0.589719	0.433856	1	
0.563313	0.495557	0.932357	
0.556197	0.515944	0.858398	
0.547376	0.468213	0.833972	
0.541722	0.427529	0.827618	
0.544139	0.41608	0.856902	
0.555128	0.417574	0.940732	
0.564171	0.431851	0.997699	
0.551993	0.415285	0.849963	
0.566207	0.4576	0.812725	
0.597066	0.49065	0.799533	
0.605519	0.494201	0.802248	
0.638137	0.464513	0.862636	
0.668458	0.430185	0.926511	
0.615252	0.41458	0.901661	
0.584269	0.528981	0.890551	
0.602427	0.497829	0.967827	
0.615451	0.530063	0.920204	
0.60839	0.514771	0.854068	
0.668163	0.438024	0.928362	
0.63982	0.495226	0.942139	
0.571416	0.501073	0.82048	
0.596618	0.49354	0.800814	
0.590248	0.49046	0.799232	
0.564624	0.431007	0.997699	
0.554406	0.403938	0.879128	
0.668088	0.426485	0.933327	
0.625704	0.43541	0.991807	
0.357607	0	0	
0.388026	0	0.0108974	
0.35755	0	0.0108974	
0.326537	0.000194151	0	
0.305725	0.0661934	0	
0.28583	0.134816	0	
0.313651	0.155947	0	
0.393838	0.159783	0	
0.446197	0.117933	0	
0.416975	0.0452797	0	
0.373425	0.1123	0.0727395	
0.350349	0.150492	0.0505913	
0.307444	0.15096	0.0159401	
0.308348	0.08601	0.0226805	
0.350377	0.047253	0.0601682	
0.372226	0.0711936	0.075576	
0.334942	0.169273	0.0159401	
0.445455	0.144311	0.00307052	
0.408173	0.140007	0.0377217	
0.328566	0.0202049	0.0226805	
0.440695	0.110097	0.0156741	
0.424014	0.0566395	0.0401983	
0.392955	0.0621517	0.065683	
0.407864	0.0314581	0.0560349	
0.387135	0.0405	0.0659279	
0.396337	0.0132577	0.0393376	
0.441438	0.0837189	0.0126036	
0.654863	0.383352	0.0777877	
0.724247	0.376586	0.0919832	
0.685495	0.482947	0.0596972	
0.614345	0.503827	0.0418303	
0.595088	0.458673	0.0490582	
0.592045	0.426629	0.117479	
0.620202	0.463597	0.158529	
0.669705	0.401913	0.187263	
0.680095	0.331692	0.173654	
0.665941	0.315983	0.154004	
0.627394	0.349236	0.126563	
0.712219	0.315029	0.110065	
0.598268	0.413791	0.0814763	
0.677632	0.309792	0.13523	
0.705863	0.306023	0.122419	
0.746092	0.434811	0.14759	
0.709661	0.367374	0.168261	
0.694852	0.481569	0.171875	
0.740347	0.504408	0.148137	
0.751631	0.492189	0.142854	
0.74595	0.456384	0.110991	
0.723737	0.347896	0.135801	
0.635488	0.535151	0.0386141	
0.664548	0.529099	0.0680121	
0.720236	0.5127	0.120958	
0.610218	0.506912	0.0746514	
0.584618	0.474313	0.117542	
0.713598	0.514472	0.124249	
0.589075	0.475588	0.0778677	
0.688466	0.310325	0.14633	
1	0.0419137	0.605889	
1	0	0.528436	
1	0.0388602	0.474613	
1	0.0801382	0.498224	
1	0.0831917	0.558194	
0.931177	0	0.477539	
0.937406	0	0.597941	
0.867694	0	0.591717	
0.856771	0	0.562973	
0.856622	0	0.520072	
0.861316	0	0.49972	
0.923501	0.0939365	0.522076	
0.984574	0.0848151	0.504903	
0.987494	0.0856526	0.611943	
0.922107	0.0948895	0.585547	
0.868082	0.102444	0.55722	
0.866873	0.10255	0.551234	
0.872331	0.101656	0.542986	
0.875767	0.00288397	0.59659	
0.925854	0.0466229	0.604446	
0.984574	0.0823973	0.498774	
0.86844	0.0829733	0.533472	
0.859829	0.0371	0.515388	
0.861493	0.00452604	0.50024	
0.864081	0.074998	0.566684	
0.859765	0.0312971	0.580345	
0.868658	0.0103336	0.591804	
0.858934	0.0663499	0.529087	
0.862826	0.0850324	0.538601	
0.860586	0.00744965	0.586931	
0.862257	0.0810968	0.559985	
0.858257	0.0536505	0.569449	
0.860455	0.00452604	0.502012	
0.853718	0.0233795	0.542146	
0.856024	0.0531825	0.555208	
0.856656	0.0571555	0.537785	
0.918551	0.849887	1	
0.832541	0.846251	1	
0.730836	0.800594	1	
0.74132	0.761729	1	
0.843192	0.788124	1	
0.914655	0.830774	0.971019	
0.896358	0.824684	0.920974	
0.870905	0.812018	0.901247	
0.812923	0.775625	0.946053	
0.766913	0.74564	0.994762	
0.833504	0.811234	0.90848	
0.744161	0.758931	0.987459	
0.764742	0.79454	0.949886	
0.828176	0.846718	0.914307	
0.797864	0.849957	0.957118	
0.718568	0.77502	0.992697	
0.855769	0.878673	0.913197	
0.888543	0.878498	0.942712	
0.916481	0.872681	0.986632	
0.872316	0.849614	0.906035	
0.912585	0.853568	0.95765	
0.397836	0.674763	0.836261	
0.477341	0.695077	0.829046	
0.491551	0.664096	0.800994	
0.484853	0.633241	0.779068	
0.441376	0.613166	0.776081	
0.382781	0.603579	0.785561	
0.343614	0.620846	0.810204	
0.329402	0.640974	0.829865	
0.490353	0.692292	0.859525	
0.351167	0.628785	0.849162	
0.444377	0.639312	0.877332	
0.516951	0.66774	0.885844	
0.516258	0.674742	0.880937	
0.364466	0.605007	0.856604	
0.362551	0.590138	0.836289	
0.408497	0.585457	0.813776	
0.473283	0.591948	0.8005	
0.503414	0.601766	0.803918	
0.517348	0.627158	0.834916	
0.523809	0.652258	0.868091	
0.519422	0.660501	0.88124	
0.427814	0.59525	0.790152	
0.363464	0.593786	0.809185	
0.486844	0.609865	0.78643	
0.342701	0.617197	0.837308	
0.509311	0.64108	0.800233	
0.526726	0.642868	0.822138	
0.525628	0.656384	0.833432	
0.506046	0.674643	0.827652	
0.519058	0.671858	0.85813	
0.517016	0.622172	0.81192	
0.527058	0.647853	0.845135	
0.519579	0.663673	0.879195	
0.20756	0.169181	0.107744	
0.231103	0.18686	0.160604	
0.215429	0.184334	0.174117	
0.190174	0.178425	0.186196	
0.15003	0.161637	0.166439	
0.110427	0.135133	0.0945678	
0.148286	0.141714	0.0644556	
0.177096	0.149482	0.0560856	
0.187592	0.169928	0.194957	
0.206947	0.142681	0.215146	
0.17836	0.0816448	0.202981	
0.116783	0.0802183	0.15411	
0.197275	0.172675	0.192862	
0.2501	0.154783	0.184503	
0.2442	0.121626	0.216771	
0.274246	0.110763	0.189222	
0.234487	0.178543	0.144309	
0.25704	0.135551	0.133904	
0.277587	0.0981156	0.138097	
0.279077	0.0977241	0.15675	
0.227763	0.160358	0.104239	
0.239698	0.129411	0.0974914	
0.268975	0.104605	0.127156	
0.200837	0.150996	0.0676742	
0.160916	0.0360539	0.158638	
0.231802	0.0647289	0.156776	
0.233754	0.0630388	0.124341	
0.265951	0.0990792	0.124735	
0.173272	0.114264	0.0699861	
0.186756	0.0592952	0.101736	
0.274563	0.09259	0.135676	
0.190779	0.0334446	0.12862	
0.151282	0.109152	0.0806835	
0.660587	0.457676	0.298255	
0.749198	0.496746	0.223344	
0.700463	0.460889	0.239549	
0.652164	0.43826	0.278062	
0.651659	0.448802	0.21105	
0.649463	0.435514	0.246201	
0.652081	0.4306	0.263633	
0.745729	0.499975	0.186289	
0.738545	0.50773	0.154836	
0.694793	0.48177	0.172526	
0.619565	0.503584	0.244235	
0.647387	0.458929	0.200679	
0.72055	0.540578	0.178832	
0.687291	0.580593	0.224675	
0.638677	0.581036	0.264659	
0.60663	0.574256	0.287723	
0.601665	0.55966	0.28499	
0.642213	0.565178	0.30745	
0.644539	0.4486	0.296248	
0.6211	0.498065	0.295272	
0.600943	0.560073	0.296403	
0.606375	0.572462	0.299042	
0.75192	0.567833	0.243469	
0.75307	0.555364	0.238944	
0.647138	0.439478	0.279515	
0.643256	0.450718	0.218818	
0.599734	0.546969	0.287376	
0.750831	0.555727	0.21574	
0.74593	0.52869	0.176481	
0.665426	0.582339	0.263081	
0.721279	0.59217	0.226253	
0.735228	0.584248	0.24012	
0.692725	0.589459	0.234607	
0.719421	0.592325	0.225771	
0.602648	0.572717	0.297235	
0.606404	0.574209	0.290941	
0.71274	0.583497	0.215455	
0.735227	0.570249	0.21089	
0.602957	0.572949	0.293175	
0	0.894724	0.745884	
0	0.877723	0.71179	
0	0.841733	0.737991	
0	0.858734	0.772085	
0.0372222	0.912146	0.779661	
0.0807669	0.887327	0.774135	
0.053039	0.830246	0.765641	
0.00949426	0.823618	0.765984	
0.0772576	0.937915	0.767413	
0.0767268	0.936176	0.777232	
0.0224648	0.913283	0.710688	
0.0602178	0.932444	0.734646	
0.0864239	0.894547	0.729907	
0.0655454	0.892322	0.697361	
0.0876751	0.855847	0.688348	
0.08958	0.854159	0.689197	
0.0936562	0.852737	0.693472	
0.0948224	0.890162	0.745463	
0.108234	0.837212	0.723869	
0.0964607	0.836444	0.747719	
0.103989	0.846794	0.707956	
0.0719594	0.848316	0.690235	
0.0288789	0.847733	0.700851	
0.0431654	0.819569	0.744785	
0.0865872	0.825767	0.726863	
0.0585869	0.838848	0.69278	
0.0633792	0.828799	0.708721	
0.0891892	0.854209	0.688892	
0.0743027	0.846239	0.690937	
0.08958	0.854018	0.68924	
0.213941	0.851478	0	
0.2184	0.855864	0	
0.232701	0.840104	0	
0.228242	0.835718	0	
0.246473	0.838317	0.0137548	
0.270363	0.831316	0.0405657	
0.294685	0.828474	0.076029	
0.283464	0.864823	0.126413	
0.255869	0.902834	0.152446	
0.207486	0.915894	0.0960121	
0.161361	0.927034	0.0397166	
0.181866	0.898046	0.0189555	
0.245563	0.887974	0.161777	
0.25799	0.900769	0.155055	
0.304659	0.81827	0.0986046	
0.285526	0.792727	0.107557	
0.268203	0.77771	0.117602	
0.237001	0.794628	0.146203	
0.206159	0.826083	0.177997	
0.219549	0.85823	0.175142	
0.194232	0.828648	0.160396	
0.213807	0.798105	0.154961	
0.228149	0.793573	0.0993824	
0.229344	0.816001	0.0288131	
0.162831	0.918399	0.0512619	
0.174135	0.879946	0.108311	
0.251857	0.787875	0.0869839	
0.291363	0.818238	0.0761974	
0.245565	0.835976	0.0137548	
0.244495	0.783409	0.13	
0.194077	0.845407	0.167229	
0.243748	0.888649	0.161089	
0.253098	0.903139	0.152422	
0.163651	0.918623	0.0530677	
0.206313	0.809324	0.171164	
0.255219	0.901074	0.155031	
0.485474	0.379407	0.18159	
0.457638	0.361208	0.174508	
0.438643	0.320379	0.188444	
0.440248	0.270333	0.222606	
0.495737	0.279911	0.254363	
0.545895	0.327671	0.257236	
0.526585	0.362989	0.220651	
0.541687	0.3126	0.263568	
0.46223	0.222178	0.223315	
0.497474	0.198447	0.195335	
0.53139	0.255942	0.226085	
0.588535	0.303298	0.217502	
0.561391	0.312153	0.247157	
0.521525	0.199459	0.188154	
0.530564	0.201465	0.182323	
0.567573	0.249093	0.190599	
0.476016	0.194598	0.186822	
0.433854	0.286798	0.18774	
0.455962	0.240127	0.163644	
0.476114	0.196464	0.157472	
0.477741	0.192205	0.16733	
0.438646	0.281628	0.172435	
0.450343	0.314435	0.153836	
0.459881	0.349636	0.142158	
0.452973	0.35041	0.161462	
0.457955	0.272375	0.146306	
0.478828	0.286448	0.117563	
0.481633	0.311682	0.11224	
0.480013	0.316453	0.114104	
0.469596	0.333279	0.126957	
0.481725	0.205147	0.138762	
0.482481	0.23568	0.124116	
0.565598	0.327224	0.240824	
0.589088	0.298621	0.167175	
0.579182	0.304985	0.129087	
0.539617	0.345427	0.159242	
0.463624	0.364543	0.159436	
0.481084	0.31855	0.114013	
0.52821	0.309967	0.117462	
0.574607	0.305622	0.125335	
0.491039	0.209549	0.124481	
0.487386	0.260317	0.117928	
0.482709	0.313972	0.112131	
0.493583	0.208908	0.123669	
0.521088	0.226407	0.124928	
0.562631	0.270639	0.125074	
0.574875	0.3005	0.123458	
0.536174	0.203947	0.16634	
0.54087	0.224251	0.140779	
0.57945	0.299862	0.127211	
0.500067	0.19561	0.179642	
0.516115	0.201679	0.145985	
0.488178	0.195793	0.149656	
0.496333	0.203835	0.130134	
1	0.142966	0.633611	
1	0.201488	0.629259	
1	0.237516	0.680901	
1	0.202305	0.742323	
1	0.14492	0.752974	
1	0.119062	0.720086	
1	0.120823	0.666974	
0.954788	0.141042	0.665967	
0.991555	0.147023	0.63076	
0.958131	0.250871	0.676323	
0.904815	0.220658	0.724705	
0.893512	0.179546	0.730657	
0.910062	0.164852	0.712652	
0.916518	0.261127	0.720504	
0.958387	0.247773	0.725082	
0.910158	0.23208	0.736019	
0.903706	0.20308	0.749644	
0.951935	0.186459	0.753316	
0.934794	0.14752	0.744954	
0.910826	0.181962	0.747291	
0.993068	0.119204	0.748019	
0.968971	0.126301	0.746023	
0.939136	0.14232	0.719935	
0.991555	0.127427	0.639941	
0.993068	0.118418	0.719088	
0.910679	0.166427	0.742042	
0.898617	0.175481	0.734832	
0.894495	0.181791	0.734376	
0.899582	0.193415	0.743744	
0.8996	0.177726	0.738551	
0.80083	0.87735	0.343575	
0.823086	0.868147	0.273855	
0.841512	0.807778	0.244437	
0.825981	0.774997	0.314122	
0.804855	0.797842	0.372733	
0.798129	0.839827	0.372768	
0.808804	0.835704	0.209746	
0.806686	0.792764	0.226614	
0.782541	0.751282	0.24697	
0.743805	0.76136	0.250222	
0.724684	0.772089	0.249619	
0.765539	0.804952	0.229499	
0.799424	0.8515	0.213038	
0.781959	0.872919	0.220424	
0.744865	0.883752	0.236949	
0.714978	0.887753	0.250378	
0.703379	0.88355	0.255729	
0.6866	0.873459	0.263566	
0.674656	0.848724	0.26957	
0.696586	0.801852	0.260779	
0.824995	0.76143	0.253673	
0.805621	0.750411	0.244961	
0.825176	0.838948	0.218845	
0.840628	0.842944	0.227955	
0.815796	0.854744	0.222137	
0.789596	0.903673	0.324154	
0.765426	0.907396	0.295477	
0.764936	0.890084	0.243346	
0.765623	0.747366	0.343176	
0.788194	0.748167	0.288034	
0.785705	0.76464	0.371044	
0.762147	0.750273	0.365738	
0.765114	0.749038	0.290044	
0.744313	0.759689	0.303355	
0.720245	0.790879	0.354684	
0.760052	0.753698	0.37541	
0.666274	0.836751	0.293284	
0.672399	0.834753	0.323781	
0.736991	0.894504	0.255885	
0.784891	0.877893	0.35983	
0.773054	0.904144	0.341134	
0.773187	0.913884	0.329398	
0.705618	0.886225	0.258492	
0.748878	0.90749	0.331578	
0.720525	0.899714	0.331642	
0.696696	0.88726	0.28562	
0.672797	0.839792	0.326924	
0.779202	0.7869	0.377099	
0.749347	0.897822	0.342588	
0.665498	0.860587	0.319832	
0.664401	0.85677	0.320242	
0.695962	0.882442	0.262954	
0.673465	0.86561	0.290679	
0.663111	0.848243	0.317514	
0.66537	0.860509	0.31975	
0.322464	0.355929	0.838458	
0.340933	0.328541	0.775204	
0.37215	0.324073	0.729879	
0.412457	0.37004	0.747547	
0.428396	0.406895	0.782038	
0.393536	0.410266	0.830268	
0.356807	0.401831	0.863432	
0.332892	0.37988	0.860788	
0.349323	0.348381	0.730932	
0.329598	0.401022	0.758356	
0.316582	0.413332	0.793768	
0.314217	0.406092	0.807521	
0.312854	0.383545	0.829633	
0.318142	0.354684	0.833667	
0.31788	0.418814	0.787003	
0.316177	0.414863	0.795931	
0.368504	0.401493	0.739518	
0.370601	0.363038	0.730702	
0.435095	0.40654	0.764802	
0.407105	0.411098	0.755838	
0.347774	0.387347	0.731755	
0.31779	0.420892	0.789711	
0.349711	0.431594	0.787471	
0.38623	0.439496	0.779346	
0.386757	0.425148	0.760702	
0.316476	0.365532	0.851711	
0.411492	0.423192	0.76914	
0.319798	0.423299	0.796187	
0.340181	0.435071	0.818541	
0.370094	0.443367	0.809826	
0.317523	0.41398	0.807233	
0.393805	0.421087	0.825798	
0.368898	0.421499	0.857319	
0.354606	0.41489	0.857599	
0.361549	0.440891	0.842543	
0.366696	0.434558	0.851486	
0.705026	1	0.04285	
0.772131	1	0.0991269	
0.865957	1	0.105807	
0.897066	1	0.0495304	
0.805525	1	0	
0.718455	0.954341	0	
0.88421	0.970863	0	
0.835585	0.915047	0	
0.78665	0.883295	0	
0.748204	0.893453	0	
0.865242	0.961086	0.0921671	
0.85561	0.98446	0.105306	
0.713807	0.959826	0.0620558	
0.745683	0.90117	0.0305757	
0.787239	0.889693	0.0312504	
0.834385	0.924975	0.0630188	
0.727235	0.914167	0.0192058	
0.880046	0.98446	0.0985592	
0.766652	0.880455	0.0113699	
0.862733	0.947489	0.0431383	
0.807237	0.892533	0.0198805	
0.418722	0.287147	0	
0.374239	0.311408	0	
0.37013	0.36524	0	
0.438521	0.299944	0.0927924	
0.475286	0.306912	0.0735288	
0.382784	0.280939	0.0257207	
0.425456	0.352264	0.115997	
0.389267	0.331895	0.094304	
0.481611	0.311828	0.112189	
0.46385	0.338488	0.120607	
0.361915	0.323507	0.0304476	
0.40316	0.351182	0.107722	
0.41511	0.384453	0.0981522	
0.425492	0.415326	0.0873502	
0.485694	0.322308	0.0988247	
0.426917	0.355011	0.11694	
0.449214	0.356094	0.125214	
0.437308	0.385684	0.106413	
0.287321	0.8574	0.313945	
0.270623	0.824759	0.271464	
0.325141	0.840116	0.240333	
0.364754	0.873741	0.259544	
0.340955	0.879686	0.296684	
0.261256	0.77853	0.337005	
0.258332	0.810098	0.322263	
0.286934	0.771687	0.259556	
0.288917	0.728976	0.285856	
0.27553	0.75048	0.312507	
0.369349	0.865491	0.248277	
0.383837	0.837176	0.271433	
0.394214	0.788922	0.303714	
0.363153	0.744219	0.31321	
0.310857	0.725366	0.297549	
0.28661	0.76168	0.362778	
0.2727	0.773142	0.349202	
0.324961	0.874896	0.325734	
0.33424	0.828917	0.354503	
0.327996	0.780563	0.375922	
0.303639	0.767777	0.369046	
0.272099	0.767394	0.347529	
0.283542	0.762007	0.359725	
0.301639	0.721207	0.303121	
0.310323	0.725378	0.335966	
0.297871	0.745785	0.35711	
0.285755	0.758528	0.359286	
0.361832	0.825664	0.336268	
0.348467	0.8701	0.319988	
0.342755	0.784106	0.374543	
0.353763	0.781843	0.367833	
0.323579	0.717596	0.314814	
0.372715	0.87122	0.295122	
0.372124	0.877	0.277598	
0.374783	0.864208	0.253513	
0.38406	0.849837	0.269876	
0.393114	0.822806	0.287796	
0.380733	0.872927	0.281425	
0.386351	0.853977	0.282337	
0.376213	0.77494	0.339758	
0.288823	0.758201	0.362339	
0.378797	0.868384	0.268607	
0.310234	0.742181	0.356786	
0.331701	0.764744	0.365941	
0.316942	0.761201	0.367321	
0.996121	0.328314	0.287549	
0.865751	0.312683	0.401627	
0.929702	0.327646	0.353107	
0.87075	0.382698	0.311045	
0.941038	0.354023	0.295599	
0.847764	0.334568	0.418153	
0.829614	0.344987	0.416792	
0.828276	0.357538	0.395781	
0.842767	0.37707	0.347442	
0.865807	0.334276	0.272247	
0.847594	0.357214	0.287941	
0.82913	0.35258	0.326952	
0.813439	0.335619	0.370894	
0.823606	0.312609	0.370588	
0.869091	0.366127	0.292668	
0.81881	0.336439	0.39944	
0.829352	0.344134	0.417634	
0.849253	0.373785	0.306318	
0.826512	0.346355	0.416373	
0.822644	0.355865	0.368076	
0	0.635537	0.68957	
0	0.612921	0.713194	
0	0.626183	0.728518	
0	0.662796	0.740865	
0	0.681054	0.719426	
0	0.667058	0.683455	
0.0387092	0.659777	0.656619	
0.0920052	0.669775	0.693769	
0.153975	0.642541	0.712287	
0.133523	0.604895	0.676561	
0.0734509	0.615645	0.648672	
0.0406069	0.643294	0.647249	
0.130482	0.676356	0.739927	
0.0812932	0.690135	0.766016	
0.0284774	0.697429	0.765269	
0.011868	0.689688	0.726554	
0.0262068	0.675812	0.681143	
0.0321644	0.651074	0.760048	
0.0971903	0.637715	0.783803	
0.130311	0.61257	0.784384	
0.130809	0.610433	0.783289	
0.12635	0.573879	0.758128	
0.112226	0.537254	0.728146	
0.0513997	0.574063	0.721194	
0.125214	0.647756	0.771132	
0.167315	0.605009	0.70926	
0.149753	0.60271	0.748982	
0.131404	0.611119	0.783014	
0.0532691	0.680093	0.778687	
0.00737275	0.691393	0.750419	
0.0947016	0.585735	0.652432	
0.0989179	0.556866	0.676903	
0.120204	0.539337	0.709925	
0.14978	0.568321	0.718153	
0.038	0.585588	0.69331	
0.103077	0.535919	0.712147	
0.0896776	0.547078	0.691028	
0.0169977	0.654043	0.660294	
0.0826388	0.56721	0.667172	
0.068248	0.60641	0.650387	
0.00449525	0.679349	0.69556	
0.131643	0.609506	0.78212	
0.126972	0.540175	0.727024	
0.0894987	0.576499	0.654147	
0.105736	0.536765	0.700764	
0.475655	0.759996	0.787148	
0.565675	0.752635	0.78439	
0.590019	0.767745	0.810702	
0.523192	0.794836	0.846971	
0.431103	0.79172	0.832947	
0.405288	0.774269	0.802785	
0.407727	0.771669	0.79891	
0.540662	0.749801	0.778921	
0.505855	0.727301	0.788232	
0.440848	0.737496	0.796459	
0.562019	0.746417	0.785496	
0.480366	0.694873	0.807238	
0.553192	0.704489	0.815035	
0.587032	0.749251	0.790965	
0.441285	0.799287	0.875621	
0.470411	0.748859	0.901284	
0.519655	0.710682	0.910114	
0.556987	0.747097	0.868839	
0.404567	0.772347	0.818245	
0.434664	0.738379	0.837602	
0.515839	0.685265	0.886974	
0.520297	0.702665	0.901096	
0.416794	0.783431	0.868042	
0.406612	0.775864	0.825367	
0.515628	0.699975	0.90489	
0.405892	0.773942	0.840827	
0.811004	0.82766	0.780783	
0.749643	0.852759	0.820062	
0.694951	0.919744	0.80197	
0.69592	0.953703	0.760461	
0.763744	0.894947	0.753958	
0.748193	0.838285	0.716841	
0.790133	0.832916	0.736514	
0.70252	0.949788	0.74914	
0.720973	0.896099	0.731698	
0.751059	0.828781	0.717171	
0.738351	0.808566	0.796677	
0.676555	0.798987	0.779909	
0.710134	0.813946	0.744673	
0.690123	0.841894	0.811361	
0.739	0.843195	0.717086	
0.741867	0.833692	0.717416	
0.705407	0.846287	0.733912	
0.691538	0.935749	0.750466	
0.677227	0.889368	0.752437	
0.673674	0.826541	0.761169	
0.684937	0.939664	0.761786	
0.488283	0	0.735141	
0.520432	0	0.750414	
0.550258	0	0.775329	
0.551036	0	0.790219	
0.486726	0	0.817123	
0.403358	0	0.818473	
0.386194	0	0.786847	
0.394841	0	0.763506	
0.442161	0	0.741871	
0.488418	0.000758508	0.734939	
0.452863	0.0282607	0.733246	
0.410925	0.0697241	0.736494	
0.431809	0.115562	0.773517	
0.477802	0.144289	0.813077	
0.520657	0.121289	0.821016	
0.558673	0.072335	0.811464	
0.565537	0.0350678	0.793218	
0.555481	0.0130738	0.775436	
0.53257	0.108503	0.831364	
0.567384	0.0406336	0.79921	
0.558106	0.0186396	0.796317	
0.420281	0.0259246	0.848864	
0.46654	0.0840866	0.848559	
0.502794	0.129603	0.830452	
0.476962	0.145186	0.818063	
0.429679	0.109718	0.829093	
0.40589	0.0618973	0.850431	
0.490881	0.142389	0.820103	
0.463882	0.147086	0.811037	
0.397192	0.0810723	0.74023	
0.38269	0.0602625	0.824785	
0.371172	0.0494385	0.803615	
0.382929	0.0639991	0.770841	
0.556945	0.0109137	0.788294	
0.564015	0.0295533	0.794392	
0.406075	0.0540689	0.736429	
0.389572	0.0577244	0.740215	
0.391263	0.0700081	0.740718	
0.562168	0.0239876	0.788401	
0.484091	0.000758508	0.733497	
0.392535	0.0388345	0.742597	
0.397393	0.0122678	0.747788	
0.376797	0.0242898	0.801471	
0.380159	0.0563064	0.770891	
0.391867	0.0122678	0.761251	
0.503707	0.371513	0.387052	
0.512012	0.308053	0.389551	
0.463325	0.259556	0.395698	
0.420102	0.285649	0.397734	
0.382946	0.325528	0.398622	
0.417864	0.362895	0.394086	
0.454559	0.381768	0.34764	
0.494975	0.360553	0.295913	
0.535425	0.346631	0.292263	
0.545924	0.350554	0.340926	
0.535226	0.34546	0.292441	
0.504677	0.312116	0.298296	
0.46128	0.262139	0.326663	
0.453382	0.248416	0.367344	
0.464867	0.257319	0.393025	
0.451669	0.265786	0.31788	
0.533426	0.345204	0.28684	
0.426291	0.353855	0.315697	
0.394842	0.306138	0.329436	
0.41032	0.265335	0.329414	
0.390109	0.330396	0.336941	
0.381252	0.33207	0.379697	
0.381764	0.327485	0.354495	
0.45879	0.254991	0.393608	
0.436822	0.247725	0.334969	
0.381009	0.306979	0.378055	
0.386246	0.289592	0.344783	
0.381523	0.324526	0.351966	
0.379325	0.324197	0.35881	
0.379074	0.310562	0.356602	
0.587411	0.370739	0	
0.574124	0.453248	0	
0.635112	0.389499	0	
0.691681	0.315855	0	
0.645739	0.301267	0	
0.586369	0.45099	0.0263648	
0.70538	0.31903	0.0476658	
0.714646	0.319313	0.0990888	
0.569918	0.381023	0.0524428	
0.58006	0.296811	0.0728295	
0.597553	0.286526	0.0203867	
0.594818	0.275608	0.0637342	
0.623739	0.274586	0.0928042	
0.665848	0.281163	0.101372	
0.693149	0.286624	0.101922	
0.697058	0.299829	0.0500064	
0.588128	0.345201	0.119004	
0.570055	0.308418	0.113885	
0.595102	0.272947	0.0919728	
0.585164	0.286231	0.110641	
0.618448	0.30902	0.136646	
0.709119	0.293967	0.107659	
0.713564	0.299492	0.11498	
0.715202	0.308529	0.104993	
0.621855	0.276967	0.0980819	
0.712776	0.304245	0.115969	
0.703578	0.301504	0.124266	
0.694102	0.291297	0.112404	
0.710071	0.298641	0.118141	
0.416749	0.848847	0.692784	
0.414829	0.873953	0.685222	
0.41093	0.903751	0.671214	
0.398549	0.898944	0.63309	
0.38539	0.86856	0.594184	
0.386058	0.853518	0.597218	
0.401891	0.843559	0.647001	
0.447363	0.895936	0.649419	
0.429057	0.907419	0.66555	
0.415697	0.910638	0.666229	
0.39729	0.87942	0.590543	
0.432403	0.88074	0.609777	
0.465534	0.875163	0.628886	
0.416981	0.851341	0.569549	
0.443612	0.830296	0.568688	
0.465484	0.847854	0.602104	
0.426181	0.878288	0.677827	
0.433527	0.833116	0.673457	
0.461131	0.841784	0.637966	
0.417704	0.903084	0.672944	
0.403728	0.827928	0.579761	
0.433775	0.811362	0.574454	
0.448688	0.814122	0.622096	
0.424602	0.823144	0.55579	
0.403037	0.841993	0.574913	
0.420707	0.816403	0.557456	
0.453041	0.820192	0.586234	
0.223361	0.209663	0.610073	
0.209941	0.190045	0.57864	
0.188329	0.221145	0.585539	
0.169545	0.262049	0.604264	
0.178903	0.280919	0.630945	
0.193429	0.290222	0.654022	
0.216245	0.25902	0.648234	
0.270567	0.248315	0.55901	
0.2542	0.22888	0.602936	
0.228157	0.266178	0.641792	
0.227584	0.320653	0.618237	
0.243734	0.341994	0.57391	
0.256611	0.32994	0.551791	
0.267378	0.292667	0.545668	
0.236315	0.22962	0.636567	
0.265852	0.21944	0.558797	
0.237405	0.201413	0.564635	
0.208087	0.295578	0.653459	
0.174952	0.255436	0.565401	
0.210813	0.192226	0.550341	
0.211384	0.20588	0.514855	
0.194277	0.237141	0.519377	
0.182671	0.280397	0.540657	
0.177264	0.28701	0.579521	
0.190715	0.311008	0.545677	
0.204369	0.327053	0.56256	
0.200307	0.31297	0.614898	
0.260401	0.211783	0.53986	
0.23225	0.202012	0.525421	
0.254373	0.210202	0.528946	
0.265116	0.240658	0.540074	
0.236898	0.344503	0.578611	
0.224278	0.342176	0.57471	
0.246341	0.347783	0.557117	
0.239505	0.350292	0.561818	
0.213442	0.2205	0.502111	
0.228307	0.279402	0.512149	
0.235839	0.33783	0.52656	
0.215071	0.330175	0.536889	
0.235743	0.342848	0.530021	
0.240268	0.347843	0.5428	
0.234308	0.216631	0.512676	
0.239207	0.336026	0.525273	
0.251888	0.326698	0.53518	
0.239111	0.341044	0.528734	
1	0.333242	0.355457	
1	0.345093	0.287565	
1	0.398513	0.308369	
1	0.435847	0.349236	
1	0.386491	0.396422	
0.974525	0.44682	0.362911	
0.932809	0.332201	0.425291	
0.849036	0.334932	0.422594	
0.828007	0.357179	0.41007	
0.889146	0.412557	0.380516	
0.998165	0.32905	0.287713	
0.864346	0.326733	0.422695	
0.874175	0.429202	0.325754	
0.917943	0.449149	0.336875	
0.947853	0.458508	0.353753	
0.83017	0.373486	0.392009	
0.84511	0.399489	0.354125	
0.936694	0.413379	0.296557	
0.906229	0.397214	0.300579	
0.987096	0.376643	0.289508	
0.960435	0.401866	0.293273	
0.907971	0.427275	0.310293	
0.857437	0.402716	0.323847	
0.96148	0.41562	0.301416	
0.973155	0.44761	0.340029	
0.987969	0.427977	0.318306	
0.975238	0.406032	0.299494	
0.830439	0.373844	0.37772	
0.999827	0.436093	0.329025	
0.976425	0.457909	0.272782	
0.97567	0.498734	0.216527	
0.97141	0.468312	0.157927	
0.967979	0.404217	0.150002	
0.971051	0.382762	0.235314	
0.967872	0.49204	0.235689	
0.93172	0.468673	0.232593	
0.916227	0.434473	0.25344	
0.937434	0.415551	0.28517	
0.952916	0.487408	0.216652	
0.920892	0.46869	0.198601	
0.899696	0.449955	0.214541	
0.960713	0.494102	0.19749	
0.914939	0.416175	0.215681	
0.916457	0.403046	0.15723	
0.949569	0.383318	0.16876	
0.897191	0.433388	0.174972	
0.90047	0.414433	0.154407	
0.941721	0.42477	0.129147	
0.907323	0.415259	0.145081	
0.923311	0.403871	0.147905	
0.145395	0.811315	0.334561	
0.138728	0.916555	0.27889	
0.117946	0.859082	0.25386	
0.111959	0.797558	0.263969	
0.113682	0.770866	0.278162	
0.118103	0.767743	0.2894	
0.126455	0.768607	0.308024	
0.065536	0.789274	0.292733	
0.0974966	0.807641	0.259705	
0.122784	0.904496	0.265282	
0.109711	0.926382	0.290115	
0.0464678	0.855426	0.342139	
0.0440352	0.807287	0.326649	
0.131688	0.928058	0.286267	
0.0996534	0.771248	0.278954	
0.085191	0.781331	0.27469	
0.139069	0.808452	0.337634	
0.129119	0.772098	0.316503	
0.129888	0.772138	0.315879	
0.0649524	0.842182	0.347915	
0.0568447	0.775584	0.310794	
0.0858245	0.763298	0.307265	
0.116612	0.767515	0.312913	
0.0854616	0.770756	0.280575	
0.0762866	0.766981	0.293383	
0.0994905	0.770373	0.279784	
0.119872	0.764059	0.303481	
0.123305	0.76759	0.311336	
0.110797	0.763007	0.307746	
0.239794	0.195346	0.66102	
0.230975	0.174598	0.667017	
0.184445	0.195202	0.701908	
0.157354	0.251972	0.72334	
0.175657	0.283401	0.710603	
0.211566	0.24738	0.683173	
0.18326	0.286406	0.713371	
0.259462	0.204529	0.668404	
0.27004	0.226313	0.7141	
0.224293	0.277988	0.745045	
0.197935	0.285921	0.728656	
0.237123	0.153599	0.697409	
0.22576	0.148875	0.760322	
0.173082	0.190478	0.764822	
0.257096	0.178376	0.671575	
0.276765	0.187559	0.678959	
0.275049	0.166025	0.69473	
0.261445	0.146416	0.715986	
0.267608	0.184833	0.738833	
0.262077	0.221103	0.766784	
0.21574	0.178565	0.795546	
0.259153	0.213794	0.771622	
0.178028	0.285973	0.717225	
0.221396	0.277492	0.746544	
0.387488	0.265236	0	
0.469035	0.236056	0	
0.471916	0.182245	0	
0.428016	0.215806	0	
0.441275	0.258968	0.105317	
0.481606	0.311635	0.112207	
0.481184	0.190897	0.0454451	
0.490778	0.203848	0.107244	
0.418766	0.217705	0.0909014	
0.462043	0.206841	0.111689	
0.380482	0.253468	0.0250467	
0.450242	0.193135	0.0684718	
0.467604	0.181894	0.0194644	
0.476872	0.190547	0.0649096	
0.330591	0.516911	0.34078	
0.33769	0.57151	0.365045	
0.379833	0.603009	0.396293	
0.41539	0.593438	0.408724	
0.421886	0.588239	0.409665	
0.43564	0.564453	0.406731	
0.445515	0.525197	0.396075	
0.417701	0.501962	0.374509	
0.363714	0.497403	0.348277	
0.354656	0.624584	0.364116	
0.33202	0.552053	0.316586	
0.343776	0.587369	0.274502	
0.357335	0.630008	0.280101	
0.362545	0.647767	0.321256	
0.397277	0.631155	0.361345	
0.423101	0.609856	0.393246	
0.410997	0.597701	0.407699	
0.337139	0.506575	0.325614	
0.338567	0.541717	0.30142	
0.363617	0.538389	0.284816	
0.428057	0.540201	0.302545	
0.430173	0.506395	0.355538	
0.455617	0.535509	0.40147	
0.46616	0.522383	0.396617	
0.456058	0.51207	0.391222	
0.437742	0.622003	0.377352	
0.389055	0.656053	0.288766	
0.422822	0.652759	0.289054	
0.436776	0.635322	0.337551	
0.388235	0.563861	0.253946	
0.363533	0.602408	0.252463	
0.381435	0.590409	0.245468	
0.386888	0.572879	0.250364	
0.42841	0.552553	0.293083	
0.475456	0.530759	0.34565	
0.475261	0.519244	0.354572	
0.416037	0.593715	0.408447	
0.445503	0.581396	0.403397	
0.469526	0.576738	0.395333	
0.456156	0.599993	0.384682	
0.465481	0.552451	0.398136	
0.476978	0.554511	0.337889	
0.385431	0.592116	0.245148	
0.401109	0.62302	0.253537	
0.432476	0.63543	0.280238	
0.466871	0.598302	0.319697	
0.479952	0.519175	0.384421	
0.491763	0.523078	0.372734	
0.487565	0.522271	0.364532	
0.484989	0.561835	0.381312	
0.49206	0.557285	0.355957	
0.44042	0.638181	0.297922	
0.493637	0.524994	0.371149	
0.49661	0.536257	0.370335	
0.381484	0.601465	0.243295	
0.414877	0.650008	0.27137	
0.492755	0.52464	0.373359	
0.191601	0.767369	0	
0.224356	0.746615	0	
0.220178	0.696153	0	
0.18695	0.712471	0	
0.170954	0.747933	0	
0.222886	0.790349	0.0288131	
0.157298	0.741306	0.057189	
0.168717	0.749028	0.136055	
0.208284	0.778315	0.149435	
0.254582	0.709122	0.035262	
0.280921	0.711493	0.0915155	
0.280016	0.746005	0.11478	
0.270067	0.776914	0.116697	
0.268553	0.777203	0.117958	
0.263164	0.701035	0.127687	
0.212153	0.697371	0.154746	
0.19093	0.738043	0.162178	
0.236115	0.688732	0.0438238	
0.18223	0.659452	0.0595627	
0.167571	0.650288	0.10976	
0.203699	0.669111	0.130192	
0.201712	0.675764	0.00856176	
0.139913	0.706145	0.117399	
0.153569	0.712772	0.0602098	
0.164426	0.685713	0.148442	
0.138958	0.672599	0.125339	
0.145121	0.659561	0.126713	
0.15672	0.652396	0.112585	
0.159834	0.653862	0.120342	
0.504151	0.81998	0.75527	
0.541192	0.848277	0.738007	
0.535159	0.850123	0.702023	
0.492373	0.820386	0.704241	
0.476806	0.808767	0.709856	
0.482551	0.810207	0.7249	
0.536874	0.829737	0.783563	
0.584658	0.877165	0.703873	
0.619365	0.885862	0.715283	
0.593085	0.85866	0.762117	
0.560551	0.822194	0.676668	
0.615686	0.87603	0.693652	
0.624793	0.858034	0.679537	
0.619156	0.83124	0.664404	
0.534965	0.77294	0.683378	
0.487928	0.797516	0.704335	
0.47683	0.808675	0.709681	
0.611484	0.793624	0.653828	
0.590049	0.766887	0.660537	
0.513471	0.796306	0.746719	
0.579303	0.804185	0.796261	
0.602375	0.770561	0.790778	
0.569266	0.772439	0.769529	
0.518824	0.783707	0.726328	
0.600615	0.753305	0.700208	
0.631866	0.748393	0.743377	
0.616658	0.75676	0.769747	
0.476513	0.808413	0.709949	
0.643732	0.867965	0.730625	
0.635197	0.883874	0.727327	
0.627637	0.77623	0.784343	
0.65299	0.779386	0.769318	
0.652217	0.818669	0.750388	
0.621629	0.764153	0.686142	
0.632195	0.750572	0.725813	
0.637007	0.851957	0.704466	
0.644511	0.76848	0.742639	
0.631518	0.874041	0.705696	
0.64192	0.762429	0.763311	
0.0746882	0.39821	0.244048	
0.0564972	0.423629	0.163904	
0.0277281	0.406796	0.111791	
0.0205746	0.36671	0.145815	
0.0265394	0.335717	0.201746	
0.0332583	0.322615	0.236207	
0.0480558	0.341559	0.24955	
0.0666812	0.369329	0.261209	
0.135332	0.398183	0.252284	
0.105346	0.407934	0.24239	
0.0610724	0.421923	0.0940018	
0.107738	0.406706	0.0957653	
0.133148	0.398661	0.175562	
0.0562072	0.385275	0.107199	
0.0469115	0.329919	0.18997	
0.0970438	0.307676	0.205243	
0.141718	0.32569	0.1644	
0.161729	0.347372	0.126514	
0.127097	0.368076	0.108281	
0.152217	0.377627	0.18605	
0.16699	0.357847	0.125592	
0.14792	0.378881	0.115103	
0.0521302	0.315562	0.222207	
0.129587	0.393107	0.263099	
0.0989291	0.383384	0.264757	
0.0895515	0.400402	0.0894095	
0.115826	0.323423	0.233156	
0.117958	0.364309	0.26701	
0.164474	0.351769	0.127355	
0.164245	0.35345	0.124751	
0.0958866	0.339972	0.264669	
0.0582325	0.331277	0.250756	
0.0715296	0.348966	0.261875	
0.518462	0.155274	0.597132	
0.543861	0.175161	0.552883	
0.562966	0.165939	0.567037	
0.584829	0.130079	0.632882	
0.560124	0.104154	0.688833	
0.527665	0.104355	0.695128	
0.512343	0.12023	0.667141	
0.594465	0.12939	0.56004	
0.575966	0.132033	0.518471	
0.553244	0.0924065	0.55303	
0.573116	0.0751325	0.626511	
0.613782	0.0968197	0.662977	
0.612409	0.11145	0.631066	
0.520325	0.0547581	0.594753	
0.507208	0.0646929	0.617767	
0.516764	0.0887598	0.66551	
0.527695	0.104158	0.695123	
0.60272	0.100516	0.673083	
0.613526	0.0968266	0.663387	
0.496218	0.0768489	0.614212	
0.477237	0.102767	0.580569	
0.482952	0.130648	0.60398	
0.527176	0.104261	0.695027	
0.471671	0.127931	0.565328	
0.497103	0.0680851	0.595981	
0.571668	0.134662	0.514698	
0.522193	0.134334	0.537625	
0.507182	0.152557	0.55848	
0.594262	0.141021	0.591275	
0.613632	0.0969684	0.663313	
0.573845	0.136064	0.5174	
0.559014	0.157533	0.53235	
0.569548	0.138694	0.513627	
0.54283	0	0.56218	
0.563541	0	0.526174	
0.602479	0	0.516529	
0.642266	0	0.562274	
0.657247	0	0.608921	
0.644285	0	0.633433	
0.584184	0	0.608972	
0.534603	0.0267936	0.582346	
0.622698	0.0483389	0.653137	
0.561999	0.00598871	0.524064	
0.574601	0.128903	0.514429	
0.575606	0.0729567	0.505138	
0.575463	0.0156552	0.497999	
0.662106	0.0744175	0.585774	
0.6611	0.0231648	0.595867	
0.627744	0.0415859	0.52224	
0.642021	0.0977139	0.538537	
0.657549	0.107381	0.568478	
0.576528	0.00598871	0.500599	
0.595041	0.052687	0.501431	
0.621371	0.0846065	0.509742	
0.631654	0.120658	0.611043	
0.652085	0.112801	0.628511	
0.63284	0.103594	0.648534	
0.655219	0.114028	0.599434	
0.656749	0.112877	0.569863	
0.61672	0.122958	0.542284	
0.658858	0.107592	0.575011	
0.657309	0.074677	0.627744	
0.663692	0.0427288	0.60943	
0.659839	0.019564	0.622483	
0.655441	0.112666	0.56333	
0.594707	0.106311	0.50906	
0	0.585907	0.513829	
0	0.653014	0.539057	
0	0.6365	0.469425	
0	0.568072	0.391887	
0	0.539058	0.398084	
0	0.540378	0.450395	
0.125393	0.622731	0.488139	
0.0993397	0.657184	0.493158	
0.0722894	0.658579	0.450333	
0.0887436	0.607382	0.406028	
0.116026	0.59965	0.440381	
0.0355301	0.610057	0.403844	
0.0467409	0.688759	0.514314	
0.0117646	0.689172	0.540271	
0.00178288	0.685436	0.541872	
0.127262	0.610151	0.512228	
0.121404	0.583485	0.510696	
0.0814947	0.559572	0.5155	
0.0238239	0.590511	0.528771	
0.0118203	0.688978	0.540425	
0.0735667	0.652283	0.525871	
0.12611	0.620902	0.504562	
0.0200192	0.692024	0.539075	
0.121607	0.582764	0.509916	
0.126584	0.611342	0.495387	
0.0990552	0.556657	0.394406	
0.0917486	0.529835	0.389188	
0.103743	0.54425	0.449691	
0.127504	0.606928	0.511525	
0.0314507	0.538302	0.386414	
0.0772925	0.52956	0.386751	
0.0766177	0.528398	0.389557	
0.115507	0.55932	0.509087	
0.0238239	0.555136	0.506609	
0.0292915	0.528888	0.399046	
0.0600024	0.527543	0.388712	
0.0615883	0.52785	0.387693	
0.0623282	0.528439	0.386356	
0.060169	0.527857	0.387949	
0.707754	0.26564	0	
0.725379	0.197746	0	
0.681149	0.165982	0	
0.614788	0.173376	0	
0.579673	0.201985	0	
0.575559	0.242475	0	
0.592889	0.281256	0	
0.631005	0.162882	0.00824248	
0.624968	0.187479	0.0403082	
0.643979	0.215766	0.0709232	
0.695286	0.222412	0.066813	
0.726419	0.197224	0.0279555	
0.607766	0.178637	0.00824248	
0.609061	0.231942	0.0721272	
0.579982	0.235954	0.0400615	
0.662396	0.277362	0.100332	
0.668153	0.250418	0.0897332	
0.594578	0.263818	0.083409	
0.677752	0.279919	0.102791	
0.728754	0.222877	0.0573459	
0.717017	0.257588	0.0793968	
0.727713	0.223399	0.0293903	
0.587985	0.275381	0.0203867	
0.838839	1	0.761182	
0.92677	1	0.737361	
0.877479	1	0.667384	
0.7965	1	0.657479	
0.754484	1	0.683383	
0.744069	1	0.701064	
0.746498	1	0.721802	
0.86907	0.918555	0.679315	
0.837722	0.919409	0.72923	
0.886626	0.944032	0.773281	
0.937298	0.951559	0.734437	
0.919261	0.932519	0.67141	
0.884439	0.925996	0.653454	
0.932204	0.97045	0.686344	
0.831431	0.987291	0.642691	
0.851335	0.951218	0.643695	
0.829	0.917865	0.680862	
0.84437	0.925305	0.655002	
0.793602	0.962923	0.749009	
0.799485	0.94098	0.663207	
0.76203	0.977992	0.680368	
0.743962	0.99839	0.701756	
0.931863	0.981109	0.785454	
0.806481	0.968916	0.651174	
0.779202	0.961226	0.662255	
0.771549	0.981625	0.665962	
0.744995	0.99839	0.697063	
0.833744	0.548108	0	
0.843491	0.512291	0	
0.839186	0.474221	0	
0.735269	0.501913	0	
0.689625	0.570035	0	
0.783795	0.578159	0	
0.779807	0.424394	0.0542412	
0.825548	0.439833	0.0185299	
0.634829	0.545753	0.00364904	
0.630949	0.540746	0.0102343	
0.685649	0.481468	0.0422966	
0.737989	0.428133	0.0762715	
0.82789	0.443778	0.0607311	
0.832188	0.474598	0.100392	
0.818276	0.488866	0.12522	
0.786919	0.489724	0.139125	
0.76071	0.484322	0.142526	
0.633156	0.536281	0.0257222	
0.841528	0.478167	0.0422012	
0.83053	0.545358	0.0466078	
0.820107	0.552207	0.101817	
0.823728	0.515572	0.113399	
0.822532	0.56582	0.0396554	
0.819318	0.56307	0.0862632	
0.781808	0.579289	0.0498056	
0.81127	0.536146	0.12117	
0.776844	0.514657	0.138828	
0.748866	0.502807	0.14529	
0.670299	0.535513	0.070707	
0.694396	0.569927	0.0311211	
0.740986	0.592256	0.00419656	
0.805819	0.50944	0.13299	
0.757944	0.494941	0.144962	
0.636219	0.53987	0.037732	
0.64197	0.546284	0.0404268	
0.633892	0.544052	0.0219039	
0.546556	0	0.470951	
0.491832	0	0.433304	
0.46922	0	0.387009	
0.52098	0	0.338777	
0.594425	0	0.341574	
0.59739	0	0.427452	
0.506789	0.0746513	0.367446	
0.554579	0.0637471	0.422808	
0.549504	0.0168288	0.478353	
0.499287	0.0137223	0.438787	
0.462913	0.0265292	0.39089	
0.46534	0.04054	0.375094	
0.567007	0.012278	0.485601	
0.55223	0.106142	0.351852	
0.558548	0.102604	0.342846	
0.590449	0.0528828	0.354988	
0.621562	0.00307938	0.369204	
0.597332	0.00315151	0.428159	
0.528902	0.00706294	0.464509	
0.462217	0.00665932	0.407582	
0.556642	0.097974	0.335697	
0.511201	0.0664831	0.351291	
0.572481	0.00251212	0.484937	
0.469916	0.0198699	0.370317	
0.556979	0.0907243	0.327361	
0.566756	0.0629672	0.318848	
0.571278	0.018056	0.311597	
0.622241	0.000639386	0.370675	
0.558885	0.095354	0.334509	
0.59832	0.020496	0.339326	
0.124363	0.297085	0.443776	
0.063981	0.337469	0.4931	
0.0538105	0.33345	0.523992	
0.0567619	0.328766	0.527238	
0.0992839	0.284165	0.526236	
0.164997	0.2228	0.508905	
0.194145	0.206794	0.477815	
0.185862	0.23246	0.442576	
0.115956	0.381318	0.47177	
0.0872546	0.355635	0.467301	
0.196289	0.26781	0.425071	
0.218827	0.2832	0.427054	
0.175602	0.338159	0.450228	
0.159261	0.310895	0.543771	
0.160108	0.250093	0.529135	
0.0598774	0.326487	0.529283	
0.0972908	0.322913	0.535296	
0.182879	0.368446	0.503818	
0.13231	0.393279	0.475663	
0.225396	0.285378	0.436506	
0.235064	0.309881	0.484682	
0.199166	0.209848	0.499147	
0.164962	0.318887	0.542857	
0.119876	0.391231	0.481345	
0.0802485	0.361106	0.503251	
0.057958	0.329331	0.527595	
0.224562	0.276647	0.431416	
0.225474	0.249856	0.448364	
0.209521	0.218956	0.460808	
0.103522	0.379271	0.477452	
0.231131	0.278825	0.440867	
0.21976	0.226005	0.480222	
0	0.675144	0.36704	
0	0.763989	0.333176	
0	0.748724	0.309911	
0	0.673464	0.287616	
0	0.598194	0.287702	
0	0.569153	0.304563	
0	0.556942	0.318882	
0	0.552216	0.353338	
0.0784597	0.720241	0.383797	
0.0788513	0.668243	0.401723	
0.00842072	0.762941	0.340495	
0.0435593	0.749852	0.359372	
0.118166	0.671805	0.382072	
0.149574	0.627442	0.373444	
0.127943	0.599403	0.388161	
0.14875	0.665439	0.331055	
0.154167	0.643621	0.355246	
0.0782588	0.74477	0.344808	
0.112548	0.718152	0.318893	
0.165441	0.614376	0.318789	
0.15134	0.656854	0.322903	
0.0760892	0.758335	0.310316	
0.0488531	0.745821	0.292175	
0.0395409	0.69586	0.27337	
0.0789296	0.616832	0.272811	
0.129462	0.571549	0.287571	
0.151861	0.575247	0.300671	
0.161201	0.587829	0.309179	
0.161234	0.639674	0.33068	
0.160214	0.573586	0.341466	
0.154927	0.594927	0.358354	
0.104766	0.529021	0.37369	
0.138941	0.550426	0.350557	
0.163727	0.585808	0.328266	
0.0236568	0.639244	0.276462	
0.0154115	0.575436	0.289839	
0.0693859	0.568788	0.283362	
0.109247	0.569135	0.277574	
0.0402289	0.766479	0.317638	
0.0156806	0.766912	0.336394	
0.0158841	0.730081	0.284525	
0.118274	0.559743	0.290893	
0.0154115	0.563625	0.303408	
0.0409573	0.541298	0.340292	
0.0985828	0.526333	0.357223	
0.121925	0.539215	0.32862	
0.00725988	0.767959	0.329075	
0.0724081	0.527383	0.373368	
0.157689	0.575608	0.32238	
0.138489	0.562157	0.30089	
0.116549	0.527123	0.356578	
0.188028	1	0.620354	
0.176493	1	0.623711	
0.186808	1	0.627758	
0.250314	0.975415	0.632408	
0.280348	0.899762	0.694851	
0.225695	0.895626	0.714648	
0.196945	0.899175	0.719676	
0.182567	0.931472	0.693472	
0.169366	0.971451	0.659697	
0.171189	0.990249	0.641478	
0.275814	0.887432	0.598103	
0.237076	0.885456	0.581911	
0.191773	0.927587	0.585356	
0.174814	0.980772	0.605486	
0.276285	0.889176	0.697316	
0.246986	0.883578	0.711747	
0.222439	0.852673	0.684036	
0.261595	0.850677	0.682573	
0.288445	0.848943	0.66536	
0.273125	0.848816	0.625759	
0.23413	0.850201	0.600527	
0.210294	0.852323	0.641592	
0.211014	0.880675	0.576377	
0.215343	0.864736	0.592543	
0.190603	0.870576	0.686882	
0.171665	0.910853	0.680677	
0.162043	0.941399	0.655439	
0.164918	0.951119	0.6217	
0.189902	0.918259	0.585482	
0.242495	0.873357	0.714316	
0.22105	0.885366	0.717258	
0.241869	0.87296	0.714517	
0.298033	0.850737	0.65902	
0.255338	0.866391	0.586595	
0.248933	0.852372	0.589044	
0.261185	0.861247	0.693177	
0.230145	0.866907	0.581061	
0.210764	0.888334	0.576047	
0.242279	0.86239	0.703912	
0.186339	0.894102	0.709176	
0.167893	0.948222	0.664972	
0.170911	0.957512	0.594791	
0.163516	0.964628	0.650163	
0.726804	0.241859	0.15584	
0.692598	0.250557	0.139601	
0.659693	0.194215	0.118399	
0.667555	0.129566	0.11673	
0.695822	0.103959	0.128562	
0.722166	0.159911	0.14647	
0.641033	0.130403	0.119113	
0.647325	0.190486	0.147854	
0.623194	0.132707	0.167369	
0.620109	0.113491	0.160976	
0.62558	0.107459	0.142174	
0.683116	0.220506	0.163253	
0.627238	0.14893	0.170218	
0.638299	0.160765	0.171768	
0.657071	0.103912	0.124795	
0.644557	0.159558	0.175135	
0.644416	0.130331	0.178857	
0.67255	0.113004	0.178024	
0.716379	0.163584	0.16689	
0.633952	0.148053	0.173848	
0.635714	0.112778	0.173413	
0.621206	0.114276	0.165554	
0.702265	0.108518	0.155131	
0.621708	0.110954	0.161749	
1	0.102949	0.185625	
1	0.067079	0.125806	
1	0.130678	0.0648544	
1	0.212384	0.113684	
1	0.179902	0.18446	
0.923225	0.120412	0.210286	
0.970088	0.144959	0.206349	
0.955548	0.0571615	0.182255	
0.906873	0.0526474	0.192969	
0.904461	0.0738879	0.200277	
0.887236	0.126397	0.144002	
0.896283	0.0860847	0.185272	
0.942758	0.170178	0.212646	
0.944626	0.197108	0.198815	
0.921492	0.198211	0.157946	
0.893624	0.176153	0.123546	
0.899157	0.0374956	0.17935	
0.885546	0.0316405	0.166992	
0.882981	0.0279262	0.137201	
0.889965	0.0271409	0.103682	
0.948921	0.045768	0.0863842	
0.885084	0.0589893	0.165606	
0.894933	0.0476522	0.18361	
0.886772	0.144469	0.102292	
0.883108	0.0572163	0.0999237	
0.884747	0.106352	0.086619	
0.959022	0.204232	0.197136	
0.991223	0.227234	0.177077	
0.977575	0.226345	0.183454	
0.890986	0.0592857	0.0931974	
0.979924	0.201226	0.0566563	
0.922606	0.163382	0.0716077	
0.95328	0.206637	0.0714944	
0.922892	0.198281	0.10494	
0.958308	0.216836	0.187906	
0.96458	0.21929	0.132127	
0.739511	0.831902	0	
0.719839	0.784926	0	
0.686263	0.736043	0	
0.613355	0.771347	0	
0.558127	0.824884	0	
0.650707	0.836556	0	
0.661808	0.731348	0.0332327	
0.633451	0.738643	0.0769667	
0.598746	0.75896	0.0858355	
0.568172	0.790006	0.0421016	
0.672305	0.748592	0.0927349	
0.706083	0.785822	0.0530881	
0.691138	0.817304	0.0620197	
0.647925	0.79931	0.10742	
0.656066	0.772598	0.104272	
0.736162	0.830014	0.0110846	
0.739426	0.83262	0.00147196	
0.576332	0.828279	0.0394485	
0.620026	0.811633	0.0918555	
0.689366	0.737428	0.0381743	
0.678802	0.739799	0.0816497	
0.739353	0.83149	0.00147196	
0.664912	0.732733	0.071407	
0.659487	0.755496	0.100899	
0.634523	0.752613	0.0953737	
0.648671	0.772876	0.106901	
0.64525	0.789977	0.110274	
0.585199	0.77745	0.0877022	
0.616173	0.786349	0.100862	
0.589655	0.800527	0.0850491	
0.770695	0.173085	0.590062	
0.759751	0.129683	0.612271	
0.758762	0.0828696	0.65565	
0.78305	0.0783903	0.703591	
0.808734	0.109201	0.719998	
0.79539	0.157082	0.649848	
0.73411	0.113701	0.71885	
0.794216	0.121875	0.728125	
0.764406	0.177199	0.5906	
0.714681	0.154672	0.618215	
0.672194	0.132981	0.647282	
0.683848	0.124208	0.672268	
0.732839	0.0898078	0.678635	
0.685045	0.118898	0.664547	
0.671083	0.130898	0.648301	
0.711582	0.112341	0.639129	
0.698417	0.112444	0.685768	
0.785526	0.0971186	0.736399	
0.761745	0.170077	0.59269	
0.672801	0.133216	0.644535	
0.670476	0.130663	0.651048	
0	0.0890915	0	
0	0	0.0108499	
0	0.0308066	0.0634328	
0	0.0763824	0.114792	
0	0.100336	0.121192	
0	0.124592	0.108709	
0	0.158923	0.0497255	
0.0151156	0	0	
0.0151156	0	0.0108499	
0.0640149	0.0179007	0	
0.0596845	0.193731	0	
0.123369	0.20582	0	
0.112584	0.119081	0	
0.0995971	0.0464621	0.013151	
0.0506978	0.059368	0.0657339	
0.108806	0.0997615	0.0485419	
0.0975428	0.143859	0.085718	
0.0299411	0.114012	0.116894	
0.121793	0.172381	0.0353909	
0.0943221	0.184441	0.0472817	
0.0276706	0.146592	0.100172	
0.027011	0.126261	0.112543	
0.176438	0.388211	0.818124	
0.224439	0.42983	0.827047	
0.263565	0.486228	0.791745	
0.244601	0.487476	0.754705	
0.222438	0.483406	0.721889	
0.193401	0.440539	0.750007	
0.178602	0.369757	0.865266	
0.193342	0.431913	0.900426	
0.226586	0.508558	0.909342	
0.252144	0.501624	0.843248	
0.236176	0.518435	0.802641	
0.188119	0.52633	0.841848	
0.139106	0.522354	0.830871	
0.127678	0.515503	0.803209	
0.164075	0.504723	0.753171	
0.215044	0.499572	0.725242	
0.235173	0.503695	0.7403	
0.253041	0.497602	0.77203	
0.229922	0.528113	0.860627	
0.235367	0.522676	0.881519	
0.153821	0.391223	0.791814	
0.140559	0.375851	0.818488	
0.15653	0.367477	0.852412	
0.171955	0.364395	0.872881	
0.217203	0.525772	0.875319	
0.1754	0.523989	0.85654	
0.119734	0.477331	0.792315	
0.210749	0.48941	0.724156	
0.12897	0.398279	0.807565	
0.116892	0.430349	0.807312	
0.226732	0.493568	0.722974	
0.136869	0.501945	0.871168	
0.130517	0.513942	0.841345	
0.201672	0.510426	0.905533	
0.177987	0.494591	0.919236	
0.149598	0.494921	0.895839	
0.207205	0.497487	0.931098	
0.188219	0.484902	0.934474	
0.166932	0.439908	0.920109	
0.155939	0.388182	0.895948	
0.15651	0.367954	0.883736	
0.165104	0.364747	0.876975	
0.15078	0.451595	0.895727	
0.122573	0.475769	0.830451	
0.12998	0.393054	0.832422	
0.146138	0.368632	0.867714	
0.152504	0.36869	0.883542	
0.200455	0.496259	0.93349	
0.165751	0.483234	0.92022	
0.141569	0.370626	0.843345	
0.155355	0.366346	0.880547	
0.879441	0.521414	0.765924	
0.907776	0.522706	0.753965	
0.932252	0.536379	0.740961	
0.930071	0.591206	0.730183	
0.907669	0.638159	0.72942	
0.880268	0.516234	0.796853	
0.922734	0.525755	0.828766	
0.950241	0.532227	0.785879	
0.8673	0.521558	0.833522	
0.848607	0.539562	0.815386	
0.98013	0.559002	0.839027	
0.993352	0.602165	0.842556	
0.979284	0.634936	0.788591	
0.948073	0.595924	0.740144	
0.930837	0.64326	0.723435	
0.942024	0.651528	0.728887	
0.955795	0.650682	0.737123	
0.840405	0.627189	0.807678	
0.864316	0.565138	0.856792	
0.868354	0.612103	0.873	
0.865024	0.624976	0.866742	
0.855949	0.631137	0.845706	
0.930367	0.591923	0.862571	
0.876138	0.666837	0.759232	
0.90791	0.671319	0.749495	
0.926009	0.658289	0.734471	
0.854154	0.649889	0.810916	
0.856995	0.664665	0.782047	
0.852359	0.661385	0.768141	
0.982376	0.628761	0.837343	
0.917759	0.628366	0.854777	
0.866217	0.667357	0.800907	
0.868013	0.648606	0.835697	
0.881806	0.671711	0.80378	
0.929855	0.654497	0.819184	
0.932965	0.660993	0.738198	
0.893863	0.67489	0.778523	
0.897842	0.675226	0.756512	
0.875534	0.669697	0.764212	
0.74193	1	0.629138	
0.72938	1	0.647267	
0.737511	1	0.685936	
0.759443	1	0.654818	
0.668957	0.913945	0.559469	
0.683765	0.88752	0.58894	
0.716352	0.928102	0.655318	
0.729699	0.984787	0.683126	
0.695033	0.962327	0.612831	
0.770337	0.886426	0.565797	
0.757663	0.877901	0.600078	
0.720106	0.877789	0.612205	
0.694851	0.899103	0.544279	
0.726691	0.901965	0.524157	
0.751892	0.897478	0.532247	
0.726554	0.996294	0.672804	
0.708187	0.977731	0.580378	
0.683746	0.951233	0.541398	
0.673418	0.939535	0.548314	
0.770977	0.911299	0.561075	
0.763954	0.964594	0.61002	
0.695359	0.943434	0.535492	
0.71895	0.916476	0.526201	
0.736455	0.977238	0.696347	
0.753542	0.95794	0.679101	
0.757051	0.907374	0.635783	
0.710288	0.916491	0.527265	
0.690934	0.938801	0.535216	
0.740794	0.987136	0.697153	
0.774239	0.939251	0.659453	
0.774851	0.909778	0.623747	
0.77606	0.946218	0.621164	
0.778633	0.949658	0.660118	
0.702547	0.931002	0.529309	
0.287724	0.914157	0.819794	
0.238613	0.8983	0.77226	
0.194351	0.875749	0.770102	
0.180053	0.863297	0.794855	
0.185996	0.856681	0.842649	
0.22895	0.871018	0.881916	
0.276642	0.89772	0.872408	
0.296531	0.910958	0.858084	
0.305696	0.91821	0.845807	
0.266237	0.89381	0.776622	
0.26761	0.874515	0.757771	
0.286051	0.868672	0.770372	
0.303656	0.892014	0.812744	
0.306701	0.918204	0.843316	
0.251859	0.868702	0.742089	
0.257785	0.873548	0.749854	
0.225261	0.8775	0.74315	
0.246959	0.868164	0.739747	
0.262106	0.869813	0.750324	
0.275564	0.811114	0.841299	
0.287336	0.828034	0.79212	
0.297072	0.856059	0.782195	
0.306265	0.916149	0.846518	
0.300664	0.904251	0.861484	
0.283184	0.852692	0.876582	
0.179714	0.862294	0.79603	
0.212837	0.846175	0.781405	
0.263195	0.8203	0.785594	
0.231488	0.831376	0.883729	
0.272704	0.857055	0.76183	
0.244086	0.848929	0.753278	
0.180322	0.863266	0.792801	
0.279034	0.893202	0.87491	
0.290325	0.899922	0.870699	
0.30526	0.916155	0.84901	
0.294328	0.894537	0.873059	
0	0.266673	0.280017	
0	0.263798	0.373701	
0	0.327363	0.408394	
0	0.374385	0.372969	
0	0.386493	0.353145	
0	0.383724	0.304807	
0	0.350626	0.246554	
0	0.311269	0.23422	
0	0.298582	0.238916	
0.0725266	0.31326	0.361607	
0.0246039	0.353008	0.380825	
0.0189468	0.383894	0.307895	
0.0496233	0.369453	0.264009	
0.0887758	0.322022	0.291246	
0.0485611	0.320877	0.404815	
0.0239572	0.342254	0.39696	
0.0189468	0.379486	0.26426	
0.0425954	0.310946	0.411891	
0.0294982	0.296255	0.421781	
0.01086	0.291011	0.427154	
0.0339596	0.248134	0.335713	
0.0818823	0.282422	0.336067	
0.0309586	0.322237	0.236997	
0.013821	0.310598	0.236064	
0.000241712	0.298577	0.238947	
0.0551957	0.270731	0.377904	
0.0398742	0.291638	0.410519	
0.0135793	0.32127	0.23375	
0.032096	0.286594	0.414347	
0.000241712	0.300597	0.236534	
0.427083	0.575743	0.895274	
0.454872	0.555383	0.865684	
0.401422	0.558211	0.833017	
0.363971	0.57468	0.84585	
0.36796	0.58447	0.872945	
0.481899	0.5649	0.901697	
0.492207	0.579828	0.904242	
0.437256	0.620256	0.900132	
0.380605	0.598111	0.890866	
0.383359	0.612023	0.889644	
0.444342	0.637898	0.892266	
0.450688	0.553231	0.821946	
0.499075	0.570204	0.882805	
0.508217	0.572568	0.846874	
0.486857	0.565111	0.822028	
0.377546	0.615119	0.877016	
0.516728	0.664461	0.888784	
0.460897	0.57648	0.804324	
0.470553	0.562592	0.810305	
0.368887	0.576549	0.830829	
0.518538	0.603693	0.873925	
0.357635	0.588269	0.851311	
0.505408	0.581079	0.816983	
0.503971	0.590501	0.802418	
0.487797	0.578304	0.804397	
0.500182	0.593771	0.800573	
0.507203	0.598496	0.805762	
0.527064	0.644582	0.876144	
0.526079	0.647932	0.865176	
0.52432	0.652108	0.871676	
0.838567	0.147314	0.237299	
0.81525	0.149598	0.19427	
0.851296	0.117342	0.178846	
0.902931	0.0971429	0.230941	
0.895692	0.116347	0.27034	
0.886911	0.126946	0.281917	
0.872479	0.136716	0.279121	
0.813474	0.146558	0.1946	
0.82336	0.146909	0.23292	
0.833577	0.139019	0.2707	
0.836903	0.114753	0.278201	
0.831779	0.0608263	0.246453	
0.820391	0.0351193	0.196716	
0.814661	0.0918118	0.187083	
0.832739	0.0272488	0.177702	
0.814567	0.14446	0.190736	
0.881308	0.0272027	0.164447	
0.863867	0.0179659	0.168569	
0.814157	0.151696	0.198134	
0.849983	0.142265	0.274774	
0.834821	0.141874	0.270328	
0.901119	0.086059	0.227894	
0.890516	0.123433	0.283122	
0.864248	0.108545	0.283382	
0.836646	0.0201776	0.191252	
0.882979	0.0280625	0.167445	
0.83579	0.138757	0.273389	
0.885632	0.126999	0.282917	
0.229438	1	0.952035	
0.13486	1	0.900113	
0.0406627	1	0.948078	
0.135241	1	1	
0.229779	0.925224	1	
0.246606	0.959098	1	
0.260723	0.99548	1	
0.0226337	0.982343	1	
0.131288	0.94395	1	
0.232063	0.984773	0.95363	
0.19062	0.947379	0.910755	
0.200999	0.919041	0.951934	
0.22785	0.924571	0.994809	
0.225615	0.922561	0.994809	
0.146047	0.922534	0.91138	
0.0744072	0.94679	0.954255	
0.200779	0.989292	0.905664	
0.0924362	0.964447	0.902333	
0.205656	0.64076	0.810558	
0.179242	0.654685	0.828524	
0.19033	0.687882	0.803369	
0.261297	0.663459	0.749239	
0.251075	0.625144	0.775907	
0.159235	0.692603	0.797731	
0.146092	0.736135	0.76268	
0.129835	0.706167	0.762415	
0.154827	0.633399	0.806866	
0.130199	0.612907	0.78479	
0.182121	0.618817	0.787111	
0.130458	0.612383	0.784589	
0.253181	0.613316	0.735863	
0.232362	0.602567	0.710051	
0.197888	0.598288	0.711966	
0.16525	0.697192	0.709105	
0.190846	0.726796	0.696767	
0.191596	0.730308	0.698324	
0.186006	0.733363	0.707927	
0.190423	0.677679	0.692668	
0.179147	0.623028	0.69585	
0.209719	0.616307	0.698557	
0.238375	0.657207	0.717688	
0.195216	0.729728	0.699425	
0.193793	0.731039	0.700223	
0.522298	0.385761	0.910572	
0.491707	0.357666	0.876095	
0.423957	0.348368	0.859149	
0.381407	0.369228	0.878478	
0.383798	0.379665	0.890424	
0.45694	0.386899	0.905572	
0.459175	0.335597	0.824289	
0.527798	0.391861	0.903324	
0.535175	0.413456	0.863403	
0.517963	0.415477	0.793333	
0.493479	0.399303	0.752986	
0.480953	0.384709	0.752026	
0.473663	0.374713	0.756146	
0.465521	0.357209	0.780493	
0.492225	0.431613	0.803489	
0.484909	0.459623	0.849714	
0.445087	0.458827	0.864101	
0.392816	0.449888	0.870766	
0.374357	0.437186	0.858345	
0.4364	0.403064	0.781195	
0.471297	0.395485	0.755776	
0.442602	0.454162	0.901079	
0.494867	0.426172	0.908032	
0.524349	0.393236	0.912699	
0.390565	0.392759	0.898029	
0.394039	0.415039	0.897444	
0.410351	0.442737	0.898034	
0.473636	0.456735	0.876938	
0.511467	0.443179	0.838761	
0.529848	0.399336	0.90545	
0.414053	0.456253	0.888242	
0.422168	0.352486	0.839694	
0.374038	0.377686	0.881161	
0.370421	0.396427	0.870854	
0.464006	0.385492	0.759895	
0.473655	0.374707	0.75615	
0.389115	0.436371	0.880558	
0.380805	0.390781	0.888766	
0.473662	0.374717	0.756145	
0.2006	0.70393	0.452485	
0.194684	0.691542	0.40524	
0.169818	0.722954	0.348072	
0.158891	0.767258	0.374609	
0.170001	0.770684	0.429728	
0.178194	0.762412	0.452083	
0.191519	0.731412	0.458728	
0.233812	0.699152	0.366375	
0.284525	0.73527	0.365548	
0.216523	0.762371	0.345595	
0.171353	0.772858	0.428248	
0.194134	0.774288	0.447039	
0.213932	0.774358	0.452805	
0.250895	0.768455	0.409279	
0.285654	0.762421	0.364004	
0.244351	0.709593	0.412067	
0.205222	0.701983	0.450932	
0.212163	0.739624	0.45377	
0.208961	0.704435	0.454575	
0.286926	0.761914	0.364967	
0.174871	0.771942	0.442312	
0.204339	0.706382	0.456128	
0.197456	0.764758	0.45681	
0.871029	0.798154	0.894004	
0.858663	0.73128	0.913374	
0.800557	0.708751	0.965423	
0.792302	0.81004	0.905615	
0.789688	0.779892	0.869164	
0.806054	0.755697	0.840549	
0.831415	0.758793	0.845161	
0.860201	0.765495	0.854239	
0.874979	0.779467	0.871602	
0.753004	0.752321	0.872475	
0.706574	0.758684	0.910253	
0.743258	0.786255	0.906942	
0.715366	0.769513	0.973263	
0.708903	0.768063	0.939082	
0.841163	0.700636	0.893071	
0.829489	0.74303	0.844646	
0.703413	0.746076	0.906291	
0.703543	0.742523	0.910789	
0.768769	0.705493	0.924472	
0.855269	0.74412	0.851313	
0.864581	0.762607	0.855369	
0.834159	0.670936	0.938898	
0.857195	0.759883	0.851828	
0.703455	0.742186	0.913746	
0.705653	0.755117	0.938077	
0.702824	0.743751	0.912064	
0	0.428241	0.246739	
0	0.488347	0.286767	
0	0.496836	0.278854	
0.0236344	0.449079	0.219016	
0.064492	0.492481	0.197342	
0.0814326	0.530899	0.201614	
0.0559864	0.554286	0.247842	
0.0623178	0.439421	0.212402	
0.0578898	0.382562	0.264494	
0.021885	0.402934	0.26057	
0.0626095	0.423842	0.298494	
0.0816818	0.494011	0.345351	
0.100574	0.499133	0.212464	
0.128132	0.439104	0.24376	
0.135079	0.400965	0.258627	
0.112279	0.441628	0.312662	
0.145212	0.41532	0.29063	
0.136581	0.398355	0.276724	
0.134444	0.463795	0.247525	
0.150075	0.434568	0.26958	
0.143763	0.409878	0.265816	
0.139027	0.502136	0.285047	
0.0945494	0.553167	0.242521	
0.12918	0.473951	0.324534	
0.149004	0.413016	0.279248	
0.255995	0.460677	0.355235	
0.218183	0.431684	0.322842	
0.19558	0.409716	0.309409	
0.170203	0.374941	0.307265	
0.169969	0.358457	0.327926	
0.22583	0.390435	0.389671	
0.287177	0.445981	0.431342	
0.298145	0.471401	0.418976	
0.294446	0.480893	0.400034	
0.284239	0.408929	0.434012	
0.239607	0.36849	0.382298	
0.181198	0.349996	0.337956	
0.313503	0.400397	0.413097	
0.288888	0.383511	0.351116	
0.239558	0.358893	0.303131	
0.210009	0.348671	0.311785	
0.185442	0.341382	0.328971	
0.251179	0.428773	0.3287	
0.219185	0.432156	0.323231	
0.308328	0.474699	0.379692	
0.305512	0.444731	0.355202	
0.216184	0.429748	0.320796	
0.264136	0.393865	0.320335	
0.205998	0.373769	0.300108	
0.336247	0.419411	0.396456	
0.33034	0.457091	0.380544	
0.336323	0.442125	0.391016	
0.317473	0.45718	0.409387	
0.33728	0.439143	0.395416	
0.174214	0.349843	0.318941	
0.335288	0.451125	0.389271	
0.336245	0.448143	0.393671	
0.316917	0.462364	0.40326	
0.812928	0.374314	0	
0.812742	0.374218	0	
0.812678	0.374375	0	
0.816062	0.39901	0.0185299	
0.788475	0.372701	0.00876429	
0.752406	0.398181	0.0444756	
0.783274	0.301999	0.126682	
0.818872	0.355424	0.154617	
0.821673	0.409826	0.177541	
0.771914	0.407241	0.168258	
0.739106	0.29339	0.115834	
0.825944	0.316709	0.103309	
0.863951	0.341842	0.0791572	
0.883095	0.393918	0.109517	
0.882265	0.420198	0.138989	
0.856049	0.406838	0.159938	
0.858847	0.358339	0.0551791	
0.826176	0.361385	0.0111564	
0.853794	0.453054	0.10233	
0.879462	0.430936	0.125623	
0.740438	0.343802	0.0564301	
0.842265	0.329621	0.0437114	
0.804699	0.298416	0.0910624	
0.847369	0.313125	0.0676895	
0.808078	0.428174	0.181873	
0.786688	0.458326	0.16287	
0.849463	0.463643	0.118319	
0.82244	0.438965	0.172674	
0.85666	0.434402	0.155394	
0.822671	0.470363	0.148929	
0.328737	0.693317	0.830096	
0.32755	0.64739	0.831214	
0.370447	0.755311	0.831881	
0.334806	0.737622	0.829423	
0.481209	0.650282	0.762005	
0.457513	0.676745	0.73421	
0.458836	0.701289	0.763318	
0.44031	0.701721	0.726117	
0.407332	0.771884	0.794195	
0.40348	0.774169	0.790707	
0.41847	0.740213	0.75577	
0.465568	0.631563	0.751532	
0.381537	0.607706	0.760943	
0.378385	0.628398	0.720401	
0.427804	0.642989	0.713804	
0.351386	0.610842	0.747994	
0.35263	0.606715	0.772611	
0.40471	0.774163	0.797544	
0.417071	0.681016	0.710631	
0.370988	0.67719	0.727314	
0.363639	0.732269	0.772999	
0.393896	0.76984	0.789132	
0.461925	0.648605	0.734469	
0.400153	0.650424	0.698059	
0.325975	0.640783	0.827478	
0.324123	0.647199	0.828827	
0.332573	0.69488	0.76606	
0.320867	0.666277	0.778277	
0.33259	0.625892	0.766875	
0.327882	0.713156	0.802557	
0.361005	0.752799	0.809605	
0.321119	0.642371	0.803764	
0.670607	0	0.931174	
0.648481	0	0.872566	
0.715106	0	0.820195	
0.762571	0	0.814829	
0.779802	0	0.819468	
0.795669	0	0.832379	
0.796586	0	0.871829	
0.782168	0	0.926035	
0.744117	0	0.945489	
0.622941	0.00387438	0.919936	
0.653879	0.0490014	0.838267	
0.634326	0.0981317	0.852029	
0.627983	0.0530046	0.886261	
0.762465	0.000775651	0.814806	
0.691762	0.0907524	0.843091	
0.762043	0.0530785	0.826471	
0.77152	0.0121031	0.816258	
0.767902	0.000775651	0.814375	
0.631338	0.0305892	0.923041	
0.646102	0.101983	0.886969	
0.649457	0.0795672	0.923748	
0.679004	0.0267148	0.934279	
0.762971	0.0486428	0.941199	
0.706636	0.101495	0.927526	
0.757075	0.0852211	0.852534	
0.755178	0.0972334	0.933511	
0.760312	0.0920607	0.901772	
0.78342	0.0113275	0.821351	
0.782524	0.0434701	0.855255	
0.774374	0.0485906	0.918346	
0.157377	0.645958	0.901475	
0.165829	0.649859	0.858207	
0.185825	0.585541	0.864678	
0.17582	0.567678	0.935497	
0.121521	0.578356	0.815112	
0.145071	0.627125	0.833343	
0.13445	0.536373	0.825004	
0.142154	0.64446	0.933578	
0.121817	0.649325	0.922436	
0.109039	0.646509	0.914022	
0.0962452	0.596414	0.894232	
0.0941488	0.536966	0.878669	
0.129446	0.509108	0.893339	
0.120512	0.543891	0.815746	
0.125169	0.529871	0.821613	
0.0886501	0.620779	0.857527	
0.106457	0.612292	0.832534	
0.150696	0.65566	0.877112	
0.121674	0.65463	0.893251	
0.101127	0.646776	0.892884	
0.0915843	0.633559	0.876875	
0.135473	0.654162	0.909215	
0.102148	0.643491	0.900434	
0.0839323	0.609338	0.862664	
0.0809181	0.577884	0.860739	
0.0826676	0.555028	0.868748	
0.0864792	0.605587	0.85489	
0.0998879	0.550124	0.839017	
0.108018	0.649794	0.906472	
0.103875	0.524766	0.880835	
0.117555	0.515401	0.868212	
0.124027	0.51058	0.883334	
0.619182	0.726811	0.328228	
0.6384	0.678002	0.363365	
0.641983	0.664862	0.379075	
0.639673	0.661331	0.396152	
0.623587	0.672331	0.434413	
0.581244	0.738581	0.450584	
0.569572	0.793667	0.371578	
0.587779	0.793093	0.301352	
0.591515	0.788748	0.296525	
0.598741	0.775411	0.298367	
0.571175	0.739203	0.310959	
0.531157	0.71424	0.379176	
0.507504	0.74108	0.437363	
0.548618	0.778778	0.372454	
0.589349	0.788	0.296069	
0.587534	0.775786	0.294402	
0.512567	0.706933	0.440408	
0.567453	0.700489	0.324301	
0.590998	0.671546	0.334927	
0.608166	0.644511	0.356364	
0.612106	0.635282	0.368268	
0.600765	0.631042	0.405121	
0.588494	0.628372	0.440569	
0.580392	0.63442	0.445943	
0.546589	0.667955	0.449196	
0.512039	0.765677	0.444068	
0.522849	0.774001	0.447109	
0.541939	0.787155	0.44408	
0.528631	0.7662	0.452834	
0.528948	0.739569	0.460574	
0.56256	0.698786	0.465915	
0.59418	0.670052	0.468118	
0.603037	0.676652	0.464443	
0.581147	0.729431	0.309718	
0.628838	0.687427	0.346388	
0.612607	0.726514	0.321554	
0.613416	0.669752	0.343254	
0.592366	0.784176	0.292883	
0.526365	0.711488	0.455741	
0.587225	0.65419	0.460785	
0.577317	0.6392	0.451801	
0.519686	0.759612	0.451946	
0.626575	0.652464	0.3698	
0.612924	0.644693	0.42373	
0.586407	0.632272	0.446662	
0.590287	0.652915	0.459854	
0.627514	0.64768	0.377543	
0.583331	0.637052	0.452521	
0.545707	0.919236	0.175328	
0.585548	0.930627	0.166373	
0.606344	0.919344	0.167406	
0.591906	0.842001	0.194902	
0.562754	0.774539	0.221038	
0.543009	0.775826	0.22318	
0.522169	0.844478	0.203151	
0.655836	0.893017	0.210006	
0.626301	0.908461	0.176704	
0.585917	0.778105	0.233375	
0.611851	0.781924	0.25089	
0.64283	0.80467	0.259541	
0.67102	0.85017	0.250679	
0.515044	0.847356	0.212126	
0.504969	0.916796	0.201811	
0.514016	0.920713	0.243345	
0.52674	0.919953	0.298703	
0.533801	0.861388	0.301117	
0.535898	0.797265	0.279078	
0.530425	0.785551	0.249402	
0.51046	0.91143	0.190162	
0.526753	0.780404	0.225116	
0.550011	0.925971	0.271926	
0.590102	0.932963	0.216212	
0.601924	0.935425	0.168998	
0.587338	0.933131	0.170005	
0.539522	0.925412	0.188637	
0.543241	0.919301	0.321063	
0.57423	0.927144	0.286839	
0.616983	0.925463	0.175547	
0.653515	0.895617	0.20968	
0.677613	0.871499	0.252351	
0.574208	0.93014	0.169848	
0.598678	0.933619	0.166531	
0.633695	0.912774	0.182378	
0.569802	0.771502	0.232877	
0.592965	0.775069	0.245214	
0.675656	0.87586	0.237308	
0.562301	0.799268	0.293288	
0.605709	0.82364	0.315534	
0.613873	0.866281	0.330647	
0.597707	0.887134	0.330957	
0.56054	0.78574	0.280497	
0.583661	0.77627	0.265909	
0.588054	0.782401	0.290508	
0.588237	0.793342	0.300268	
0.668155	0.827381	0.26835	
0.60884	0.785483	0.273857	
0.596513	0.785508	0.293237	
0.630604	0.814648	0.303753	
0.630264	0.854167	0.329239	
0.662632	0.854006	0.321334	
0.649422	0.854948	0.325123	
0.620696	0.867279	0.329644	
0.663526	0.857494	0.320919	
0.875236	0.83035	0.185904	
0.83455	0.790731	0.166609	
0.858059	0.749746	0.165569	
0.899935	0.757906	0.179205	
0.907368	0.804166	0.190176	
0.819845	0.75541	0.157983	
0.814076	0.790047	0.170772	
0.82878	0.825368	0.179398	
0.811567	0.830287	0.196339	
0.806099	0.732625	0.220907	
0.811789	0.734534	0.17858	
0.864173	0.717056	0.19875	
0.884638	0.730237	0.186505	
0.89084	0.740349	0.176642	
0.818475	0.711217	0.202362	
0.838848	0.709514	0.205082	
0.903079	0.839538	0.207544	
0.841535	0.843027	0.227785	
0.871283	0.843261	0.223493	
0.905128	0.757657	0.196725	
0.896767	0.820755	0.230358	
0.897881	0.74713	0.223347	
0.854257	0.771158	0.259763	
0.841678	0.842988	0.227904	
0.890506	0.73343	0.186356	
0.884777	0.726074	0.19347	
0.896172	0.735937	0.201127	
0.868755	0.73073	0.222888	
0.853527	0.739797	0.239557	
0.827618	0.717326	0.218831	
0.817358	0.738531	0.238963	
0.227353	0.839739	0.404675	
0.248454	0.933161	0.341134	
0.293931	0.909601	0.354631	
0.319814	0.853842	0.390642	
0.318185	0.81417	0.417261	
0.28717	0.811157	0.420819	
0.232457	0.812681	0.326223	
0.197548	0.853429	0.330092	
0.262718	0.804163	0.421808	
0.276353	0.78089	0.393133	
0.235061	0.847173	0.306191	
0.305949	0.88839	0.319304	
0.265656	0.908158	0.315951	
0.226423	0.909256	0.310964	
0.214456	0.879261	0.306563	
0.209186	0.849756	0.310151	
0.32539	0.881773	0.348186	
0.332006	0.792725	0.390473	
0.324073	0.806967	0.40994	
0.281412	0.912413	0.331529	
0.231437	0.927005	0.322087	
0.287976	0.801405	0.41825	
0.312428	0.808399	0.417261	
0.213219	0.905153	0.313134	
0.321756	0.785962	0.389502	
0.316667	0.800614	0.410539	
0.325766	0.798124	0.404053	
0.237604	0.240954	1	
0.237933	0.322056	1	
0.159599	0.386827	1	
0.140759	0.392287	1	
0.130118	0.380543	1	
0.14863	0.293983	1	
0.151375	0.374576	0.949034	
0.188652	0.328767	0.913577	
0.201881	0.233067	0.946743	
0.124403	0.373939	0.994143	
0.135452	0.378852	0.972986	
0.280363	0.262236	0.954208	
0.167326	0.373939	0.970191	
0.143649	0.387464	0.978843	
0.132562	0.383674	0.994143	
0.675243	0.129529	0.411009	
0.678352	0.0915595	0.451332	
0.695031	0.0892422	0.485566	
0.702739	0.0957011	0.494578	
0.733562	0.143492	0.510761	
0.757041	0.200729	0.504248	
0.718007	0.186783	0.441644	
0.69684	0.15419	0.559142	
0.718045	0.212413	0.537029	
0.691195	0.228533	0.517236	
0.629441	0.199503	0.50688	
0.572016	0.155376	0.506363	
0.704781	0.0976701	0.49774	
0.679829	0.10478	0.530465	
0.742672	0.197059	0.551592	
0.754441	0.193882	0.536323	
0.702173	0.0953359	0.494826	
0.659265	0.0841447	0.496799	
0.662852	0.0982382	0.423575	
0.636537	0.092258	0.464653	
0.599522	0.181167	0.409742	
0.6072	0.17422	0.406971	
0.636584	0.133078	0.414297	
0.572052	0.131722	0.511184	
0.569662	0.149541	0.492758	
0.584687	0.171897	0.44305	
0.692912	0.231607	0.499013	
0.644593	0.21561	0.466901	
0.603248	0.191388	0.424743	
0.613102	0.176197	0.405575	
0.654876	0.166346	0.400335	
0.746778	0.217352	0.490093	
0.722752	0.227694	0.499624	
0.683056	0.228781	0.50474	
0.574215	0.171809	0.496695	
0.590851	0.186677	0.466958	
0.620139	0.169659	0.403245	
0.704754	0.232389	0.509565	
0.701553	0.230554	0.517545	
0.572291	0.167186	0.485265	
0.720078	0.226451	0.519278	
0.741003	0.210067	0.535786	
0.738077	0.221756	0.509337	
0.569119	0.137482	0.511453	
0.271373	0.696065	0.482204	
0.245402	0.667196	0.45887	
0.244377	0.638018	0.47825	
0.262598	0.61509	0.525889	
0.309766	0.660415	0.573413	
0.34042	0.707737	0.591363	
0.318827	0.715557	0.54892	
0.215433	0.686244	0.485671	
0.252564	0.706905	0.486749	
0.280437	0.721913	0.546591	
0.256047	0.708012	0.584547	
0.219385	0.687962	0.542258	
0.288414	0.721279	0.506023	
0.229811	0.685006	0.464329	
0.241112	0.675412	0.459141	
0.333522	0.712405	0.592826	
0.302641	0.717515	0.591139	
0.20221	0.669592	0.519125	
0.223086	0.681579	0.580188	
0.206526	0.663249	0.559851	
0.198391	0.658024	0.537823	
0.217522	0.638317	0.519676	
0.241021	0.616196	0.500415	
0.23969	0.670511	0.460268	
0.279172	0.617349	0.556917	
0.252175	0.630071	0.566833	
0.231849	0.630267	0.539717	
0.223388	0.644957	0.577709	
0.215517	0.651944	0.579551	
0.204846	0.65696	0.559706	
0.276003	0.633764	0.573311	
0.29872	0.672327	0.59127	
0.331232	0.699887	0.593014	
0.247217	0.648651	0.584186	
0.212366	0.662145	0.578937	
0.324334	0.704556	0.594476	
0	0.40897	0.788862	
0	0.364342	0.728894	
0	0.31976	0.747293	
0	0.296747	0.79376	
0	0.317696	0.865511	
0	0.358853	0.910264	
0	0.403265	0.87185	
0.0472321	0.430995	0.820423	
0.038037	0.400778	0.749718	
0.0868015	0.422801	0.780519	
0.0959965	0.432239	0.799488	
0.10845	0.424033	0.804393	
0.096165	0.432192	0.799632	
0.0135771	0.367768	0.908359	
0.0491171	0.349607	0.915713	
0.0993587	0.347691	0.898077	
0.134282	0.362552	0.86671	
0.0320909	0.346579	0.729722	
0.0815189	0.401182	0.759287	
0.0755729	0.370832	0.747522	
0.0976973	0.43219	0.798872	
0.0178801	0.293869	0.789953	
0.0919567	0.347708	0.759755	
0.098551	0.317972	0.801417	
0.0565653	0.290953	0.814044	
0.0380256	0.349611	0.918597	
0.0682476	0.339375	0.919472	
0.0571561	0.339379	0.922357	
0.111522	0.378527	0.774765	
0.135814	0.365036	0.793047	
0.12764	0.352385	0.786777	
0.137493	0.374343	0.799314	
0.0178801	0.291589	0.809789	
0.0244485	0.340697	0.920502	
0.0800811	0.326867	0.897757	
0.0860587	0.304318	0.848242	
0.13888	0.366544	0.81222	
0.111192	0.335182	0.876362	
0.0974518	1	0.807696	
0.0987082	1	0.807634	
0.0994336	1	0.805019	
0.0885932	0.969121	0.788745	
0.137919	0.970831	0.78725	
0.181081	0.91923	0.75704	
0.154208	0.869363	0.73122	
0.116019	0.842005	0.718209	
0.0777053	0.96063	0.813998	
0.0877536	0.967241	0.859003	
0.101556	0.896203	0.863831	
0.09783	0.84281	0.810907	
0.0888463	0.993575	0.828125	
0.114017	0.916158	0.880571	
0.147195	0.872132	0.884922	
0.168022	0.900471	0.825155	
0.131797	0.829687	0.760326	
0.111352	0.83117	0.730074	
0.123825	0.842954	0.868572	
0.141534	0.840131	0.880218	
0.145356	0.834403	0.83431	
0.183837	0.880533	0.768082	
0.170398	0.859413	0.839264	
0.161124	0.85789	0.880605	
0.163353	0.845821	0.791852	
0.119136	0.835962	0.724414	
0.14014	0.841774	0.882756	
0.137347	0.863849	0.886522	
0.153885	0.849417	0.881593	
0.145203	0.840882	0.880817	
0.143809	0.842524	0.883355	
0.647351	0.139013	0	
0.730692	0.160458	0	
0.696894	0.133489	0	
0.700809	0.100295	0.117455	
0.656761	0.190388	0.0943817	
0.73587	0.207216	0.0588548	
0.748285	0.168368	0.0711557	
0.735712	0.119963	0.096506	
0.623167	0.15919	0.0902529	
0.624655	0.107886	0.121394	
0.629739	0.104477	0.126796	
0.622192	0.138597	0.0476801	
0.620391	0.110308	0.0976248	
0.652024	0.103119	0.0250216	
0.645034	0.0862706	0.0540278	
0.631547	0.0978789	0.0684438	
0.74074	0.0934769	0.0861102	
0.73162	0.0936842	0.0964538	
0.720267	0.095705	0.109644	
0.755828	0.126923	0.07501	
0.757639	0.110049	0.0699606	
0.748884	0.101071	0.0782575	
0.646457	0.0834374	0.0619732	
0.651876	0.0792507	0.0755615	
0.653487	0.0784113	0.0856781	
0.641185	0.0913462	0.106291	
0.74402	0.142115	0.0106376	
0.649302	0.0834934	0.0547493	
0.695989	0.0873169	0.0727782	
0.757043	0.111928	0.0652456	
0.753997	0.126425	0.0406762	
0.687975	0.0861908	0.0964778	
0.650724	0.0806601	0.0626948	
0.697132	0.0859048	0.0856541	
0.747049	0.165991	0.0415369	
0.757663	0.113315	0.0647921	
0.475193	0.878156	0.727725	
0.480413	0.928327	0.687166	
0.459809	0.935096	0.660053	
0.446617	0.919386	0.661015	
0.416059	0.849133	0.694197	
0.420994	0.831888	0.714972	
0.439089	0.826582	0.738199	
0.431502	0.924199	0.666439	
0.446001	0.948816	0.675943	
0.453764	0.965893	0.70723	
0.421799	0.918441	0.732146	
0.38649	0.861344	0.728179	
0.399191	0.877292	0.698744	
0.474824	0.956338	0.735985	
0.477501	0.905567	0.748854	
0.426436	0.862915	0.746637	
0.389497	0.859546	0.738422	
0.4011	0.85053	0.707867	
0.386123	0.856445	0.719706	
0.449063	0.936166	0.661905	
0.496194	0.930231	0.728796	
0.456501	0.853491	0.747782	
0.456747	0.947746	0.674091	
0.393659	0.846794	0.738115	
0.411225	0.828008	0.735124	
0.391331	0.84665	0.728019	
0.806684	1	0.487143	
0.75289	1	0.45646	
0.685622	1	0.481656	
0.681909	1	0.538162	
0.74595	1	0.516702	
0.704395	0.986838	0.436347	
0.71566	0.96138	0.476157	
0.702103	0.967055	0.523489	
0.680592	0.992513	0.535821	
0.8044	0.992736	0.487611	
0.788632	0.960003	0.481872	
0.74516	0.94181	0.494267	
0.687125	0.992513	0.540184	
0.742421	0.954105	0.461291	
0.807627	0.992736	0.483875	
0.311561	0.399931	0.813926	
0.295469	0.38088	0.825198	
0.232756	0.369654	0.846435	
0.267341	0.484238	0.795692	
0.295719	0.45429	0.798696	
0.181985	0.405596	0.75843	
0.253892	0.388916	0.771767	
0.223394	0.413208	0.710117	
0.207805	0.41133	0.725092	
0.280683	0.426248	0.743662	
0.312223	0.40322	0.809101	
0.231583	0.420509	0.702968	
0.240323	0.430018	0.697725	
0.26617	0.485413	0.791325	
0.279545	0.438776	0.745429	
0.233897	0.471831	0.711318	
0.241347	0.436052	0.695908	
0.239894	0.448032	0.697131	
0.221371	0.461601	0.711709	
0.209955	0.426658	0.720133	
0.227972	0.440877	0.698764	
0.225822	0.42555	0.703723	
0.236398	0.43267	0.69546	
0.237422	0.438703	0.693642	
0.233655	0.437636	0.69474	
1	0.212363	0.809638	
1	0.190131	0.879848	
1	0.0966496	0.85547	
1	0.093809	0.781302	
0.927826	0.177361	0.904324	
0.908484	0.221688	0.86222	
0.890177	0.26268	0.819006	
0.896904	0.232909	0.783504	
0.934459	0.118829	0.767395	
0.95301	0.0727322	0.795263	
0.941993	0.121309	0.852766	
0.99341	0.258182	0.863329	
0.938619	0.262806	0.841609	
0.890177	0.263437	0.818106	
0.957107	0.245836	0.877245	
0.926973	0.205475	0.896955	
0.950546	0.153603	0.904146	
0.985995	0.129461	0.900365	
0.966225	0.10009	0.853971	
0.957672	0.0677961	0.802591	
0.908949	0.246468	0.855445	
0.89046	0.262681	0.82071	
0.89046	0.263438	0.819809	
0.98023	0.0672789	0.809076	
0.954096	0.0821888	0.783819	
0.95443	0.11088	0.761377	
0.971595	0.103139	0.762375	
0.561885	0.584178	0.65462	
0.525077	0.587996	0.657035	
0.495139	0.587345	0.681715	
0.498016	0.577465	0.73948	
0.521054	0.568597	0.777148	
0.554986	0.57466	0.716969	
0.542732	0.679571	0.709937	
0.542635	0.670718	0.698804	
0.523286	0.642271	0.678049	
0.495563	0.616582	0.66739	
0.473883	0.615769	0.683462	
0.458355	0.630951	0.714933	
0.505273	0.667965	0.724789	
0.582408	0.585618	0.656769	
0.602685	0.605044	0.692606	
0.581957	0.599118	0.754828	
0.539995	0.573402	0.783457	
0.5333	0.56837	0.781435	
0.564208	0.625336	0.673386	
0.525318	0.604458	0.661113	
0.545211	0.679605	0.710996	
0.572699	0.675418	0.7357	
0.604604	0.657062	0.75001	
0.614611	0.631948	0.733895	
0.565607	0.654989	0.788311	
0.597247	0.670238	0.761272	
0.544326	0.679449	0.711497	
0.530109	0.639483	0.81426	
0.495322	0.600119	0.663312	
0.4737	0.602995	0.701865	
0.506428	0.580197	0.788426	
0.540311	0.608982	0.797982	
0.603259	0.655947	0.752438	
0.51998	0.580226	0.793576	
1	0.0359161	0.213387	
1	0	0.147201	
1	0.0311629	0.0596207	
0.978283	0	0.246625	
0.909416	0	0.199569	
0.863104	0	0.137126	
0.883386	0	0.0986485	
0.951415	0	0.061668	
0.933831	0.0212454	0.215493	
0.870503	0.0118123	0.160881	
0.900336	0.0146051	0.0884316	
0.873014	0.0125358	0.113899	
0.811102	0.751417	0.377339	
0.869404	0.7801	0.390316	
0.903698	0.787104	0.454816	
0.912128	0.782876	0.50495	
0.83997	0.746564	0.493566	
0.769531	0.712031	0.477177	
0.766691	0.713096	0.462361	
0.7704	0.723172	0.415639	
0.807663	0.714269	0.506731	
0.77194	0.711246	0.48077	
0.903933	0.763922	0.525242	
0.897081	0.746164	0.541557	
0.86884	0.731828	0.535842	
0.82446	0.707236	0.524892	
0.790863	0.703424	0.501677	
0.926153	0.781065	0.479832	
0.897956	0.788247	0.410369	
0.920412	0.782208	0.435384	
0.898946	0.707858	0.398316	
0.925503	0.70569	0.443029	
0.944488	0.738616	0.458247	
0.92314	0.748654	0.418274	
0.897779	0.742436	0.379599	
0.890961	0.731677	0.373617	
0.898913	0.738482	0.537341	
0.910035	0.694027	0.510146	
0.914211	0.650476	0.484049	
0.896393	0.640668	0.479692	
0.845346	0.66672	0.499236	
0.941719	0.764582	0.456019	
0.940811	0.712636	0.472257	
0.919155	0.720896	0.509506	
0.899072	0.744406	0.539601	
0.829493	0.672494	0.405827	
0.855533	0.710057	0.379585	
0.903975	0.661525	0.444899	
0.892796	0.63499	0.466198	
0.861727	0.64376	0.445857	
0.928286	0.678198	0.484266	
0.905208	0.640748	0.473909	
0.901833	0.76628	0.39764	
0.768716	0.709879	0.465289	
0.803354	0.68124	0.440317	
0.883981	0.63491	0.47198	
0.864915	0.756502	0.372218	
0.900904	0.736724	0.535385	
0.798564	0.71121	0.384077	
0.766161	0.710948	0.45132	
0.644288	0.097463	0	
0.589179	0.068987	0	
0.529803	0.0747429	0	
0.507173	0.134292	0	
0.520847	0.189949	0	
0.566024	0.193239	0	
0.592436	0.112505	0.0799676	
0.538552	0.150606	0.0491984	
0.526565	0.191299	0.00866836	
0.524265	0.0769497	0.0147166	
0.549926	0.0919137	0.0552466	
0.506915	0.183901	0.00866836	
0.589326	0.0771085	0.0435651	
0.535669	0.0676874	0.0292755	
0.541207	0.0654806	0.0145589	
0.639637	0.0801768	0.0250216	
0.848769	0.484344	1	
0.895147	0.53688	1	
0.866812	0.571579	1	
0.798679	0.588043	1	
0.790027	0.428841	0.940896	
0.835061	0.476207	0.948076	
0.884577	0.525156	0.980768	
0.808513	0.482725	0.913069	
0.736585	0.563361	0.934385	
0.745976	0.570996	0.926162	
0.787477	0.55179	0.90568	
0.852455	0.527726	0.928485	
0.825908	0.534244	0.893478	
0.835776	0.56507	0.907142	
0.867647	0.565054	0.959425	
0.74511	0.569083	0.958546	
0.792043	0.589186	0.923	
0.835095	0.597243	0.922507	
0.83426	0.603768	0.963081	
0.293058	0.609828	0.659753	
0.279984	0.639129	0.614405	
0.28748	0.581454	0.562328	
0.299908	0.565246	0.627673	
0.219544	0.581521	0.590725	
0.22312	0.634729	0.578001	
0.235227	0.52106	0.596925	
0.229853	0.536495	0.648574	
0.212266	0.584556	0.607997	
0.21954	0.615522	0.660788	
0.237751	0.570454	0.706131	
0.241493	0.53994	0.700396	
0.218647	0.637189	0.58184	
0.211589	0.639935	0.598632	
0.219057	0.535754	0.601037	
0.247954	0.52084	0.647749	
0.284317	0.583303	0.697617	
0.255258	0.559435	0.710819	
0.218916	0.647417	0.581548	
0.235699	0.597867	0.707836	
0.261949	0.613373	0.67466	
0.253207	0.586848	0.712524	
0.232426	0.377719	1	
0.291094	0.395875	1	
0.267984	0.453951	1	
0.222348	0.492579	1	
0.182605	0.475762	1	
0.153215	0.426445	1	
0.312644	0.364725	0.943949	
0.310801	0.351651	0.874956	
0.260158	0.350791	0.862701	
0.210781	0.353363	0.868684	
0.176351	0.355978	0.877168	
0.164637	0.36269	0.910658	
0.317746	0.392191	0.939356	
0.339523	0.373588	0.874975	
0.289766	0.443047	0.901005	
0.242679	0.499929	0.965386	
0.341733	0.366356	0.879167	
0.338831	0.358685	0.883759	
0.331859	0.373226	0.869207	
0.305956	0.359187	0.86431	
0.206251	0.358269	0.868259	
0.226341	0.503286	0.92962	
0.240873	0.50764	0.930856	
0.176485	0.359489	0.873306	
0.33407	0.365994	0.873398	
0.16497	0.361236	0.880837	
0.150855	0.372979	0.899025	
0.146054	0.378147	0.934502	
0.20618	0.498111	0.976373	
0.2247	0.505473	0.941843	
0.153135	0.390863	0.908242	
0.169418	0.466172	0.967527	
0.205565	0.499674	0.943321	
0.448604	0.903813	0.424377	
0.432931	0.931515	0.376414	
0.395134	0.905102	0.332188	
0.366312	0.782198	0.377224	
0.385444	0.785599	0.40725	
0.411578	0.799875	0.440883	
0.432518	0.817748	0.462902	
0.446722	0.840468	0.469717	
0.455625	0.870929	0.461555	
0.417102	0.943468	0.363785	
0.401904	0.945585	0.375776	
0.360267	0.935994	0.390448	
0.322306	0.909558	0.382929	
0.379506	0.922942	0.426851	
0.424817	0.93389	0.384285	
0.452866	0.877407	0.46819	
0.447395	0.868767	0.486084	
0.404906	0.884482	0.480717	
0.328696	0.9146	0.429894	
0.355781	0.899681	0.473137	
0.339524	0.900673	0.465628	
0.321455	0.818887	0.420248	
0.331177	0.890005	0.460988	
0.326427	0.850007	0.443629	
0.362145	0.793863	0.41379	
0.337565	0.844234	0.451519	
0.390512	0.854954	0.484646	
0.430208	0.835491	0.483095	
0.429311	0.818863	0.466753	
0.349691	0.869891	0.477929	
0.338553	0.875665	0.470039	
0.346901	0.886333	0.474679	
0.361463	0.781823	0.380984	
0.436846	0.856197	0.488977	
0.45193	0.862648	0.477905	
0.435549	0.825881	0.472014	
0.521731	1	0.713833	
0.532777	1	0.782601	
0.647389	1	0.806095	
0.703789	1	0.785783	
0.640172	1	0.723448	
0.571776	0.961014	0.686077	
0.470788	0.999812	0.752686	
0.483576	0.971441	0.750487	
0.53357	0.932643	0.722719	
0.578911	0.963415	0.802275	
0.531137	0.934855	0.777217	
0.485055	0.971252	0.757554	
0.597098	0.91566	0.717958	
0.597039	0.917016	0.764569	
0.566856	0.925786	0.791203	
0.497792	0.943068	0.755344	
0.656181	0.933406	0.75505	
0.707111	0.996164	0.772697	
0.697798	0.974923	0.772418	
0.632078	0.949035	0.790975	
0.700064	0.993872	0.797606	
0.696809	0.980537	0.793558	
0.691221	0.965425	0.781456	
0.703386	0.990035	0.78452	
0.626291	0.363915	0.64521	
0.5681	0.336585	0.638635	
0.529266	0.308434	0.643733	
0.55682	0.288485	0.678326	
0.586136	0.2704	0.712127	
0.62436	0.280879	0.723599	
0.668884	0.303522	0.726973	
0.676437	0.324273	0.71136	
0.674815	0.338393	0.696933	
0.659674	0.354443	0.673056	
0.563642	0.30881	0.73591	
0.521634	0.366112	0.748939	
0.507942	0.357481	0.698165	
0.518909	0.321661	0.652731	
0.52578	0.309966	0.645921	
0.626663	0.311708	0.769929	
0.612054	0.279402	0.733231	
0.571163	0.345069	0.772679	
0.606077	0.340187	0.785618	
0.613791	0.336255	0.785878	
0.644929	0.289579	0.750027	
0.657235	0.291056	0.740395	
0.60452	0.342242	0.784678	
0.621413	0.334177	0.782298	
0.651993	0.337773	0.748766	
0.672752	0.352875	0.70567	
0.668036	0.363942	0.692178	
0.662358	0.369686	0.688108	
0.594353	0.395133	0.708967	
0.531533	0.411034	0.740451	
0.564403	0.376911	0.765415	
0.652527	0.368874	0.667639	
0.657639	0.373912	0.681963	
0.523294	0.41439	0.728114	
0.510816	0.408639	0.709153	
0.55627	0.383322	0.665133	
0.526915	0.311808	0.644797	
0.510461	0.366734	0.677025	
0.506638	0.403619	0.695589	
0.598996	0.344951	0.784394	
0.501393	0.390576	0.737032	
0.502741	0.397992	0.736569	
0.51778	0.403313	0.74215	
0.503911	0.399829	0.715892	
0.662989	0.368584	0.685663	
0.670465	0.353737	0.691449	
0.639679	0.312049	0.762395	
0.677889	0.338295	0.717717	
0.677225	0.325037	0.717924	
0.677852	0.333602	0.710079	
0.509541	0.406669	0.729814	
0.378425	1	0.060482	
0.473675	1	0.0957096	
0.511192	1	0.068921	
0.518258	1	0.0336934	
0.421421	1	0	
0.32768	0.971922	0	
0.518845	0.952576	0	
0.495235	0.889655	0	
0.46654	0.873681	0	
0.39641	0.908525	0	
0.382461	0.938787	0.0455381	
0.436071	0.952147	0.104359	
0.44061	0.985282	0.119303	
0.509875	0.945291	0.0505517	
0.476019	0.968464	0.0948166	
0.444445	0.906846	0.0547223	
0.466856	0.878114	0.0123273	
0.492339	0.900242	0.0176988	
0.458394	0.876584	0.00918419	
0.510413	0.981679	0.070325	
0.510934	0.998497	0.0695566	
0.512572	0.914686	0.0145557	
0.475003	0.875212	0.00314308	
0.512522	0.998497	0.0680223	
1	0.491999	0.286669	
1	0.465167	0.311357	
1	0.465409	0.302611	
0.886326	0.459661	0.248092	
0.868667	0.475127	0.268066	
0.877077	0.506375	0.286935	
0.922192	0.510283	0.26782	
0.970841	0.513158	0.258559	
0.980822	0.499818	0.241072	
0.886211	0.535371	0.305121	
0.92191	0.530468	0.290478	
0.992538	0.497922	0.26107	
0.999827	0.437373	0.328137	
0.947832	0.528316	0.292119	
0.889086	0.541092	0.320441	
0.89344	0.543925	0.333672	
0.917489	0.538904	0.322926	
0.927451	0.417476	0.286533	
0.867392	0.46943	0.270177	
0.866867	0.463701	0.295516	
0.878284	0.448906	0.318898	
0.969528	0.512839	0.303375	
0.867671	0.474534	0.273792	
0.877871	0.49612	0.324501	
0.890935	0.543741	0.333191	
0.889658	0.538597	0.333714	
0.920471	0.499971	0.344251	
0.894156	0.541527	0.337126	
0.894974	0.543026	0.335675	
0.891345	0.537283	0.335646	
0.892469	0.542842	0.335194	
0.858015	1	0.379433	
0.844857	1	0.391304	
0.865612	1	0.395266	
0.972668	0.93114	0.311638	
0.938243	0.972017	0.358305	
0.819389	0.985543	0.35323	
0.803982	0.965408	0.324063	
0.877033	0.938987	0.3036	
0.884777	0.862729	0.338977	
0.907786	0.86236	0.390633	
0.977994	0.889851	0.390696	
0.954985	0.89022	0.33904	
0.832851	0.841094	0.384988	
0.922804	0.886783	0.293727	
0.889116	0.890973	0.297934	
0.830437	0.893659	0.31175	
0.80562	0.852307	0.377376	
0.816989	0.842792	0.387356	
0.93519	0.903132	0.291033	
0.805433	0.957811	0.317165	
0.829946	0.924911	0.310528	
0.849768	0.932844	0.446254	
0.916584	0.910613	0.422865	
0.969386	0.885213	0.398978	
0.817333	0.843649	0.388621	
0.81464	0.873092	0.409259	
0.824942	0.915621	0.437361	
0.856218	0.953738	0.450959	
0.85233	0.978269	0.429429	
0.994758	0.921308	0.359077	
0.987951	0.896783	0.39025	
0.922166	0.922962	0.422878	
0.789105	0.934925	0.322932	
0.861747	0.943275	0.448367	
0.977003	0.8903	0.397376	
0.98946	0.896737	0.383785	
0.844239	0.943308	0.448846	
0.793568	0.89782	0.390448	
0.787051	0.942449	0.330556	
0.815324	0.844162	0.388502	
0	0.610548	0.184075	
0	0.57779	0.0956223	
0	0.565436	0.199249	
0.0639405	0.677947	0.224721	
0.0802669	0.691918	0.168452	
0.0614376	0.670697	0.128231	
0.029777	0.636532	0.0918017	
0.00832258	0.614173	0.0834299	
0.13938	0.608046	0.187494	
0.124985	0.587485	0.234426	
0.107783	0.676848	0.156649	
0.136065	0.659529	0.132252	
0.138233	0.634959	0.157689	
0.0624767	0.662892	0.110697	
0.0861103	0.679558	0.126376	
0.0850712	0.687363	0.14391	
0.0790621	0.536578	0.190398	
0.067815	0.534575	0.155566	
0.0293279	0.542283	0.122421	
0.11893	0.581726	0.16725	
0.0895992	0.549144	0.143476	
0.0788681	0.536848	0.158995	
0.0986673	0.679238	0.130139	
0.121079	0.667809	0.130403	
0.111522	0.597241	0.131703	
0.0706265	0.629037	0.101884	
0.0697089	0.536932	0.140767	
0.13109	0.644857	0.125811	
0.138454	0.633019	0.157108	
0.137351	0.656255	0.131553	
0.0946016	0.675073	0.124673	
0.923284	0.859124	0.288064	
0.852664	0.771957	0.357221	
0.84202	0.799329	0.378104	
0.844079	0.832639	0.384034	
0.882724	0.87448	0.264069	
0.874321	0.847649	0.224437	
0.908016	0.853629	0.222707	
0.9227	0.874491	0.26425	
0.916308	0.857998	0.230385	
0.82615	0.775315	0.369044	
0.923059	0.846057	0.247029	
0.903019	0.847839	0.220196	
0.830225	0.833824	0.386521	
0.80749	0.830824	0.382629	
0.516368	0.242048	0.523759	
0.523099	0.276613	0.5147	
0.525306	0.314087	0.497208	
0.487943	0.291082	0.45369	
0.452913	0.244553	0.426754	
0.483545	0.232994	0.479332	
0.533141	0.242412	0.533548	
0.550796	0.289036	0.495944	
0.568643	0.327271	0.460338	
0.582941	0.315613	0.443259	
0.600043	0.294522	0.424763	
0.605789	0.243094	0.43055	
0.553153	0.203139	0.515854	
0.529504	0.235321	0.535719	
0.5194	0.237249	0.526896	
0.466502	0.208178	0.423344	
0.49979	0.174308	0.412116	
0.52716	0.15921	0.421559	
0.551578	0.160187	0.451139	
0.453997	0.259165	0.405288	
0.546334	0.324217	0.477486	
0.577713	0.32524	0.444428	
0.585025	0.322401	0.428319	
0.526892	0.291688	0.410842	
0.469508	0.23223	0.383741	
0.592593	0.299918	0.418902	
0.596594	0.246029	0.398517	
0.566791	0.199751	0.378532	
0.509942	0.198746	0.373906	
0.529767	0.278906	0.515666	
0.523758	0.241315	0.531205	
0.590895	0.313684	0.4289	
0.602385	0.281666	0.416514	
0.595525	0.197671	0.39762	
0.598775	0.181602	0.409811	
0.478304	0.200028	0.392011	
0.527264	0.160636	0.412768	
0.54142	0.16547	0.397617	
0.545584	0.177859	0.378859	
0.532767	0.159583	0.417569	
0.574318	0.175779	0.397947	
0.839439	0.446973	0.442961	
0.835248	0.388373	0.446865	
0.833195	0.380426	0.451715	
0.832242	0.381442	0.454631	
0.828862	0.38982	0.465651	
0.81635	0.457419	0.511626	
0.805861	0.521987	0.551285	
0.814411	0.532623	0.527911	
0.82869	0.54158	0.487628	
0.837797	0.520929	0.458207	
0.914714	0.448143	0.513426	
0.867484	0.404067	0.508132	
0.842264	0.386184	0.469749	
0.891605	0.434805	0.459081	
0.950583	0.489479	0.467995	
0.948504	0.484977	0.483873	
0.806364	0.521354	0.552182	
0.829511	0.392143	0.472321	
0.841992	0.389566	0.479251	
0.869617	0.454847	0.547481	
0.850024	0.497767	0.565567	
0.825424	0.513498	0.559845	
0.858882	0.517402	0.444816	
0.892202	0.528957	0.44633	
0.920852	0.507439	0.447152	
0.885362	0.445189	0.444778	
0.941719	0.491621	0.456994	
0.856291	0.494422	0.566121	
0.901388	0.487718	0.532067	
0.805929	0.525642	0.554056	
0.850684	0.498644	0.565291	
0.929716	0.505297	0.458154	
0.856355	0.541365	0.458871	
0.829976	0.542282	0.487297	
0.83527	0.544892	0.472262	
0.831969	0.384825	0.464133	
1	0	0.0217145	
1	0.104471	0	
1	0.207123	0.0189462	
1	0.202167	0.0458944	
0.948185	0	0	
0.8996	0	0.0399535	
0.880074	0.0747927	0	
0.898371	0.180616	0	
0.966483	0.210295	0	
0.880581	0.103792	0.0844552	
0.870405	0.133905	0.0397359	
0.8812	0.120783	0.0816355	
0.946078	0.208485	0.0274207	
0.959519	0.204373	0.0571288	
0.979595	0.205313	0.0463669	
0.30563	0.110866	0.136513	
0.271037	0.207778	0.130532	
0.361921	0.19137	0.133865	
0.368723	0.17444	0.13493	
0.350848	0.145135	0.135966	
0.240016	0.205775	0.167743	
0.232317	0.190835	0.160821	
0.275321	0.230862	0.150908	
0.291715	0.185453	0.21073	
0.339116	0.192191	0.20102	
0.341552	0.155016	0.250178	
0.338619	0.154455	0.250971	
0.232214	0.191472	0.16435	
0.300037	0.124058	0.228	
0.334859	0.138978	0.25186	
0.337836	0.153356	0.251566	
0.299381	0.0962542	0.145153	
0.327424	0.109005	0.143569	
0.371574	0.177341	0.139535	
0.358797	0.197498	0.141124	
0.352302	0.150699	0.232069	
0.366896	0.160158	0.178929	
0.339627	0.153008	0.251996	
0.370981	0.179971	0.135543	
0.326382	0.0996971	0.182034	
0.369315	0.17181	0.138922	
0.350827	0.127639	0.222436	
0.336304	0.106342	0.22169	
0.306078	0.101167	0.193631	
0.335309	0.117927	0.240408	
0.363032	0.259068	0.801785	
0.344464	0.277021	0.759882	
0.317503	0.284977	0.752733	
0.343859	0.236137	0.881449	
0.369323	0.241537	0.849918	
0.363632	0.266457	0.794461	
0.364342	0.306845	0.844395	
0.344992	0.334985	0.830342	
0.335043	0.301421	0.765808	
0.372961	0.255328	0.821765	
0.359392	0.256313	0.899328	
0.352149	0.297553	0.919416	
0.352453	0.337293	0.896868	
0.354113	0.353972	0.878582	
0.329497	0.332039	0.803374	
0.323834	0.367382	0.861839	
0.347187	0.360486	0.881217	
0.286384	0.342683	0.830685	
0.301951	0.360002	0.845462	
0.289179	0.349754	0.83795	
0.289732	0.354789	0.844313	
0.287162	0.348825	0.838259	
0.285845	0.352788	0.846458	
0.334624	0.266976	0.922727	
0.344097	0.335493	0.89941	
0.720871	0.73862	0.114388	
0.753166	0.741723	0.129561	
0.74892	0.761448	0.137747	
0.714217	0.809399	0.147378	
0.666282	0.815419	0.13023	
0.678125	0.745129	0.0996732	
0.647609	0.785665	0.172992	
0.664112	0.730043	0.138092	
0.67491	0.703999	0.187018	
0.671975	0.715944	0.20745	
0.660114	0.754778	0.224615	
0.676802	0.82133	0.197729	
0.689615	0.783174	0.238424	
0.727029	0.771244	0.188073	
0.74039	0.738896	0.171304	
0.718934	0.747474	0.221169	
0.711992	0.761476	0.231365	
0.700736	0.726709	0.107759	
0.692736	0.70949	0.143798	
0.730857	0.728435	0.12132	
0.702357	0.721555	0.208883	
0.677173	0.706981	0.203732	
0.659512	0.793431	0.240242	
0.695535	0.736014	0.21976	
0.678958	0.710096	0.207474	
0.67376	0.719059	0.211192	
0.378959	0.136939	0.42885	
0.334112	0.118164	0.395945	
0.321839	0.133874	0.397536	
0.302287	0.175279	0.408395	
0.341282	0.218189	0.450518	
0.400048	0.224029	0.484099	
0.41537	0.184831	0.472159	
0.328449	0.108963	0.470543	
0.323348	0.107672	0.448362	
0.324596	0.109125	0.434223	
0.331112	0.113598	0.413994	
0.414848	0.150942	0.50027	
0.403186	0.14254	0.5433	
0.365883	0.125356	0.514291	
0.38065	0.150474	0.552309	
0.325467	0.114693	0.48228	
0.306527	0.141674	0.506943	
0.302876	0.167234	0.536949	
0.336583	0.16537	0.550304	
0.319831	0.112501	0.470927	
0.318126	0.128755	0.418897	
0.289498	0.197568	0.469058	
0.28825	0.188628	0.525291	
0.292957	0.174428	0.530109	
0.384508	0.231722	0.498847	
0.332724	0.211102	0.517387	
0.384648	0.214332	0.524373	
0.37713	0.180684	0.546745	
0.299628	0.176545	0.535836	
0.328309	0.114244	0.412863	
0.406773	0.165889	0.535944	
0.407296	0.199778	0.507833	
0.397747	0.193117	0.533765	
0.0661691	1	0.735266	
0.129045	1	0.732603	
0.167232	1	0.671865	
0.104356	1	0.674527	
0.082101	0.968794	0.769889	
0.170511	0.981202	0.677698	
0.131705	0.893116	0.678998	
0.0982968	0.851848	0.6965	
0.0428943	0.954493	0.698846	
0.0422505	0.990844	0.691993	
0.0698383	0.940003	0.674613	
0.0881077	0.86127	0.684217	
0.094436	0.881756	0.669499	
0.129372	0.923538	0.653447	
0.166087	0.990249	0.653863	
0.0896217	0.859772	0.684718	
0.0946114	0.853079	0.692574	
0.92132	0.573688	0	
0.946744	0.523778	0	
0.887301	0.518998	0	
0.855176	0.584759	0	
0.87012	0.602606	0.0518689	
0.968073	0.525275	0.0340995	
0.957905	0.51881	0.0895927	
0.902732	0.558166	0.115153	
0.862812	0.591769	0.114667	
0.858043	0.597872	0.106877	
0.88532	0.543858	0.110005	
0.955486	0.507236	0.0340995	
0.823476	0.558954	0.0991213	
0.828991	0.559139	0.107025	
0.849058	0.573137	0.114171	
0.855561	0.598765	0.104713	
0.824916	0.574044	0.0889684	
0.843	0.589143	0.102157	
0.856672	0.596985	0.107852	
0.829074	0.569928	0.101827	
0.321273	0.260216	1	
0.350187	0.260589	1	
0.323315	0.320788	1	
0.358177	0.300154	0.926022	
0.364578	0.282588	0.941257	
0.36117	0.27399	0.970696	
0.325878	0.25338	0.959752	
0.191177	0.328004	0.880619	
0.2507	0.349875	0.861964	
0.197595	0.341351	0.869114	
0.364563	0.282596	0.941174	
0.358536	0.279995	0.934568	
0.364589	0.282491	0.941309	
0.129497	0.217426	0	
0.1392	0.213057	0	
0.14053	0.202952	0	
0.133896	0.201092	0	
0.120301	0.212049	0	
0.232607	0.21462	0.170254	
0.226867	0.25405	0.174593	
0.219902	0.276597	0.170383	
0.184976	0.266681	0.10323	
0.14493	0.237254	0.0194686	
0.143024	0.200498	0.00224324	
0.158954	0.176677	0.0222599	
0.178207	0.15529	0.0492231	
0.223234	0.254118	0.181454	
0.214088	0.210108	0.181927	
0.167255	0.185607	0.191652	
0.141601	0.27184	0.200602	
0.180506	0.273573	0.191846	
0.230052	0.236419	0.177847	
0.188107	0.295054	0.153742	
0.148958	0.271219	0.0620125	
0.152089	0.299592	0.112525	
0.220049	0.27175	0.178199	
0.137011	0.283534	0.193926	
0.144759	0.300168	0.163638	
0.124092	0.280449	0.182467	
0.0988667	0.242506	0.123996	
0.131091	0.268295	0.0655391	
0.105699	0.240648	0.0685954	
0.142917	0.197367	0.00224324	
0.0856002	0.21633	0.102357	
0.171387	0.152633	0.0468958	
0.118798	0.231724	0.0229952	
0.121256	0.139501	0.0729674	
0.279509	0.945649	0.52967	
0.309721	0.903924	0.563531	
0.285912	0.889942	0.576216	
0.230256	0.939843	0.53649	
0.254375	0.988768	0.478851	
0.302046	0.950766	0.469962	
0.32718	0.907647	0.520781	
0.260269	0.985505	0.45583	
0.248823	0.924863	0.461214	
0.229066	0.862242	0.495197	
0.220059	0.854096	0.522663	
0.214369	0.866469	0.550301	
0.209834	0.881035	0.575091	
0.294196	0.850355	0.542364	
0.239446	0.846539	0.545891	
0.220823	0.853274	0.521973	
0.283827	0.873834	0.467361	
0.338213	0.866878	0.497461	
0.319649	0.881249	0.541345	
0.253278	0.848159	0.576055	
0.345797	0.904428	0.475812	
0.296173	0.941034	0.45484	
0.21973	0.853084	0.525777	
0.210953	0.878673	0.575421	
0	0.98221	0.257975	
0	0.980264	0.29869	
0	1	0.29869	
0.160867	1	0.196096	
0.0784525	1	0.224041	
0.161755	1	0.25555	
0.0515862	0.932304	0.237113	
0.153706	0.98097	0.192341	
0.12684	0.931064	0.204994	
0.111567	0.907525	0.244324	
0.157414	0.969805	0.201257	
0.161634	0.969129	0.254631	
0.164576	0.988835	0.205012	
0.336168	0.485705	0.176503	
0.358522	0.517909	0.214773	
0.384729	0.53987	0.23901	
0.42329	0.51386	0.198496	
0.446285	0.469684	0.136896	
0.396	0.453189	0.123882	
0.349349	0.465129	0.147392	
0.327461	0.567568	0.136814	
0.315358	0.542773	0.182341	
0.322463	0.499442	0.180374	
0.334566	0.524237	0.134847	
0.372227	0.525747	0.0521263	
0.3529	0.546985	0.0779779	
0.330814	0.486985	0.171062	
0.368565	0.453709	0.114378	
0.384479	0.46142	0.0740894	
0.388342	0.488854	0.0450369	
0.31155	0.590417	0.186629	
0.327817	0.498162	0.185815	
0.384543	0.543514	0.240709	
0.386989	0.55524	0.244613	
0.38685	0.572175	0.247159	
0.345945	0.597696	0.216733	
0.426134	0.533803	0.204758	
0.462249	0.496067	0.16034	
0.385846	0.543546	0.240529	
0.351053	0.617138	0.171839	
0.381573	0.597458	0.107795	
0.36751	0.550154	0.0637488	
0.462127	0.543371	0.157365	
0.442853	0.611929	0.168671	
0.405441	0.622301	0.214052	
0.387009	0.517862	0.0412428	
0.424723	0.555347	0.0980914	
0.422069	0.45118	0.100065	
0.401961	0.46053	0.0680286	
0.406553	0.640036	0.169479	
0.382291	0.542269	0.0528653	
0.394633	0.4517	0.0905604	
0.249974	0.491615	0.131607	
0.286539	0.485644	0.175679	
0.330947	0.549382	0.0782828	
0.298617	0.544245	0.0614601	
0.265671	0.525071	0.0739525	
0.24401	0.532265	0.0787955	
0.236143	0.535106	0.12074	
0.237991	0.50233	0.181459	
0.246052	0.480622	0.179792	
0.260567	0.549075	0.0595688	
0.238906	0.556269	0.0644118	
0.240611	0.560869	0.0641177	
0.239301	0.527639	0.185312	
0.248027	0.548492	0.19473	
0.255071	0.57219	0.174385	
0.250149	0.574879	0.110193	
0.278661	0.556039	0.066009	
0.304367	0.586295	0.184202	
0.27934	0.586949	0.169856	
0.243906	0.493229	0.191509	
0.283947	0.499153	0.188297	
0.245217	0.518538	0.195362	
0.275766	0.572629	0.189526	
1	0.492834	0.916013	
1	0.461455	0.866291	
1	0.490341	0.844154	
1	0.543331	0.845977	
1	0.555732	0.901368	
0.918348	0.526567	1	
0.909525	0.535509	1	
0.90397	0.527939	1	
0.884674	0.479732	0.889969	
0.898565	0.484024	0.946505	
0.837665	0.524545	0.872358	
0.845074	0.508512	0.848873	
0.925198	0.451185	0.932009	
0.859274	0.504487	0.840668	
0.919313	0.480382	0.84211	
0.973723	0.450666	0.869741	
0.954207	0.446224	0.910339	
0.919781	0.485928	0.966272	
0.983026	0.465277	0.850586	
0.874264	0.508335	0.830955	
0.984757	0.522866	0.833488	
0.855192	0.596464	0.897216	
0.962077	0.532852	0.974633	
0.995373	0.579467	0.851516	
0.990697	0.446844	0.885446	
0.85141	0.518822	0.843642	
0.453673	0.654921	0.525779	
0.441817	0.654659	0.548144	
0.430002	0.655511	0.571791	
0.435381	0.671637	0.581185	
0.455811	0.712479	0.591952	
0.500111	0.737796	0.538094	
0.531075	0.732351	0.472196	
0.515021	0.688156	0.448965	
0.481909	0.667839	0.487519	
0.564574	0.711238	0.588227	
0.545427	0.663923	0.57316	
0.541976	0.631855	0.540189	
0.563452	0.628974	0.485172	
0.584895	0.704386	0.530868	
0.484221	0.650217	0.568494	
0.529869	0.700899	0.592501	
0.474406	0.702296	0.595281	
0.44945	0.641022	0.546075	
0.506841	0.623684	0.519717	
0.576633	0.739093	0.593639	
0.54896	0.739364	0.599467	
0.51472	0.72846	0.603484	
0.552946	0.738516	0.537406	
0.496125	0.738644	0.600155	
0.453904	0.654898	0.525366	
0.453498	0.654806	0.52603	
0.46191	0.641801	0.521927	
0.495403	0.637425	0.485389	
0.515228	0.663347	0.451232	
0.469312	0.628188	0.520271	
0.546797	0.643146	0.451463	
0.17022	0.28206	0.691775	
0.208733	0.255133	0.663831	
0.219978	0.197524	0.628101	
0.19417	0.160029	0.616046	
0.162898	0.163146	0.628346	
0.130483	0.182864	0.650233	
0.110665	0.196179	0.664312	
0.131226	0.245739	0.684828	
0.136988	0.240313	0.629645	
0.19475	0.169832	0.590948	
0.181235	0.149937	0.60813	
0.148519	0.170337	0.634408	
0.103132	0.218784	0.666362	
0.233677	0.227624	0.638827	
0.206511	0.168205	0.616348	
0.209647	0.179538	0.599282	
0.191302	0.286529	0.673238	
0.111843	0.240733	0.664897	
0.144399	0.262468	0.639516	
0.162464	0.162765	0.62787	
0.181379	0.151449	0.615203	
0.136864	0.267487	0.67989	
0.171368	0.285938	0.671319	
0.194456	0.159325	0.61159	
0.180499	0.150238	0.612045	
0.155424	0.280857	0.694437	
0.28179	0.472558	0.251656	
0.330068	0.459502	0.276116	
0.306377	0.422634	0.261931	
0.276199	0.383466	0.244255	
0.243292	0.402571	0.228098	
0.217839	0.439987	0.216743	
0.226312	0.470266	0.222678	
0.337786	0.481913	0.223284	
0.335934	0.463944	0.266137	
0.239771	0.491518	0.211284	
0.352777	0.423998	0.192376	
0.360196	0.398447	0.240529	
0.355569	0.416377	0.251157	
0.346518	0.450778	0.258319	
0.341968	0.462788	0.154116	
0.321294	0.392675	0.244791	
0.340653	0.446336	0.268298	
0.325221	0.378349	0.211941	
0.325752	0.434042	0.137631	
0.29155	0.393321	0.140418	
0.276791	0.368279	0.151696	
0.283436	0.363351	0.168475	
0.254618	0.443768	0.15269	
0.259254	0.414705	0.13342	
0.277491	0.414476	0.131017	
0.300914	0.416134	0.129184	
0.279985	0.369738	0.212765	
0.225703	0.414268	0.182929	
0.238305	0.4005	0.145296	
0.24973	0.390297	0.140786	
0.267152	0.375734	0.146848	
0.23207	0.434782	0.168902	
0.235694	0.47702	0.187512	
0.258966	0.414589	0.133487	
0.250394	0.405685	0.136796	
0.224205	0.460501	0.202715	
0.271931	0.374581	0.146085	
0.281296	0.397394	0.134852	
0.259152	0.414506	0.133411	
0.262293	0.382036	0.141237	
0	0.956208	0.100651	
0	1	0.0198748	
0	0.958317	0	
0	0.893075	0.0337315	
0	0.890966	0.114508	
0.0652109	1	0.0601743	
0.136149	1	0.0402995	
0.0709378	1	0	
0.0409555	0.911548	0	
0.145403	0.990209	0	
0.147252	0.96296	0	
0.113743	0.925983	0	
0.135848	0.965148	0.130768	
0.122338	0.914251	0.197318	
0.0667831	0.897688	0.202953	
0.0150828	0.904792	0.17688	
0.152504	0.897728	0.18448	
0.14293	0.865631	0.200319	
0.112764	0.882154	0.213156	
0.169235	0.882428	0.105531	
0.168541	0.860015	0.167237	
0.155556	0.953838	0.0207612	
0.098987	0.860582	0.204767	
0.130289	0.843106	0.126531	
0.074951	0.830526	0.109966	
0.0692603	0.842386	0.15512	
0.0530061	0.876116	0.194563	
0.031337	0.849613	0.0903913	
0.0845695	0.868903	0.0533059	
0.153057	0.936157	0.0189555	
0.38243	0.334215	0.107072	
0.405745	0.281572	0.154167	
0.455058	0.350736	0.131578	
0.392459	0.270708	0.168172	
0.41779	0.339398	0.200565	
0.343029	0.330519	0.200012	
0.295259	0.329705	0.171665	
0.296692	0.332047	0.15917	
0.352525	0.34389	0.129558	
0.454037	0.354994	0.135795	
0.340135	0.27572	0.187269	
0.365122	0.297919	0.220667	
0.40889	0.299986	0.215517	
0.30598	0.323031	0.13992	
0.320114	0.309432	0.19304	
0.29956	0.312251	0.156917	
0.388038	0.319005	0.227639	
0.684681	0	0.143326	
0.705889	0	0.156826	
0.683316	0	0.147269	
0.700707	0.0232429	0.1921	
0.638906	0.00245798	0.122568	
0.602456	0.0276788	0.135998	
0.602176	0.0661159	0.191651	
0.626489	0.0820432	0.230263	
0.667362	0.064391	0.230642	
0.723791	0.0382123	0.138497	
0.731418	0.0851593	0.11545	
0.634572	0.0417017	0.0987677	
0.702296	0.0596182	0.219289	
0.714735	0.0805355	0.201629	
0.731049	0.0823725	0.156112	
0.622573	0.104977	0.134933	
0.602713	0.0780952	0.152041	
0.697023	0.0869711	0.216421	
0.678399	0.10091	0.220514	
0.654144	0.0914629	0.230592	
0.711703	0.0970817	0.192747	
0.693991	0.103517	0.207539	
0.713038	0.10118	0.123606	
0.699057	0.109017	0.186466	
0.618415	0.107959	0.150312	
0.618975	0.0967648	0.1945	
0.659538	0.107223	0.201915	
0.774401	0.408229	0.624721	
0.787245	0.389048	0.617069	
0.766756	0.354308	0.630774	
0.713101	0.328995	0.665157	
0.675871	0.337435	0.688418	
0.668431	0.363735	0.692502	
0.714647	0.391926	0.662739	
0.735551	0.31723	0.639684	
0.719753	0.320831	0.600446	
0.723288	0.343848	0.562643	
0.755571	0.370614	0.576095	
0.784919	0.388975	0.600002	
0.788163	0.385846	0.612733	
0.703026	0.31131	0.651722	
0.693658	0.345125	0.561425	
0.659483	0.3589	0.565173	
0.640292	0.360725	0.585244	
0.632882	0.358733	0.601194	
0.657118	0.336533	0.636328	
0.680577	0.323075	0.677196	
0.668535	0.408366	0.6349	
0.714007	0.440218	0.600071	
0.755006	0.42821	0.621442	
0.668102	0.364152	0.692132	
0.709222	0.369716	0.554335	
0.729487	0.395062	0.570858	
0.775836	0.39596	0.592618	
0.760529	0.426143	0.605938	
0.77176	0.409944	0.597497	
0.673892	0.390135	0.547101	
0.658042	0.396328	0.546179	
0.660963	0.414491	0.561214	
0.672564	0.437255	0.582908	
0.78864	0.396446	0.614028	
0.789559	0.393243	0.609692	
0.666186	0.37512	0.551481	
0.78056	0.406057	0.606827	
0.639273	0.363135	0.632497	
0.632011	0.359585	0.606992	
0.652043	0.406985	0.577876	
0.63476	0.372358	0.594725	
0.648849	0.390999	0.555887	
0.644591	0.372712	0.568865	
0.640543	0.382548	0.568333	
0.636244	0.370561	0.584712	
0.638371	0.382438	0.576001	
0.49724	0.855763	0	
0.510477	0.828739	0	
0.467658	0.779887	0	
0.425002	0.800136	0	
0.459149	0.854933	0	
0.491941	0.855688	0.015694	
0.482773	0.823488	0.0851619	
0.462669	0.793174	0.144464	
0.425072	0.797647	0.114144	
0.406971	0.822406	0.0473556	
0.424319	0.843357	0.0082073	
0.481484	0.752699	0.134234	
0.463143	0.781298	0.150658	
0.400966	0.783608	0.0509877	
0.410632	0.752549	0.0160919	
0.453079	0.737989	0.0628246	
0.500614	0.849743	0.015694	
0.470705	0.785433	0.14513	
0.503415	0.769751	0.0585721	
0.4129	0.799758	0.0200467	
0.417322	0.748125	0.00425253	
0.393058	1	0.79896	
0.339017	1	0.796856	
0.355809	1	0.855068	
0.398308	1	0.901369	
0.409929	1	0.904934	
0.421471	1	0.860738	
0.416106	0.874741	0.867181	
0.4402	0.935492	0.853192	
0.396033	0.963244	0.803919	
0.355455	0.926904	0.791951	
0.368961	0.888191	0.823296	
0.389411	0.852625	0.865428	
0.446888	0.881642	0.8897	
0.431995	0.99264	0.819744	
0.357096	0.970604	0.783135	
0.384695	0.970591	0.910027	
0.327167	0.888436	0.894298	
0.312117	0.901346	0.86727	
0.305524	0.92215	0.84534	
0.314097	0.963411	0.828358	
0.329808	0.915033	0.820162	
0.327555	0.879122	0.890383	
0.425856	0.949837	0.903576	
0.398855	0.973916	0.916421	
0.30609	0.922883	0.843178	
0.225438	0.548742	0.243048	
0.24644	0.524836	0.264747	
0.299475	0.504194	0.30045	
0.334699	0.505842	0.316782	
0.327059	0.588521	0.27333	
0.304957	0.607337	0.253542	
0.260238	0.582791	0.2436	
0.253018	0.498191	0.257613	
0.329582	0.480905	0.300605	
0.283125	0.474901	0.257768	
0.329419	0.461961	0.279428	
0.233512	0.485336	0.227619	
0.235342	0.48576	0.230365	
0.228764	0.512405	0.237499	
0.36269	0.503842	0.247701	
0.386868	0.555107	0.248357	
0.332859	0.60621	0.260139	
0.388356	0.563994	0.250202	
0.246112	0.556096	0.198977	
0.233717	0.556296	0.221492	
0.301811	0.601689	0.219175	
0.304943	0.591728	0.187615	
0.242642	0.546718	0.199653	
0.312127	0.59585	0.190042	
0	0.367773	0.134027	
0	0.34209	0.186858	
0	0.399734	0.257537	
0	0.460835	0.160794	
0	0.483448	0.0800049	
0	0.427429	0.102136	
0.0252758	0.473699	0.141284	
0.00395026	0.482724	0.0814657	
0.0201227	0.455062	0.090141	
0.00164139	0.485454	0.0830623	
0.0106603	0.356158	0.155643	
0.00991426	0.378324	0.124199	
0.0294583	0.320982	0.234773	
0.0408318	0.382686	0.267293	
0.00230888	0.480717	0.0784083	
0.598884	0.87866	0.129748	
0.570093	0.815099	0.119574	
0.563115	0.77844	0.184728	
0.526736	0.805378	0.159742	
0.519884	0.879235	0.155168	
0.516643	0.908565	0.178722	
0.529112	0.769627	0.20785	
0.530437	0.759857	0.187994	
0.580928	0.85107	0.0892067	
0.551788	0.851032	0.112266	
0.544695	0.769958	0.167013	
0.578838	0.882519	0.109177	
0.574817	0.918484	0.134059	
0.544657	0.91575	0.156954	
0.589285	0.929504	0.154797	
0.579735	0.920269	0.13711	
0.544294	0.765639	0.207196	
0.574954	0.924764	0.140834	
0.576135	0.927673	0.155461	
0.579872	0.926549	0.143885	
0.616295	0.632953	0.734184	
0.642609	0.601805	0.771015	
0.65415	0.598649	0.837873	
0.636589	0.627366	0.851565	
0.611983	0.65363	0.803309	
0.595873	0.669237	0.764047	
0.725285	0.581385	0.792348	
0.691536	0.578627	0.809951	
0.648894	0.625777	0.712103	
0.701742	0.620227	0.707944	
0.729017	0.611041	0.720791	
0.730553	0.598019	0.75117	
0.675318	0.626999	0.870519	
0.714611	0.615372	0.85267	
0.721735	0.585173	0.815136	
0.694272	0.698985	0.827924	
0.700857	0.659666	0.866669	
0.727192	0.58978	0.802421	
0.730172	0.611124	0.721754	
0.711195	0.664008	0.76172	
0.663462	0.712216	0.77687	
0.662128	0.660032	0.847716	
0.599472	0.674112	0.761655	
0.618807	0.693745	0.755008	
0.655164	0.668518	0.724058	
0.728825	0.612119	0.719837	
0.600846	0.675113	0.75888	
1	0.314527	0.811767	
1	0.390284	0.791904	
1	0.462872	0.829048	
1	0.416146	0.895373	
1	0.341806	0.877992	
0.917707	0.372893	0.741604	
0.962744	0.429225	0.781086	
0.979448	0.325586	0.76393	
0.937481	0.329205	0.741467	
0.910226	0.340779	0.729234	
0.905182	0.406963	0.779711	
0.925464	0.434523	0.828435	
0.895217	0.390085	0.839148	
0.881491	0.405252	0.806327	
0.97171	0.424125	0.895607	
0.937178	0.392816	0.887121	
0.940802	0.382311	0.888088	
0.985519	0.386726	0.907431	
0.943081	0.298471	0.824321	
0.877184	0.301013	0.802786	
0.889387	0.339932	0.837115	
0.911448	0.37572	0.870232	
0.871396	0.377487	0.79909	
0.863009	0.340765	0.790316	
0.864769	0.317575	0.797258	
0.966533	0.399407	0.904978	
0.902949	0.337872	0.734851	
0.881862	0.334079	0.756981	
0.86622	0.344229	0.782306	
0.935005	0.321658	0.746987	
0.898638	0.306205	0.771147	
0.910209	0.322003	0.738247	
0.864542	0.330665	0.781577	
0.900979	0.331832	0.737162	
1	0.332628	0.432384	
1	0.452655	0.399494	
1	0.470431	0.446351	
1	0.399589	0.452216	
0.943241	0.324329	0.44156	
0.859804	0.350481	0.446699	
0.833176	0.380362	0.451614	
0.974992	0.480184	0.464822	
0.941225	0.490387	0.427355	
0.949024	0.472319	0.38184	
0.82515	0.368487	0.414095	
0.829165	0.383051	0.432841	
0.878227	0.322225	0.43793	
0.829714	0.375595	0.4463	
0.823258	0.364605	0.434752	
0.822282	0.351753	0.425176	
0.847161	0.334487	0.427954	
0.867795	0.32542	0.430598	
0.820353	0.366496	0.426113	
0.822973	0.367053	0.434823	
0.974498	0.478154	0.418423	
0.81993	0.360721	0.428574	
0.825299	0.345367	0.419531	
0.42724	0.656126	0.574817	
0.559766	0.617825	0.590514	
0.573974	0.583516	0.62959	
0.537217	0.577963	0.645264	
0.464753	0.604856	0.629315	
0.420594	0.640883	0.595281	
0.42187	0.654208	0.578478	
0.584623	0.586483	0.621417	
0.578025	0.578208	0.633196	
0.567376	0.575241	0.641369	
0.525137	0.587885	0.530981	
0.575264	0.58	0.548408	
0.569637	0.540438	0.583465	
0.528178	0.519818	0.593889	
0.503786	0.542448	0.568211	
0.550152	0.612314	0.519365	
0.591945	0.568199	0.600135	
0.479812	0.5878	0.535761	
0.467621	0.626319	0.522857	
0.465607	0.614864	0.527285	
0.510947	0.513404	0.598533	
0.504413	0.513443	0.606093	
0.459357	0.556096	0.601794	
0.418487	0.604233	0.585318	
0.441075	0.607471	0.554697	
0.50798	0.548084	0.633986	
0.50807	0.514325	0.61777	
0.503392	0.513573	0.613938	
0.420809	0.613621	0.600954	
0.442067	0.625528	0.548835	
0.417535	0.618134	0.576247	
0.538138	0.545362	0.630091	
0.5083	0.513023	0.615416	
0.526552	0.519306	0.602927	
0.427605	0.655103	0.572871	
0.418161	0.639337	0.57766	
0.509322	0.512892	0.607572	
0.700927	0	0.971173	
0.646496	0	1	
0.601386	0	0.96718	
0.605571	0	0.927208	
0.620361	0	0.920029	
0.65387	0.0190825	1	
0.615841	0.0190825	1	
0.621388	0.0494769	0.971275	
0.63012	0.0571092	0.934381	
0.606933	0.0303943	0.938455	
0.619417	0.00387438	0.919962	
0.388573	1	0.462433	
0.395697	1	0.388321	
0.324492	1	0.380378	
0.252026	1	0.414008	
0.251829	1	0.446869	
0.317171	1	0.48735	
0.399847	0.981133	0.392751	
0.397343	0.953798	0.376906	
0.365695	0.917857	0.484204	
0.372258	0.96758	0.503941	
0.395717	0.981133	0.369487	
0.291565	0.96333	0.398349	
0.35571	0.922605	0.486879	
0.258447	0.995741	0.461094	
0.253652	0.989764	0.441605	
0.179309	0.654801	0.829651	
0.178456	0.654004	0.839514	
0.176531	0.654661	0.850303	
0.164499	0.670745	0.861848	
0.136542	0.715174	0.855739	
0.129397	0.737325	0.803799	
0.139204	0.73004	0.767198	
0.104625	0.740643	0.844357	
0.145783	0.67208	0.880155	
0.101031	0.656192	0.894707	
0.0932236	0.699111	0.870229	
0.0646539	0.719147	0.815192	
0.0873519	0.650031	0.881381	
0.0775825	0.638469	0.870337	
0.0585343	0.669893	0.826014	
0.0900051	0.71504	0.771178	
0.0403139	0.700703	0.778565	
0.179374	0.654194	0.829865	
0.169412	0.654324	0.858805	
0.126032	0.610138	0.800154	
0.172948	0.650196	0.849704	
0.0415515	0.698883	0.774732	
0.0777629	0.639682	0.816387	
0.0817189	0.631412	0.867654	
0.0874478	0.640615	0.879558	
0.614515	0.0763018	0.263018	
0.63314	0.0829813	0.259291	
0.657357	0.122277	0.301816	
0.669452	0.167436	0.362567	
0.642028	0.172749	0.391498	
0.587173	0.134284	0.373393	
0.562296	0.0843756	0.314944	
0.581753	0.0745571	0.285057	
0.593533	0.190092	0.273444	
0.649687	0.202187	0.275046	
0.676285	0.163066	0.265976	
0.659251	0.117697	0.256351	
0.636328	0.0874143	0.250143	
0.620062	0.0803912	0.248907	
0.584763	0.117027	0.257595	
0.686181	0.162954	0.310522	
0.691252	0.165314	0.275931	
0.682625	0.173623	0.272432	
0.613424	0.22771	0.307901	
0.600995	0.231849	0.342474	
0.601258	0.228219	0.359663	
0.630116	0.199581	0.375646	
0.636987	0.0871604	0.255227	
0.691108	0.164159	0.275526	
0.684548	0.15402	0.267945	
0.551685	0.156162	0.281534	
0.548798	0.178042	0.325262	
0.576463	0.216242	0.34802	
0.599242	0.23198	0.33875	
0.690888	0.164576	0.274401	
0.537786	0.152702	0.302526	
0.537328	0.168235	0.339014	
0.54834	0.193574	0.36175	
0.602096	0.0734577	0.257718	
0.558226	0.0904983	0.308618	
0.541815	0.126236	0.311529	
0.632481	0.0832352	0.254207	
0.599415	0.181192	0.40937	
0.5973	0.219507	0.377973	
0.553478	0.137126	0.365001	
0.598546	0.23127	0.345456	
0.540872	0.185926	0.370228	
0.552908	0.096847	0.321035	
0.871996	0.30804	0.0790441	
0.819517	0.306552	0.176371	
0.865563	0.285856	0.225839	
0.934106	0.268263	0.218488	
0.934111	0.28029	0.144756	
0.955755	0.335155	0.186205	
0.97704	0.26852	0.207929	
0.892642	0.337063	0.0908986	
0.900643	0.394719	0.112121	
0.912909	0.415063	0.133915	
0.873845	0.385012	0.182885	
0.847368	0.341384	0.219016	
0.872177	0.305201	0.23315	
0.943952	0.279096	0.225109	
0.840714	0.375187	0.191219	
0.842722	0.310377	0.222437	
0.887964	0.418394	0.149793	
0.884597	0.370865	0.0910118	
0.895675	0.277786	0.236127	
0.89914	0.417773	0.130627	
0.712383	0.262163	1	
0.752134	0.202325	1	
0.785174	0.195266	1	
0.800182	0.235303	1	
0.810848	0.319042	1	
0.808155	0.380443	1	
0.75126	0.342633	1	
0.712001	0.294909	0.976854	
0.746294	0.304357	0.951449	
0.788652	0.346579	0.963306	
0.806425	0.378732	0.988711	
0.729904	0.269695	0.95669	
0.755335	0.231951	0.962689	
0.77983	0.217779	0.965042	
0.775885	0.271094	0.956785	
0.797346	0.249408	0.97305	
0.785407	0.222527	0.965391	
0.810448	0.372692	0.978107	
0.80962	0.324087	0.979244	
0.730286	0.236949	0.979836	
0.808289	0.268727	0.989848	
0.812178	0.374403	0.989397	
0.785792	0.208597	0.979455	
0.788207	0.201787	0.996253	
0.778722	0.181415	0.999909	
0.77721	0.197385	0.982762	
0.781755	0.187935	0.996162	
0.307579	0.73844	0.213247	
0.327855	0.720233	0.151794	
0.296994	0.687232	0.143665	
0.259898	0.688886	0.203086	
0.251225	0.711438	0.254095	
0.268044	0.72799	0.256127	
0.27568	0.770016	0.23236	
0.332508	0.757382	0.166791	
0.300609	0.788957	0.185903	
0.318816	0.770852	0.143195	
0.29004	0.772201	0.121243	
0.208545	0.813156	0.180908	
0.241512	0.809631	0.199561	
0.202574	0.798323	0.196689	
0.228958	0.72483	0.248238	
0.195263	0.734912	0.233608	
0.192977	0.760956	0.217116	
0.256017	0.68076	0.149617	
0.187734	0.710643	0.18022	
0.197691	0.713421	0.215854	
0.225991	0.708275	0.243848	
0.309913	0.739989	0.121224	
0.314415	0.705696	0.123988	
0.29989	0.713792	0.114761	
0.200872	0.797745	0.167861	
0.195349	0.777956	0.162335	
0.1959	0.784845	0.186022	
0.18923	0.726666	0.211471	
0.203724	0.721667	0.237991	
0.246489	0.62217	0.798405	
0.244818	0.572983	0.826516	
0.126186	0.578988	0.798652	
0.266529	0.619494	0.782469	
0.27094	0.59897	0.739075	
0.266498	0.563843	0.718655	
0.253445	0.529819	0.738174	
0.271115	0.622468	0.759971	
0.119754	0.5291	0.752043	
0.118778	0.528944	0.793403	
0.234166	0.513201	0.716848	
0.252438	0.539326	0.714722	
0.230946	0.599661	0.707457	
0.142212	0.536954	0.718767	
0.196105	0.534692	0.711354	
0.241097	0.539911	0.705261	
0.121287	0.514575	0.774999	
0.177782	0.516026	0.721957	
0.240876	0.531852	0.70757	
0.237116	0.600773	0.71043	
0.269098	0.575894	0.71706	
1	0.712754	0.470542	
1	0.658448	0.491456	
1	0.620493	0.431403	
1	0.616653	0.359045	
1	0.692244	0.394801	
0.971858	0.730554	0.459113	
0.941903	0.665173	0.380317	
0.977266	0.615881	0.356387	
0.903535	0.633556	0.464877	
0.941313	0.622406	0.41073	
0.988108	0.614468	0.362427	
0.930812	0.629799	0.478264	
0.977607	0.628326	0.495283	
0.968953	0.694836	0.483686	
0.939171	0.637113	0.49173	
0.920896	0.650598	0.488484	
0.916442	0.64441	0.485185	
0.6102	1	0.475875	
0.625661	1	0.513276	
0.658367	1	0.530096	
0.687117	1	0.417554	
0.621702	1	0.434143	
0.677194	0.927325	0.501885	
0.710791	0.940245	0.519198	
0.696474	0.973325	0.420578	
0.661071	0.945227	0.436584	
0.657966	0.95415	0.535441	
0.62347	0.961465	0.519323	
0.611074	0.959295	0.504558	
0.631829	0.940503	0.487345	
0.610809	0.978478	0.475934	
0.686671	0.970244	0.539783	
0.638666	0.980648	0.528101	
0.610465	0.980817	0.504498	
0	0.184261	0.747792	
0	0.175718	0.813612	
0	0.23844	0.827483	
0	0.261021	0.731973	
0.0194549	0.180567	0.807492	
0.0553983	0.21298	0.819789	
0.0194549	0.187263	0.83525	
0.0555358	0.267238	0.806305	
0.253803	0	0.608389	
0.273082	0	0.575608	
0.352451	0	0.628103	
0.318488	0	0.675862	
0.33766	0.0659025	0.583781	
0.379995	0.00134834	0.70352	
0.377431	0.0274863	0.694993	
0.357757	0.0632804	0.639015	
0.315545	0.0760972	0.590073	
0.281035	0.0726738	0.615708	
0.323088	0.0559987	0.682912	
0.373872	0.0503946	0.695441	
0.289366	0.0716174	0.582637	
0.271754	0.0326627	0.590103	
0.290632	0.050411	0.567674	
0.289236	0.0625342	0.57445	
0.29526	0.0580871	0.571234	
0.376522	0.0256051	0.704126	
0	0.621072	0.753359	
0	0.589439	0.821853	
0	0.598802	0.878614	
0	0.635929	0.877291	
0	0.681231	0.824177	
0	0.69872	0.760795	
0.028712	0.584248	0.814599	
0.0695927	0.580154	0.859791	
0.028712	0.571354	0.86681	
0.0768487	0.638309	0.870114	
0.0381814	0.644562	0.87082	
0.00586261	0.711448	0.775687	
0.0257296	0.706364	0.77823	
0.0381814	0.629691	0.876693	
0.0306606	0.703287	0.771191	
0.0175865	0.701834	0.761729	
0.0160763	0.708948	0.770855	
1	0.685147	0.157356	
1	0.610627	0.150317	
1	0.606575	0.0751802	
1	0.6845	0.0621713	
1	0.707825	0.111168	
0.937569	0.654768	0.186483	
0.972963	0.664775	0.187018	
0.978905	0.561022	0.12379	
0.932995	0.584535	0.145013	
0.918695	0.624133	0.171005	
0.943745	0.666177	0.187311	
0.970782	0.686549	0.157649	
0.94131	0.668598	0.183873	
0.949537	0.678759	0.146233	
0.979008	0.700115	0.0999607	
0.946854	0.665611	0.0945724	
0.935135	0.657189	0.183046	
0.907944	0.599822	0.145875	
0.9217	0.61973	0.106255	
0.967846	0.649996	0.056783	
0.93276	0.581951	0.131304	
0.7858	0.917997	0.540655	
0.832688	0.925328	0.516692	
0.87572	0.953089	0.54811	
0.859254	0.968456	0.602084	
0.885692	0.938756	0.598075	
0.849761	0.897566	0.543771	
0.835306	0.841773	0.57505	
0.842021	0.836716	0.602475	
0.866448	0.878177	0.621162	
0.812723	0.865041	0.53244	
0.792904	0.888698	0.505385	
0.795968	0.902704	0.500538	
0.877773	0.921518	0.639686	
0.771941	0.889737	0.530866	
0.784018	0.892332	0.510471	
0.838478	0.847082	0.615775	
0.816474	0.91379	0.659992	
0.821907	0.878908	0.639289	
0.77976	0.864762	0.583608	
0.80501	0.842611	0.586365	
0.826386	0.844066	0.608891	
0.795622	0.922469	0.656902	
0.829929	0.833701	0.595591	
0.783793	0.863265	0.549051	
0.78613	0.877623	0.515666	
0.777244	0.881256	0.520752	
0.322615	0.814907	0.682836	
0.278002	0.798691	0.689291	
0.248032	0.784628	0.71779	
0.321608	0.801594	0.781676	
0.34282	0.815683	0.72998	
0.349275	0.816298	0.709472	
0.370244	0.813189	0.736384	
0.363788	0.812574	0.756892	
0.306653	0.763535	0.657975	
0.337003	0.79831	0.688854	
0.382086	0.788681	0.770928	
0.321445	0.722002	0.707576	
0.310343	0.796919	0.662218	
0.244957	0.777341	0.711896	
0.255336	0.734681	0.694018	
0.285466	0.740683	0.670467	
0.322874	0.744622	0.830496	
0.334469	0.739323	0.830878	
0.258536	0.729236	0.698696	
0.294503	0.69934	0.760504	
0.332411	0.737069	0.830769	
0.471934	0.89827	0.636062	
0.469505	0.932451	0.649224	
0.468776	0.936021	0.64371	
0.465952	0.93272	0.598054	
0.465002	0.900106	0.538072	
0.469798	0.858369	0.548548	
0.473729	0.85456	0.600184	
0.473805	0.943691	0.638574	
0.500804	0.968857	0.623487	
0.49295	0.957886	0.582967	
0.541525	0.95587	0.587905	
0.524313	0.988075	0.608624	
0.50785	0.876492	0.526848	
0.553679	0.881105	0.536156	
0.558621	0.883305	0.538374	
0.557953	0.904266	0.553243	
0.474356	0.941449	0.64339	
0.487693	0.921373	0.651993	
0.52913	0.918685	0.645902	
0.552637	0.937917	0.631032	
0.539561	0.968821	0.616426	
0.496049	0.892027	0.641876	
0.554895	0.897084	0.609544	
0.521813	0.870426	0.605518	
0.48029	0.868924	0.625944	
0.557619	0.865815	0.575784	
0.515637	0.853456	0.574192	
0.554682	0.937135	0.595804	
0.558656	0.870915	0.555525	
0.559283	0.881485	0.540018	
0.55358	0.87992	0.536302	
0.558547	0.879256	0.539336	
0.557885	0.881076	0.537692	
0.651631	0.589883	0.248286	
0.604325	0.597499	0.242473	
0.576457	0.593112	0.169086	
0.598883	0.578162	0.0824182	
0.629253	0.570101	0.0611409	
0.674148	0.571474	0.134468	
0.593001	0.469802	0.183891	
0.545628	0.480996	0.160922	
0.572191	0.514778	0.221266	
0.555342	0.587145	0.199799	
0.587325	0.587148	0.261515	
0.540908	0.526204	0.162644	
0.538398	0.571083	0.164652	
0.733752	0.506353	0.151784	
0.644051	0.558289	0.0538787	
0.572066	0.601543	0.232639	
0.558938	0.577953	0.134232	
0.538422	0.572229	0.16451	
0.655893	0.456986	0.192617	
0.550901	0.477843	0.154391	
0.569596	0.473581	0.137091	
0.537603	0.570322	0.162638	
0.623031	0.584364	0.269116	
0.569805	0.477659	0.129897	
0.627173	0.558096	0.047689	
1	0.496809	0.151389	
1	0.50827	0.232184	
1	0.437297	0.328186	
1	0.350937	0.244962	
1	0.390823	0.155064	
1	0.444906	0.108827	
1	0.459175	0.113059	
0.984763	0.511861	0.193435	
0.989916	0.512944	0.21798	
0.983955	0.357056	0.190768	
0.997378	0.523292	0.189094	
0.968542	0.435468	0.120345	
0.984518	0.452533	0.118147	
0.99924	0.440937	0.107901	
0.983758	0.438421	0.113948	
0.99924	0.445062	0.108859	
0.672831	1	0.650551	
0.591643	1	0.636017	
0.570135	1	0.66071	
0.716289	1	0.760727	
0.733998	1	0.727653	
0.588458	0.962742	0.62418	
0.628162	0.957794	0.617087	
0.636546	0.910149	0.644636	
0.628135	0.868921	0.672489	
0.593939	0.895879	0.664451	
0.562647	0.942054	0.643691	
0.682338	0.970347	0.64491	
0.683907	0.924589	0.682852	
0.615288	0.983741	0.620034	
0.564813	0.979	0.640163	
0.570774	0.921838	0.696951	
0.566967	0.923877	0.675112	
0.624709	0.865941	0.680063	
0.719195	0.961531	0.721552	
0.659835	0.903888	0.740531	
0.588671	0.903737	0.699667	
0.62774	0.897594	0.733363	
0.688741	0.95546	0.77027	
0.720563	0.995576	0.755377	
0.709758	0.972578	0.756466	
0.711384	0.99174	0.767347	
0.510484	1	0.188842	
0.509647	1	0.210431	
0.55393	1	0.221725	
0.602377	1	0.194011	
0.559549	1	0.182028	
0.508689	0.971001	0.251006	
0.587557	0.965194	0.237524	
0.518156	0.924046	0.280217	
0.510462	0.934271	0.275095	
0.506344	0.960551	0.197981	
0.504547	0.924112	0.228898	
0.506275	0.934562	0.261022	
0.542727	0.965475	0.17983	
0.602145	0.936394	0.168513	
0.605143	0.968738	0.172213	
0.504594	0.920488	0.206099	
0.602906	0.936507	0.169009	
0.509623	0.926831	0.265438	
0.395118	0.8105	0.132987	
0.386818	0.817215	0.10636	
0.381958	0.7754	0.0652761	
0.380121	0.720425	0.0279198	
0.382905	0.702802	0.0282852	
0.407222	0.682011	0.105669	
0.430454	0.675519	0.187048	
0.430957	0.687287	0.195446	
0.416241	0.74592	0.174278	
0.389997	0.811444	0.0887615	
0.406517	0.81176	0.130714	
0.4395	0.79753	0.149055	
0.454877	0.789187	0.150084	
0.482976	0.752111	0.161467	
0.464895	0.777921	0.1534	
0.412956	0.804463	0.150207	
0.451977	0.702387	0.187084	
0.481919	0.726927	0.172201	
0.379002	0.734128	0.0312408	
0.39297	0.747524	0.0274172	
0.473161	0.770031	0.153974	
0.493863	0.728349	0.122342	
0.493372	0.731287	0.146925	
0.384514	0.720969	0.0196102	
0.385167	0.706876	0.0171437	
0.389517	0.70746	0.00891923	
0.391534	0.708532	0.00720209	
0.403728	0.726675	0.00742225	
0.435189	0.701839	0.0659198	
0.486615	0.709661	0.12652	
0.386789	0.702995	0.0209152	
0.432105	0.665096	0.181166	
0.438463	0.666884	0.180852	
0.459963	0.681572	0.152076	
0.432641	0.675513	0.188933	
0.457831	0.692408	0.178371	
1	0.682973	0.905831	
1	0.70859	0.973658	
1	0.627257	1	
1	0.539256	0.974633	
1	0.600114	0.844992	
1	0.640887	0.85043	
0.962077	0.537987	1	
0.976192	0.716653	1	
0.943291	0.720422	1	
0.891859	0.691663	1	
0.844123	0.634694	1	
0.976192	0.715119	0.973658	
0.984398	0.646836	0.851741	
0.862907	0.623259	0.874668	
0.848757	0.636874	0.905521	
0.841263	0.657072	0.944234	
0.889152	0.691313	0.978172	
0.846813	0.665315	0.978172	
0.997978	0.622813	0.836032	
0.834666	0.63203	0.925806	
0.845003	0.619725	0.899203	
0.830353	0.609347	0.922825	
0.506042	0	0.586427	
0.523766	0	0.579442	
0.620124	0	0.672226	
0.578246	0	0.727253	
0.520287	0	0.744929	
0.492578	0	0.661195	
0.50138	0.00098048	0.588387	
0.504827	0.028945	0.593809	
0.501211	0.0673772	0.671503	
0.490163	0.0314074	0.720152	
0.511653	0.0826803	0.701015	
0.506221	0.00098048	0.586123	
0.545788	0.104668	0.700324	
0.577617	0.104664	0.695664	
0.591952	0.10415	0.684173	
0.61019	0.0982023	0.671371	
0.601039	0.0798083	0.699073	
0.601801	0.0300936	0.710179	
0.562909	0.0286827	0.743453	
0.570623	0.0812247	0.719527	
0.599423	0.101836	0.682461	
0.586464	0.0587763	0.726378	
0.285592	0.147808	0.703348	
0.304998	0.207243	0.76881	
0.357285	0.191247	0.761316	
0.380196	0.161045	0.733821	
0.390151	0.136952	0.710423	
0.342191	0.137488	0.702539	
0.294933	0.210043	0.663871	
0.305369	0.286442	0.724812	
0.333348	0.288926	0.68882	
0.327306	0.253053	0.661774	
0.345485	0.238329	0.75628	
0.339556	0.279734	0.743086	
0.312696	0.280843	0.744292	
0.28839	0.171212	0.674545	
0.319122	0.177503	0.654434	
0.330902	0.205139	0.642424	
0.318337	0.221331	0.647447	
0.351622	0.281861	0.731637	
0.38077	0.261194	0.705748	
0.402759	0.201622	0.703845	
0.385411	0.175208	0.73477	
0.339901	0.245782	0.650779	
0.352947	0.275925	0.662012	
0.345506	0.282572	0.66992	
0.298933	0.152994	0.683162	
0.339396	0.189494	0.640601	
0.364881	0.169403	0.665051	
0.387865	0.141906	0.698261	
0.39886	0.14674	0.712184	
0.404075	0.160903	0.713132	
0.361039	0.265818	0.656844	
0.353124	0.225099	0.648602	
0.383466	0.248039	0.67396	
0.401965	0.197156	0.696074	
0.396023	0.1542	0.695053	
0.360152	0.287094	0.719371	
0.356188	0.288474	0.720805	
0.344275	0.286202	0.732301	
0.338823	0.291705	0.713457	
0.354791	0.284116	0.693075	
0.401199	0.235369	0.691755	
0.403315	0.156507	0.705686	
0.294462	0.159048	0.650144	
0.27843	0.123815	0.62322	
0.267504	0.0850041	0.628651	
0.270428	0.0701938	0.667676	
0.280545	0.0904044	0.687914	
0.293925	0.124976	0.702081	
0.276058	0.0923067	0.60028	
0.307261	0.124088	0.581147	
0.325723	0.1652	0.588533	
0.305081	0.162262	0.616354	
0.329741	0.180718	0.620644	
0.341571	0.157548	0.577035	
0.287304	0.0837755	0.587227	
0.36571	0.0906252	0.590145	
0.39124	0.111343	0.587825	
0.372329	0.136141	0.582442	
0.377881	0.0586885	0.676534	
0.385834	0.0860333	0.627665	
0.346674	0.17299	0.609259	
0.390536	0.132554	0.638234	
0.333986	0.0902392	0.715416	
0.322689	0.0612444	0.689032	
0.375647	0.0540682	0.711317	
0.377573	0.0640673	0.719398	
0.373583	0.0497968	0.706514	
0.382252	0.102751	0.715874	
0.379036	0.0610788	0.69047	
0.560945	0.462251	0.721836	
0.556734	0.454581	0.734308	
0.543854	0.510878	0.757882	
0.578826	0.58105	0.653132	
0.571906	0.524938	0.681573	
0.645565	0.531317	0.720438	
0.619995	0.491978	0.783989	
0.612239	0.493239	0.797319	
0.609919	0.495799	0.800322	
0.607821	0.507451	0.798827	
0.613017	0.569479	0.761555	
0.64037	0.605867	0.696137	
0.663365	0.579541	0.666803	
0.575794	0.547564	0.789933	
0.61918	0.621032	0.726449	
0.586861	0.582208	0.650618	
0.591861	0.475066	0.71141	
0.641305	0.523262	0.688577	
0.653863	0.575886	0.66003	
0.619375	0.584959	0.651907	
0.618577	0.47822	0.713354	
0.621817	0.484275	0.744431	
0.664121	0.568441	0.666941	
0.571469	0.466882	0.762636	
0.562241	0.531522	0.792192	
0.588922	0.483312	0.793229	
0.608841	0.496002	0.800966	
0.605878	0.494425	0.801108	
0.587661	0.465406	0.72378	
0.600575	0.48541	0.791666	
0.590444	0.586775	0.654255	
0.651136	0.587417	0.658529	
0.609399	0.494916	0.800457	
0.545565	1	0.627417	
0.522949	1	0.608436	
0.511768	1	0.615577	
0.472809	1	0.66833	
0.446579	1	0.723988	
0.459692	1	0.743342	
0.470679	1	0.75268	
0.490305	0.97456	0.630469	
0.468334	0.933151	0.649881	
0.464684	0.934406	0.656226	
0.447931	0.979603	0.700471	
0.51115	0.910207	0.673018	
0.507697	0.91458	0.702543	
0.468512	0.931824	0.650578	
0.522268	0.994297	0.608595	
0.560551	0.919046	0.697107	
0.533488	0.912619	0.694723	
0.557885	0.925928	0.645612	
0.494551	0.941026	0.745733	
0.522947	0.929201	0.722231	
0.452412	0.986291	0.730746	
0.495913	0.942607	0.747632	
0.5574	0.954043	0.629111	
0.524994	0.993778	0.608466	
0.470729	0.999812	0.752691	
0.476302	0.553455	0.913284	
0.426787	0.536408	0.832085	
0.411099	0.495326	0.854119	
0.42291	0.474261	0.907126	
0.484624	0.460547	0.849973	
0.505448	0.496824	0.850976	
0.525642	0.535039	0.85739	
0.508214	0.526071	0.894921	
0.464852	0.465806	0.92023	
0.439681	0.530634	0.824058	
0.472073	0.498629	0.831952	
0.403954	0.4616	0.87614	
0.463582	0.547458	0.813919	
0.515638	0.551942	0.8416	
0.483807	0.556643	0.913563	
0.518221	0.555664	0.862664	
0.433098	0.468651	0.919255	
0.818458	0.653605	0.744199	
0.773927	0.660559	0.672305	
0.762415	0.67459	0.610765	
0.809453	0.686452	0.619262	
0.878441	0.687376	0.689568	
0.901607	0.676856	0.751204	
0.879991	0.673338	0.631447	
0.911826	0.635785	0.627481	
0.880183	0.604326	0.610842	
0.820557	0.599067	0.595652	
0.769526	0.667311	0.604417	
0.934906	0.641107	0.689425	
0.921092	0.64207	0.642324	
0.910646	0.67329	0.74549	
0.858252	0.580715	0.672778	
0.854993	0.582495	0.631478	
0.769693	0.622763	0.683675	
0.882224	0.585211	0.66967	
0.912612	0.615481	0.697887	
0.913464	0.607888	0.656817	
0.922259	0.621663	0.631787	
0.931526	0.627949	0.64663	
0.777417	0.620829	0.719647	
0.760514	0.629372	0.683021	
0.781289	0.637478	0.721039	
0.139912	0	0.182994	
0.230273	0	0.193906	
0.218992	0	0.273794	
0.129092	0	0.266415	
0.103489	0	0.217687	
0.180554	0.0150004	0.145908	
0.316127	0.0395563	0.238023	
0.34725	0.0848517	0.235684	
0.33943	0.0967338	0.222495	
0.337802	0.102148	0.258518	
0.156845	0.00944357	0.315087	
0.243279	0.0720348	0.297766	
0.273252	0.124433	0.263055	
0.326935	0.126006	0.276251	
0.152224	0.034948	0.303496	
0.182363	0.086523	0.269502	
0.219468	0.12161	0.239623	
0.124443	0.0297856	0.1906	
0.119702	0.0258912	0.232003	
0.136514	0.0426636	0.274263	
0.328821	0.126438	0.26333	
0.107197	0.0087321	0.20903	
0.115994	0.0171591	0.24066	
0.34287	0.100199	0.230494	
0.449388	1	0.601307	
0.475903	1	0.566213	
0.41665	1	0.527966	
0.40068	1	0.555953	
0.442647	0.944686	0.625243	
0.401572	0.956746	0.602479	
0.391814	0.981191	0.586648	
0.446882	0.930404	0.541827	
0.410783	0.944911	0.55784	
0.404274	0.95365	0.600416	
0.388778	0.959265	0.591265	
0.386075	0.962361	0.593328	
0.427927	0.93843	0.524333	
0.42763	0.971614	0.523091	
0.390959	0.969331	0.569702	
0.413529	0.959971	0.526901	
0.398567	0.976518	0.538845	
0.398153	0.981789	0.539242	
0.402135	0.993628	0.532173	
0.400877	0.981985	0.531973	
0.792198	0.265921	0.577245	
0.833829	0.303254	0.571284	
0.878273	0.28695	0.538709	
0.91331	0.260518	0.506692	
0.900124	0.22108	0.495692	
0.85648	0.177738	0.49998	
0.820757	0.163091	0.51321	
0.784454	0.180872	0.541901	
0.759052	0.211683	0.57055	
0.905424	0.284199	0.461002	
0.917497	0.274602	0.479912	
0.917145	0.270961	0.504396	
0.829687	0.309607	0.564529	
0.803628	0.325682	0.553331	
0.800144	0.336451	0.496805	
0.809625	0.340099	0.440246	
0.813494	0.340001	0.427291	
0.856871	0.313886	0.441824	
0.817924	0.311854	0.572185	
0.788128	0.330341	0.538578	
0.755485	0.243459	0.560743	
0.76571	0.29405	0.54093	
0.757345	0.243933	0.469486	
0.74177	0.240947	0.534446	
0.794797	0.333634	0.494151	
0.811855	0.338896	0.42737	
0.792355	0.301504	0.434939	
0.919503	0.258587	0.497296	
0.772603	0.239839	0.451401	
0.797414	0.195776	0.469716	
0.852446	0.188058	0.481454	
0.895106	0.237308	0.472831	
0.903784	0.282134	0.459907	
0.812913	0.338443	0.426546	
0.751439	0.19792	0.557083	
0.762036	0.213259	0.472009	
0.910017	0.278111	0.463729	
0.883207	0.196293	0.48741	
0.825719	0.169503	0.494024	
0.787456	0.176834	0.521141	
1	1	0.901138	
1	0.956449	1	
1	0.89682	0.956548	
1	0.890275	0.86142	
1	0.905555	0.797679	
1	0.912052	0.784811	
1	0.9564	0.793142	
0.979289	1	1	
0.97129	1	0.802011	
0.950579	1	0.900873	
0.945873	0.962575	1	
0.935331	0.918159	1	
0.968747	0.912033	1	
0.929658	0.935489	0.818025	
0.9559	0.926055	0.793914	
0.976165	0.917039	0.784676	
0.983093	0.912839	0.787577	
0.994864	0.904298	0.800125	
0.965083	0.892746	0.948151	
0.927881	0.906536	0.980079	
0.924491	0.922189	0.90494	
0.941899	0.99809	0.801339	
0.932303	0.966118	0.816929	
0.929381	0.916736	0.988477	
0.933831	0.907959	0.991602	
0.994864	0.910046	0.78806	
0.938917	0.945819	0.797898	
0.941562	0.976448	0.796802	
0.988229	0.914845	0.784327	
0.958889	0.936953	0.788688	
0.757682	1	0.857551	
0.875396	1	0.841814	
0.933896	1	0.792437	
0.737461	1	0.743699	
0.702304	1	0.815746	
0.890999	0.916328	0.860434	
0.85157	0.899232	0.891554	
0.835733	0.910116	0.897982	
0.818826	0.959183	0.892035	
0.940647	0.99809	0.800645	
0.778868	0.94975	0.767127	
0.855772	0.893128	0.789386	
0.868471	0.8763	0.812254	
0.833661	0.887855	0.838302	
0.76934	0.920868	0.856498	
0.722973	0.953796	0.846183	
0.703894	0.977309	0.816369	
0.839406	0.917097	0.76661	
0.873046	0.877864	0.80726	
0.906023	0.90637	0.805962	
0.938958	0.959468	0.789532	
0.782632	0.929542	0.877988	
0.706133	0.983437	0.83451	
0.863328	0.885621	0.853703	
0.872083	0.876231	0.814132	
0.822441	0.901442	0.876492	
0.867507	0.874668	0.819125	
0.706622	1	0.967268	
0.65953	1	0.967268	
0.698674	1	1	
0.765663	0.899439	1	
0.777709	0.976536	1	
0.65566	0.935607	1	
0.674459	0.855561	1	
0.705426	0.842857	1	
0.794205	0.933448	0.964742	
0.671756	0.984849	0.920864	
0.684159	0.953008	0.894988	
0.73552	0.925071	0.906133	
0.750214	0.879815	0.964742	
0.682799	0.869894	0.961913	
0.678862	0.910903	0.910886	
0.686794	0.929123	0.890364	
0.668078	0.885547	0.961913	
0.67867	0.945812	0.90257	
0.465431	1	1	
0.530613	1	0.982522	
0.502654	1	0.946386	
0.445255	1	0.915495	
0.402147	1	0.953303	
0.484634	0.900543	1	
0.527402	0.957564	1	
0.390201	0.975775	1	
0.466667	0.941509	0.918084	
0.518666	0.95175	0.957521	
0.485066	0.890766	0.930971	
0.515455	0.909314	0.974999	
0.247743	0.16042	0.624096	
0.291591	0.191898	0.573895	
0.225831	0.108657	0.607823	
0.181833	0.134058	0.603203	
0.181144	0.14812	0.606095	
0.275758	0.0924065	0.573782	
0.220497	0.110398	0.550546	
0.172194	0.126122	0.561903	
0.177228	0.124481	0.592681	
0.260646	0.100552	0.549057	
0.31991	0.163943	0.55947	
0.275115	0.135525	0.5339	
0.174541	0.126522	0.535814	
0.21469	0.116676	0.534324	
0.264818	0.2057	0.529726	
0.280277	0.191752	0.527859	
0.19495	0.161337	0.528876	
0.2604	0.204266	0.525941	
0.175267	0.136196	0.594771	
0.655807	0.287628	0.745966	
0.695841	0.278469	0.796706	
0.718075	0.292343	0.858604	
0.671152	0.326887	0.841479	
0.633091	0.340117	0.801282	
0.627146	0.336004	0.784014	
0.691015	0.220018	0.82824	
0.722091	0.23518	0.858169	
0.730234	0.257468	0.854197	
0.656621	0.262645	0.756797	
0.659937	0.226481	0.78436	
0.692389	0.322209	0.879643	
0.679567	0.333301	0.889644	
0.66438	0.33938	0.873281	
0.644788	0.342947	0.835079	
0.709685	0.261883	0.876244	
0.661722	0.221918	0.865444	
0.603982	0.219662	0.878278	
0.607524	0.240583	0.889199	
0.652857	0.269541	0.89444	
0.639574	0.209213	0.80528	
0.61228	0.206571	0.812397	
0.609146	0.211411	0.845329	
0.686348	0.306739	0.890615	
0.64483	0.300114	0.893336	
0.612984	0.261805	0.897124	
0.632468	0.228203	0.783196	
0.612105	0.210935	0.804116	
0.589326	0.294306	0.828868	
0.579962	0.243562	0.845188	
0.600042	0.22398	0.81445	
0.623858	0.25234	0.776282	
0.615738	0.335178	0.786227	
0.61197	0.334237	0.792149	
0.630721	0.338799	0.84469	
0.592105	0.297011	0.850617	
0.592673	0.263294	0.882862	
0.610583	0.215947	0.79862	
0.609523	0.3332	0.8151	
0.621471	0.337005	0.787943	
0.570388	0.255482	0.862797	
0.572086	0.258136	0.867145	
0.600429	0.219266	0.822791	
0.585692	0.239436	0.873349	
0	0.875361	0.825543	
0	0.913879	0.807843	
0	0.820564	0.774045	
0	0.813494	0.796928	
0.0732275	0.993545	0.859587	
0.0327445	0.968758	0.855825	
0.0542853	0.82911	0.834133	
0.080015	0.973637	0.872649	
0.00949426	0.816895	0.773127	
0.661242	0.240771	0.756729	
0.607492	0.206182	0.790423	
0.609388	0.172584	0.739895	
0.645768	0.169305	0.679271	
0.682629	0.201246	0.667812	
0.679342	0.197192	0.657131	
0.594898	0.14782	0.703632	
0.564454	0.178211	0.699086	
0.553523	0.218921	0.684276	
0.557242	0.234699	0.676212	
0.609736	0.235878	0.660356	
0.665866	0.224	0.649212	
0.677566	0.210577	0.65173	
0.586138	0.270097	0.712056	
0.566637	0.242105	0.718524	
0.547684	0.21326	0.726559	
0.578989	0.214191	0.763142	
0.573325	0.255255	0.692029	
0.664058	0.290507	0.733328	
0.683222	0.25252	0.676666	
0.670839	0.241486	0.662074	
0.550554	0.221549	0.702707	
0.570465	0.14835	0.713177	
0.584955	0.173114	0.749439	
0.559399	0.160463	0.715209	
0.550343	0.191775	0.720714	
0.553388	0.190324	0.701118	
0.662426	0.286159	0.740191	
0.682818	0.206847	0.653006	
0.678647	0.213253	0.651392	
0.687028	0.215144	0.657778	
0.683554	0.251519	0.675734	
0.482541	0.867933	0	
0.536782	0.882056	0	
0.558966	0.854937	0	
0.532118	0.850366	0	
0.489417	0.885301	0.147032	
0.519362	0.92603	0.134352	
0.520428	0.933585	0.0626028	
0.471635	0.868879	0.0638704	
0.502444	0.850033	0.126542	
0.488604	0.849625	0.0745553	
0.569	0.851228	0.0398083	
0.580129	0.851562	0.0843931	
0.475836	0.855538	0.119589	
0.512915	0.908549	0.173792	
0.551104	0.933231	0.117513	
0.567004	0.864952	0.0241142	
0.575747	0.892201	0.0887066	
0.577038	0.861243	0.0639226	
0.567446	0.665581	0.226549	
0.563267	0.605051	0.270219	
0.571263	0.646096	0.312387	
0.585389	0.774759	0.292483	
0.577435	0.746851	0.228801	
0.499939	0.702102	0.318124	
0.544753	0.603453	0.300188	
0.48631	0.616712	0.29752	
0.437512	0.671157	0.305087	
0.430828	0.709828	0.298603	
0.450903	0.74948	0.278906	
0.508859	0.781677	0.271858	
0.554187	0.609595	0.235743	
0.550771	0.739638	0.201473	
0.517265	0.752281	0.185619	
0.489737	0.731979	0.180378	
0.443877	0.658689	0.181656	
0.49603	0.629631	0.20871	
0.535673	0.607998	0.265712	
0.425166	0.647158	0.22608	
0.439357	0.650074	0.186359	
0.529241	0.75809	0.190219	
0.510784	0.762619	0.20368	
0.498836	0.775332	0.248003	
0.415325	0.720014	0.282194	
0.42098	0.701387	0.237112	
0.430746	0.688548	0.196206	
0.520402	0.779206	0.225546	
0.412204	0.685731	0.278265	
0.430779	0.687198	0.195575	
0.433943	0.658269	0.185555	
0	0.260778	0.501847	
0	0.287644	0.44971	
0	0.229197	0.31641	
0	0.211935	0.313511	
0	0.178039	0.318062	
0	0.161548	0.422096	
0	0.187211	0.530152	
0	0.210303	0.540853	
0	0.22627	0.537674	
0.0735802	0.165493	0.357678	
0.033748	0.158475	0.330089	
0.00868944	0.170163	0.518724	
0.0485217	0.169451	0.447435	
0.0844514	0.19407	0.367441	
0.0880508	0.230908	0.358984	
0.0807652	0.246886	0.374933	
0.0422936	0.238603	0.460352	
0.00812575	0.218076	0.536386	
0.0118551	0.191116	0.528464	
0.0585696	0.267109	0.395736	
0.01086	0.287843	0.448165	
0.00496005	0.231023	0.532645	
0.0705507	0.17529	0.335085	
0.0881102	0.220051	0.352417	
0.0802938	0.203633	0.340777	
0.0405679	0.198141	0.323235	
0.00376517	0.205547	0.313084	
0.0857223	0.231887	0.351493	
0.0761909	0.25172	0.353681	
0.00376517	0.215223	0.313689	
0.0856629	0.242744	0.358059	
0.00272775	0.208296	0.540096	
0.00589345	0.211317	0.540658	
0.00272775	0.213455	0.541618	
0.384699	0.866354	0.593748	
0.311798	0.905544	0.572518	
0.336327	0.854611	0.516741	
0.380329	0.83259	0.532277	
0.419481	0.816967	0.55272	
0.370625	0.845861	0.616253	
0.333326	0.771884	0.594852	
0.30981	0.8047	0.634102	
0.308014	0.842253	0.660363	
0.418808	0.811082	0.557379	
0.384429	0.789851	0.568821	
0.333038	0.834665	0.527218	
0.293323	0.824747	0.553924	
0.260813	0.835153	0.567779	
0.337556	0.796133	0.560223	
0.290774	0.793873	0.596023	
0.264909	0.822866	0.576332	
0.417581	0.811646	0.552643	
0.300602	0.843142	0.659402	
0.258149	0.832742	0.588238	
0.221975	0.27861	0.16874	
0.263123	0.26779	0.150353	
0.295491	0.245341	0.0830926	
0.249761	0.2443	0.0540332	
0.187822	0.244331	0.0201285	
0.158333	0.249437	0.0232759	
0.287166	0.245182	0.0737616	
0.276007	0.285611	0.0507602	
0.276074	0.327411	0.0400416	
0.299792	0.314355	0.0701113	
0.248478	0.245145	0.0523708	
0.192368	0.28559	0.00585577	
0.243149	0.325988	0.0167591	
0.276534	0.355042	0.095838	
0.288572	0.351352	0.150797	
0.213541	0.342773	0.0321152	
0.240283	0.386161	0.135871	
0.217348	0.387769	0.124876	
0.20929	0.372799	0.0898014	
0.258816	0.304846	0.169527	
0.292294	0.330725	0.168499	
0.284152	0.349605	0.160666	
0.160105	0.328508	0.134353	
0.195064	0.373225	0.128125	
0.197624	0.367956	0.0852667	
0.153713	0.318456	0.104686	
0.177608	0.367549	0.117809	
0.2	0.381989	0.114935	
0.779239	1	0.565061	
0.862313	1	0.593154	
0.894493	1	0.527842	
0.893159	1	0.512986	
0.870779	1	0.489812	
0.829322	1	0.475499	
0.802159	0.914892	0.490387	
0.805473	0.954224	0.482301	
0.876854	0.953577	0.529814	
0.890105	0.967172	0.554453	
0.895336	0.97188	0.544263	
0.891144	0.967526	0.534862	
0.895461	0.986007	0.543651	
0.883796	0.967491	0.513916	
0.876975	0.972205	0.494685	
0.862102	0.969964	0.47648	
0.828201	0.945086	0.472461	
0.849765	0.983597	0.466128	
0.876597	0.974371	0.491762	
0.880166	0.973842	0.498151	
0.894367	0.985873	0.528453	
0.886306	0.988004	0.50363	
0.882935	0	0.952101	
0.850612	0	1	
0.77298	0	0.974316	
0.816566	0	0.90382	
0.955631	0.0573166	1	
0.955313	0.134965	1	
0.859584	0.158802	1	
0.78524	0.160049	1	
0.766187	0.14365	1	
0.765292	0.0647548	1	
0.894289	0.0674909	0.926246	
0.979994	0.118609	0.992088	
0.961888	0.128784	0.966234	
0.828034	0.139729	0.947784	
0.905557	0.161292	0.955819	
0.933721	0.147791	0.952054	
0.756938	0.10358	0.935286	
0.761038	0.113727	0.938533	
0.843092	0.162145	0.977911	
0.770182	0.137633	0.969874	
0.920689	0.159972	0.96044	
0.924174	0.15732	0.982531	
0.948855	0.140964	0.974619	
0.754689	0.101501	0.937317	
0.754935	0.117613	0.970433	
0.756449	0.107848	0.939092	
0.398601	0.915333	0.586547	
0.441247	0.941698	0.631675	
0.462255	0.909645	0.643728	
0.466384	0.932405	0.651496	
0.439935	0.85047	0.529169	
0.440857	0.903182	0.514768	
0.473086	0.864369	0.622138	
0.458977	0.872884	0.511013	
0.466127	0.838044	0.58015	
0.884808	0.839912	0.124217	
0.866218	0.802669	0.116689	
0.856199	0.763299	0.117534	
0.87754	0.752601	0.139754	
0.908264	0.767503	0.164046	
0.925864	0.817227	0.167499	
0.910373	0.843684	0.146622	
0.851824	0.769853	0.108721	
0.859038	0.799287	0.101423	
0.873431	0.832103	0.109391	
0.861925	0.77196	0.0790465	
0.885057	0.751751	0.0837292	
0.895179	0.732547	0.115844	
0.876422	0.746202	0.119974	
0.90785	0.733061	0.116805	
0.878267	0.779399	0.0469598	
0.93092	0.791261	0.0562739	
0.988199	0.793736	0.0791201	
0.95834	0.763184	0.102882	
0.896221	0.744784	0.155878	
0.895103	0.738385	0.136098	
0.87538	0.806725	0.0693359	
0.907774	0.738899	0.13706	
0.950931	0.806384	0.152915	
0.989454	0.80795	0.11057	
0.914614	0.847865	0.143121	
0.958777	0.824592	0.115233	
0.939859	0.85384	0.158438	
0.935618	0.849658	0.16194	
0.960685	0.838815	0.147356	
1	0.545122	0.121828	
1	0.518409	0.119803	
1	0.501672	0.109507	
1	0.538097	0.0529627	
1	0.618259	0	
1	0.659742	0.0166114	
0.979666	0.55831	0	
0.90576	0.628079	0	
0.964105	0.656156	0	
0.988408	0.505062	0.0870623	
0.969497	0.51542	0.112037	
0.978905	0.550765	0.12848	
0.869492	0.589738	0.120903	
0.890112	0.594635	0.127327	
0.879572	0.618981	0.0866771	
0.915212	0.644455	0.0348082	
0.918952	0.640265	0.0749799	
0.865835	0.594062	0.116252	
0.249217	0.573145	0.857536	
0.225788	0.636711	0.844584	
0.180898	0.653992	0.847394	
0.264112	0.618015	0.823424	
0.181883	0.654299	0.838872	
0.308421	1	0.331657	
0.373327	1	0.280317	
0.352097	1	0.248921	
0.293946	1	0.236612	
0.234344	1	0.296026	
0.237648	1	0.379469	
0.373423	0.99555	0.281067	
0.364495	0.940485	0.274851	
0.324861	0.893974	0.294058	
0.256043	0.963373	0.362913	
0.314938	0.915499	0.22205	
0.326882	0.95695	0.218756	
0.261683	0.978905	0.250577	
0.287054	0.937454	0.23636	
0.277255	0.918411	0.260157	
0.256936	0.938767	0.270827	
0.339183	0.901884	0.243936	
0.242296	0.91898	0.303936	
0.37303	0.99555	0.279492	
0.797313	0.503161	0.647497	
0.81836	0.507819	0.710764	
0.7696	0.5332	0.59849	
0.757733	0.500961	0.603914	
0.761301	0.477357	0.66406	
0.781617	0.467058	0.713423	
0.801274	0.479691	0.707811	
0.733411	0.496365	0.688357	
0.690133	0.545988	0.660239	
0.712138	0.564668	0.711729	
0.751071	0.541005	0.754794	
0.7632	0.502279	0.741652	
0.720327	0.502101	0.632437	
0.773057	0.472546	0.721569	
0.779896	0.467849	0.714843	
0.772131	0.539163	0.75371	
0.78029	0.467983	0.715011	
0.681676	0.579318	0.670365	
0.744109	0.568676	0.750214	
0.737648	0.596814	0.735073	
0.710597	0.612455	0.697671	
0.760879	0.588273	0.745507	
0.750787	0.618425	0.718193	
0.837032	0.49001	0.680705	
0.854212	0.448432	0.643279	
0.865964	0.411911	0.615342	
0.840178	0.409571	0.652801	
0.815547	0.442541	0.698759	
0.82018	0.484701	0.704094	
0.827421	0.494383	0.696183	
0.866365	0.41493	0.612167	
0.853089	0.474297	0.632157	
0.865218	0.44134	0.600808	
0.866953	0.417421	0.608133	
0.860499	0.468917	0.588589	
0.82404	0.510854	0.628113	
0.821583	0.519532	0.564624	
0.841986	0.493308	0.573649	
0.866551	0.410736	0.612888	
0.866952	0.413756	0.609712	
0.788458	0.519901	0.575942	
0.821993	0.492407	0.701791	
0.811086	0.525967	0.561337	
0.804157	0.526018	0.558093	
0.86221	0.445542	0.595678	
0.828102	0.403488	0.611346	
0.788931	0.470712	0.579575	
0.816251	0.519574	0.560486	
0.812143	0.408005	0.69171	
0.809408	0.408314	0.692999	
0.80054	0.4353	0.703618	
0.80464	0.469227	0.710208	
0.799054	0.402128	0.654479	
0.781616	0.446852	0.703966	
0.771403	0.423343	0.66385	
0.744477	0.457359	0.607644	
0.740558	0.482997	0.610146	
0.795361	0.417851	0.694068	
0.771283	0.501937	0.582174	
0.805753	0.526009	0.557199	
0.787189	0.464435	0.713684	
1	0.249572	0.274337	
1	0.256105	0.325516	
1	0.180293	0.356588	
1	0.114594	0.345433	
1	0.173204	0.303017	
0.917946	0.16861	0.385926	
0.914259	0.196542	0.391072	
0.929584	0.214253	0.387681	
0.969845	0.233027	0.375041	
0.978893	0.113894	0.355607	
0.942319	0.132332	0.371864	
0.91316	0.121962	0.293385	
0.958508	0.178587	0.276835	
0.954776	0.242031	0.323111	
0.899095	0.196636	0.359348	
0.889155	0.174026	0.356249	
0.899488	0.145594	0.325218	
0.92227	0.116639	0.299055	
0.935859	0.104712	0.314505	
0.972097	0.107494	0.332309	
0.920453	0.210698	0.38986	
0.930559	0.217064	0.38691	
0.91549	0.215399	0.374815	
0.912058	0.164539	0.377708	
0.95099	0.106795	0.342483	
0.918414	0.113796	0.301763	
0.889244	0.173824	0.356636	
0.89304	0.176318	0.367002	
0.903151	0.181125	0.383294	
0.888727	0.175782	0.358542	
0.275945	0.226382	0.642901	
0.22959	0.31065	0.653452	
0.286455	0.306182	0.665691	
0.336383	0.28838	0.672904	
0.296592	0.223829	0.607482	
0.279979	0.284079	0.54995	
0.307289	0.301339	0.575217	
0.340587	0.293157	0.623441	
0.355712	0.276485	0.653066	
0.285505	0.32914	0.581344	
0.239566	0.329758	0.623374	
0.338423	0.294266	0.659804	
0.333306	0.304988	0.62492	
0.275916	0.307065	0.548202	
0.323583	0.309128	0.600488	
0.353731	0.284818	0.650254	
0.348928	0.291723	0.649195	
0.350966	0.284259	0.6592	
0.540433	0.415388	0.568293	
0.520499	0.423113	0.66128	
0.489478	0.394656	0.656544	
0.520965	0.479164	0.541847	
0.51031	0.510421	0.594786	
0.518433	0.48246	0.630791	
0.531207	0.440864	0.643526	
0.539328	0.423052	0.492069	
0.531786	0.447193	0.492267	
0.438854	0.481505	0.593915	
0.438065	0.436475	0.587749	
0.506109	0.418273	0.682952	
0.490192	0.449091	0.663655	
0.460827	0.486651	0.625892	
0.445184	0.493098	0.604259	
0.45018	0.425905	0.533728	
0.438174	0.44878	0.557526	
0.439609	0.473214	0.573172	
0.472332	0.480818	0.555912	
0.515983	0.466177	0.516022	
0.524649	0.430809	0.48601	
0.441144	0.425092	0.543623	
0.435173	0.469388	0.579087	
0.506196	0.494989	0.562742	
0.44329	0.485331	0.587999	
0.473312	0.504593	0.609304	
0.506994	0.432019	0.680071	
0.510754	0.448509	0.672654	
0.520577	0.452514	0.657781	
0.510198	0.481327	0.644553	
0.507152	0.511376	0.61884	
0.481231	0.477246	0.649217	
0.498032	0.460174	0.665632	
0.497477	0.492991	0.637531	
0.804865	0.251388	0.638439	
0.78045	0.225984	0.658887	
0.786811	0.30741	0.762234	
0.803449	0.323327	0.746275	
0.818134	0.305545	0.685947	
0.836041	0.335715	0.737956	
0.835983	0.279816	0.644499	
0.876152	0.336693	0.743109	
0.812572	0.20318	0.638619	
0.820498	0.17685	0.728356	
0.841993	0.167278	0.68877	
0.839794	0.175939	0.657668	
0.793573	0.295059	0.781057	
0.799943	0.27263	0.787955	
0.914709	0.267074	0.712087	
0.858606	0.214753	0.646855	
0.846877	0.176212	0.651122	
0.871169	0.175982	0.694211	
0.892912	0.179673	0.730252	
0.839903	0.18121	0.642819	
0.861589	0.23103	0.790141	
0.821624	0.199799	0.773852	
0.809722	0.30192	0.797473	
0.823237	0.311642	0.802767	
0.846007	0.308268	0.806639	
0.87299	0.291641	0.808	
0.883631	0.269662	0.804596	
0.867278	0.192994	0.758006	
0.866394	0.172318	0.717011	
0.893892	0.231451	0.775878	
0.913944	0.28963	0.73205	
0.884591	0.286866	0.803833	
0.804285	0.312476	0.781848	
0.862043	0.336743	0.759696	
0.845192	0.320055	0.796943	
0.846768	0.170941	0.665971	
0.865584	0.305788	0.806953	
0	0.588765	0.0227337	
0	0.616376	0.0227337	
0	0.590795	0	
0.055384	0.549064	0	
0.0992686	0.632621	0	
0.198731	0.64627	0	
0.154846	0.590323	0	
0.0750107	0.622892	0.0700586	
0.150488	0.63074	0.0941362	
0.130861	0.582493	0.0468113	
0.151853	0.631012	0.093285	
0.198504	0.64607	0.00187864	
0.175418	0.639208	0.0483524	
0.151387	0.631709	0.0937986	
0.19831	0.646636	0.00187864	
0.258559	0.697769	1	
0.208789	0.675853	1	
0.200901	0.653457	1	
0.251774	0.660234	1	
0.303589	0.679139	1	
0.302486	0.694278	1	
0.234562	0.717735	0.911868	
0.205847	0.689328	0.964162	
0.240334	0.647544	0.967096	
0.284228	0.667149	0.907787	
0.285897	0.695906	0.88127	
0.265301	0.710738	0.888285	
0.232112	0.724879	0.95736	
0.249719	0.76027	0.912564	
0.276165	0.73316	0.955204	
0.221205	0.728651	0.921323	
0.234166	0.747838	0.914521	
0.239557	0.727218	0.904867	
0.3131	0.684433	0.980652	
0.277282	0.741297	0.894332	
0.303503	0.712009	0.878388	
0.313	0.694025	0.919912	
0.294294	0.665863	0.977924	
0.282853	0.653173	0.94502	
0.287473	0.712385	0.879707	
0.303805	0.671157	0.958576	
0.301926	0.695529	0.879951	
0.533172	0.256365	0.638616	
0.512038	0.201384	0.65488	
0.464782	0.155715	0.669386	
0.447419	0.209022	0.654886	
0.466449	0.259697	0.639911	
0.502727	0.262847	0.637803	
0.529942	0.25916	0.637933	
0.534846	0.254941	0.641154	
0.539643	0.249418	0.647906	
0.547551	0.237648	0.6659	
0.540138	0.216774	0.731264	
0.526233	0.221457	0.740891	
0.495813	0.235002	0.753443	
0.462031	0.257226	0.748872	
0.474405	0.272089	0.691261	
0.512074	0.268282	0.642303	
0.498938	0.137938	0.685947	
0.520852	0.135423	0.708166	
0.5434	0.157079	0.714474	
0.547726	0.227909	0.670156	
0.535857	0.253622	0.641494	
0.511882	0.187891	0.738624	
0.477477	0.153963	0.739884	
0.449454	0.17155	0.751133	
0.459723	0.216678	0.758668	
0.540062	0.215597	0.732429	
0.518768	0.147336	0.723922	
0.428167	0.244817	0.666619	
0.421218	0.16136	0.684342	
0.487077	0.270493	0.642516	
0.42681	0.251845	0.713792	
0.470337	0.132996	0.714091	
0.41828	0.145919	0.718874	
0.426027	0.17748	0.735353	
0.441916	0.146891	0.737131	
0.776275	0.476843	0.289993	
0.757887	0.43655	0.288992	
0.790333	0.464473	0.311228	
0.79153	0.464216	0.341311	
0.738467	0.512217	0.364847	
0.783408	0.491516	0.332985	
0.370432	0.960894	0.56942	
0.315072	0.912809	0.57283	
0.384244	0.955936	0.513089	
0.381086	0.959339	0.597724	
0.447863	0.870883	0.489914	
0.437937	0.908293	0.507213	
0.347805	0.857625	0.49721	
0.423036	0.829919	0.519714	
0.450868	0.873046	0.497648	
0.630674	0.537013	0.821646	
0.671184	0.522514	0.809555	
0.717274	0.508384	0.804377	
0.728987	0.509309	0.819431	
0.723241	0.527804	0.880742	
0.674175	0.554239	0.927556	
0.625619	0.552417	0.872439	
0.607962	0.494896	0.802242	
0.615436	0.509796	0.806331	
0.624594	0.530954	0.819208	
0.616065	0.549792	0.911753	
0.635165	0.488774	0.796071	
0.676924	0.498858	0.798735	
0.62759	0.528767	0.814269	
0.617829	0.492374	0.798443	
0.683121	0.440283	0.885756	
0.712578	0.465916	0.830263	
0.729608	0.489863	0.810426	
0.731877	0.503079	0.821229	
0.708247	0.531806	0.931858	
0.673012	0.463058	0.82551	
0.636818	0.484969	0.799235	
0.623668	0.540951	0.931966	
0.728739	0.500336	0.80815	
0.68915	0.485011	0.803821	
0.649585	0.482153	0.799068	
0.647932	0.485959	0.795904	
0	0.181787	0.282846	
0	0.131385	0.26604	
0	0.123043	0.300767	
0	0.149224	0.322728	
0.0285828	0.175903	0.238911	
0.0188657	0.0967487	0.276486	
0.0574877	0.130108	0.251694	
0.0843638	0.186294	0.29651	
0.0754261	0.170526	0.331131	
0.0668085	0.153633	0.33582	
0.0516792	0.121646	0.30451	
0.0326771	0.203412	0.274246	
0.0782339	0.186242	0.329587	
0.0328136	0.14794	0.328791	
0.0677429	0.159573	0.336629	
0.457303	1	0.275599	
0.395426	1	0.25258	
0.396011	1	0.308636	
0.457872	1	0.332324	
0.497066	1	0.327025	
0.440491	0.959701	0.207968	
0.42589	0.899205	0.236669	
0.387903	0.879874	0.284599	
0.380107	0.93592	0.28281	
0.48425	0.923262	0.220441	
0.501901	0.971001	0.29773	
0.517716	0.925273	0.30016	
0.513413	0.9207	0.322503	
0.44696	0.898201	0.304008	
0.425358	0.972095	0.340909	
0.409752	0.912465	0.315908	
0.507215	0.973504	0.334282	
0.518587	0.940753	0.336286	
0.520905	0.929251	0.327043	
0.469808	0.940434	0.344369	
0.508239	0.935535	0.341272	
0.50724	0.925893	0.332219	
0.512093	0.941843	0.340798	
0.514732	0.934445	0.33676	
0.401986	0.197414	0.268672	
0.464899	0.193408	0.252181	
0.488793	0.13342	0.257098	
0.436384	0.0798619	0.281716	
0.37136	0.0788027	0.299755	
0.346188	0.105798	0.301497	
0.333583	0.13425	0.299514	
0.348252	0.164818	0.289645	
0.457852	0.0940727	0.309885	
0.524417	0.129931	0.304472	
0.485355	0.180664	0.318827	
0.39341	0.164217	0.331456	
0.371017	0.0991448	0.325021	
0.504	0.0988403	0.283766	
0.509209	0.164511	0.277804	
0.390235	0.0750944	0.307834	
0.425979	0.219342	0.280366	
0.426117	0.219659	0.317837	
0.393295	0.217741	0.302435	
0.369302	0.195813	0.290741	
0.350273	0.103034	0.315908	
0.343768	0.118736	0.331204	
0.340376	0.120787	0.328395	
0.337539	0.136174	0.318647	
0.355881	0.177868	0.305273	
0.33629	0.123551	0.313984	
0.334831	0.146873	0.304177	
0.795948	0.53457	0.547244	
0.798351	0.528516	0.548253	
0.733245	0.493404	0.55366	
0.628913	0.577047	0.539318	
0.652082	0.591087	0.492739	
0.688093	0.58905	0.484175	
0.716375	0.580347	0.477112	
0.746114	0.556869	0.469007	
0.734513	0.505557	0.469303	
0.703222	0.467653	0.474865	
0.736914	0.579813	0.500075	
0.712779	0.585402	0.479798	
0.655492	0.593136	0.498837	
0.637666	0.594331	0.519481	
0.728975	0.578421	0.475659	
0.779736	0.535489	0.506479	
0.631038	0.593748	0.505557	
0.753128	0.498583	0.511077	
0.506934	0.696594	0.713099	
0.506193	0.731385	0.747434	
0.596705	0.720279	0.773821	
0.578269	0.688103	0.734157	
0.539645	0.765653	0.766247	
0.485427	0.775917	0.688619	
0.471778	0.739447	0.697051	
0.595297	0.759421	0.787671	
0.510129	0.756449	0.66784	
0.546171	0.713751	0.683387	
0.559668	0.753472	0.662598	
0.61996	0.711839	0.752505	
0.630403	0.737198	0.740905	
0.631649	0.73815	0.751725	
0.101259	0.24187	0	
0.0661279	0.364247	0	
0.0797273	0.463445	0	
0.11463	0.466715	0	
0.168142	0.409581	0	
0.217993	0.340421	0	
0.191249	0.284741	0	
0.154407	0.234175	0	
0.142277	0.223349	0	
0.211211	0.355906	0.0300667	
0.154956	0.41854	0.0898096	
0.120722	0.462473	0.0491146	
0.12032	0.465565	0.014505	
0.0876462	0.273024	0.0214929	
0.0932961	0.332166	0.0676314	
0.079275	0.433913	0.0742455	
0.0615013	0.4569	0.0309745	
0.105185	0.262878	0.0444881	
0.220323	0.327288	0.00204851	
0.0931253	0.456465	0.0664854	
0.121588	0.429258	0.0880052	
0.117898	0.459318	0.0701205	
0.114175	0.466164	0.014505	
0.162747	0.242308	0.00326767	
0.164021	0.243665	0.00707493	
0.155132	0.234798	0.00326767	
1	0.791272	0.877128	
1	0.756562	0.85217	
1	0.78167	0.801495	
1	0.855364	0.780608	
1	0.866571	0.843524	
0.919408	0.798877	0.826825	
0.960663	0.802664	0.795492	
0.970774	0.767504	0.840438	
0.930485	0.777956	0.850403	
0.918456	0.788335	0.842793	
0.920538	0.810445	0.816179	
0.95474	0.861889	0.803742	
0.963698	0.761931	0.865311	
0.992923	0.750989	0.877043	
0.97473	0.808676	0.877498	
0.93444	0.784418	0.862505	
0.918621	0.80342	0.827623	
0.967653	0.768393	0.877413	
0.649783	0.683805	0.290019	
0.679474	0.671655	0.230635	
0.658815	0.62802	0.236843	
0.601387	0.573737	0.299273	
0.595324	0.580211	0.314093	
0.597587	0.619113	0.336414	
0.646909	0.753463	0.230655	
0.677973	0.696126	0.224471	
0.600723	0.775994	0.298264	
0.622062	0.782727	0.251061	
0.681525	0.673266	0.214498	
0.67657	0.690936	0.202438	
0.64398	0.691963	0.193949	
0.594446	0.643771	0.211639	
0.680341	0.696061	0.207193	
0.594843	0.704145	0.202724	
0.566451	0.604963	0.235899	
0.673402	0.701856	0.198978	
0.614728	0.779776	0.247371	
0.588906	0.584454	0.324174	
0.576154	0.592266	0.312013	
0.593626	0.578814	0.312233	
0.692034	0	0.642852	
0.695475	0	0.691646	
0.651046	0	0.717767	
0.671767	0	0.630179	
0.706974	0.0758062	0.678929	
0.713674	0.0471757	0.720295	
0.711878	0.0549139	0.76253	
0.706646	0.0773099	0.764444	
0.700988	0.10152	0.755042	
0.698128	0.113729	0.729258	
0.697026	0.118418	0.703264	
0.705856	0.0221667	0.664243	
0.703293	0.0250091	0.747698	
0.676346	0.0194745	0.629727	
0.668369	0.127674	0.647616	
0.66614	0.0818902	0.633618	
0.682566	0.0680054	0.75616	
0.624736	0.0681942	0.73374	
0.678477	0.0855056	0.756638	
0.664419	0.0390386	0.622031	
0.65903	0.117529	0.639331	
0.622934	0.110217	0.678587	
0.669141	0.114617	0.711658	
0.669192	0.13189	0.655767	
0.68237	0.1261	0.686762	
0.653382	0.126988	0.669163	
0.152663	0.776142	0.51605	
0.211424	0.739741	0.543683	
0.218882	0.700392	0.592129	
0.160121	0.736794	0.564496	
0.151593	0.714355	0.523338	
0.113376	0.771352	0.522991	
0.209798	0.683399	0.589128	
0.197522	0.657962	0.5379	
0.193581	0.659546	0.532847	
0.23217	0.698572	0.583189	
0.185425	0.765391	0.482213	
0.184141	0.7317	0.463065	
0.197356	0.69544	0.483603	
0.159023	0.715277	0.471975	
0.179861	0.681807	0.502177	
0.122272	0.758527	0.494963	
0.133474	0.748507	0.472663	
0.141957	0.737805	0.470837	
0.15912	0.751448	0.466441	
0.135254	0.749374	0.472249	
0.196906	0.657922	0.535103	
0.171099	0.704895	0.470411	
0.180833	0.708543	0.465482	
0.161523	0.717789	0.468546	
0.136246	0.748306	0.471149	
0	0.355596	0.664932	
0	0.377709	0.607277	
0	0.35817	0.559497	
0	0.318024	0.533946	
0	0.290383	0.530233	
0	0.261191	0.568091	
0	0.238829	0.619955	
0	0.286054	0.665304	
0.103492	0.343948	0.593674	
0.0872198	0.295585	0.604541	
0.105067	0.283751	0.668102	
0.12134	0.332115	0.657234	
0.110722	0.384265	0.632852	
0.0864695	0.321285	0.690423	
0.0758522	0.373434	0.666041	
0.0620897	0.412841	0.595639	
0.0694324	0.416964	0.607628	
0.0829498	0.411608	0.619924	
0.071043	0.326236	0.541076	
0.0531034	0.33303	0.52452	
0.0489201	0.342533	0.526638	
0.0511087	0.379765	0.557393	
0.0281159	0.336745	0.697585	
0.0344033	0.397781	0.622265	
0.0696168	0.417103	0.608801	
0.0293406	0.30504	0.530924	
0.0590569	0.250026	0.64553	
0.0123434	0.236264	0.618874	
0.0123434	0.236868	0.63557	
0.0686223	0.416905	0.607449	
0.0278707	0.392907	0.581823	
0.0232379	0.345028	0.535067	
0.0256821	0.31553	0.525517	
0	0.273163	0.12026	
0	0.311787	0.0493344	
0	0.237728	0	
0	0.179844	0.120652	
0.0406431	0.283097	0	
0.0298891	0.208091	0.132386	
0.0104705	0.321721	0.0955152	
0.0579873	0.274904	0.091781	
0.0574736	0.297135	0.0676737	
0.367005	0.237266	0	
0.346226	0.224977	0	
0.31235	0.279711	0	
0.304029	0.342036	0	
0.343806	0.346573	0	
0.315239	0.235908	0.0360496	
0.273117	0.329415	0.0147106	
0.334627	0.225928	0.0387618	
0.309723	0.233239	0.0795867	
0.293248	0.241564	0.0785369	
0.306986	0.340032	0.025331	
0.321518	0.227829	0.0777367	
0.30062	0.241552	0.085916	
1	0.246963	0.37013	
1	0.276493	0.275318	
1	0.323657	0.283378	
1	0.323963	0.445346	
1	0.284232	0.412141	
0.899254	0.22887	0.350709	
0.914903	0.244777	0.425861	
0.884581	0.305982	0.44562	
0.969845	0.234554	0.379821	
0.922504	0.28863	0.466642	
0.966676	0.30853	0.458916	
0.909917	0.308897	0.45513	
0.779778	0.355047	0.875869	
0.767593	0.347996	0.927803	
0.789423	0.233233	0.935062	
0.798194	0.276678	0.867465	
0.800899	0.311209	0.829981	
0.796206	0.323649	0.83805	
0.834602	0.296213	0.955723	
0.863938	0.313978	0.925635	
0.865778	0.294105	0.905669	
0.82592	0.249726	0.929111	
0.812213	0.372009	0.978021	
0.837195	0.344134	0.954499	
0.782963	0.380084	0.928837	
0.804022	0.378666	0.964341	
0.863293	0.318072	0.904407	
0.811739	0.375482	0.964763	
0.835236	0.351845	0.920786	
0.856529	0.312935	0.862751	
0.804472	0.3816	0.95177	
0.801143	0.324345	0.834299	
0.810377	0.314441	0.823056	
0.831814	0.30775	0.829523	
0.861475	0.280674	0.873649	
0.826394	0.264448	0.880613	
0.855473	0.292984	0.845845	
0.806075	0.311685	0.826011	
0.805201	0.313966	0.827026	
0.901871	0.433462	0.925436	
0.875084	0.413082	0.919065	
0.832208	0.415555	0.923317	
0.79549	0.428118	0.93126	
0.843745	0.432148	0.884582	
0.876972	0.413412	0.9177	
0.83264	0.491194	0.847063	
0.81661	0.46366	0.849412	
0.87169	0.411634	0.917366	
0.804263	0.43607	0.890533	
0.821397	0.511989	0.870627	
0.82072	0.484972	0.847697	
0.833154	0.50229	0.849506	
0.860659	0	0.157683	
0.96436	0	0.262294	
0.940028	0	0.313712	
0.851501	0	0.314011	
0.794357	0	0.277326	
0.826334	0	0.215125	
0.953211	0.0433214	0.298105	
0.921358	0.102796	0.304773	
0.904051	0.120817	0.287128	
0.899621	0.115999	0.268585	
0.837842	0.0922709	0.283243	
0.821345	0.058837	0.262853	
0.815282	0.0273924	0.226064	
0.905752	0.0139667	0.346338	
0.87673	0.0481128	0.336229	
0.833495	0.0653371	0.315361	
0.808211	0.0445234	0.297825	
0.797195	0.0133324	0.286365	
0.895724	0.123032	0.280366	
0.918935	0.0572881	0.330732	
0.90305	0.119835	0.295175	
0.873755	0.0945058	0.309799	
0.826778	0.0766597	0.294836	
0.800349	0.0194337	0.254283	
0.796861	0.0193978	0.278263	
0.893444	0.122103	0.289414	
0.854023	0.00615353	0.165371	
0.794023	0.0060654	0.269224	
0.468678	0.538445	0.784791	
0.459266	0.502284	0.752534	
0.433984	0.504422	0.733403	
0.384689	0.54278	0.719353	
0.351335	0.579084	0.716886	
0.351733	0.599462	0.731069	
0.461707	0.523311	0.788406	
0.422069	0.482398	0.753925	
0.375176	0.48075	0.79839	
0.362377	0.494622	0.836644	
0.392405	0.511838	0.83764	
0.396677	0.506989	0.731538	
0.384763	0.484965	0.75206	
0.35128	0.565246	0.717975	
0.363268	0.529455	0.730161	
0.347582	0.533664	0.780072	
0.340945	0.56816	0.724906	
0.36704	0.533641	0.838572	
0.33506	0.579971	0.728082	
0.340868	0.596765	0.740336	
0.341215	0.585385	0.723412	
0.254423	0.462635	0.112414	
0.321883	0.449181	0.0764877	
0.332944	0.5117	0.0381028	
0.337625	0.546434	0.0660414	
0.341841	0.44426	0.0805406	
0.386478	0.47894	0.0260107	
0.38457	0.483716	0.0196305	
0.384846	0.495575	0.0290728	
0.352597	0.452487	0.138858	
0.341719	0.435264	0.11315	
0.389974	0.47222	0.0419748	
1	0.698396	0.873476	
1	0.722479	0.914961	
0.94858	0.726476	1	
0.939487	0.723716	1	
0.930056	0.763309	0.95639	
0.902208	0.797191	0.899475	
0.885726	0.794126	0.885797	
0.83953	0.668405	0.948834	
0.906449	0.752193	0.827031	
0.926514	0.767727	0.843248	
0.992923	0.745335	0.879869	
0.896167	0.707119	0.810143	
0.932397	0.790432	0.895235	
0.917606	0.785019	0.84637	
0.913634	0.77479	0.839215	
0.860831	0.700228	0.828999	
0.835891	0.659603	0.934299	
0.86121	0.626284	0.870992	
0.881498	0.74851	0.837006	
0.879455	0.780694	0.860533	
0.903556	0.789194	0.854354	
0.890202	0.795352	0.874728	
0.835676	0.147013	0	
0.863367	0.183214	0	
0.926062	0.216817	0	
0.746079	0.216458	0.0749304	
0.781599	0.256977	0.0852699	
0.840457	0.275455	0.0706262	
0.892931	0.248766	0.0293874	
0.783181	0.139101	0.00758236	
0.754857	0.135708	0.01822	
0.837745	0.190638	0.143701	
0.80018	0.150634	0.109351	
0.822831	0.114262	0.0770342	
0.865968	0.177952	0.132041	
0.873957	0.189876	0.134644	
0.835715	0.19842	0.1439	
0.793019	0.22521	0.138301	
0.760662	0.254865	0.125422	
0.786041	0.269236	0.100769	
0.896274	0.254825	0.0646518	
0.936279	0.221978	0.0770507	
0.753429	0.250848	0.103562	
0.827159	0.197383	0.144462	
0.763443	0.110869	0.0720519	
0.758425	0.194516	0.106148	
0.757927	0.124477	0.0376209	
0.846301	0.191675	0.143139	
0.942518	0.219714	0.0626851	
0.634876	0.656619	0	
0.718218	0.721383	0	
0.740784	0.594491	0	
0.633855	0.545963	0	
0.613236	0.562224	0	
0.684476	0.639885	0.0904644	
0.716782	0.683073	0.0978041	
0.698185	0.712993	0.0868526	
0.621208	0.66584	0.0625173	
0.595979	0.597028	0.0610936	
0.627069	0.597949	0.0731477	
0.594275	0.591112	0.0292846	
0.736454	0.675869	0.0851681	
0.725639	0.683998	0.0929479	
0.647128	0.586076	0.0730453	
0.724543	0.67686	0.0933954	
0.609194	0.581975	0.0612432	
0.62998	0.544006	0.00364904	
0.473831	0.499497	0.164264	
0.476069	0.517544	0.249385	
0.500133	0.488979	0.328654	
0.487082	0.513155	0.35401	
0.491957	0.481383	0.165549	
0.504609	0.461806	0.171346	
0.508802	0.464142	0.242716	
0.413762	0.474938	0.245467	
0.444255	0.410141	0.256371	
0.457527	0.463843	0.305622	
0.467319	0.474945	0.157379	
0.475812	0.436446	0.174372	
0.459513	0.410398	0.222126	
0.481165	0.458308	0.309622	
0.458835	0.410861	0.265201	
0.499237	0.442434	0.283539	
0.491274	0.411825	0.229074	
0.500839	0.433533	0.188251	
0.480269	0.411763	0.264507	
0.485099	0.411179	0.195522	
0.487146	0.465079	0.160842	
0.0763363	0.735599	0.666862	
0.0603564	0.760627	0.708159	
0.10169	0.771132	0.732123	
0.160033	0.756616	0.714946	
0.182621	0.738492	0.686561	
0.140258	0.727979	0.662441	
0.0508466	0.776458	0.671386	
0.105067	0.722685	0.631169	
0.108375	0.753889	0.596879	
0.0758033	0.793058	0.6147	
0.100364	0.822968	0.635336	
0.140475	0.789392	0.607063	
0.170065	0.796098	0.652384	
0.148446	0.825285	0.69094	
0.112713	0.848741	0.702554	
0.180493	0.73521	0.661264	
0.172938	0.734605	0.63789	
0.139784	0.729064	0.625769	
0.105603	0.78402	0.575878	
0.106712	0.784748	0.575933	
0.109178	0.788363	0.578866	
0.0532107	0.820561	0.673226	
0.0666837	0.79512	0.725782	
0.176715	0.77365	0.682541	
0.127113	0.800604	0.734055	
0.123788	0.84361	0.713703	
0.137013	0.759195	0.604768	
0.170748	0.77783	0.631615	
0.175271	0.752099	0.636476	
0.139451	0.776801	0.603418	
0.645171	0.938103	0.589887	
0.646937	0.902559	0.56654	
0.640646	0.859327	0.599763	
0.636143	0.842088	0.627571	
0.63381	0.857367	0.649097	
0.638764	0.934578	0.554506	
0.621756	0.954269	0.581707	
0.602363	0.928689	0.542686	
0.572522	0.915923	0.538213	
0.562821	0.919854	0.553642	
0.561407	0.889713	0.538489	
0.569803	0.9057	0.5371	
0.626619	0.854024	0.572674	
0.603881	0.83287	0.570208	
0.579427	0.856665	0.554459	
0.587952	0.847032	0.602039	
0.62167	0.836555	0.639066	
0.624668	0.856559	0.665411	
0.62762	0.832614	0.622425	
0.612626	0.823115	0.601875	
0.60725	0.826834	0.57887	
0.630343	0.845005	0.642019	
0.566275	0.9053	0.538889	
0.61882	0.824617	0.620534	
0.604037	0.824074	0.583576	
0.579898	0.844359	0.57598	
0.600669	0.830109	0.574914	
0.303334	0.41995	1	
0.314591	0.456506	1	
0.300947	0.498543	1	
0.26438	0.500265	1	
0.39777	0.431917	0.914782	
0.356334	0.460965	0.966145	
0.275494	0.513742	0.957893	
0.266747	0.517917	0.914205	
0.314581	0.485367	0.882286	
0.37006	0.448068	0.857894	
0.353355	0.423043	0.967405	
0.395098	0.427501	0.93355	
0.391367	0.410623	0.916212	
0.357205	0.375443	0.879315	
0.362399	0.44544	0.851035	
0.266227	0.517725	0.914204	
0.253274	0.513214	0.923278	
0.340917	0.385724	0.868156	
0.264384	0.518992	0.915785	
0.24673	0.870777	0.728124	
0.321261	0.829531	0.771747	
0.32106	0.826416	0.680123	
0.29269	0.842235	0.666884	
0.247624	0.871281	0.728281	
0.316822	0.884718	0.760275	
0.362537	0.900514	0.756597	
0.348667	0.90609	0.720527	
0.36167	0.897205	0.764849	
0.3309	0.881159	0.774946	
0.369873	0.882333	0.76331	
0.384223	0.844099	0.75445	
0.384677	0.815463	0.750923	
0.359932	0.856769	0.695991	
0.394893	0.831591	0.739368	
0.377694	0.819562	0.73157	
0.304847	0.836435	0.660926	
0.363076	0.879518	0.704353	
0.375449	0.883337	0.743843	
0.392127	0.821836	0.74611	
0.384788	0.861852	0.749638	
0.754285	0.786789	0	
0.766918	0.751587	0.123371	
0.754564	0.741483	0.128496	
0.68493	0.740359	0.0938891	
0.736849	0.830286	0.0183761	
0.758171	0.796653	0.0676132	
0.785355	0.728567	0.106991	
0.783064	0.738768	0.117787	
0.778839	0.751778	0.119347	
0.739954	0.832479	0.0102353	
0.7143	0.703367	0.106023	
0.782571	0.715627	0.110372	
0.780658	0.726949	0.117769	
0.768468	0.739572	0.12654	
0.738635	0.677311	0.0879609	
0.783333	0.725955	0.11304	
0.780389	0.739762	0.122516	
1	0.857039	0.8952	
0.912964	0.813885	0.927408	
0.922372	0.890481	0.978234	
0.91192	0.837991	0.805862	
0.976271	0.916908	0.784605	
0.940086	0.888959	0.789655	
0.91664	0.788535	0.841846	
0.879684	0.833906	0.841374	
0.890104	0.869405	0.801773	
0.885602	0.80799	0.893041	
0.858769	0.895017	0.896226	
0.860719	0.88711	0.908335	
0.892261	0.900879	0.940732	
0.975978	0.917058	0.784633	
0.822208	0	0.814457	
0.818907	0	0.831978	
0.79897	0	0.814858	
0.92585	0.0708877	0.794837	
0.867193	0.100335	0.828815	
0.824135	0.167768	0.818786	
0.915114	0.123052	0.765352	
0.834055	0.153957	0.705138	
0.820924	0.108982	0.71517	
0.87036	0.074788	0.757968	
0.893057	0.179232	0.730056	
0.881561	0.0337636	0.810953	
0.811856	0.0730047	0.725771	
0.806915	0.0564618	0.741605	
0.805266	0.021121	0.780642	
0.791307	0.122847	0.865406	
0.769292	0.0997455	0.870822	
0.764377	0.136239	0.834946	
0.760011	0.164304	0.794599	
0.822602	0.138297	0.708815	
0.742592	0.137579	0.783993	
0.73687	0.120595	0.78166	
0.753615	0.113987	0.762849	
0.804843	0.0775628	0.727689	
0.736054	0.117898	0.781602	
0.736141	0.10924	0.78826	
0.748935	0.0749279	0.799183	
0.78283	0.0456169	0.779991	
0.768358	0.0358233	0.811021	
0.752799	0.15768	0.793905	
0.736702	0.120313	0.78209	
0.742619	0.092183	0.814633	
0.819298	0.159909	0.185026	
0.86546	0.143896	0.277262	
0.89882	0.178368	0.236637	
0.889247	0.202452	0.16913	
0.834076	0.179208	0.157642	
0.809157	0.153303	0.245176	
0.79991	0.158076	0.210456	
0.771407	0.187972	0.220996	
0.828063	0.179538	0.158046	
0.796373	0.2257	0.15912	
0.765329	0.246315	0.18044	
0.758802	0.228251	0.20337	
0.829812	0.174518	0.287253	
0.795078	0.221847	0.276082	
0.761317	0.235441	0.241959	
0.756087	0.223045	0.226262	
0.90572	0.237274	0.214383	
0.849076	0.176282	0.290229	
0.855976	0.235188	0.267974	
0.849221	0.265368	0.223867	
0.811043	0.266391	0.210226	
0.787797	0.256167	0.189811	
0.826376	0.207557	0.301976	
0.792108	0.252159	0.232462	
0.782399	0.255079	0.201466	
0.757216	0.240019	0.214987	
0.759931	0.245226	0.192095	
1	0.263048	0.863709	
1	0.288615	0.906205	
1	0.209934	0.969317	
1	0.119764	0.944325	
0.96841	0.282805	0.946136	
0.987448	0.118293	0.987737	
0.929816	0.209542	0.954998	
0.935174	0.257598	0.942627	
0.925354	0.238507	0.931911	
0.915871	0.195937	0.933244	
0.916564	0.165458	0.949401	
0.926859	0.244647	0.925909	
0.923792	0.231941	0.900837	
0.99341	0.266495	0.864693	
0.918685	0.2277	0.9175	
0.920211	0.173149	0.924975	
0.926205	0.178446	0.905349	
0.92748	0.174898	0.905939	
0.960434	0.134188	0.925834	
0.349875	0.701023	0.408137	
0.397672	0.696582	0.440007	
0.418437	0.657163	0.408956	
0.331934	0.663481	0.349219	
0.302873	0.692769	0.361683	
0.304296	0.700313	0.371825	
0.401272	0.73922	0.430239	
0.310604	0.724748	0.367696	
0.391764	0.780023	0.40484	
0.431863	0.699161	0.425236	
0.451167	0.664001	0.393632	
0.461682	0.707806	0.411114	
0.419831	0.775	0.415556	
0.44605	0.741007	0.411202	
0.452176	0.701913	0.360652	
0.417891	0.768089	0.360253	
0.406829	0.760268	0.305967	
0.413639	0.741101	0.294867	
0.300676	0.703685	0.363913	
0.30273	0.72228	0.35628	
0.337957	0.674765	0.30983	
0.306462	0.693431	0.332712	
0.302989	0.689338	0.349736	
0.300792	0.700254	0.351966	
0.399726	0.765854	0.31207	
0.312743	0.704494	0.319709	
0.410251	0.715419	0.278342	
0.3708	0.718651	0.294887	
0.408565	0.736506	0.291015	
0	0.913359	0.182188	
0	0.857798	0.0726481	
0	0.791331	0.152206	
0	0.734044	0.258701	
0	0.793735	0.325597	
0	0.867914	0.262509	
0.080277	0.823155	0.233179	
0.063283	0.813838	0.120616	
0.0747833	0.784691	0.203927	
0.0150828	0.905735	0.197515	
0.035454	0.792533	0.321112	
0.0122717	0.809645	0.324195	
0.0241579	0.734076	0.22134	
0.0546642	0.761895	0.172629	
0.0305064	0.819151	0.103494	
0.0624524	0.795095	0.128534	
0.0683289	0.749979	0.257068	
0.0498624	0.730714	0.224514	
0.0415887	0.72926	0.255577	
0.0666313	0.763425	0.305841	
0.0195316	0.783869	0.327673	
0.610127	0.386118	0.354643	
0.654989	0.379098	0.368284	
0.712282	0.340976	0.351043	
0.720892	0.308483	0.316635	
0.696235	0.304492	0.299806	
0.642763	0.344005	0.320573	
0.691895	0.39055	0.375311	
0.730112	0.375192	0.299187	
0.731922	0.333149	0.311896	
0.62396	0.407327	0.361069	
0.64853	0.427152	0.365325	
0.680327	0.304674	0.277568	
0.598942	0.391181	0.335453	
0.602362	0.388914	0.29566	
0.639754	0.349826	0.251112	
0.673898	0.312762	0.2479	
0.681916	0.419364	0.274197	
0.724447	0.384471	0.281285	
0.730492	0.361284	0.287036	
0.648646	0.421556	0.258051	
0.65862	0.371059	0.241842	
0.698974	0.34902	0.253241	
0.622855	0.430191	0.345085	
0.627773	0.441409	0.31187	
0.696413	0.304818	0.285623	
0.669318	0.324983	0.231605	
0.602587	0.4165	0.324717	
0.629056	0.395901	0.261348	
1	0.284809	0.237965	
1	0.310288	0.211752	
0.843121	0.352784	0.224734	
0.841024	0.347924	0.247361	
0.847123	0.350367	0.268453	
0.843938	0.339305	0.244169	
0.847399	0.328227	0.231005	
0.843152	0.339626	0.236723	
0.990141	0.278315	0.217705	
0.5067	0.296176	0.290835	
0.539275	0.312495	0.267981	
0.430477	0.241195	0.275464	
0.418984	0.24339	0.316128	
0.388655	0.278338	0.269463	
0.400293	0.242897	0.307156	
0.463489	0.393073	0.287464	
0.516978	0.387735	0.263772	
0.538848	0.354867	0.277478	
0.391258	0.358705	0.238034	
0.432786	0.396126	0.219616	
0.46997	0.390952	0.180121	
0.535249	0.328093	0.279557	
0.395587	0.360782	0.294335	
0.394906	0.388861	0.262044	
0.394408	0.387413	0.25656	
0.391629	0.264842	0.320443	
0.39494	0.388857	0.262141	
0.42099	0.399718	0.26124	
0.394898	0.389141	0.261653	
0.418197	0.39956	0.256882	
0.474592	0.408692	0.189953	
0.54873	0.351747	0.256204	
0.545509	0.362175	0.265048	
0.394932	0.389137	0.261751	
0.520196	0.385915	0.23036	
0.498052	0.397157	0.194808	
0.493054	0.411189	0.198907	
0	0.939361	0.230609	
0	0.890292	0.336041	
0.129381	0.876334	0.242423	
0.12172	0.841286	0.238536	
0.103286	0.899197	0.214766	
0.127641	0.862319	0.219856	
0.0316298	0.811319	0.331461	
0.040211	0.826073	0.336998	
0.0336247	0.867566	0.3435	
0.958121	1	0.65835	
0.942955	1	0.58412	
0.96366	0.956123	0.608668	
0.990093	0.989068	0.627714	
0.916491	0.953063	0.566979	
0.903108	0.910469	0.634529	
0.92858	0.919933	0.612329	
0.969404	0.952835	0.651102	
0.924802	0.908866	0.646208	
0.939517	0.919755	0.664715	
0.943812	0.934217	0.677876	
0.914966	0.918057	0.658249	
0.585512	0.270075	0.711724	
0.526626	0.222205	0.741966	
0.498912	0.244357	0.766441	
0.476273	0.268419	0.787801	
0.477172	0.282789	0.790466	
0.510329	0.319698	0.775719	
0.550984	0.245202	0.660089	
0.539182	0.250933	0.645903	
0.5314	0.258881	0.637564	
0.529385	0.283336	0.640854	
0.520343	0.224551	0.745723	
0.513918	0.324393	0.654281	
0.504935	0.297366	0.648551	
0.453088	0.281225	0.7461	
0.45901	0.310129	0.760231	
0.467498	0.333377	0.763506	
0.48613	0.362838	0.750549	
0.474382	0.254807	0.774161	
0.474626	0.30164	0.785887	
0.469543	0.33469	0.766712	
0.469344	0.319905	0.77527	
0.541293	0.248152	0.649777	
0.529182	0.260357	0.63722	
0.458281	0.292603	0.765391	
0.469116	0.282216	0.781804	
0.518437	0.316072	0.648536	
0.46657	0.301067	0.777225	
0.466276	0.327371	0.766973	
0	0.613619	0.991107	
0	0.620108	0.932689	
0	0.557142	0.880975	
0	0.532055	0.894175	
0	0.524373	0.920801	
0	0.533079	0.97057	
0	0.575933	1	
0.0325021	0.608763	1	
0.0192468	0.539549	1	
0.0517488	0.572379	1	
0.0999268	0.642393	0.931827	
0.0463118	0.629775	0.966725	
0.0770966	0.638484	0.870445	
0.0788139	0.624919	0.975618	
0.080499	0.54194	0.883232	
0.0598143	0.529727	0.931303	
0.0411923	0.52966	0.986094	
0.0299446	0.550387	0.873887	
0.0586566	0.5646	0.859722	
0.069982	0.56233	0.86067	
0.0378687	0.530909	0.895441	
0.0219455	0.523191	0.956664	
0.16444	0.638721	1	
0.14657	0.654749	1	
0.103083	0.633756	1	
0.0681806	0.512395	1	
0.130528	0.474036	1	
0.189461	0.559469	1	
0.168923	0.625744	0.957459	
0.152273	0.638704	0.938968	
0.19758	0.558133	0.96382	
0.11121	0.652067	0.927899	
0.102098	0.647952	0.945704	
0.0893873	0.530472	0.885855	
0.0708793	0.506743	0.986094	
0.123932	0.658853	0.956832	
0.137853	0.661689	0.978994	
0.140288	0.659625	0.992248	
0.136709	0.660901	0.969102	
0.145076	0.649062	0.952369	
0.180861	0.619492	0.987446	
0.145696	0.656308	0.992248	
0.134957	0.654817	0.946978	
0.545315	1	0.939727	
0.592713	1	1	
0.667993	1	0.923823	
0.615879	1	0.91376	
0.558113	0.881257	1	
0.627502	0.8593	1	
0.679445	0.917606	0.897138	
0.629388	0.895422	0.893491	
0.563506	0.883017	0.891918	
0.554535	0.944237	0.903797	
0.672272	0.984849	0.910153	
0.533516	0.885552	0.909355	
0.515581	0.893065	0.937761	
0.546467	0.866771	0.942064	
0.578418	0.863121	0.925649	
0.583152	0.876444	0.891672	
0.583495	0.849149	0.979302	
0.630257	0.891087	0.895831	
0.67591	0.903362	0.911397	
0.676493	0.910065	0.89765	
1	0.109413	0.666777	
1	0.101861	0.637854	
1	0.113271	0.63805	
0.897931	0.147025	0.649889	
0.861229	0.0985183	0.614907	
0.899377	0.0609005	0.697056	
0.951373	0.077967	0.77348	
0.905289	0.0158884	0.648599	
0.939774	0.0471123	0.734695	
0.853224	0.0411273	0.609462	
0.856989	0.0217843	0.590306	
0.966928	0.0632794	0.671279	
0.987494	0.0953254	0.622579	
0.85616	0.0381821	0.584084	
0.870437	0.116834	0.56675	
0.871211	0.136115	0.582941	
0.870085	0.142157	0.598279	
0.874694	0.139323	0.586409	
0.930861	0.134634	0.609141	
0.87513	0.134575	0.577724	
0.816576	0.213002	0.317678	
0.860914	0.193552	0.335378	
0.880603	0.172701	0.369686	
0.843163	0.165879	0.405078	
0.787624	0.176992	0.411596	
0.760288	0.197172	0.382951	
0.763789	0.206561	0.360693	
0.784139	0.212854	0.33586	
0.76757	0.243787	0.346495	
0.78663	0.219955	0.328784	
0.847575	0.226799	0.317695	
0.788935	0.311248	0.378285	
0.764172	0.278834	0.366541	
0.895807	0.193526	0.443365	
0.909409	0.186838	0.397608	
0.884826	0.173439	0.37776	
0.818497	0.16974	0.454797	
0.914629	0.198184	0.397168	
0.770806	0.217927	0.341889	
0.760553	0.232421	0.365299	
0.766541	0.203028	0.426515	
0.772659	0.286032	0.426085	
0.769191	0.300757	0.391911	
0.81945	0.342391	0.424157	
0.791577	0.321866	0.417771	
0.383751	0.867316	0.242356	
0.415842	0.861967	0.211527	
0.477906	0.815482	0.20959	
0.461217	0.781083	0.284971	
0.41575	0.812174	0.291118	
0.43977	0.833866	0.173476	
0.446749	0.801761	0.151321	
0.48989	0.756811	0.168001	
0.50554	0.747469	0.181022	
0.381768	0.805163	0.160916	
0.431603	0.809954	0.1502	
0.379177	0.867889	0.229635	
0.364668	0.836257	0.200027	
0.372947	0.769494	0.183041	
0.370209	0.864781	0.240791	
0.400943	0.787771	0.299388	
0.407647	0.760924	0.305013	
0.396513	0.724194	0.237763	
0.407242	0.710162	0.196533	
0.497722	0.742417	0.172845	
0.423579	0.77714	0.30271	
0.284543	0.35928	0.839756	
0.233822	0.383444	0.704309	
0.24597	0.338932	0.701041	
0.25906	0.311673	0.716612	
0.27701	0.321514	0.781507	
0.269002	0.292066	0.738874	
0.200479	0.287918	0.730216	
0.180828	0.302611	0.72817	
0.153243	0.337133	0.763026	
0.174704	0.332256	0.731878	
0.199423	0.382773	0.72106	
0.242017	0.339931	0.699254	
0.216761	0.30954	0.710824	
0.246756	0.325107	0.700321	
0.166	0.363727	0.750333	
0.174382	0.392284	0.754364	
0.144805	0.371622	0.781702	
0.892953	0.395744	0.893582	
0.812888	0.452572	0.845858	
0.826599	0.44078	0.825673	
0.85972	0.414697	0.809963	
0.903356	0.420921	0.925985	
0.926683	0.438644	0.932558	
0.944186	0.416545	0.917826	
0.873778	0.425368	0.80695	
0.867627	0.471226	0.820625	
0.815585	0.4639	0.842108	
0.852007	0.434813	0.810586	
0	0.389861	0.351367	
0	0.388223	0.356069	
0.0369861	0.425135	0.345828	
0.0678049	0.395545	0.369168	
0.0554227	0.326785	0.402386	
0.0777106	0.460324	0.333558	
0.14675	0.414474	0.295421	
0.151765	0.399028	0.297768	
0.153362	0.376217	0.306073	
0.107611	0.347223	0.356424	
0.112912	0.315135	0.308313	
0.141781	0.343473	0.304545	
0.152285	0.397509	0.29644	
0.15091	0.406139	0.29394	
0.120022	0.333085	0.281735	
0.149372	0.406985	0.289149	
0	0.578735	0.59883	
0	0.519927	0.635048	
0	0.514446	0.653119	
0	0.563874	0.681822	
0	0.658395	0.636284	
0	0.645525	0.588221	
0.0258198	0.53718	0.616511	
0.0320634	0.597182	0.591557	
0.0578832	0.555627	0.609238	
0.0441577	0.536147	0.637122	
0.0224029	0.518836	0.659792	
0.00406494	0.514373	0.653154	
0.0563379	0.540623	0.671245	
0.0767021	0.569424	0.630341	
0.00406494	0.514389	0.657252	
0.0415713	0.643114	0.644575	
0.017962	0.654471	0.621192	
0.0349597	0.650119	0.645202	
0.502027	0.834505	0.697532	
0.491412	0.854849	0.662928	
0.616075	0.819143	0.638585	
0.486777	0.823147	0.702879	
0.452937	0.808189	0.67551	
0.466066	0.802227	0.703468	
0.546872	0.746023	0.608766	
0.490594	0.750226	0.608432	
0.450161	0.78236	0.598666	
0.594222	0.791383	0.593048	
0.576216	0.752786	0.60601	
0.466631	0.765947	0.677984	
0.458917	0.776287	0.6838	
0.455851	0.790968	0.693568	
0.455918	0.774857	0.671785	
0.454477	0.760316	0.630297	
0.45873	0.765341	0.665611	
0.548389	0.74609	0.646686	
0.538009	0.744067	0.62295	
0.556917	0.746359	0.621851	
0.61169	0.772681	0.632967	
0.600272	0.764007	0.608537	
0.615629	0.782141	0.608531	
0.611825	0.808082	0.594876	
0.618168	0.808559	0.611342	
0.405228	0.454544	0.535774	
0.388347	0.454807	0.539096	
0.36157	0.490558	0.522957	
0.378099	0.52345	0.499617	
0.405393	0.521193	0.495355	
0.405745	0.488037	0.515372	
0.410086	0.493026	0.463363	
0.405403	0.521179	0.495247	
0.340046	0.52356	0.502281	
0.314924	0.500114	0.477663	
0.331803	0.460793	0.432438	
0.369824	0.44461	0.411752	
0.395681	0.455669	0.422428	
0.385435	0.444549	0.531783	
0.410296	0.459948	0.483476	
0.37134	0.443644	0.412527	
0.366161	0.437929	0.469584	
0.365535	0.453361	0.541431	
0.326369	0.518615	0.501356	
0.405534	0.521115	0.495259	
0.360156	0.438585	0.531074	
0.299263	0.479234	0.462667	
0.364429	0.441868	0.410996	
0.396478	0.345299	0.686494	
0.403052	0.361004	0.645132	
0.446214	0.381194	0.670686	
0.493484	0.398117	0.717261	
0.486066	0.3851	0.747078	
0.432214	0.352465	0.74187	
0.36563	0.294869	0.722244	
0.381019	0.316359	0.726377	
0.377264	0.323951	0.648486	
0.401245	0.272906	0.624562	
0.42987	0.281744	0.612982	
0.446293	0.312702	0.612636	
0.428052	0.362436	0.633487	
0.36751	0.27652	0.641625	
0.496954	0.402156	0.695334	
0.488925	0.387399	0.662592	
0.496292	0.334173	0.637889	
0.437744	0.280586	0.612738	
0.448093	0.267368	0.62071	
0.467792	0.263613	0.632557	
0.417746	0.314279	0.744466	
0.47221	0.357699	0.759698	
0.407048	0.290574	0.738056	
0.456511	0.258252	0.634453	
0.430458	0.273726	0.614564	
0.372837	0.265853	0.645403	
0.505968	0.40352	0.694868	
0.499876	0.395824	0.737113	
0.574005	0.352463	0.382206	
0.552443	0.352163	0.334971	
0.541165	0.306036	0.27603	
0.570926	0.265661	0.310847	
0.603507	0.233948	0.358268	
0.606592	0.253105	0.379262	
0.593409	0.30847	0.39175	
0.550596	0.250501	0.317136	
0.45844	0.229629	0.352463	
0.505497	0.200624	0.365182	
0.556099	0.354645	0.384636	
0.568795	0.348323	0.397338	
0.582199	0.331534	0.417981	
0.562618	0.356254	0.378682	
0.580183	0.344532	0.400863	
0.603637	0.273898	0.401201	
0.604466	0.231029	0.368751	
0.474567	0.213443	0.368861	
0.529948	0	0.566901	
0.55485	0.0251902	0.486245	
0.487299	0.0403607	0.51242	
0.43342	0.0445799	0.551475	
0.471283	0.0191678	0.575808	
0.574335	0.0129719	0.496786	
0.567308	0.0182053	0.491076	
0.481846	0.112587	0.496034	
0.529782	0.0714217	0.483289	
0.424993	0.0552864	0.539172	
0.438524	0.0840273	0.524917	
0.456765	0.0818702	0.57823	
0.434212	0.0599369	0.563783	
0.524404	0.118659	0.483128	
0.549472	0.072428	0.486084	
0.427361	0.105204	0.556556	
0.425044	0.0878094	0.561452	
0.463332	0.126207	0.566059	
0.445176	0.122705	0.558825	
0.442472	0.114277	0.532576	
0.466641	0.128845	0.562676	
0.553421	0.129638	0.497349	
0.423412	0.0749536	0.548897	
0.574811	0.0166497	0.496295	
0.862388	0.759758	0.646036	
0.848044	0.77059	0.716396	
0.799545	0.761886	0.714249	
0.76738	0.748261	0.671248	
0.757913	0.737241	0.621471	
0.799096	0.741102	0.604599	
0.841005	0.747953	0.602902	
0.847373	0.722075	0.617594	
0.904119	0.689806	0.745429	
0.899925	0.72402	0.732274	
0.794113	0.676454	0.743032	
0.795029	0.712817	0.754639	
0.785071	0.739799	0.727954	
0.752902	0.729837	0.618866	
0.748198	0.716749	0.600174	
0.752028	0.693636	0.607434	
0.807291	0.745121	0.736002	
0.900354	0.688176	0.750737	
0.825748	0.683213	0.76509	
0.801919	0.725962	0.597701	
0.765201	0.690611	0.599719	
0.753379	0.727119	0.604043	
0.756032	0.709013	0.59588	
0	0.484057	0.559348	
0	0.519697	0.525374	
0	0.521874	0.46056	
0	0.42293	0.479755	
0	0.421476	0.574275	
0.0406928	0.49165	0.551859	
0.012508	0.524832	0.52143	
0.0457959	0.448765	0.458588	
0.0865152	0.412376	0.533487	
0.0689041	0.452303	0.565887	
0.0690339	0.370864	0.513901	
0.0527333	0.456193	0.571749	
0.0245485	0.453736	0.575294	
0.012508	0.507199	0.544846	
0.0558046	0.430203	0.582925	
0.0591269	0.41395	0.585084	
0.0719754	0.426313	0.577062	
0	0.336584	0.707309	
0	0.229041	0.654445	
0.0602068	0.34674	0.719998	
0.140836	0.320103	0.751749	
0.152936	0.295314	0.707052	
0.130319	0.297463	0.685484	
0.0794389	0.269509	0.815473	
0.155247	0.252316	0.722716	
0.164595	0.290024	0.718316	
0.149188	0.287107	0.692266	
0.106355	0.25984	0.661576	
0.0460694	0.223905	0.642812	
0.0859268	0.22052	0.657173	
0.161826	0.281631	0.704769	
0.0705738	0.211231	0.653648	
0.582401	0.5045	1	
0.542454	0.530343	0.869307	
0.544133	0.631086	0.89345	
1	0.362383	0.651297	
1	0.304731	0.637453	
1	0.258015	0.571008	
1	0.277923	0.513563	
1	0.32703	0.578253	
0.997635	0.250167	0.623406	
0.973618	0.257915	0.63513	
0.901124	0.2992	0.564017	
0.927874	0.295187	0.523487	
0.974337	0.279016	0.507826	
0.930294	0.351285	0.564589	
0.920836	0.316544	0.543728	
0.976646	0.259325	0.63803	
0.942101	0.322526	0.520345	
0.990422	0.369342	0.649997	
0.980451	0.294467	0.500069	
0.955252	0.305255	0.498946	
0.99319	0.358813	0.656624	
0.951027	0.294528	0.494184	
0.951491	0.304223	0.498798	
0.957141	0.298615	0.493027	
0.143663	1	0.135563	
0.18154	1	0.194864	
0.210085	1	0.128197	
0.190106	1	0.0341653	
0.150084	1	0	
0.153611	0.990209	0	
0.189453	0.881574	0.212195	
0.206304	0.92927	0.205331	
0.238108	0.924978	0.173727	
0.220116	0.858226	0.177926	
0.197624	0.846858	0.197427	
0.210532	0.974103	0.190587	
0.177058	0.944002	0.212955	
0.145891	0.946118	0.187546	
0.176422	0.858987	0.197431	
0.237355	0.952264	0.109416	
0.205572	0.840907	0.185233	
0.178249	0.852386	0.149229	
0.8311	0.780181	0.83107	
0.822283	0.798884	0.770334	
0.853709	0.79076	0.721311	
0.91007	0.74835	0.759662	
0.905273	0.74298	0.797125	
0.796644	0.773539	0.816262	
0.80796	0.795205	0.812458	
0.828473	0.783692	0.725762	
0.787736	0.719896	0.761772	
0.782271	0.717736	0.776656	
0.78432	0.736486	0.799263	
0.805207	0.774712	0.824798	
0.806946	0.755709	0.837872	
0.795315	0.75543	0.827586	
0.820811	0.69211	0.78648	
0.910534	0.740025	0.753906	
0.911948	0.734386	0.734511	
0.907918	0.717449	0.739138	
0.789947	0.70968	0.766704	
0.56639	0.637848	0.600425	
0.577632	0.738704	0.593748	
0.590746	0.662821	0.614612	
0.595922	0.583988	0.630082	
0.633269	0.59012	0.634714	
0.617021	0.587087	0.635251	
0.615739	0.737784	0.595034	
0.668391	0.72367	0.599679	
0.682203	0.693736	0.607894	
0.654554	0.658416	0.539883	
0.67662	0.724531	0.575302	
0.681289	0.71919	0.592408	
0.607587	0.600879	0.47709	
0.592436	0.620396	0.459898	
0.6349	0.695597	0.518536	
0.576908	0.601752	0.498933	
0.604108	0.552739	0.568748	
0.599578	0.553829	0.572488	
0.66621	0.73221	0.588683	
0.600146	0.603304	0.469422	
0.617249	0.569943	0.602577	
0.373539	0.375744	0.56878	
0.390333	0.319591	0.548922	
0.34612	0.295814	0.581104	
0.328439	0.346461	0.60102	
0.396054	0.385671	0.608533	
0.35589	0.385362	0.622891	
0.344271	0.3819	0.610516	
0.440665	0.30588	0.596511	
0.379605	0.277888	0.582747	
0.407807	0.271616	0.608022	
0.402585	0.362101	0.644647	
0.380129	0.374182	0.634096	
0.401713	0.361475	0.644913	
0.349138	0.340427	0.634416	
0.386468	0.269638	0.617777	
0.571621	1	0.847845	
0.555837	1	0.898786	
0.686579	1	0.872471	
0.535523	0.956691	0.861998	
0.540467	0.909792	0.81028	
0.520276	0.903067	0.834685	
0.531842	0.884835	0.864233	
0.517748	0.881846	0.834946	
0.520127	0.89794	0.837722	
0.544675	0.902837	0.812764	
0.549918	0.879247	0.862898	
0.690069	0.928337	0.876721	
0.703901	0.945962	0.853147	
0.699348	0.960932	0.820374	
0.517781	0.887625	0.831574	
0.518253	0.881064	0.835213	
0.697418	0.939854	0.869947	
0.706433	0.957704	0.843186	
0.833566	0.0644566	0.674658	
0.937591	0.0730943	0.791991	
0.947111	0.0700781	0.780856	
0.835717	0.155957	0.689537	
0.859638	0.158028	0.631852	
0.949834	0.0742999	0.791195	
1	0.532217	0.306786	
1	0.527671	0.184608	
1	0.562398	0.204174	
0.937134	0.545568	0.314737	
0.974612	0.523748	0.232498	
0.994148	0.529496	0.188299	
0.986678	0.561893	0.202512	
0.993686	0.523534	0.191918	
0.997839	0.532626	0.183638	
0.227256	0.458071	0.276964	
0.307324	0.444717	0.311001	
0.3292	0.462993	0.284291	
0.276169	0.503364	0.333246	
0.283355	0.495637	0.384833	
0.252132	0.464549	0.355467	
0.333478	0.466587	0.320479	
0.331665	0.466602	0.36468	
0.331615	0.496572	0.328185	
0.30831	0.495742	0.360981	
0.286942	0.491134	0.385425	
0.335235	0.483141	0.346561	
0.794071	0.44614	0.363314	
0.755782	0.343232	0.31309	
0.796345	0.338179	0.343958	
0.816285	0.410121	0.373707	
0.753227	0.42587	0.270037	
0.783085	0.451293	0.26572	
0.784928	0.458791	0.282792	
0.790576	0.37966	0.249825	
0.746193	0.375173	0.262611	
0.805164	0.345903	0.302621	
0.824257	0.368441	0.263781	
0.783333	0.395565	0.239812	
0.791276	0.435667	0.243897	
0.801286	0.417691	0.231868	
0.837949	0.360303	0.285615	
0.808124	0.393477	0.240102	
0.815849	0.435536	0.258602	
0.840328	0.446395	0.301003	
0.854884	0.433438	0.323645	
0.807657	0.451162	0.280425	
0.809849	0.464503	0.33465	
0.837114	0.454054	0.326792	
0.812526	0.450405	0.351571	
0.865714	0.737718	0.546509	
0.893887	0.763743	0.565524	
0.899459	0.780613	0.569052	
0.891942	0.801034	0.563437	
0.84096	0.841383	0.527295	
0.768951	0.809824	0.478002	
0.741233	0.743862	0.460094	
0.756527	0.725971	0.47105	
0.771604	0.711265	0.481793	
0.740825	0.743218	0.45998	
0.738146	0.747211	0.458044	
0.795966	0.875294	0.504026	
0.857716	0.831129	0.555709	
0.771204	0.815921	0.58694	
0.734914	0.757787	0.586003	
0.713042	0.735302	0.567787	
0.707749	0.745665	0.541154	
0.705051	0.760579	0.514039	
0.742515	0.821533	0.513683	
0.706192	0.763262	0.502703	
0.722383	0.753237	0.478547	
0.86028	0.814071	0.596152	
0.891868	0.792315	0.587079	
0.901119	0.789922	0.573705	
0.8413	0.748411	0.602435	
0.865706	0.754269	0.586105	
0.889392	0.758377	0.566483	
0.794765	0.695296	0.533253	
0.772952	0.699222	0.569758	
0.791767	0.804198	0.599497	
0.759909	0.753889	0.604943	
0.862803	0.772511	0.599597	
0.757961	0.777508	0.600071	
0.745766	0.718219	0.599743	
0.729249	0.725269	0.586575	
0.899359	0.779952	0.573277	
0.893203	0.765278	0.569583	
0.767097	0.708446	0.496745	
0.77346	0.69951	0.530043	
0.897698	0.770644	0.568624	
0.7379	0.720805	0.536946	
0.705888	0.757223	0.510501	
0.745596	0.715254	0.598479	
0.238306	1	0.862927	
0.261775	1	1	
0.284744	1	0.963067	
0.300071	1	0.873214	
0.28813	1	0.820292	
0.280143	1	0.821037	
0.26261	0.995393	1	
0.261557	0.990874	1	
0.276165	0.979475	0.972526	
0.280133	0.958588	0.90283	
0.262146	0.951201	0.861726	
0.228684	0.965988	0.885052	
0.298299	0.984082	0.935593	
0.279659	0.970148	0.842288	
0.291711	0.995642	0.822131	
0.266211	0.976695	0.842314	
0.285884	0.995642	0.822129	
0.873514	0.467962	0.768552	
0.880561	0.495266	0.725243	
0.846843	0.486132	0.7142	
0.815936	0.4449	0.763101	
0.84042	0.428435	0.812609	
0.884466	0.506208	0.746695	
0.845843	0.505027	0.705697	
0.863025	0.499488	0.714238	
0.772756	0.471316	0.722717	
0.821532	0.436788	0.822555	
0.775355	0.461727	0.817648	
0.747097	0.478068	0.802157	
0.756994	0.475997	0.765352	
0.784393	0.489138	0.826337	
0.752754	0.505779	0.779771	
0.843913	0.502896	0.70483	
0.830999	0.497464	0.702248	
0.840154	0.504503	0.703709	
0.807712	0.449133	0.835619	
0.746987	0.478319	0.802551	
0.746738	0.480978	0.802717	
0.767244	0.475089	0.727854	
0.746934	0.478386	0.802097	
1	0.244433	0.62806	
1	0.248961	0.621943	
1	0.341068	0.705773	
1	0.278381	0.743104	
0.979448	0.323564	0.755409	
0.997635	0.249657	0.623496	
0.561309	0.020988	0.486264	
0.535337	0.140284	0.455729	
0.540172	0.134485	0.384468	
0.573006	0.00949532	0.490412	
0.623192	0.00253495	0.370422	
0.641489	0.051133	0.39711	
0.622419	0.00433555	0.369049	
0.810587	0.808538	0.808209	
0.819476	0.827575	0.780886	
0.831125	0.829493	0.7438	
0.835135	0.811748	0.730015	
0.839379	0.847088	0.811881	
0.83963	0.848112	0.76172	
0.861035	0.869234	0.786183	
0.902334	0.853956	0.781791	
0.917958	0.786979	0.785867	
0.910302	0.755148	0.803102	
0.83864	0.824994	0.729519	
0.848338	0.836748	0.736329	
0.853292	0.853693	0.755534	
0.854829	0.816428	0.72258	
0.866646	0.842035	0.742628	
0	0.54393	0.496813	
0	0.520122	0.411828	
0	0.508219	0.416846	
0.0607433	0.503883	0.557919	
0.0450665	0.524567	0.546961	
0.0904074	0.539304	0.553138	
0.0671742	0.539284	0.552686	
0.106562	0.447936	0.567286	
0.133102	0.484707	0.562239	
0.123051	0.522012	0.556395	
0.0584396	0.550754	0.53695	
0.0996322	0.39151	0.491407	
0.0806394	0.430198	0.456054	
0.0326007	0.486965	0.419467	
0.00579751	0.507732	0.413079	
0.116814	0.554677	0.518341	
0.114935	0.543396	0.540579	
0.057514	0.49801	0.407882	
0.120641	0.398036	0.482114	
0.143122	0.430181	0.462981	
0.149531	0.473104	0.43482	
0.119121	0.509635	0.406883	
0.160762	0.462498	0.540004	
0.163063	0.432383	0.494142	
0.191177	0.461685	0.511625	
0.035089	0.516497	0.400297	
0.147789	0.500803	0.547791	
0.139673	0.522187	0.531975	
0.152894	0.517338	0.497448	
0.187681	0.475774	0.481606	
0.165837	0.483059	0.450073	
0.171491	0.484347	0.528495	
0.186216	0.474258	0.504303	
0.190314	0.474841	0.487253	
0.18588	0.468518	0.517333	
0.191513	0.467424	0.498595	
0.16894	0.466155	0.461787	
0.846344	0.8799	0.721357	
0.939763	0.896378	0.664264	
0.846834	0.884453	0.769848	
0.980252	0.906507	0.752186	
0.965283	0.911749	0.687035	
0.323519	0.297459	0.686252	
0.310392	0.344214	0.703765	
0.316822	0.404624	0.684227	
0.340235	0.405643	0.641886	
0.352339	0.386544	0.622577	
0.299555	0.437729	0.662775	
0.343132	0.38402	0.610605	
0.299227	0.383345	0.578761	
0.247297	0.436757	0.624613	
0.265288	0.45305	0.662337	
0.304988	0.386159	0.707835	
0.274392	0.409176	0.703004	
0.248961	0.447193	0.681407	
0.264836	0.453381	0.667036	
0.289921	0.351464	0.706752	
0.262829	0.320418	0.703881	
0.238993	0.39082	0.698633	
0.295325	0.309519	0.702683	
0.242188	0.32293	0.678562	
0.234482	0.427687	0.640484	
0.234601	0.382214	0.576785	
0.335063	0.379376	0.598543	
0.244101	0.363463	0.553067	
0.253969	0.380943	0.55513	
0.259572	0.454104	0.664456	
0.24514	0.37984	0.552729	
0.347583	0.398854	0.541026	
0.390612	0.384454	0.531678	
0.329818	0.391192	0.57639	
0.295926	0.395084	0.556782	
0.372688	0.363776	0.485228	
0.319113	0.337921	0.472947	
0.251299	0.351233	0.517448	
0.242646	0.367277	0.541838	
0.362246	0.283759	0.548466	
0.371932	0.300944	0.492355	
0.388703	0.325707	0.453387	
0.403695	0.342233	0.483936	
0.388879	0.32808	0.449728	
0.380698	0.329444	0.443914	
0.323414	0.289284	0.542578	
0.385726	0.32417	0.448377	
0.251597	0.34062	0.514612	
0.238813	0.351657	0.53157	
1	0.915561	0.185987	
1	0.859362	0.157465	
1	0.807536	0.109211	
1	0.790579	0.0424143	
1	0.894707	0	
1	1	0.0853088	
1	0.990589	0.175124	
1	0.958451	0.185134	
0.951869	1	0	
0.919135	1	0.125715	
0.964194	1	0.159476	
0.990255	1	0.1686	
0.987728	0.791648	0	
0.920069	0.867804	0	
0.976902	0.794618	0.0363502	
0.900494	0.903045	0.124321	
0.861283	0.952756	0.0885765	
0.938655	0.925153	0.16648	
0.949758	0.873276	0.171157	
0.865221	0.958471	0.0952261	
0.893484	0.961143	0.124667	
0.999025	0.791932	0.0851843	
0.990429	0.823554	0.134597	
0.966337	0.896956	0.185367	
0.986835	0.898303	0.184433	
0.986835	0.918467	0.189085	
0.933092	0.978801	0.151063	
0.990255	0.990589	0.173106	
0.86918	0.966801	0.0988167	
0.719229	0.765514	0.240391	
0.697394	0.682706	0.283106	
0.730063	0.694374	0.343742	
0.752456	0.718939	0.366919	
0.762433	0.741334	0.364536	
0.692037	0.686694	0.349539	
0.651002	0.68809	0.363127	
0.681062	0.694665	0.3804	
0.719088	0.702345	0.374603	
0.706791	0.783988	0.364742	
0.713515	0.721275	0.391951	
0.638145	0.781893	0.241502	
0.717447	0.768051	0.240593	
0.762027	0.738033	0.375326	
0.755563	0.743554	0.383282	
0.740419	0.743389	0.392222	
0.667075	0.81406	0.254763	
0.761741	0.746971	0.376528	
0.753874	0.75028	0.382164	
0.855992	0.497032	0.334504	
0.798437	0.438728	0.379266	
0.818506	0.467351	0.417174	
0.880994	0.541904	0.441186	
0.891297	0.54796	0.4049	
0.896044	0.546221	0.358955	
0.894806	0.542042	0.341045	
0.808232	0.403429	0.407054	
0.858994	0.453142	0.31679	
0.897041	0.533725	0.441706	
0.898471	0.548203	0.369844	
0.924588	0.516915	0.386853	
0.897753	0.545176	0.35556	
0.248413	0.289992	0.200764	
0.192467	0.274582	0.223274	
0.17857	0.300495	0.289334	
0.219515	0.329146	0.308182	
0.262557	0.323887	0.256068	
0.263502	0.372912	0.257325	
0.252532	0.356494	0.285549	
0.24774	0.34246	0.297345	
0.285389	0.321151	0.19447	
0.291662	0.345252	0.179472	
0.224022	0.276321	0.171601	
0.218708	0.269265	0.184986	
0.292378	0.331506	0.171664	
0.148578	0.279385	0.229072	
0.159979	0.280322	0.258667	
0.238624	0.356719	0.300808	
0.249185	0.360626	0.286822	
0.188577	0.421753	0.241115	
0.158419	0.411507	0.279678	
0.166191	0.39709	0.295458	
0.224573	0.389963	0.131281	
0.230401	0.39762	0.141378	
0.155564	0.417836	0.269831	
0.137084	0.400292	0.252477	
0.244577	0.351923	0.298538	
0.189057	0.322475	0.319862	
0.161066	0.320972	0.309719	
0.144893	0.299487	0.278129	
0.18532	0.331874	0.321275	
0.126372	0.297351	0.193685	
0.132736	0.321534	0.297933	
0.153917	0.404321	0.292559	
0.161007	0.362278	0.315016	
0.155363	0.377615	0.30709	
0.234019	0.3941	0.136196	
0.155585	0.363433	0.312895	
0.800787	0.115943	0.583519	
0.770677	0.0622571	0.571124	
0.683736	0.0805482	0.570687	
0.694773	0.146126	0.584593	
0.743472	0.176882	0.593202	
0.722614	0.0504452	0.55477	
0.720815	0.0698022	0.520082	
0.845559	0.0627646	0.569831	
0.795942	0.0445292	0.543908	
0.766431	0.100328	0.499326	
0.843179	0.0850863	0.515545	
0.828649	0.12813	0.508319	
0.821458	0.15918	0.516865	
0.773763	0.180547	0.587745	
0.818106	0.153065	0.571059	
0.86449	0.113916	0.554898	
0.738439	0.191505	0.57131	
0.735063	0.18364	0.590615	
0.747896	0.190538	0.585483	
0.765661	0.187128	0.585215	
0.864185	0.114663	0.546966	
0.845672	0.140226	0.531069	
0.756463	0.195197	0.574231	
0.861802	0.126029	0.55063	
0.807984	0.847643	0	
0.765633	0.875232	0	
0.829	0.855707	0	
0.781015	0.758847	0.119184	
0.790544	0.75307	0.119633	
0.795655	0.751409	0.118227	
0.833364	0.76046	0.0834467	
0.875697	0.778091	0.0358427	
0.866124	0.804851	0.0113843	
0.758515	0.86102	0.0166997	
0.764378	0.80639	0.0754886	
0.859354	0.838235	0.100598	
0.823822	0.762018	0.111043	
0.796038	0.751585	0.118272	
0.780022	0.77823	0.121814	
0.774126	0.802626	0.12284	
0.777512	0.827117	0.121515	
0.816203	0.850458	0.111281	
0.796454	0.751569	0.118021	
0.87185	0.770578	0.0514946	
0.882114	0.786912	0.031308	
0.834212	0.871289	0.0876315	
0.812485	0.894544	0.0563258	
0.775188	0.782363	0.120208	
0.770276	0.832493	0.115278	
0.761817	0.864933	0.0856347	
0.754857	0.859092	0.0484771	
0.794428	0.877651	0.0921738	
0.776419	0.856821	0.115823	
0.769183	0.862197	0.109586	
0.761816	0.875536	0.0431473	
0.377486	1	0.622154	
0.400907	1	0.689177	
0.46151	0.933096	0.655324	
0.406507	0.949831	0.654194	
0.379893	0.962871	0.606517	
0.35989	0.986126	0.65523	
0.473527	0.565407	0	
0.393452	0.586847	0	
0.385338	0.67454	0	
0.39141	0.706478	0	
0.466553	0.653775	0	
0.546898	0.609126	0.0344667	
0.515267	0.656159	0.0972168	
0.392817	0.708183	0.00316972	
0.39782	0.529341	0.0219847	
0.475141	0.590285	0.152926	
0.521609	0.607998	0.111286	
0.372002	0.58396	0.0544668	
0.370385	0.641822	0.0673955	
0.378286	0.664353	0.11557	
0.386035	0.647677	0.148675	
0.46755	0.623421	0.169149	
0.378368	0.685458	0.0598377	
0.407141	0.660906	0.161401	
0.374484	0.627462	0.0235862	
0.389288	0.707125	0.00819045	
0.389898	0.706491	0.00330358	
0.429497	0.646439	0.186594	
0.389756	0.707515	0.00733595	
0.192776	0	0.123309	
0.209492	0	0.0946388	
0.304437	0	0.146847	
0.400357	0	0.205471	
0.392948	0	0.224937	
0.33379	0	0.237055	
0.249331	0.0345003	0.105632	
0.363244	0.0394342	0.167422	
0.308139	0.0739345	0.126207	
0.380048	0.0185592	0.238684	
0.362385	0.0581155	0.239652	
0.279349	0.0790948	0.124097	
0.203001	0.0184443	0.106022	
0.323871	0.0876928	0.143009	
0.392799	0.0172334	0.220585	
0.364763	0.0625288	0.230364	
0.379899	0.0357926	0.234332	
0.645085	1	0	
0.612796	1	0.0610128	
0.663076	1	0.116356	
0.69308	1	0.0981929	
0.592204	0.946866	0	
0.665574	0.901207	0	
0.60713	0.898284	0.0130037	
0.628989	0.944465	0.0741068	
0.644001	0.993047	0.122116	
0.661864	0.913262	0.0416348	
0.693809	0.950169	0.0856688	
0.660934	0.981372	0.118141	
0.717945	0.92167	0.0478369	
0.680009	0.988325	0.112381	
0	0.149066	0.764031	
0	0.159685	0.703694	
0	0.137144	0.725994	
0.0209893	0.122185	0.744358	
0.0591239	0.112325	0.751241	
0.0998933	0.173364	0.836877	
0.0589125	0.189	0.834992	
0.0905042	0.193584	0.838505	
0.0996209	0.206222	0.832675	
0.0433231	0.119916	0.736355	
0.0132461	0.141192	0.710364	
0.106203	0.195818	0.835407	
0.350028	0.196695	0.77466	
0.285554	0.173589	0.846291	
0.318568	0.167833	0.846438	
0.34007	0.180399	0.812374	
0.359282	0.188058	0.767273	
0.393943	0.10859	0.72719	
0.370564	0.049883	0.803935	
0.363685	0.0580631	0.815249	
0.343092	0.116975	0.833887	
0.383275	0.0666969	0.732692	
0.268301	0.114259	0.71672	
0.228839	0.117457	0.754656	
0.277231	0.0786686	0.823465	
0.3124	0.0658343	0.822681	
0.354444	0.0527981	0.814112	
0.248163	0.128442	0.725223	
0.200662	0.157748	0.799231	
0.231841	0.167349	0.836547	
0.321314	0.116928	0.83898	
0.309411	0.0705113	0.826603	
0.334928	0.064671	0.828796	
0.347159	0.0652591	0.826011	
0.21989	0.171169	0.830516	
0.337917	0.059994	0.824873	
0.548109	0	0.758761	
0.563822	0.0945734	0.819439	
0.579727	0.0832125	0.813665	
0.574579	0.060974	0.805691	
0.505328	0.14154	0.810601	
0.457203	0.151313	0.777205	
0.511068	0.146581	0.767446	
0.542535	0.133176	0.794289	
0.562189	0.129561	0.751993	
0.545676	0.138322	0.716472	
0.572707	0.106817	0.801022	
0.416522	0.11114	0.733442	
0.560511	0.119518	0.711562	
0.578855	0.0586149	0.746442	
0.580323	0.0689122	0.785414	
0.458799	0.0581511	0.720102	
0.517563	0.116306	0.698061	
0.571282	0.043006	0.772941	
0.212958	0.468793	0.23505	
0.176496	0.435489	0.254482	
0.185793	0.41665	0.306456	
0.243676	0.519741	0.397845	
0.269239	0.504517	0.393048	
0.280959	0.497756	0.386539	
0.191497	0.557809	0.270106	
0.157084	0.5772	0.298255	
0.193597	0.551456	0.370057	
0.182479	0.513789	0.393905	
0.241726	0.51531	0.400412	
0.280684	0.497124	0.387363	
0.146044	0.457204	0.33964	
0.171006	0.452222	0.254231	
0.153601	0.574451	0.295618	
0.129772	0.517191	0.371837	
0.225211	0.525261	0.40123	
0.506513	0.873029	0.69407	
0.556538	0.892474	0.701313	
0.624752	0.848652	0.664885	
0.300658	0.376388	0.829756	
0.312068	0.479165	0.820338	
0.354293	0.475048	0.846005	
0.311493	0.49592	0.879616	
0.262069	0.519178	0.915416	
0.249912	0.518875	0.902715	
0.356531	0.459946	0.840184	
0.357484	0.464637	0.849277	
0.249667	0.513604	0.922993	
0.307009	0.690573	0.471396	
0.304514	0.720572	0.506202	
0.270762	0.663603	0.444958	
0.297806	0.657572	0.434613	
0.313433	0.721093	0.506008	
0.324027	0.658889	0.456193	
0.356255	0.669567	0.494542	
0.363372	0.693293	0.523308	
0.337568	0.713135	0.519572	
0.33649	0.716957	0.545828	
0.353925	0.712177	0.588089	
0.345182	0.711298	0.590987	
0.272292	0.603909	0.515063	
0.321319	0.596805	0.528265	
0.338311	0.607116	0.49316	
0.31378	0.622574	0.449575	
0.276272	0.626419	0.444415	
0.251776	0.618065	0.474798	
0.289485	0.606108	0.545426	
0.245406	0.612891	0.495526	
0.360371	0.635674	0.539703	
0.345014	0.706972	0.591152	
0.360594	0.708713	0.586819	
0.373459	0.690694	0.57067	
0.250747	0.643192	0.457522	
0.364707	0.710449	0.584103	
0.365785	0.706627	0.557847	
0.339835	0.637071	0.470351	
0.294865	0.641929	0.432978	
0.37101	0.677453	0.536101	
0.370232	0.707966	0.582858	
0.349775	0.710534	0.590775	
0.537442	0.288245	0	
0.554147	0.206093	0	
0.487576	0.182897	0	
0.531791	0.322333	0.0913012	
0.581097	0.254713	0.0943845	
0.559089	0.24825	0.117381	
0.4933	0.204429	0.112365	
0.502604	0.192719	0.0591631	
0.490495	0.199369	0.0959398	
0.581622	0.263842	0.102948	
0.76029	0.788736	0.653239	
0.767386	0.814135	0.706773	
0.796348	0.840359	0.693273	
0.82387	0.854829	0.649132	
0.829633	0.841667	0.702235	
0.89215	0.79784	0.629457	
0.868632	0.821633	0.608929	
0.805355	0.823686	0.720557	
0.767147	0.764829	0.70326	
0.75806	0.788655	0.701778	
0.757202	0.756526	0.668306	
0.886891	0.798988	0.602606	
0.842502	0.748683	0.602785	
0.819347	0	0.447758	
0.775932	0	0.354351	
0.785427	0	0.295658	
0.909554	0	0.376028	
0.886895	0	0.451083	
0.828668	0.0773511	0.404048	
0.800297	0.0796786	0.37128	
0.778471	0.0372202	0.376929	
0.861307	0.0156878	0.48288	
0.848802	0.0505805	0.444819	
0.778086	0.0346516	0.321497	
0.780624	0.0718718	0.344075	
0.859715	0.0536473	0.42214	
0.834811	0.0766046	0.356946	
0.905328	0.0248837	0.370822	
0.894456	0.0296717	0.409631	
0.785065	0.0675326	0.327637	
0.803422	0.064072	0.313256	
0.870944	0.0344424	0.44786	
0.794501	0.0462134	0.305254	
0.90913	0.010917	0.400512	
0.361441	0.897373	0.769666	
0.356865	0.905796	0.78464	
0.28187	0.8079	0.802617	
0.369143	0.887077	0.769583	
0.381239	0.869472	0.808238	
0.377576	0.872038	0.763226	
0.39706	0.798048	0.768195	
0.40418	0.776	0.789397	
0.40502	0.774891	0.797692	
0.407262	0.784216	0.867566	
0.282967	0.78887	0.864012	
0.271004	0.81031	0.880824	
0.307392	0.890764	0.878704	
0.272549	0.808075	0.882026	
0.30468	0.81846	0.894021	
0.403218	0.775385	0.787654	
0.292948	0.779572	0.868576	
0.363396	0.766302	0.870705	
0.319253	0.747455	0.852789	
0.308019	0.754565	0.849172	
0.404442	0.774785	0.792451	
0.329102	0.740891	0.841649	
0.367379	0.429169	0.309544	
0.366052	0.48231	0.358859	
0.457084	0.407906	0.406231	
0.492938	0.512013	0.358178	
0.487079	0.500886	0.385428	
0.471691	0.458445	0.413439	
0.4624	0.430475	0.422622	
0.363438	0.361913	0.379426	
0.389441	0.358199	0.305047	
0.337313	0.460628	0.372071	
0.342563	0.414436	0.396323	
0.381753	0.341335	0.403646	
0.420973	0.386347	0.415792	
0.38942	0.479359	0.390095	
0.399051	0.454373	0.416257	
0.442395	0.448151	0.421064	
0.376921	0.351755	0.40908	
0.369608	0.399363	0.410347	
0.349829	0.444458	0.402959	
0.46905	0.51512	0.394354	
0.445222	0.488486	0.40702	
0.493422	0.521128	0.368699	
0.48132	0.493905	0.400083	
0.486781	0.513793	0.385564	
0.475879	0.509739	0.395496	
0.360291	0.377247	0.403217	
1	0.340684	0.9824	
1	0.334792	1	
1	0.329418	0.985077	
1	0.33531	0.967477	
0.95461	0.372015	1	
0.869842	0.391358	1	
0.875576	0.334735	1	
0.933793	0.291137	1	
0.973449	0.310536	1	
0.870395	0.314183	0.930616	
0.846676	0.344986	0.959689	
0.870171	0.38952	0.985675	
0.940579	0.387144	0.964387	
0.921619	0.340898	0.935892	
0.89104	0.301919	0.956179	
0.918454	0.290189	0.989617	
0.828978	0.375556	0.993127	
0.925495	0.284903	0.970302	
0.904849	0.297167	0.944738	
0.984154	0.356171	0.954239	
0.938472	0.281832	0.96278	
0.971088	0.304701	0.967173	
0.944537	0.28582	0.982096	
0.911035	0.405322	0.992548	
0.280882	0	0	
0.267788	0	0.0472466	
0.207452	0	0.0838922	
0.22128	0	0.0365	
0.325646	0.000194151	0	
0.213092	0.0780939	0	
0.23609	0.14644	0	
0.283958	0.134345	0	
0.256917	0.132353	0.0856842	
0.267303	0.146214	0.0266606	
0.309812	0.0545111	0.0810664	
0.222762	0.155634	0.0662555	
0.239981	0.158575	0.0544484	
0.182939	0.160761	0.0131788	
0.191207	0.0408509	0.0796071	
0.174304	0.161887	0.0331954	
0.201937	0.163374	0.0409665	
0.355601	0.57285	0.524794	
0.351001	0.545335	0.507994	
0.38369	0.466027	0.572327	
0.396281	0.481004	0.606227	
0.396275	0.510634	0.612147	
0.393342	0.545337	0.611902	
0.375828	0.567754	0.573412	
0.406276	0.454644	0.536006	
0.410078	0.523039	0.500818	
0.42904	0.502291	0.540588	
0.421177	0.460569	0.554035	
0.407952	0.554921	0.538498	
0.405063	0.579961	0.582303	
0.425298	0.535905	0.600247	
0.442437	0.493905	0.603854	
0.405539	0.454243	0.536401	
0.414877	0.474282	0.594684	
0.378164	0.543141	0.50372	
0.380704	0.582784	0.554109	
0.400187	0.564931	0.601606	
0.439325	0.497113	0.607635	
0.417147	0.491436	0.609239	
0.416036	0.516643	0.611562	
0.472887	0	0.582803	
0.42818	0	0.555075	
0.419383	0	0.504785	
0.47373	0	0.467053	
0.575351	0	0.49342	
0.543045	0.021031	0.478333	
0.421086	0.0201371	0.501485	
0.41579	0.0414676	0.527936	
0.42111	0.0477231	0.534329	
0.413341	0.0202188	0.530506	
0.415044	0.0403558	0.527206	
0.44279	0.0181873	0.570224	
0.415641	0.0415493	0.528508	
0	0.259087	0.277722	
0	0.260313	0.189178	
0	0.135417	0.185376	
0.0323036	0.272221	0.208084	
1	0.947587	0.276047	
1	0.922377	0.359229	
1	0.826398	0.349145	
1	0.823311	0.233059	
1	0.942787	0.20521	
0.97808	0.841295	0.354618	
0.948155	0.881087	0.212014	
0.9959	0.899006	0.385544	
0.97381	0.934048	0.254922	
0.998858	0.944679	0.332762	
0.915233	0.684402	0.521603	
0.927768	0.621576	0.545969	
0.921343	0.613278	0.60284	
0.898028	0.705075	0.600425	
0.893295	0.751465	0.552405	
0.926094	0.640973	0.499941	
0.853257	0.608107	0.524541	
0.830904	0.579095	0.575848	
0.8824	0.592381	0.581461	
0.814349	0.58732	0.574899	
0.784988	0.662002	0.561785	
0.841241	0.58343	0.589463	
1	0.717884	0.531979	
1	0.743029	0.452034	
1	0.791291	0.457441	
1	0.832722	0.46828	
1	0.829228	0.522864	
1	0.81504	0.5927	
1	0.775401	0.594146	
0.963416	0.753003	0.577125	
0.913618	0.751118	0.557153	
0.921924	0.764798	0.578417	
0.924222	0.786197	0.590556	
0.937176	0.806211	0.603274	
0.971461	0.80721	0.608156	
0.897673	0.758441	0.554675	
0.907403	0.770288	0.574815	
0.944607	0.818793	0.507115	
0.979139	0.828022	0.482558	
0.972026	0.8181	0.588845	
0.932902	0.810741	0.577578	
0.926345	0.812641	0.536153	
0.97263	0.751091	0.451168	
0.99119	0.828611	0.465608	
0.960279	0.801299	0.462189	
0.970329	0.823911	0.479886	
0.912841	0.786035	0.504398	
0.911177	0.793439	0.516793	
0.92087	0.807181	0.522772	
0.916177	0.795862	0.589019	
0.910839	0.784251	0.508556	
0.907855	0.798467	0.541184	
0.91333	0.803927	0.554565	
0.90311	0.79428	0.563457	
0.943487	0.81027	0.604302	
0.326719	0.820034	0.109972	
0.348398	0.807318	0.143098	
0.349826	0.834821	0.189903	
0.32683	0.880719	0.20579	
0.300839	0.903178	0.177434	
0.302156	0.869996	0.128421	
0.311338	0.830821	0.0997803	
0.274282	0.903998	0.155054	
0.309451	0.838554	0.2142	
0.275275	0.809687	0.21341	
0.343012	0.790706	0.164166	
0.250933	0.828226	0.209284	
0.265746	0.869941	0.200658	
0.309495	0.899049	0.198935	
0.311354	0.798138	0.105953	
0.330057	0.797587	0.115976	
0.281981	0.899499	0.177219	
0.207066	0.838926	0.19123	
0.216278	0.839116	0.198521	
0.315517	0.778119	0.119283	
0.208886	0.826002	0.191358	
0.304619	0.662186	0.617612	
0.290309	0.738576	0.651825	
0.31402	0.738545	0.61571	
0.321454	0.724922	0.602174	
0.330395	0.59351	0.685754	
0.37331	0.687364	0.617187	
0.396952	0.654907	0.652993	
0.379379	0.620495	0.677556	
0.333113	0.723815	0.600336	
0.305604	0.743082	0.640189	
0.397774	0.66037	0.670965	
0.295401	0.63185	0.770629	
0.359733	0.595034	0.697321	
0.302535	0.579604	0.722661	
0.353033	0.590565	0.71052	
0.379679	0.619384	0.699639	
0.399324	0.644844	0.679874	
0.400452	0.645167	0.697598	
0	0.596022	0.755483	
0	0.550181	0.756665	
0	0.506107	0.785589	
0	0.519649	0.843529	
0.0290119	0.556348	0.752903	
0.0589565	0.543012	0.812185	
0.050639	0.5192	0.7663	
0.0216271	0.508487	0.783645	
0.0216271	0.513034	0.770062	
0.544826	0	0.038871	
0.599433	0	0	
0.636133	0	0.0395129	
0.622408	0	0.094932	
0.572666	0	0.0942901	
0.552163	0.0317265	0	
0.636836	0.0390512	0	
0.641385	0.00179061	0	
0.533871	0.0337542	0.05343	
0.627845	0.02632	0.0970092	
0.646181	0.0664031	0.0745572	
0.636706	0.02632	0.081103	
0.646501	0.0423677	0.0297277	
0	0.47165	0.819866	
0	0.466705	0.863287	
0	0.509021	0.893239	
0.0472321	0.436991	0.820404	
0.052356	0.507853	0.883196	
0.106308	0.438457	0.801936	
0.0912914	0.470599	0.775282	
0.0641541	0.512187	0.759977	
0.0733568	0.51872	0.758102	
0.103272	0.516858	0.760972	
0.0868719	0.511707	0.751779	
0.758276	0.791319	0.133688	
0.788933	0.816578	0.147605	
0.805778	0.833403	0.190897	
0.808541	0.827986	0.17749	
0.774122	0.802296	0.122947	
0.786898	0.752329	0.121286	
0.801416	0.752188	0.140252	
0.756737	0.742861	0.130108	
0.775941	0.761767	0.117639	
0.791193	0.723813	0.159404	
0.779079	0.717198	0.205512	
0.740006	0.728992	0.213843	
0.806139	0.71287	0.196605	
0.784962	0.746473	0.121388	
0.758075	0.737621	0.23341	
0.121367	0.531111	0.645611	
0.173902	0.533813	0.600202	
0.240473	0.536919	0.700495	
0.13295	0.531567	0.704841	
0.201799	0.51861	0.574007	
0.131743	0.519383	0.578875	
0.172691	0.498089	0.542088	
0.120182	0.448558	0.633259	
0.116245	0.49295	0.668091	
0.126663	0.452043	0.594143	
0.171699	0.4496	0.67276	
0.144416	0.433054	0.624029	
0.19923	0.431035	0.660621	
0.191997	0.461803	0.514827	
0.183122	0.488013	0.533865	
0.199504	0.420928	0.605536	
0.259356	0.467378	0.635737	
0.257019	0.461715	0.677447	
0.248296	0.497906	0.697759	
0.247951	0.462554	0.693172	
0.774387	0.719686	0.7785	
0.738783	0.734246	0.794951	
0.691913	0.762921	0.798892	
0.671534	0.785281	0.782177	
0.713828	0.781845	0.736814	
0.714871	0.712346	0.6025	
0.660174	0.730835	0.663011	
0.66297	0.786928	0.769759	
0.695405	0.722189	0.805944	
0.73226	0.725588	0.796205	
0.705117	0.745275	0.80902	
0.698594	0.736618	0.810273	
0.68151	0.621898	0.686124	
0.63235	0.717786	0.750177	
0.688102	0.69498	0.612542	
0.672241	0.779674	0.791312	
0.685445	0.762028	0.80144	
0.661415	0.777448	0.782004	
1	0.475899	0.475833	
1	0.475502	0.492198	
1	0.393592	0.480224	
1	0.318363	0.456988	
0.884874	0.408572	0.532052	
0.902441	0.391108	0.539929	
0.951958	0.421577	0.52529	
0.975737	0.472203	0.501621	
0.956061	0.481306	0.497633	
0.938462	0.332662	0.518279	
0.92303	0.367842	0.538079	
0.992589	0.466182	0.501054	
0.980451	0.308199	0.47889	
0.904328	0.375746	0.530683	
0.86635	0.394508	0.508612	
0.833145	0.380318	0.451699	
0.943366	0.297334	0.48067	
0.883739	0.399013	0.532533	
0.974625	0.484488	0.493111	
0.991477	0.483535	0.488899	
0.967068	0.488158	0.479351	
0.22744	1	0.221093	
0.244774	0.953008	0.220071	
0.190729	0.900658	0.239645	
0.20184	0.89185	0.277106	
0.229576	0.906221	0.293549	
0.179813	0.914436	0.28123	
0.213704	0.896498	0.300576	
0.280974	0.814295	0.225481	
0.213738	0.849581	0.226599	
0.208217	0.858062	0.277523	
0.307151	0.907849	0.212204	
0.207464	0.875299	0.271536	
0.361751	0.867817	0.235384	
0.355488	0.868183	0.222241	
0.347355	0.864741	0.21591	
0.323571	0.910057	0.212609	
0.318349	0.902857	0.202979	
0.359867	0.88527	0.271438	
0.353404	0.86998	0.219769	
0.339167	0.889316	0.213478	
0.35578	0.87062	0.22262	
0.365479	0.209365	0.815514	
0.418049	0.224895	0.845191	
0.452468	0.205861	0.797534	
0.378116	0.224359	0.854453	
0.353521	0.19633	0.852135	
0.328928	0.168229	0.844951	
0.366538	0.145573	0.858168	
0.413552	0.219577	0.869958	
0.443461	0.201668	0.879983	
0.420226	0.154828	0.874556	
0.446771	0.202082	0.877549	
0.459902	0.217184	0.872814	
0.463938	0.182686	0.841955	
0.394291	0.0739046	0.845525	
0.398528	0.0989215	0.85913	
0.460273	0.221223	0.854525	
0.453114	0.216075	0.878984	
0.375894	0.0712607	0.835669	
0.369912	0.0490242	0.806536	
0.393739	0.544548	0.942367	
0.373271	0.573894	0.909161	
0.380973	0.4766	0.8617	
0.350747	0.517122	0.866766	
0.355145	0.552974	0.90667	
0.362279	0.493112	0.845222	
0.349835	0.563549	0.870454	
0.79011	0.742964	0.116278	
0.821357	0.75647	0.119786	
0.852715	0.760189	0.121576	
0.866787	0.693417	0.11034	
0.834067	0.655696	0.102519	
0.783788	0.713208	0.110814	
0.887476	0.700044	0.0955007	
0.868271	0.700991	0.0518395	
0.864659	0.751646	0.0374904	
0.859084	0.660915	0.0899965	
0.853777	0.731571	0.0295433	
0.849359	0.764305	0.117463	
0.634733	0.265554	0.564764	
0.602727	0.298746	0.511604	
0.568021	0.32782	0.461643	
0.538615	0.238914	0.545408	
0.544611	0.226676	0.562052	
0.589291	0.244053	0.565503	
0.618806	0.389478	0.531235	
0.64201	0.315523	0.56733	
0.571123	0.34487	0.464512	
0.58138	0.374393	0.478108	
0.592268	0.391333	0.493089	
0.52457	0.315948	0.498361	
0.523888	0.327865	0.496176	
0.545935	0.324399	0.571448	
0.556908	0.280228	0.608398	
0.552723	0.246018	0.593686	
0.548947	0.235024	0.580654	
0.546014	0.230983	0.570586	
0.631743	0.35683	0.600036	
0.593693	0.328829	0.606404	
0.552183	0.385176	0.491845	
0.560939	0.389226	0.493727	
0.604082	0.387137	0.533821	
0.625102	0.263585	0.582217	
0.62383	0.309659	0.599575	
0.601032	0.259441	0.59904	
0.567285	0.243018	0.589483	
0.549784	0.232051	0.576874	
0.54772	0.228942	0.569718	
0.570399	0.255211	0.603893	
0.524405	0.322923	0.494237	
0.549609	0.233825	0.579277	
0.593618	0.395406	0.496523	
0.580453	0.39412	0.495658	
0.563216	0.373572	0.479612	
0.590376	0.391387	0.492024	
0.549122	0.233249	0.578252	
0.269836	0.375752	0.260763	
0.377474	0.39409	0.251767	
0.313504	0.334515	0.326772	
0.318157	0.280756	0.237563	
0.285949	0.298035	0.271867	
0.312144	0.283819	0.327714	
0.362927	0.256476	0.324662	
0.36395	0.25602	0.276005	
0.284249	0.303037	0.222541	
0.264257	0.318885	0.305394	
0.295342	0.330486	0.17483	
0.344069	0.277816	0.227702	
0.377129	0.39177	0.245321	
0.361197	0.283441	0.349495	
0.386177	0.248171	0.30775	
0.304088	1	0	
0.279629	1	0.0388021	
0.306207	1	0.126655	
0.379777	1	0.168132	
0.423878	1	0.154917	
0.434086	1	0.13512	
0.334287	0.943314	0	
0.310695	0.971392	0	
0.334024	0.926604	0.0432618	
0.361619	0.908497	0.109686	
0.405258	0.912387	0.130158	
0.425836	0.925968	0.109272	
0.382871	0.912886	0.150649	
0.356689	0.92723	0.172794	
0.320432	0.934518	0.157225	
0.320722	0.922101	0.111918	
0.426486	0.926593	0.142741	
0.4041	0.927091	0.163233	
0.287952	0.966889	0.107458	
0.439992	0.961107	0.137168	
0.433239	0.943314	0.157355	
0.338687	0.967629	0.176421	
0.425111	0.986183	0.15899	
0.434701	0.962008	0.157058	
0.431659	0.986183	0.153349	
0.471493	0.0670989	0.234413	
0.479744	0.186467	0.227996	
0.462767	0.183232	0.193583	
0.454657	0.168403	0.179755	
0.454335	0.105316	0.191483	
0.378697	0.0630578	0.287233	
0.418911	0.0396978	0.216344	
0.374794	0.0463896	0.257919	
0.455751	0.202304	0.231549	
0.406196	0.157334	0.19777	
0.45243	0.16745	0.180032	
0.452709	0.170148	0.180079	
0.35304	0.171662	0.266675	
0.342853	0.156834	0.250347	
0.365983	0.0714058	0.289124	
0.330415	0.124814	0.289159	
0.341711	0.155924	0.25157	
0.331267	0.141071	0.290125	
0.333971	0.144998	0.267581	
0.327933	0.132458	0.279051	
1	0.743556	0.879779	
1	0.811511	1	
0.931747	0.780198	1	
0.92794	0.890159	1	
0.774054	0.803175	0.122947	
0.743858	0.866508	0.116106	
0.707651	0.865201	0.132505	
0.691267	0.857194	0.142287	
0.687192	0.847262	0.147249	
0.792392	0.84052	0.146173	
0.770594	0.870944	0.128856	
0.772523	0.880158	0.165469	
0.779218	0.879866	0.197464	
0.786908	0.872448	0.213343	
0.736474	0.883358	0.152072	
0.699652	0.888691	0.163748	
0.704406	0.890404	0.191749	
0.744434	0.886253	0.199287	
0.687166	0.870493	0.160757	
0.680721	0.88067	0.207154	
0.777759	0.878863	0.217328	
0.716248	0.888325	0.249053	
0.714358	0.889823	0.231254	
0.718123	0.873114	0.127595	
0.709329	0.881217	0.144291	
0.704554	0.866781	0.135602	
0.690776	0.887554	0.173529	
0.714306	0.887906	0.249942	
0.684736	0.877807	0.248975	
0.947487	0.637884	0.658386	
0.938623	0.705899	0.621719	
0.976123	0.652113	0.688157	
0.99085	0.693741	0.708306	
0.988726	0.732647	0.701147	
0.934769	0.805755	0.605957	
0.907602	0.805564	0.611908	
0.950813	0.729876	0.718998	
0.970497	0.658039	0.722923	
1	0.402245	0.0253799	
1	0.305959	0.044326	
1	0.30341	0	
0.888792	0.259062	0	
0.850359	0.322524	0	
0.909612	0.377653	0	
0.988466	0.402136	0	
0.910134	0.267282	0.079174	
0.938518	0.39322	0.0754363	
0.993088	0.409694	0.0538271	
0.840827	0.348762	0.0111564	
0.981554	0.409585	0.0284472	
0.847927	0.302766	0.0625086	
0.858693	0.285223	0.059341	
0.854554	0.295519	0.0299536	
1	0.316735	0.958746	
1	0.287113	0.856535	
1	0.361882	0.936394	
0.870734	0.312012	0.923814	
0.885307	0.348253	0.879297	
0.969673	0.381016	0.925277	
0.934149	0.268659	0.950844	
0.892603	0.255249	0.901657	
0.857987	0.302453	0.822594	
0.939497	0.270771	0.954563	
0.874218	0.273792	0.838097	
0.886718	0.271819	0.812963	
0.280548	0.664373	0.157814	
0.297814	0.62488	0.174748	
0.28712	0.616775	0.258169	
0.27217	0.639464	0.276697	
0.254172	0.677704	0.267489	
0.139672	0.608066	0.187639	
0.190368	0.579365	0.197967	
0.25292	0.593479	0.148895	
0.208939	0.626101	0.130297	
0.143278	0.655143	0.12707	
0.200139	0.665939	0.268521	
0.18127	0.600289	0.290459	
0.154889	0.59347	0.236901	
0.137665	0.659521	0.13204	
0.163037	0.68693	0.162881	
0.266484	0.627071	0.151169	
0.198238	0.570401	0.260426	
0.252196	0.64457	0.289069	
0.216647	0.62725	0.296058	
0.260496	0.631346	0.280593	
0.139729	0.661999	0.131103	
0.234309	1	0.4225	
0.250268	1	0.388559	
0.241393	0.818645	0.43301	
0.204771	0.847059	0.430435	
0.231306	0.865321	0.468781	
0.22486	0.844265	0.454252	
0.318909	0.817828	0.421083	
0.205861	0.869711	0.44693	
0.448925	0.795231	0.70429	
0.434768	0.810152	0.726438	
0.410859	0.820016	0.73841	
0.314925	0.768028	0.634578	
0.338035	0.744664	0.600071	
0.371056	0.732246	0.585538	
0.406935	0.732892	0.593194	
0.443126	0.750178	0.628507	
0.315233	0.747797	0.612417	
0.311804	0.741197	0.617172	
0.448013	0.736619	0.70029	
0.398723	0.677277	0.620692	
0.416134	0.712912	0.600589	
0.418449	0.794353	0.761076	
0.437425	0.808277	0.727019	
0.315377	0.738767	0.611334	
0.430449	0.813771	0.73485	
0.394306	0.694116	0.593602	
0.378568	0.703363	0.586166	
0.358992	0.723997	0.586741	
0.381543	0.725198	0.582807	
0.374968	0.714558	0.582735	
0.383303	0.709956	0.586043	
0.0972699	0.185631	0.317793	
0.117041	0.186701	0.300459	
0.106755	0.19771	0.320761	
0.148366	0.249561	0.260696	
0.12145	0.292037	0.316949	
0.104619	0.237556	0.333573	
0.08578	0.287142	0.192914	
0.0944069	0.214506	0.340123	
0.0959348	0.254937	0.344943	
0.538852	0.461538	0.68997	
0.639082	0.47993	0.689632	
0.66608	0.475939	0.638667	
0.667004	0.468811	0.597153	
0.594082	0.45876	0.616341	
0.569772	0.528951	0.579184	
0.64499	0.4855	0.578101	
0.507824	0.512574	0.619916	
0.573566	0.577514	0.64633	
0.669011	0.494957	0.657443	
0.671235	0.538289	0.656388	
0.676438	0.491121	0.627843	
0.603916	0.551812	0.569447	
0.637671	0.586372	0.644648	
0.598725	0.585674	0.64251	
0.15376	0.632621	0.554243	
0.187321	0.648072	0.570464	
0.213233	0.650841	0.581625	
0.202067	0.564666	0.564176	
0.130075	0.586964	0.537627	
0.160018	0.638122	0.614139	
0.194103	0.641216	0.615329	
0.121241	0.542839	0.60025	
0.12552	0.590488	0.606855	
0.143168	0.63126	0.56227	
0.144087	0.640179	0.587874	
0.140613	0.634348	0.605663	
0.112549	0.545468	0.57777	
0.155065	0.639904	0.568491	
0.162821	0.647425	0.605437	
0.195462	0.653957	0.596054	
0.182225	0.651199	0.613913	
0.583678	0.793902	1	
0.419245	0.761225	1	
0.457867	0.727138	1	
0.457853	0.757164	0.924759	
0.458472	0.866921	0.898018	
0.490011	0.87485	0.911837	
0.565875	0.793499	0.96983	
0.496685	0.723004	0.9526	
0.458579	0.867428	0.898565	
0.429985	0.740228	0.985126	
0.424558	0.760842	0.946433	
0.45971	0.734926	0.959154	
0.558306	0.39651	0.495408	
0.586254	0.406555	0.609912	
0.664945	0.459389	0.581866	
0.667858	0.441924	0.577014	
0.511816	0.51096	0.592315	
0.532306	0.448885	0.49205	
0.53765	0.449052	0.488755	
0.533341	0.445726	0.48919	
0.667691	0.454968	0.571338	
0.653344	0.4023	0.536765	
0.61401	0.399561	0.506029	
0.594167	0.400137	0.494855	
0.818595	1	0.35406	
0.765436	1	0.335257	
0.850593	1	0.437364	
0.778813	0.925945	0.479169	
0.743443	0.914417	0.418595	
0.792697	0.915879	0.479175	
0.802647	0.91869	0.479837	
0.812708	0.904023	0.441968	
0.805747	0.910642	0.467299	
0.722058	0.901903	0.333307	
0.800725	0.985543	0.33182	
0.851502	0.961866	0.458192	
0.824038	0.91848	0.450577	
0.214437	0.0934776	0.511153	
0.281404	0.0887	0.481145	
0.319491	0.102052	0.446835	
0.323548	0.107648	0.438701	
0.300334	0.16333	0.391131	
0.284123	0.178529	0.383326	
0.24095	0.176902	0.407723	
0.192732	0.169957	0.440474	
0.175923	0.152377	0.468158	
0.175085	0.123121	0.499991	
0.285642	0.111393	0.509003	
0.250737	0.0922876	0.521915	
0.318444	0.0993601	0.453556	
0.321966	0.104056	0.456251	
0.25423	0.105244	0.53596	
0.322166	0.104032	0.44659	
0.172596	0.126237	0.529987	
0.175836	0.115995	0.52086	
0.278818	0.196641	0.524153	
0.287817	0.204109	0.410156	
0.252144	0.217057	0.432016	
0.284888	0.194243	0.393165	
0.287323	0.179805	0.382276	
0.196189	0.17891	0.43797	
0.186969	0.1744	0.447647	
0.166988	0.132564	0.519602	
0.166237	0.139689	0.498733	
0.283148	0.180613	0.383599	
0.193156	0.195581	0.452975	
0.197033	0.209102	0.461087	
0.175848	0.170193	0.502449	
0.19172	0.204061	0.477202	
0.188832	0.201753	0.493931	
0.0386082	0.219777	0.530391	
0.0978674	0.246738	0.391498	
0.139069	0.2335	0.409441	
0.176477	0.216786	0.44254	
0.127426	0.20745	0.51103	
0.131944	0.128073	0.435415	
0.0877675	0.143418	0.397131	
0.127992	0.207451	0.38973	
0.178586	0.188986	0.434058	
0.175764	0.151306	0.452557	
0.0408747	0.144107	0.503706	
0.0801205	0.118074	0.453402	
0.161907	0.210191	0.423623	
0.103965	0.241384	0.378045	
0.102987	0.126443	0.504995	
0.168176	0.138236	0.470563	
0.152872	0.137895	0.515177	
0.0512689	0.208398	0.534513	
0.0884224	0.168964	0.529807	
0.0207865	0.206697	0.540508	
0.0905058	0	0.215895	
0.0900447	0	0.212362	
0.091688	0.107326	0.155918	
0.0673644	0.0503259	0.176388	
0.0409209	0.0488413	0.238009	
0.131013	0.174184	0.293007	
0.135195	0.134674	0.299791	
0.137266	0.0876813	0.298567	
0.132702	0.0533521	0.278219	
0.100992	0.0562373	0.17717	
0.135614	0.0776778	0.300168	
0.101173	0.117034	0.320171	
0.0670564	0.151175	0.335844	
0.0605859	0.00282067	0.206456	
0.135512	0.0929732	0.302397	
0.122452	0.176298	0.304203	
0.0682378	0.153556	0.336321	
0.600933	1	0.430206	
0.659029	0.856635	0.403516	
0.628155	0.89519	0.474819	
0.5882	0.925729	0.482655	
0.586289	0.90889	0.403194	
0.597278	0.885244	0.334521	
0.646453	0.851415	0.34127	
0.574288	0.949187	0.425734	
0.589192	0.894267	0.335094	
0.602626	0.940864	0.498593	
0.660257	0.899525	0.463908	
0.665138	0.870302	0.453065	
0.68044	0.891352	0.406528	
0.658789	0.851197	0.338157	
1	0.777189	0.73945	
1	0.901676	0.746992	
0.549799	0.443939	0	
0.546572	0.45865	0	
0.575804	0.460863	0	
0.517627	0.443224	0.179548	
0.548296	0.476268	0.154812	
0.454535	0.456091	0.137001	
0.427641	0.446777	0.100305	
0.420756	0.443145	0.0797379	
0.584524	0.468546	0.0226934	
0.537714	0.474979	0.161658	
0.51691	0.471218	0.164112	
0.422901	0.429285	0.0854146	
0.453315	0.428337	0.152583	
0.521317	0.464938	0.170371	
0.470945	0.120296	0.153012	
0.465586	0.0658478	0.107488	
0.431125	0.0399815	0.068764	
0.366166	0.117806	0.0949303	
0.362097	0.158243	0.124427	
0.411182	0.17202	0.161515	
0.458162	0.159082	0.176547	
0.454857	0.162929	0.022535	
0.444118	0.0602203	0.0537729	
0.490381	0.137589	0.131575	
0.496698	0.193616	0.115751	
0.402915	0.192329	0.114565	
0.364873	0.167562	0.118609	
0.365516	0.145445	0.0877032	
0.358257	0.150951	0.109894	
0.466061	0.168091	0.171961	
0.473945	0.188155	0.16666	
0.49973	0.193022	0.13352	
0.370687	0.180517	0.132902	
0.42289	0.19009	0.144278	
0.462557	0.177412	0.175169	
0.329195	0.782344	0.0386426	
0.307264	0.859904	0.0384891	
0.376931	0.865412	0.0235618	
0.418792	0.840086	0.0163448	
0.280367	0.829521	0.0498757	
0.350166	0.761205	0.0722293	
0.336153	0.878342	0.0528142	
0.400545	0.833142	0.0598064	
0.359767	0.846072	0.0890588	
0.383342	0.819155	0.102393	
0.360235	0.814305	0.112189	
0.325909	0.850305	0.087952	
0.38207	0.823173	0.104448	
0.416137	0.58837	1	
0.39938	0.575985	1	
0.381327	0.600169	0.919055	
0.390135	0.588403	0.97304	
0.374261	0.57677	0.942978	
0.369187	0.560247	0.934248	
0.380607	0.558034	0.966513	
0.385095	0.468035	0.693074	
0.428764	0.470034	0.651065	
0.442383	0.499646	0.67539	
0.421365	0.515181	0.716906	
0.374026	0.489455	0.732031	
0.365624	0.478454	0.722112	
0.381487	0.453492	0.656125	
0.351217	0.452584	0.657313	
0.351889	0.465845	0.691309	
0.378482	0.55574	0.659294	
0.395939	0.545029	0.706729	
0.446403	0.49059	0.624851	
0.394557	0.53641	0.614667	
0.332238	0.473737	0.677775	
0.338713	0.522755	0.706267	
0.359264	0.572628	0.709175	
0.384252	0.515933	0.615554	
0.354324	0.478293	0.640293	
0.376327	0.466783	0.631145	
0.394348	0.484171	0.610474	
0.346535	0.481473	0.705185	
0.337592	0.458108	0.663899	
0.382931	0.488901	0.613685	
0.587519	0.793863	0.301909	
0.501443	0.805494	0.296884	
0.453241	0.792535	0.363774	
0.448774	0.776317	0.423729	
0.483751	0.769035	0.43492	
0.454895	0.834325	0.462963	
0.44617	0.805174	0.44786	
0.441515	0.785023	0.427595	
0.485732	0.861979	0.316106	
0.484768	0.892118	0.403054	
0.570712	0.852056	0.39405	
0.548394	0.812894	0.451993	
0.502936	0.831308	0.45987	
0.537329	0.927881	0.329939	
0.557554	0.801155	0.439929	
0.593233	0.830879	0.384969	
0.557099	0.810803	0.444903	
0.526299	0.921179	0.318646	
0.538705	0.79668	0.450936	
0.481718	0.79311	0.453141	
0.450068	0.782835	0.431791	
0.703493	0.315326	0.924079	
0.714744	0.363234	0.892721	
0.750664	0.384685	0.892422	
0.760712	0.380416	0.900133	
0.681694	0.337028	0.892028	
0.713242	0.265946	0.925647	
0.772186	0.213426	0.944714	
0.749869	0.22656	0.892463	
0.729461	0.241023	0.861034	
0.781778	0.22888	0.914734	
0.782248	0.294005	0.83304	
0.746999	0.259214	0.849049	
0.751916	0.312749	0.850228	
0.772441	0.359202	0.866991	
0.750021	0.384489	0.889825	
0.747772	0.27566	0.842212	
0.753375	0.384572	0.891255	
0.697425	0.705705	0.83139	
0.774004	0.720664	0.781319	
0.799117	0.62528	0.860049	
0.729754	0.629356	0.888678	
0.703148	0.662637	0.869569	
0.731266	0.603072	0.857881	
0.744275	0.614431	0.891152	
0.737836	0.584787	0.763535	
0.723959	0.624734	0.888147	
0.707304	0.637034	0.882936	
0.696292	0.682501	0.85337	
0.709437	0.639659	0.885674	
0.544853	0.703056	0.662104	
0.577564	0.739752	0.59456	
0.57137	0.74447	0.601336	
0.606417	0.687798	0.757337	
0.620864	0.622037	0.726738	
0.633602	0.753723	0.604337	
0.685023	0.709309	0.605178	
0.581807	0.748941	0.59968	
0.356044	1	0.773473	
0.352965	1	0.761659	
0.336875	1	0.755288	
0.316611	1	0.785207	
0.315675	1	0.814961	
0.293719	0.939125	0.7559	
0.354388	0.975611	0.757693	
0.360445	0.924938	0.760808	
0.302274	0.988744	0.820951	
0.282331	0.943429	0.810964	
0.300697	0.952156	0.834349	
0.357753	0.975611	0.763275	
0.359844	0.920099	0.779253	
0.256481	0.582374	0.0598887	
0.243931	0.582636	0.104184	
0.30566	0.673077	0.144887	
0.328715	0.692327	0.119131	
0.30209	0.64606	0.0811179	
0.320428	0.605787	0.0508293	
0.352047	0.682094	0.0976841	
0.24116	0.564035	0.0654814	
0.354955	0.674586	0.137017	
0.83534	0.758791	0.139375	
0.879602	0.839247	0.121011	
0.861951	0.832823	0.149018	
0.865524	0.845379	0.112218	
0.791593	0.750685	0.12013	
1	0.577872	0.584976	
1	0.522852	0.63177	
1	0.446026	0.659584	
1	0.44549	0.570859	
1	0.496098	0.496304	
1	0.546586	0.541879	
0.93135	0.444125	0.62377	
0.894784	0.490904	0.592609	
0.888785	0.503339	0.578523	
0.927458	0.493387	0.536977	
0.973631	0.435376	0.574328	
0.904001	0.497654	0.602197	
0.944309	0.542922	0.57834	
0.976327	0.535062	0.622269	
0.935852	0.494426	0.639307	
0.909832	0.486178	0.614736	
0.965844	0.408995	0.645706	
0.977323	0.438732	0.662573	
0.968849	0.48211	0.665208	
0.991477	0.499063	0.496649	
0.984802	0.414858	0.647448	
0.992522	0.4699	0.674709	
1	0.050275	0.658552	
1	0	0.637224	
1	0.0935002	0.622672	
0.965997	0	0.692086	
0.903403	0	0.652803	
0.932925	0.0130044	0.704813	
0.486027	0.118541	0.461274	
0.457874	0.115546	0.43638	
0.448723	0.0848527	0.418717	
0.452102	0.0370539	0.406196	
0.465187	0.040903	0.375122	
0.453611	0.0506275	0.390786	
0.457401	0.11654	0.43456	
0.490984	0.142214	0.427253	
0.464422	0.0401028	0.375481	
0.460783	0.12317	0.439569	
0	0.168964	0.861556	
0	0.0645549	0.796687	
0	0	0.859017	
0	0.0258397	0.891678	
0	0.103597	0.899114	
0.00321065	0	0.850601	
0.0132284	0	0.850827	
0.0100178	0	0.859243	
0.0394575	0.170701	0.861298	
0.0242	0.0576302	0.798272	
0.123627	0.0923612	0.777378	
0.0464074	0.0122148	0.84327	
0.0383509	0.0626948	0.89787	
0.190908	0.238497	0.338616	
0.204515	0.173611	0.350848	
0.183527	0.180593	0.394053	
0.156198	0.237342	0.418539	
0.164212	0.272631	0.376738	
0.194233	0.175732	0.335462	
0.140252	0.281129	0.337958	
0.140789	0.190002	0.333131	
0.190027	0.168689	0.349748	
0.138197	0.245079	0.403708	
0.506304	0.670343	0.634928	
0.556468	0.580683	0.647851	
0.45358	0.622163	0.641107	
0.418239	0.65043	0.602247	
0.428324	0.676802	0.588884	
0.505827	0.585276	0.654448	
0.421622	0.631532	0.612431	
0.421316	0.65682	0.578693	
0.416656	0.662393	0.585312	
0.418343	0.65531	0.581274	
0.736755	0.585019	1	
0.663587	0.583624	1	
0.624353	0.432328	1	
0.672139	0.581364	0.928478	
0.710197	0.593721	0.965093	
0.719643	0.578803	0.930531	
0.73694	0.567702	0.931682	
0.72529	0.555764	0.929925	
0.430333	0.0601	0.346657	
0.534413	0.10524	0.308093	
0.358267	0.113331	0.355665	
0.402206	0.0882408	0.395036	
0.438234	0.0645818	0.408521	
0.531819	0.150927	0.307908	
0.461835	0.164346	0.419529	
0.408323	0.124224	0.405338	
0.455815	0.21253	0.345924	
0.444003	0.0886453	0.421175	
0.453029	0.132252	0.434666	
0.311588	0.401741	0.746345	
0.271181	0.307983	0.718387	
0.357479	0.306895	0.728885	
0.346042	0.310393	0.757056	
0.322998	0.38544	0.719846	
0.320484	0.298005	0.702168	
0.3548	0.295749	0.725032	
0.335698	0.28327	0.7438	
1	0.972662	0.333025	
1	0.965514	0.199706	
1	1	0.252178	
0.850891	1	0.247357	
0.809782	1	0.302436	
0.939385	1	0.358567	
0.93133	1	0.194537	
0.8123	0.972223	0.297795	
0.850152	0.992359	0.250472	
0.818894	0.992359	0.275338	
0.385236	0.865934	0.11844	
0.382378	0.823488	0.104891	
0.370656	0.814885	0.136863	
0.356315	0.837818	0.193683	
0.365963	0.89581	0.194299	
0.336424	0.88895	0.0806517	
0.382686	0.824984	0.103685	
0.297667	0.920318	0.146515	
0.381761	0.821677	0.105655	
0.358786	0.807898	0.167676	
0.329893	0.920736	0.191973	
0.899407	0.944184	0.529033	
0.915019	0.916992	0.532495	
0.920012	0.859656	0.543013	
0.89374	0.804218	0.556765	
0.937014	0.931994	0.57364	
0.926179	0.9255	0.549791	
0.918652	0.912751	0.534124	
0.942377	0.87033	0.592539	
0.915399	0.92082	0.532938	
0.914283	0.953083	0.553991	
0.939127	0.931839	0.585333	
0.927077	0.865926	0.628638	
0.941781	0.809547	0.608383	
0.246054	1	0.0729674	
0.336743	1	0.197403	
0.345251	1	0.746699	
0.402547	1	0.75062	
0.349289	1	0.669461	
0.34103	1	0.705932	
0.392961	0.921538	0.658232	
0.361269	0.926797	0.755097	
0.334944	0.964348	0.711739	
0.338966	0.986967	0.66877	
0.295194	0.193458	0.238416	
0.27225	0.263771	0.228332	
0.344193	0.211913	0.248246	
0.244882	0.237644	0.21776	
0.227735	0.256255	0.198024	
0.232261	0.241108	0.194491	
0.239194	0.224948	0.173431	
0	0.626664	0.556288	
0	0.671938	0.571021	
0	0.684809	0.542154	
0.11193	0.661986	0.583555	
0.0497312	0.68863	0.56491	
0.128295	0.612679	0.513721	
0.135698	0.6183	0.531475	
0.066679	0.552042	0.57944	
0.113813	0.662516	0.598797	
0.0816559	0.684322	0.594478	
0.0599242	0.666577	0.620446	
0.118604	0.610941	0.631409	
0.101617	0.565282	0.627878	
0.128499	0.610094	0.513434	
0.00178288	0.685499	0.541903	
0.524858	0.7414	0.607452	
0.459174	0.705373	0.72252	
0.431003	0.633128	0.698727	
0.409578	0.639318	0.638861	
0.440065	0.744812	0.603471	
0.460053	0.745699	0.599398	
0.408635	0.678122	0.593448	
0.451416	0.75495	0.605262	
0.648765	0.258885	0.553115	
0.672565	0.238044	0.529701	
0.646689	0.26021	0.460868	
0.603965	0.297229	0.427485	
0.569136	0.327719	0.460092	
0.68857	0.293781	0.536549	
0.691227	0.274436	0.474102	
0.667614	0.358969	0.481903	
0.658757	0.39826	0.532298	
0.67922	0.239035	0.531955	
0.637946	0.301945	0.433207	
0.671143	0.314584	0.441924	
0.583986	0.370609	0.471971	
0.582422	0.33943	0.442889	
0.624991	0.319223	0.4348	
0.654783	0.404071	0.520245	
0.585783	0.324134	0.430247	
0.57634	0.357689	0.46149	
0.583525	0.125742	0.697772	
0.540361	0.252331	0.636638	
0.544461	0.245102	0.603227	
0.563889	0.194272	0.580462	
0.536326	0.255206	0.633077	
0.493717	0.141862	0.655027	
0.542374	0.183573	0.554401	
0.547374	0.212131	0.564967	
0.543665	0.245103	0.603778	
0.546851	0.18419	0.55227	
0.539179	0.255181	0.626351	
0.561675	0.141706	0.717206	
0	0.82096	0.638746	
0	0.877021	0.610852	
0	0.915331	0.548398	
0	0.85177	0.534248	
0	0.793993	0.579631	
0.0471205	0.903701	0.606954	
0.0921476	0.879491	0.664304	
0.0288789	0.839857	0.67422	
0.112963	0.805605	0.569411	
0.102698	0.897542	0.598991	
0.112125	0.893785	0.546796	
0.113742	0.852809	0.550358	
0.0221284	0.914785	0.525793	
0.099693	0.903945	0.537547	
0.0662443	0.909559	0.522903	
0.0235027	0.802103	0.637595	
0.0895195	0.781128	0.55511	
0.0675918	0.778549	0.528988	
0.0303729	0.782369	0.530615	
0.107195	0.804259	0.553672	
0.100593	0.788781	0.55251	
0.104	0.786623	0.565379	
0.103685	0.89066	0.534715	
0.0808508	0.838027	0.524752	
0.0719695	0.781037	0.527611	
0.0882576	0.78512	0.540888	
0.103894	0.786513	0.565316	
0.0615696	0.778693	0.523425	
0.0533252	0.845833	0.521941	
0.0912533	0.90082	0.525466	
0.0649102	0.780075	0.523456	
0.0754749	0.779959	0.532926	
1	0.0513113	0.42619	
1	0	0.36515	
1	0.0351259	0.289638	
1	0.0921448	0.321769	
1	0.108886	0.374341	
0.986077	0	0.280544	
0.955603	0	0.429233	
0.978957	0.106105	0.388574	
0.932484	0.0657112	0.385185	
0.937241	0.0912437	0.314946	
0.942203	0.0983978	0.318784	
0.95785	0.111114	0.36984	
0.970106	0.0830482	0.308244	
1	0.324166	0.767016	
0.88709	0.26128	0.809738	
0	0.672895	0.958637	
0	0.708572	1	
0	0.79544	0.972843	
0	0.754225	0.940373	
0.128325	0.70176	1	
0.105144	0.765378	1	
0.0711374	0.799296	1	
0.0237374	0.811177	1	
0.0369988	0.716346	0.93092	
0.0927845	0.680785	0.933476	
0.0236072	0.783379	0.944609	
0.060606	0.7455	0.935156	
0.136913	0.664247	0.975487	
0.126511	0.705877	0.988741	
0.0806459	0.794619	0.988988	
0.0568533	0.794439	0.960755	
0.138474	0.663742	0.980989	
0.0569835	0.808614	0.988988	
0.802919	0.472678	0.525413	
0.76338	0.420591	0.478262	
0.713667	0.433918	0.457778	
0.704742	0.462526	0.467005	
0.800431	0.527322	0.550957	
0.8047	0.527247	0.553243	
0.778708	0.446254	0.391958	
0.798759	0.543408	0.462166	
0.748293	0.515371	0.429337	
0.733741	0.48546	0.405366	
0.812973	0.412398	0.487627	
0.828811	0.376719	0.449232	
0.780884	0.380329	0.43479	
0.73467	0.405506	0.448023	
0.761595	0.5415	0.45839	
0.720746	0.473322	0.418148	
0.704278	0.456421	0.444902	
0.730943	0.421918	0.429759	
0.80168	0.530474	0.549626	
0.813471	0.534656	0.526999	
0.80376	0.52928	0.552331	
0.71166	0.455979	0.42469	
0.491202	0.54184	0.513741	
0.531887	0.501543	0.435572	
0.499596	0.500875	0.463821	
0.49425	0.497365	0.512018	
0.522884	0.46822	0.464747	
0.9546	0.400738	0.641721	
0.921297	0.378395	0.571961	
0.867814	0.413508	0.609277	
0.877782	0.445226	0.605315	
0.894549	0.476358	0.603799	
0.888794	0.399139	0.619734	
0.867006	0.417566	0.608039	
0.875995	0.469001	0.598084	
0.856561	0.483332	0.574928	
0.869032	0.40863	0.609562	
0.87783	0.404202	0.572146	
0.871424	0.49961	0.571415	
0.887424	0.50315	0.578528	
0.887257	0.50411	0.57698	
0.887393	0.396477	0.61543	
0.828032	1	0.122216	
0.80472	1	0.147019	
0.78701	1	0.187803	
0.799377	1	0.242835	
0.915013	1	0.18743	
0.781084	0.968102	0.233775	
0.796105	0.920791	0.224552	
0.812252	0.913716	0.17798	
0.80512	0.961027	0.161559	
0.822563	0.930484	0.146548	
0.822163	0.969457	0.132008	
0.796015	0.951933	0.264298	
0.838364	0.94836	0.227599	
0.838454	0.917218	0.187853	
0.813569	0.97619	0.276474	
0.893025	0.94333	0.165231	
0.849223	0.951799	0.115857	
0.8349	0.264233	1	
0.826371	0.238104	1	
0.888655	0.277489	0.989617	
0.863598	0.316149	0.932437	
0.85097	0.207979	0.958004	
1	0.660421	0.212297	
1	0.532954	0.154645	
0.957279	0.659589	0.213078	
0.925066	0.620595	0.202338	
0.906647	0.609196	0.174968	
0.950552	0.56904	0.176673	
0.91854	0.630191	0.181761	
0.906802	0.603138	0.164212	
0.9058	0.505257	0.206623	
0.866364	0.526978	0.233052	
0.876496	0.531364	0.277449	
0.87562	0.547035	0.275459	
0.862893	0.557822	0.232796	
0.863456	0.560043	0.218	
0.928884	0.542536	0.202682	
0.863233	0.558468	0.213595	
0.86313	0.540196	0.213656	
0.865904	0.543029	0.247787	
0.861538	0.558221	0.218324	
0.543577	0.306141	0.271617	
0.531073	0.177261	0.242558	
0.596448	0.225265	0.230831	
0.627664	0.229923	0.274555	
0.553086	0.172416	0.232438	
0.544118	0.19347	0.189777	
0.553349	0.206488	0.187059	
0.631812	0.249622	0.265958	
0.623552	0.28088	0.242511	
0.606694	0.297242	0.214226	
0.581231	0.254263	0.199429	
0.617572	0.247409	0.299304	
0.597169	0.305723	0.226612	
0.533315	0.193452	0.192715	
0.541367	0.201483	0.179384	
0.598061	0.294817	0.205116	
0.749792	0	0.422431	
0.678399	0	0.408005	
0.677357	0	0.344215	
0.748571	0	0.312697	
0.714356	0.0303798	0.434785	
0.721646	0.0777372	0.40145	
0.751683	0.0918653	0.368069	
0.773073	0.0817281	0.355902	
0.697446	0.0175425	0.327579	
0.679586	0.0420483	0.339916	
0.729407	0.0628359	0.340127	
0.776782	0.0729817	0.33659	
0.698012	0.070241	0.363863	
0.724204	0.0930926	0.381982	
0.76923	0.0828381	0.348417	
0.653121	0.0201336	0.354366	
0.659822	0.0405328	0.389751	
0.698631	0.0836769	0.397504	
0.633031	0.00259112	0.371001	
0.696073	0.0683215	0.416972	
0.167099	0.204151	1	
0.0948482	0.34968	1	
0.113318	0.259848	1	
0.160055	0.188627	0.991171	
0.158553	0.185563	0.930426	
0.152517	0.189788	0.874863	
0.127016	0.227946	0.871678	
0.081991	0.298542	0.902805	
0.0634136	0.332151	0.966735	
0.190914	0.208755	0.932706	
0.156432	0.185499	0.874866	
0.186098	0.206837	0.873998	
0.153055	0.19027	0.871219	
0.0998192	0.288389	0.87326	
0.139493	0.361002	0.879349	
0.0628876	0.337808	0.925905	
0.0597253	0.336537	0.932072	
0.109565	0.35806	0.914564	
0.0936036	0.357198	0.95948	
0.739141	0.488712	0.806446	
0.740549	0.543444	0.875207	
0.751633	0.574697	0.918871	
0.742598	0.571403	0.92439	
0.785544	0.426066	0.839567	
0.788168	0.412178	0.934339	
0.76787	0.394658	0.917313	
0.760131	0.395527	0.867553	
0.780488	0.406578	0.944039	
0.745679	0.450532	0.817503	
0.725527	0.420829	0.845151	
0.702208	0.432404	0.853766	
0.737205	0.482128	0.806697	
0.755869	0.414871	0.839422	
0.703037	0.407792	0.876687	
0.685914	0.408568	0.911689	
0.670422	0.423082	0.929523	
0.72327	0.390796	0.893229	
0.671032	0.422603	0.931833	
0.639154	0.345291	0.802835	
0.64608	0.35063	0.785583	
0.682893	0.35573	0.757848	
0.724951	0.35651	0.740029	
0.77579	0.335936	0.777617	
0.812507	0.316374	0.817686	
0.782491	0.286164	0.815304	
0.695742	0.351339	0.72826	
0.665437	0.347834	0.749186	
0.745366	0.346213	0.74354	
0.772588	0.32661	0.753203	
0.817539	0.312532	0.805763	
0.816266	0.316388	0.811194	
0.633509	0.34386	0.79084	
0.677713	0.342834	0.719195	
0.716333	0.336503	0.730293	
0.67592	0.307117	0.720913	
0.814135	0.314455	0.816564	
0.646558	0.255214	0.556069	
0.559068	0.193243	0.525877	
0.544924	0.220624	0.558133	
0.607886	0.287694	0.424517	
0.535006	0.229229	0.54508	
0.54048	0.22573	0.556939	
0.540793	0.219678	0.553021	
0	0.075012	0.661101	
0	0.00242284	0.611826	
0	0	0.731198	
0.00138324	0	0.611844	
0.00459389	0	0.731246	
0.0254329	0.0679301	0.662618	
0.00391488	0.00349766	0.613825	
0.00253164	0.00592051	0.613807	
0.485443	0.46024	0.849177	
0.467005	0.500563	0.750424	
0.484327	0.44532	0.740002	
0.498897	0.401976	0.74978	
0.461844	0.492319	0.740615	
0.421059	0.434209	0.760559	
0.389675	0.465401	0.765936	
0.496091	0.398411	0.742612	
0.472957	0.402575	0.749049	
0.389452	0.444809	0.772123	
0.388538	0.456212	0.768495	
0.442322	0.408757	0.759323	
0.384539	0.447063	0.777465	
0.357254	0.482826	0.83853	
0.446353	0.400105	0.764485	
0.490674	0.395738	0.745819	
0.357259	0.481457	0.847709	
1	0.743984	0.381865	
1	0.897629	0.393697	
1	0.863961	0.433478	
0.905516	0.744936	0.377068	
0.935757	0.835878	0.40533	
0.976143	0.855372	0.432349	
0.992051	0.895407	0.398402	
1	0.44137	1	
0.910881	0.463615	1	
0.919598	0.415973	0.958834	
0.173731	0.65546	1	
0.191609	0.636719	1	
0.181336	0.698086	0.947094	
0.257459	0.707479	0.886887	
0.252411	0.675981	0.87466	
0.197921	0.64591	0.905492	
0.141794	0.668307	0.965287	
0.141998	0.671653	0.971672	
0.267832	0.635065	0.89481	
0.257757	0.649002	0.872501	
0.223894	0.619202	0.945234	
0.269846	0.701916	0.87976	
0.268658	0.636546	0.924884	
0.283401	0.665668	0.877713	
0.724993	0.593677	0.474632	
0.744829	0.654348	0.49217	
0.749021	0.661673	0.456664	
0.746098	0.583194	0.450919	
0.803183	0.574078	0.431205	
0.841274	0.626065	0.423019	
0.727232	0.609746	0.465	
0.769259	0.712115	0.477062	
0.769207	0.712137	0.478933	
0.747196	0.561403	0.458487	
0.76208	0.550107	0.443379	
0.762677	0.546034	0.44787	
0.804722	0.535863	0.556772	
0.804146	0.533068	0.554039	
0.85226	0.565632	0.455796	
0.855995	0.591526	0.429657	
0.876449	0.609221	0.452494	
0.814115	0.55748	0.563596	
0.769543	0.712118	0.47791	
0.256969	0.225601	0.330128	
0.236573	0.189472	0.332922	
0.18312	0.303154	0.339344	
0.211237	0.297734	0.33573	
0.239421	0.269206	0.332209	
0.232597	0.209922	0.280691	
0.225109	0.193201	0.281587	
0.201796	0.172058	0.280295	
0.166095	0.182448	0.272667	
0.198943	0.245334	0.270116	
0.232223	0.183078	0.288706	
0.255815	0.193524	0.312198	
0.165547	0.16415	0.31689	
0.168849	0.162104	0.288856	
0.240866	0.231876	0.305739	
0.210402	0.303332	0.326191	
0.142288	0.161931	0.299102	
0.240089	0.198881	0.287996	
0.189891	0.316877	0.329401	
0.631121	0.355933	0.603592	
0.634129	0.249873	0.617746	
0.654459	0.232737	0.643542	
0.682659	0.283592	0.671874	
0.617483	0.244025	0.62007	
0.548151	0.255911	0.615962	
0.61878	0.362114	0.621947	
0.543903	0.306952	0.626492	
0.534555	0.257722	0.632025	
0.67812	0.33188	0.695	
0.659747	0.066278	0.300653	
0.70688	0.127547	0.383636	
0.692147	0.162317	0.362596	
0.65298	0.0587516	0.298554	
0.628393	0.00448667	0.370414	
0.587308	0.0619319	0.276565	
0.576946	0.0448953	0.298426	
0.67684	0.0869424	0.41607	
0.692744	0.162661	0.390676	
0.702591	0.163945	0.381869	
0.679896	0.169063	0.381839	
0.572486	0.0663037	0.294523	
1	0.423697	0.079314	
1	0.265456	0.21214	
1	0.23847	0.188253	
0.982343	0.231778	0.184244	
0.978019	0.247473	0.194749	
0.983739	0.420522	0.0691101	
0.957699	0.426971	0.10131	
0.922261	0.420722	0.125779	
0.989891	0.434681	0.0946295	
0.951566	0.43071	0.120629	
0.99112	0.243015	0.195421	
0	0.956807	0.616206	
0	1	0.573972	
0	0.958523	0.506165	
0.0140274	1	0.47732	
0.00831224	1	0.675807	
0.0301333	1	0.689129	
0.170171	1	0.6435	
0.173829	1	0.59902	
0.117488	1	0.528355	
0.0452064	1	0.473716	
0.0965293	0.896053	0.653215	
0.0287417	0.990844	0.687952	
0.140531	0.927388	0.572439	
0.170929	0.980772	0.588199	
0.0764809	0.952526	0.50012	
0.0361559	0.956262	0.496948	
0	0.513744	0.584932	
0	0.490241	0.609464	
0.0583783	0.542869	0.582484	
0.0415674	0.471943	0.622767	
0.0353569	0.512912	0.663574	
0.0210839	0.50839	0.661069	
0.362574	0.407432	1	
0.427173	0.427286	1	
0.362649	0.494593	1	
0.402556	0.406248	0.967405	
0.414871	0.453954	0.951437	
0.929389	0.790179	0	
0.867417	0.804761	0	
0.884815	0.841236	0.12527	
0.839383	0.922325	0.0818836	
0.88203	0.786566	0.0113843	
0.845572	0.699557	0.201344	
0.858805	0.648302	0.224912	
0.890689	0.613833	0.267164	
0.924061	0.658243	0.298251	
0.904396	0.61352	0.181268	
0.875378	0.646353	0.186623	
0.86437	0.701535	0.192713	
0.915851	0.698892	0.188493	
0.922029	0.732313	0.214487	
0.941962	0.695349	0.202061	
0.953412	0.71978	0.243092	
0.983275	0.694558	0.293095	
0.845768	0.684036	0.195308	
0.888414	0.610619	0.216228	
0.954733	0.68536	0.307965	
0	0.517623	0.0947586	
0.0793448	0.528811	0.185011	
0.0309693	0.510114	0.110724	
1	0.735908	0.700255	
1	0.693333	0.708458	
1	0.64081	0.67128	
1	0.635805	0.611714	
1	0.698338	0.586051	
1	0.805032	0.624044	
0.963416	0.705513	0.585405	
0.980115	0.631571	0.646089	
0.996007	0.661352	0.713348	
0.994842	0.725723	0.703416	
0.606494	0.810852	0.444834	
0.67252	0.784178	0.456346	
0.652741	0.719342	0.461862	
0.652892	0.83039	0.402139	
0.653482	0.669057	0.400524	
0.711922	0.747178	0.436131	
0.706298	0.71351	0.401191	
0.677013	0.682399	0.393034	
0.730132	0.740396	0.402918	
0.653989	0.678368	0.373429	
0.656387	0.669169	0.388856	
0.689682	0.694389	0.390224	
0.041388	0.491913	0.671632	
0.0654751	0.417876	0.595722	
0.0587724	0.449202	0.643518	
0.101572	0.438319	0.637153	
0.0883576	0.469142	0.670103	
0.06089	0.485875	0.685187	
0.0849485	0.422953	0.617519	
0.0881985	0.513329	0.696912	
0.110942	0.533951	0.696	
0.111198	0.451578	0.646046	
0.110555	0.4353	0.624365	
0.417624	1	0.193488	
0.445746	0.949779	0.16963	
0.46088	0.923201	0.184971	
0.463112	0.919307	0.18881	
0.423896	0.892225	0.207888	
0.457187	0.914935	0.186236	
0.443774	0.925392	0.171639	
0.362611	0.867107	0.227898	
0.383734	0.877035	0.283579	
0.4594	0.916141	0.187415	
0.462583	0.918714	0.187862	
0.384902	0.875766	0.282444	
0.447554	0.939421	0.169266	
0.459792	0.917012	0.186443	
1	0.895872	0.453018	
1	0.85648	0.474916	
1	0.903981	0.414149	
0.959516	0.898095	0.506776	
0.896155	0.948369	0.516191	
0.939894	0.944071	0.461139	
0.897612	0.883162	0.479084	
0.925116	0.869818	0.522656	
0.866818	0.961836	0.469247	
0.945118	0.826704	0.502949	
0	0.949633	0.699678	
0	1	0.675691	
0	0.848303	0.682448	
0.00831224	1	0.684973	
0.246006	0.825212	0.767084	
0.150264	0.796836	0.777738	
0.148396	0.800575	0.85527	
0.181417	0.772396	0.833323	
0.229991	0.823226	0.888891	
0.174713	0.836321	0.893189	
0.154367	0.820694	0.875305	
0.151737	0.775958	0.811675	
0.17362	0.85417	0.884848	
0.189219	0.851438	0.888233	
0.14585	0.822861	0.869752	
0.15372	0.838714	0.88637	
0.187147	0.844693	0.892817	
0.0975781	0.408551	0.66506	
0.114524	0.392546	0.633557	
0.155825	0.365333	0.683353	
0.126408	0.392801	0.734659	
0.0931259	0.399706	0.727722	
0.13655	0.327898	0.66333	
0.131175	0.370513	0.635751	
0.166439	0.304852	0.727998	
0.0956704	0.406372	0.630903	
0.127571	0.36255	0.63508	
0.193982	0.819038	0.620385	
0.141533	0.842921	0.555483	
0.189225	0.872766	0.564007	
0.186377	0.829383	0.67359	
0.152672	0.866478	0.704232	
0.140887	0.876387	0.548755	
0.905013	0.283564	0.534114	
0.895767	0.296163	0.566231	
0.886311	0.206229	0.611305	
0.903295	0.174684	0.553312	
0.911025	0.197605	0.522483	
0.914584	0.22844	0.505877	
0.872333	0.297621	0.559032	
0.826685	0.306856	0.59259	
0.844099	0.30744	0.610343	
0.825304	0.294078	0.62327	
0.763499	0.221971	0.592243	
0.767849	0.220168	0.613752	
0.795168	0.25134	0.629433	
0.888326	0.150338	0.577506	
0.857324	0.160341	0.617549	
0.819911	0.27948	0.641053	
0.780122	0.223247	0.626819	
0.76091	0.205485	0.595924	
0.805051	0.181743	0.614842	
0.866845	0.128306	0.564428	
0.895132	0.17164	0.528608	
0.871637	0.141809	0.535536	
0.901789	0.1979	0.505708	
0.885896	0.171934	0.511833	
0.887329	0.19054	0.495523	
0.829082	0.15755	0.511822	
0.332413	0	0.45925	
0.403218	0	0.43074	
0.426568	0	0.456674	
0.376795	0	0.537562	
0.379148	0.0475729	0.456011	
0.392029	0.0191466	0.428293	
0.409387	0.0365918	0.433599	
0.415094	0.0375823	0.480856	
0.406057	0.0433007	0.528511	
0.420576	0.0174452	0.436046	
1	1	0.409826	
1	0.991728	0.484394	
1	0.947795	0.454962	
0.896457	1	0.511483	
0.950044	1	0.498424	
0.950044	0.991728	0.496904	
0	0.432681	0.378143	
0	0.491895	0.408264	
0.00579751	0.489608	0.406811	
0.0678636	0.493422	0.362147	
0.348321	0.273485	0.759169	
0.418167	0.276863	0.794265	
0.375646	0.236581	0.839749	
0.46746	0.245635	0.817874	
0.476606	0.270064	0.792647	
0.477421	0.265059	0.79093	
1	0.744862	0.76542	
1	0.640579	0.777046	
1	0.659566	0.715521	
0.981305	0.652703	0.729606	
0.344502	0.199214	0	
0.284282	0.137163	0	
0.165096	0.178005	0	
0.143715	0.216374	0	
0.253309	0.233737	0	
0.187273	0.243597	0.0195889	
0.321045	0.201906	0.0685697	
0.324713	0.170205	0.045748	
0.262906	0.200102	0.0686127	
0.286444	0.16593	0.0564685	
0.16076	0.180123	0.015422	
0.330042	0.0882128	0.462712	
0.381245	0.0729877	0.405527	
0.347813	0.1126	0.388005	
0.324261	0.108201	0.435391	
0.340401	0.10274	0.489004	
0.404629	0.127729	0.55466	
0.411437	0.108741	0.562915	
0.402711	0.0890968	0.554969	
0.420271	0.0502244	0.534082	
0.457075	0.116221	0.476149	
0.424255	0.0516324	0.423029	
0.364804	0.107895	0.379013	
0.433376	0.148351	0.446103	
0.430549	0.119606	0.554811	
0.41887	0.133223	0.547648	
0.416983	0.0968507	0.561033	
0.420313	0.118412	0.559007	
0.827802	0.362909	0.245015	
0.83707	0.308267	0.224372	
0.816754	0.27513	0.210708	
0.725449	0.267084	0.203577	
0.680295	0.299976	0.214255	
0.671176	0.320102	0.221607	
0.719541	0.355372	0.237331	
0.822362	0.276788	0.214731	
0.837478	0.353457	0.266127	
0.760187	0.314831	0.334171	
0.743177	0.297132	0.340534	
0.748536	0.268468	0.306475	
0.760737	0.238053	0.261552	
0.672321	0.32922	0.227961	
0.736327	0.304748	0.332977	
0.727742	0.300867	0.324191	
0.747531	0.238773	0.261859	
0.715395	0.258493	0.245088	
0.681005	0.288572	0.240197	
0.676439	0.301433	0.252446	
0.748111	0.23616	0.242266	
0.690586	0.284011	0.224656	
0.666528	0.315922	0.229699	
0.669069	0.304592	0.234244	
0.667411	0.311264	0.222535	
0.595209	0.181401	0.181534	
0.652809	0.176802	0.219707	
0.64779	0.221872	0.265636	
0.676205	0.12725	0.248852	
0.669813	0.194136	0.266128	
0.672256	0.105256	0.22957	
0.567187	0.176133	0.173455	
0.608591	0.150717	0.167668	
0.605004	0.134823	0.16508	
0.576252	0.131543	0.220919	
0.609403	0.0753805	0.242031	
0.612854	0.0784864	0.23146	
0.607929	0.0761542	0.246077	
0.657103	0.100329	0.243308	
0.634949	0.0830755	0.243814	
0.637612	0.0821975	0.238002	
0.623978	0.0786407	0.239198	
0.756964	0.340474	0.547928	
0.692938	0.392972	0.516916	
0.720852	0.392744	0.462873	
0.777457	0.364824	0.435148	
0.8093	0.34192	0.441012	
0.732034	0.297424	0.555645	
0.677803	0.401098	0.502113	
0.689664	0.318037	0.43729	
0.715205	0.326282	0.422838	
0.736204	0.35886	0.42821	
0.718655	0.321245	0.420988	
0.754032	0.314245	0.410494	
0.812112	0.342275	0.42888	
0.732733	0.327132	0.41392	
0.323185	1	0.75219	
0.331562	1	0.743602	
0.286614	0.946721	0.72961	
0.719153	0	0.511859	
0.696565	0	0.56502	
0.664854	0	0.509113	
0.697365	0.0415297	0.483307	
0.73645	0.0211497	0.539009	
0.69602	0.0882132	0.485201	
0.686186	0.0524602	0.58245	
0.69092	0.0840885	0.479103	
0.735252	0.852638	0.614602	
0.732265	0.83434	0.668308	
0.75532	0.892507	0.689247	
0.682105	0.835511	0.623	
0.636721	0.842323	0.627672	
0.661125	0.853444	0.742531	
0.66696	0.860662	0.620603	
0.665641	0.460848	0.760452	
0.647235	0.418484	0.797789	
0.649302	0.354645	0.786477	
0.681163	0.357333	0.714516	
0.682304	0.404258	0.716799	
0.572002	0.381638	0.780016	
0.566857	0.447662	0.782542	
0.619591	0.490899	0.79595	
0.642793	0.35305	0.793286	
0.61355	0.3364	0.786251	
0.666152	0.442289	0.711634	
0.634691	0.461822	0.707407	
0.63557	0.489853	0.78411	
0.654373	0.41115	0.691756	
0.676268	0.367584	0.700945	
0.554323	0.451508	0.732445	
0.541334	0.431908	0.733283	
0.538967	0.411542	0.761976	
0.553379	0.451636	0.734903	
0.533072	0.806921	0	
0.559515	0.702531	0	
0.554243	0.599639	0	
0.406412	0.729633	0	
0.557488	0.776651	0.0446583	
0.56538	0.731808	0.0922356	
0.569454	0.665474	0.0775649	
0.569977	0.606667	0.0299876	
0.521099	0.729697	0.11858	
0.555068	0.740829	0.0994687	
0.556572	0.725516	0.102388	
0.562632	0.616153	0.0644543	
0.473819	0.521479	0.478452	
0.437492	0.527589	0.488026	
0.462429	0.567439	0.500473	
0.409459	0.597593	0.57448	
0.444491	0.495974	0.607021	
0.414091	0.586601	0.593141	
0.608257	0.620862	0.859555	
0.629494	0.573505	0.848436	
0.613895	0.520363	0.804327	
0.536884	0.643096	0.815515	
0.56183	0.639627	0.833465	
0.648456	0.557651	0.815773	
0.638183	0.612315	0.865597	
0.606663	0.635913	0.845524	
0.567149	0.657344	0.791251	
0	0.260619	0.532948	
0	0.290542	0.499132	
0.164435	0.251722	0.418296	
0.05623	0.320473	0.440859	
0.103591	0.228497	0.526005	
0.0520713	0.334871	0.522962	
0.10726	0.322098	0.546731	
0.170746	0.348865	0.60784	
1	0.736744	0.153651	
1	0.749938	0.229569	
1	0.701917	0.294982	
0.97118	0.745544	0.198062	
0.23192	0.599563	0.349738	
0.235195	0.56333	0.394296	
0.255099	0.547442	0.396182	
0.299327	0.534893	0.370422	
0.298306	0.616801	0.263594	
0.23579	0.634221	0.300424	
0.290904	0.572657	0.408963	
0.329266	0.609274	0.403586	
0.266582	0.66214	0.326269	
0.300147	0.653991	0.389394	
0.268478	0.595723	0.412203	
0.236658	0.568492	0.396014	
0.302819	0.615776	0.423266	
0.239071	0.564686	0.398717	
0.287345	0.67363	0.302971	
0.75257	0.815918	0.710371	
0.74064	0.805339	0.608096	
0.636848	0.84187	0.62661	
0.700976	0.733365	0.575097	
0.651992	0.763221	0.589717	
0.672484	0.795434	0.772576	
0.682863	0.730324	0.578253	
1	0.751487	0.0879742	
1	0.725564	0	
0.87436	0.76462	0	
0.896804	0.696682	0	
0.938322	0.711625	0.114513	
0.890047	0.653263	0.0736158	
0.862029	0.738266	0.0130319	
1	0.591202	0.571561	
1	0.622936	0.578729	
1	0.604961	0.607535	
1	0.58827	0.582985	
0.96453	0.616219	0.536694	
0.963238	0.59656	0.580837	
0.964154	0.605834	0.612772	
0.23509	0.606975	0.497084	
0.212306	0.53553	0.48787	
0.191106	0.475003	0.487118	
0.180227	0.600795	0.500474	
0.19091	0.475599	0.486036	
0.15994	0.634167	0.524743	
0.193192	0.656787	0.53487	
0.178002	0.648489	0.547512	
0.209835	0.655368	0.579627	
0.374856	0.655237	0.916675	
0.398321	0.718784	0.958171	
0.499859	0.718226	0.940261	
0.340707	0.700164	0.910507	
0.31978	0.678651	0.852901	
0.320482	0.724525	0.862999	
0.51452	0.707649	0.92027	
0.424755	0.790464	0.89047	
0.516688	0.681435	0.889836	
0.256513	0	1	
0.210505	0	0.950593	
0.286401	0	0.812209	
0.317045	0	0.906339	
0.284506	0.002679	1	
0.255644	0.00914943	1	
0.227651	0.00647043	1	
0.293155	0.0702872	0.855053	
0.304646	0.0343554	0.930475	
0.215975	0.0270617	0.972285	
0.329144	0.0639922	0.84899	
0.334716	0.0642461	0.832703	
0.344424	0.0280637	0.817023	
0.333394	0.0650566	0.833121	
0.277852	0.0769574	0.824159	
0.561294	0.436584	1	
0.416854	0.359542	1	
0.471249	0.332212	1	
0.52557	0.339571	1	
0.54806	0.387382	1	
0.406833	0.357289	0.949223	
0.52404	0.338195	0.996693	
0.524832	0.364041	0.953042	
0.545127	0.414609	0.954048	
0.529047	0.341789	0.996693	
0.776315	0.667824	0.206052	
0.818599	0.695606	0.197667	
0.830589	0.649266	0.249974	
0.80598	0.598375	0.289877	
0.761674	0.603597	0.264035	
0.743999	0.626707	0.232518	
0.808398	0.673373	0.159042	
0.768595	0.635704	0.171989	
0.736511	0.630156	0.218999	
0.835316	0.691576	0.200807	
0.845253	0.598678	0.28998	
0.86708	0.601405	0.266916	
0.775815	0.537534	0.163782	
0.72192	0.592752	0.226313	
0.723306	0.60219	0.224684	
0.726663	0.615768	0.220758	
0.813563	0.64502	0.119712	
0.825347	0.609483	0.106084	
0.824205	0.55468	0.107514	
0.812569	0.538267	0.121067	
0.838463	0.658071	0.152715	
0.900584	0.608126	0.176115	
0.886379	0.597882	0.146639	
0.840642	0.616916	0.109656	
0.823131	0.637422	0.113642	
0.83219	0.541634	0.173026	
0.860439	0.562682	0.230864	
0.806107	0.564289	0.237525	
0.858686	0.57983	0.260908	
0.765359	0.584832	0.269453	
0.737718	0.611465	0.239904	
0.72823	0.610075	0.22872	
0.882697	0.582012	0.19203	
0.826859	0.55437	0.109512	
0.726875	0.601336	0.230311	
1	0.186768	0.608068	
1	0.229713	0.60687	
0.94902	0.186934	0.582763	
0.346299	0.547062	0.593122	
0.375812	0.575386	0.651284	
0.301636	0.550868	0.554837	
0.301415	0.575605	0.541695	
0.391294	0.554627	0.609576	
0.325353	0.568623	0.536805	
0.353279	0.581243	0.531643	
0.345759	0.588982	0.523513	
0.344594	0.596992	0.521091	
0.38126	0.611063	0.547746	
0.415836	0.659277	0.580531	
0.395266	0.667074	0.569012	
0.400375	0.679743	0.584508	
0.448741	0.883806	0.190848	
0.46407	0.918711	0.187992	
0.467305	0.919221	0.18862	
0.486442	0.916478	0.193366	
0.453074	0.797742	0.303323	
0.464647	0.919207	0.188233	
0.486067	0.92017	0.197654	
0.275267	0.964798	1	
0.260316	0.933022	1	
0.299281	0.947742	0.950338	
0.278893	0.926725	0.864402	
0.300433	0.911362	0.914412	
0.193296	0.883175	0.896422	
0.206757	0.90266	0.944376	
0.298383	0.933065	0.977812	
0.231058	0.886969	0.885164	
0.225602	0.918164	0.878277	
0.18407	0.899793	0.906692	
0.38867	0.333182	0.728678	
0.354677	0.403958	0.708367	
0.358662	0.418355	0.673276	
0.381927	0.390649	0.652941	
0.368543	0.415518	0.716249	
0.408092	0.415195	0.675741	
0.45319	0.410017	0.7222	
0.471041	0.406211	0.693268	
0.495787	0.396128	0.740871	
0	0.192023	0.922975	
0	0.267228	0.973421	
0	0.323425	0.950031	
0.104719	0.214943	0.849083	
0.0536728	0.228568	0.913109	
0.106119	0.24497	0.867076	
0.0295452	0.320836	0.958052	
0.0546285	0.338896	0.927125	
0.347764	1	0.911133	
0.330161	1	1	
0.308073	0.927985	1	
0.319763	0.920837	0.954126	
0.726455	0.044039	0.621092	
0.810219	0.0575261	0.597165	
0.769183	0.0712658	0.625917	
0.668983	0.128055	0.645183	
0.703467	0.158952	0.616651	
0.674676	0.136743	0.641664	
0.663913	0.126854	0.631492	
0.883038	0.45305	0.667079	
0.901087	0.495133	0.717868	
0.903807	0.502924	0.710156	
0.897122	0.490992	0.65261	
0.867029	0.417021	0.608275	
0.918597	0.465334	0.716415	
0.889414	0.398289	0.63059	
0.93682	0.411219	0.693621	
0.921598	0.501141	0.649939	
0.917871	0.510113	0.688404	
0.908679	0.509785	0.702012	
0.938401	0.50264	0.664923	
0.914925	0.506988	0.707378	
0.937421	0.491096	0.710282	
0.96535	0.475127	0.699905	
0.979579	0.46973	0.684436	
0.910054	0.500127	0.715522	
0.867738	0.410243	0.610714	
0.960141	0.474981	0.706613	
0.950284	0.454214	0.710401	
0.968905	0.47102	0.699456	
0.963777	0.400889	0.650026	
0.475308	0.712691	0.419084	
0.496748	0.716859	0.430191	
0.435183	0.775318	0.415669	
0.406455	0.764704	0.307745	
0.472995	0.744814	0.427748	
0.47012	0.815388	0.741362	
0.428097	0.797029	0.767561	
0.506114	0.836971	0.781952	
0.472083	0.832379	0.768044	
0.519722	0.854001	0.824341	
0.483939	0.832918	0.844233	
0.58969	0.780857	0.831332	
0.589818	0.781484	0.831039	
0.559102	0.816547	0.826785	
0.501842	0.851439	0.809462	
0.54118	0.841219	0.80953	
0.597618	0.779177	0.813233	
0.590297	0.781741	0.83049	
0.59021	0.781148	0.830756	
0.589206	0.162368	0.799065	
0.533229	0.194401	0.823685	
0.568925	0.23964	0.837709	
0.611404	0.203218	0.813543	
0.473799	0.224001	0.877829	
0.481594	0.183033	0.849338	
0.545203	0.250501	0.848571	
0.523066	0.251989	0.863239	
0.497107	0.246531	0.876283	
0.482095	0.233642	0.878214	
0.524118	0.117289	0.854216	
0.503396	0.182386	0.885963	
0.533663	0.133078	0.886839	
0.533185	0.12141	0.873979	
0.538391	0.116009	0.868644	
0.554453	0.109059	0.863333	
0.572331	0.0963829	0.8381	
0.579563	0.0884385	0.816878	
0.539263	0.158318	0.908995	
0.477709	0.228992	0.884144	
0.484412	0.233323	0.892861	
0.51637	0.204264	0.909578	
0.5395	0.119166	0.8738	
0.587491	0.116987	0.867388	
0.608941	0.148527	0.893732	
0.605083	0.1695	0.912931	
0.574279	0.173308	0.919211	
0.596802	0.101727	0.832825	
0.612402	0.157304	0.829747	
0.611962	0.12233	0.862113	
0.55624	0.254423	0.85605	
0.607124	0.191693	0.893151	
0.601942	0.197469	0.898058	
0.498431	0.242256	0.887814	
0.54009	0.253266	0.872738	
0.506739	0.250814	0.877166	
0.485965	0.237816	0.884083	
0.623506	0.262484	1	
0.567699	0.333223	1	
0.480918	0.288147	1	
0.446218	0.226539	1	
0.458155	0.205001	1	
0.493985	0.175298	1	
0.562317	0.149136	1	
0.605875	0.145488	1	
0.621204	0.150597	1	
0.63733	0.17841	1	
0.608279	0.294549	0.948495	
0.628211	0.229741	0.948629	
0.552283	0.276318	0.886951	
0.529238	0.316139	0.949278	
0.627962	0.152014	0.990018	
0.61326	0.16023	0.947505	
0.520287	0.271448	0.892543	
0.450765	0.234957	0.971855	
0.473752	0.231538	0.91971	
0.534158	0.164202	0.961723	
0.459699	0.202838	0.997147	
0.457254	0.219016	0.969002	
0.605877	0.145194	0.997742	
0.616699	0.147182	0.987759	
0.60994	0.145765	0.997742	
0.452707	0.210598	0.997147	
0.374587	0.266686	1	
0.406686	0.298161	1	
0.368823	0.324551	0.912317	
0.374478	0.369803	0.882958	
0.378021	0.275179	0.970696	
0.363099	0.36169	0.883164	
0.617243	0.683268	0.173564	
0.604964	0.640254	0.113101	
0.585959	0.592083	0.0880589	
0.570495	0.713618	0.09559	
0.596183	0.695761	0.126039	
0.527913	0.756697	0.186657	
0.537001	0.745595	0.147182	
0.579605	0.658871	0.0793303	
0.588386	0.603364	0.0663925	
0.578563	0.610727	0.0613052	
0.543078	0.591777	0.199643	
0.513802	0.584805	0.158067	
0.516189	0.751886	0.18206	
1	0.221114	1	
1	0.112497	0.995649	
0.936216	0.222568	1	
0.992546	0.112814	1	
0.677523	0.243018	0.250543	
0.691289	0.289197	0.202273	
0.669973	0.230961	0.183588	
0.718482	0.270703	0.153312	
0.70534	0.281158	0.173646	
0.744044	0.233388	0.156856	
0.735723	0.262231	0.154327	
0.715054	0.126157	0.209089	
0.742789	0.178973	0.220039	
0.756153	0.248413	0.171472	
0.714115	0.138902	0.234045	
0.695251	0.147378	0.260644	
0.716093	0.201719	0.263047	
0.687715	0.107665	0.226896	
0.694422	0.122736	0.241693	
0.681571	0.11201	0.235951	
0.646711	0.426633	0.241038	
0.579583	0.370059	0.265805	
0.544414	0.477184	0.159757	
0.678356	0.337932	0.203665	
0.639709	0.30541	0.224582	
0.635217	0.302482	0.20368	
0.673736	0.313249	0.183097	
0.669877	0.310595	0.209588	
0.427603	0.433998	0.675556	
0.356722	0.422088	0.658702	
0.35609	0.438049	0.653558	
0.373762	0.433761	0.614391	
0.356906	0.388605	0.624437	
0.393951	0.476343	0.603152	
0.465157	0.480935	0.642702	
0.506087	0.414946	0.686411	
0.505804	0.406699	0.692016	
0.352817	0.408434	0.64053	
0.392017	0.47951	0.607398	
0.506226	0.413172	0.686412	
0.820346	0.157797	0.181229	
0.911882	0.134719	0.263159	
0.932144	0.151303	0.232477	
0.936782	0.210787	0.192432	
0.875008	0.137693	0.279853	
0.934725	0.165629	0.227876	
0.510771	1	0.129303	
0.469728	1	0.169404	
0.544815	0.961505	0.105696	
0.463082	0.923266	0.185111	
0.488309	0.914225	0.180496	
0.519116	0.954657	0.0840431	
0.468019	0.91929	0.18863	
0.867359	0.807458	0.397204	
0.844065	0.771971	0.371217	
0.374209	0.465018	0.579911	
0.329328	0.412197	0.551671	
0.353355	0.389787	0.624124	
0.368131	0.415081	0.527371	
0.423583	0.442554	0.540125	
0	0.738911	0.657937	
0	0.77045	0.528908	
0	0.719639	0.531207	
0.0318392	0.716286	0.69309	
0.0707039	0.695125	0.654914	
0.0980365	0.703795	0.608118	
0.0769126	0.732141	0.562463	
0.0295614	0.725799	0.527865	
0.0499526	0.768812	0.520225	
0.0195797	0.756893	0.518519	
0.361311	0.589264	0.452807	
0.412183	0.563536	0.424951	
0.29503	0.477215	0.417115	
0.319084	0.536621	0.439336	
0.363116	0.586406	0.464013	
0.349679	0.577048	0.496982	
0.35031	0.565752	0.512166	
0.433819	0.521439	0.45337	
0.462696	0.525458	0.405462	
0.347999	0.590476	0.470523	
0.339355	0.543977	0.506453	
0.296245	0.475695	0.442079	
0.291886	0.476272	0.42443	
0.417997	0.463655	0.425403	
0.465586	0.518196	0.403199	
0.295001	0.470458	0.42629	
0.372992	0.411428	0.261044	
0.433502	0.45083	0.116518	
0	0.00462265	0.454422	
0	0	0.475526	
0	0.0139979	0.492808	
0	0.0186205	0.471703	
0.0784646	0	0.39757	
0.16128	0	0.426823	
0.145313	0	0.531863	
0.0624979	0	0.523929	
0.175497	0.0486676	0.510867	
0.183252	0.0984301	0.46292	
0.175344	0.0775806	0.391038	
0.165162	0.0374514	0.352156	
0.158853	0.00963326	0.339993	
0.0933676	0.109352	0.404566	
0.174579	0.118345	0.43589	
0.160974	0.0490474	0.355719	
0.121633	0.0710906	0.369722	
0.183599	0.102135	0.511419	
0.0454324	0.0544839	0.423951	
0.0321852	0.0725812	0.489853	
0.156589	0.0308625	0.342616	
0.152777	0.128536	0.525967	
0.144474	0.0606763	0.541947	
0.166894	0.123204	0.530392	
0.573695	0.782108	0.120553	
0.687832	0.855052	0.14324	
0.635018	0.851237	0.114645	
0.582049	0.849223	0.0880585	
0.660994	0.897813	0.180304	
0.586829	0.832183	0.082885	
0.668215	0.830687	0.123616	
0.160832	0.65247	0.395728	
0.0877868	0.719744	0.410147	
0.107721	0.73959	0.448471	
0.137979	0.736245	0.469623	
0.172786	0.686683	0.443389	
0.173491	0.665626	0.350712	
0.140319	0.767406	0.324852	
0.128063	0.722951	0.314899	
0.147691	0.77195	0.36626	
0.155772	0.759471	0.457263	
0.130488	0.74588	0.470349	
0.0796042	0.735358	0.401458	
0.0952824	0.758208	0.311739	
0.186501	0.683024	0.433843	
0.194119	0.708724	0.460531	
0.181542	0.754389	0.461261	
0.303817	0.680755	0.406078	
0.313152	0.721403	0.50556	
0.318658	0.759619	0.455017	
0.31348	0.721385	0.505829	
0.40189	0.787481	0.426748	
0.384139	0.745569	0.481118	
0.387935	0.69105	0.452591	
0.364991	0.669636	0.469672	
0.374106	0.68146	0.48888	
0.40821	0.781905	0.424338	
0.808126	0	0.730151	
0.81317	0	0.646103	
0.838504	0	0.612189	
0.937021	0	0.757499	
0.913331	0	0.814	
0.861343	0	0.823102	
0.948513	0.0691574	0.795206	
0.947993	0.0594965	0.800307	
0.94477	0.0263093	0.804107	
0.807031	0.0287297	0.681103	
0.807824	0.0542682	0.710604	
0.836009	0.018351	0.614132	
0.813345	0.0138186	0.651161	
0.805096	0.0400485	0.725103	
0.808983	0.00980221	0.661613	
0.817532	0.00401635	0.635651	
0.936772	0.0669508	0.798051	
0.916053	0.0263093	0.812576	
0.68087	0.299817	0.197605	
0.577752	0.163473	0.158676	
0.671084	0.254245	0.113751	
0.567565	0.213235	0.130309	
0.713318	0.285769	0.137074	
0.549346	0.189236	0.153708	
0.795913	0.585008	0.329702	
0.770021	0.56877	0.329707	
0.853071	0.569372	0.331664	
0.829628	0.596303	0.374712	
0.751212	0.551364	0.398248	
0.763555	0.566943	0.336125	
0.747078	0.538195	0.414339	
0.733866	0.534448	0.372329	
0.732694	0.507532	0.395806	
0.886497	0.564064	0.404344	
0.872099	0.582275	0.437555	
0.894676	0.542679	0.340752	
0.881033	0.562776	0.436005	
0	0.75822	0.428791	
0	1	0.436702	
0.0262762	1	0.45431	
0.049354	0.794272	0.406164	
0.0609647	0.763375	0.485524	
0.0621656	0.771112	0.509328	
0.0384166	0.763759	0.409618	
0.0505485	0.761231	0.506128	
0.655196	0.463531	0.683685	
0.707755	0.440769	0.734172	
0.750943	0.459052	0.73659	
0.689323	0.513275	0.648314	
0.733359	0.535691	0.776708	
0.716065	0.513907	0.801415	
0.673065	0.573003	0.669097	
0.740993	0.46119	0.772941	
0.724641	0.512089	0.803389	
1	0.102159	0.247973	
1	0.241787	0.233014	
0.920564	0.135779	0.269192	
0.933868	0.102159	0.311712	
0.977472	0.229393	0.187016	
0.114636	0.763398	1	
0.104292	0.783322	1	
0.165318	0.710971	0.940656	
0.175641	0.728287	0.896943	
0.160258	0.698751	0.874781	
0.156381	0.751966	0.866381	
0.132666	0.768389	0.847339	
0.146683	0.799294	0.857469	
0.18139	0.780029	0.916825	
0.169814	0.825108	0.9041	
0.0854355	0.683739	0.909438	
0.0770171	0.762477	0.866352	
0.0558375	0.786546	0.913937	
0.146194	0.798232	0.9591	
0.10177	0.814492	0.882943	
0.103846	0.823325	0.930972	
1	0.584464	0.57985	
1	0.581679	0.588111	
0.91408	0.520911	0.681117	
0.885003	0.546186	0.677526	
0.851225	0.555247	0.624105	
0.861177	0.527254	0.578411	
0.901316	0.562867	0.680372	
0.865911	0.56853	0.666824	
0.837391	0.564807	0.580542	
0.852593	0.200719	0.84311	
0.791923	0.130038	0.884902	
0.765173	0.130364	0.909828	
0.764985	0.176588	0.919545	
0.812053	0.136057	0.862486	
0.741955	0.191453	0.828174	
0.729736	0.231273	0.859507	
0.744852	0.181301	0.886588	
0.771178	0.116827	0.887822	
0.823354	0.3138	0.807296	
0.533501	0.64648	0.823393	
0.724641	0.647076	0.280117	
0.69975	0.639992	0.220282	
0.721259	0.614041	0.221357	
0.749465	0.681499	0.217914	
0.768318	0.730855	0.345647	
0.765503	0.701103	0.355129	
0.753329	0.650166	0.296972	
0.752831	0.69522	0.35504	
0.699217	0.653369	0.212336	
0.722846	0.621822	0.217521	
0.765128	0.724823	0.367007	
0.717442	0.620095	0.21812	
0.214663	0.654806	0.860484	
0.18105	0.655966	0.85129	
0.185417	0.655298	0.848382	
0.273769	0.621827	0.848322	
0.276491	0.63461	0.864136	
0.268083	0.587915	0.910757	
0.266736	0.534977	0.910493	
0.276742	0.58746	0.880083	
1	0.541831	0.397835	
0.938198	0.581033	0.362612	
0.908331	0.554984	0.3308	
0.559807	0	0.94079	
0.54319	0	1	
0.478065	0	0.99326	
0.501764	0	0.96687	
0.487494	0.0288319	1	
0.616577	0.0921124	1	
0.549444	0.10129	1	
0.618038	0.0735368	0.945539	
0.613228	0.115878	0.972006	
0.57377	0.0514764	0.94911	
0.528168	0.0083339	0.948457	
0.495249	0.0519597	0.996963	
0.512224	0.0314616	0.971809	
0.485821	0.0231277	0.990223	
0	0.226843	0.572817	
0	0.104995	0.575876	
0.0670537	0.181005	0.595233	
0.0935483	0.111131	0.639338	
0.0464983	0.0345586	0.634236	
0.0201998	0.206659	0.552965	
0.0821535	0.093063	0.678566	
0.0948549	0.175868	0.643262	
0.051198	0.207688	0.608102	
0	0.418843	0.395043	
0.0562744	0.401194	0.420084	
0.0534285	0.327248	0.409344	
0.079134	0.352762	0.441848	
0.107696	0.389415	0.484434	
0.765876	0.826998	0.713574	
0.815112	0.880745	0.666393	
1	0.934786	0.666814	
1	0.989628	0.626801	
1	1	0.713973	
0.995209	1	0.626082	
0.941329	1	0.801051	
0.994884	0.978696	0.628433	
0.59484	0.729169	0.0917466	
0.644648	0.687933	0.166896	
0.672894	0.698771	0.175322	
0.671386	0.696628	0.187281	
0.572898	0.758722	0.0867599	
0.52911	0.758464	0.184432	
0.510336	0	0.20577	
0.556024	0	0.232847	
0.563229	0	0.275445	
0.429761	0	0.31132	
0.384047	0	0.247797	
0.435223	0	0.198052	
0.458223	0.038756	0.199838	
0.512342	0.0227266	0.217417	
0.56291	0.013144	0.238902	
0.570665	0.0335483	0.262709	
0.378793	0.0278304	0.267031	
0.465267	0.0162916	0.19039	
0.557412	0.00643498	0.232796	
0.561523	0.00670904	0.238952	
0.111748	0.497542	0.178565	
0.10914	0.489326	0.0997259	
0.109587	0.519619	0.125984	
0.133882	0.513009	0.127804	
0.191052	0.486137	0.159697	
0.205758	0.453723	0.230109	
0.141204	0.507405	0.120053	
0.126945	0.485063	0.0890521	
0.16932	0.426942	0.0950562	
0.22031	0.391529	0.126162	
0.122434	0.513683	0.115788	
0.122856	0.46099	0.0696431	
0.213086	0.389334	0.119757	
0.82565	0.835778	0.756492	
0.801535	0.819151	0.806144	
0.808495	0.819178	0.805943	
0.793238	0.85036	0.829951	
0.742546	0.889974	0.849215	
0.702615	0.892093	0.840091	
0.790814	0.891434	0.855406	
0.704767	0.921453	0.84854	
0.722023	0.942762	0.853411	
0.705483	0.94667	0.850413	
0	1	0.936417	
0	0.968788	0.855625	
0	0.799323	0.827194	
0	0.783658	0.893702	
0	0.904532	1	
0.0327319	1	0.873049	
0.00511751	1	1	
0.0682772	1	0.884711	
0.0412537	0.888989	1	
0.0322302	0.786825	0.86303	
0.0654764	0.99997	0.873249	
0.123638	0.906938	0.898793	
0.792456	0.258643	0	
0.783942	0.139176	0	
0.748711	0.140242	0	
0.738963	0.23212	0.0734215	
0.832447	0.285133	0.0711924	
0.759548	0.133836	0.00758236	
0.307039	0.797045	0.506388	
0.301929	0.747891	0.489586	
0.35523	0.753708	0.584782	
0.299938	0.788886	0.445109	
0.415477	0.795461	0.441024	
0.401895	0.763019	0.51766	
0.425165	0.807855	0.455159	
0.424812	0.815193	0.516472	
0.400314	0.766364	0.570026	
0.417222	0.805415	0.556631	
0.937833	0.135729	0.38472	
0.915335	0.0784714	0.40714	
0.828244	0.0875636	0.414015	
0.845653	0.137582	0.394687	
0.81934	0.0951293	0.398964	
0.893662	0.146394	0.324524	
0.953364	0.114511	0.382695	
0.908876	0.119035	0.295869	
0.774827	0.801955	0.457031	
0.861326	0.821732	0.481954	
0.756591	0.726035	0.469912	
0.810508	0.862773	0.465423	
0.860359	0.834481	0.500262	
0.804632	0.870642	0.486393	
0.832393	0.290417	0.215804	
0.75921	0.277875	0.119579	
0.755788	0.261472	0.134485	
0.763772	0.2505	0.160122	
0.888101	0.269546	0.234385	
0.760418	0.25001	0.139304	
0.756032	0.266327	0.120602	
0.763329	0.220216	0.613185	
0.743033	0.265111	0.626486	
0.661988	0.22572	0.644445	
0.711269	0.198615	0.620361	
0.735055	0.225211	0.638519	
0.69341	0.878638	0.481812	
0.718724	0.892331	0.517697	
0.578124	0.906874	0.514239	
0.657358	0.843755	0.461638	
0.618507	0.832982	0.496621	
0.571484	0.861489	0.529811	
0.560304	0.883947	0.534248	
0.658029	0.886421	0.568201	
0.69531	0.847168	0.505514	
0.640027	0.821544	0.536569	
0.657865	0.930083	0.557809	
0.662157	0.816981	0.485678	
0.632325	0.951175	0.539378	
0.560741	0.887649	0.533611	
0.558644	0.884291	0.536599	
0.558108	0.879404	0.537383	
0.593508	0.938979	0.522631	
0.56143	0.890699	0.536715	
0.592042	0.839385	0.545389	
0.510646	0.531928	0.164395	
0.504968	0.587022	0.320841	
0.730786	0	0.774351	
0.697281	0	0.813126	
0.594845	0	0.798703	
0.617127	0.0680328	0.753805	
0.717243	0.0548706	0.768298	
0.745774	0.0257415	0.79349	
0.599529	0.0109137	0.800583	
0.718387	0.0499749	0.766861	
0.499263	1	0.902482	
0.477148	1	0.846774	
0.432027	1	0.817262	
0.521611	0.956691	0.859034	
0.4877	0.873975	0.866679	
0.517111	0.881689	0.834909	
0.475653	0.932745	0.81636	
0.449299	0.97429	0.816024	
0.513305	0.894262	0.825952	
0.497541	0.906341	0.820176	
0.466586	0.901307	0.851046	
0.449267	0.96693	0.818506	
0.512257	0.888174	0.829243	
0.486967	0.873664	0.866471	
0.516213	0.880729	0.835163	
0	0.483721	0.677033	
0	0.452099	0.700764	
0	0.480935	0.738342	
0	0.601133	0.730642	
0.0329694	0.465546	0.713834	
0.0754963	0.494417	0.737413	
0.0243691	0.46717	0.687632	
0.0957447	0.525012	0.737076	
0.0694903	0.485132	0.707475	
0.06029	0.333156	0.406914	
0.145576	0.383748	0.415109	
0.158076	0.370656	0.335714	
0.1556	0.41634	0.402024	
0.132821	0.399853	0.479025	
0.144063	0.498378	0.40356	
1	0.0988959	0.465437	
1	0.138103	0.442399	
1	0.20272	0.485993	
1	0.240146	0.535811	
1	0.156772	0.525004	
0.935333	0.105106	0.510298	
0.891616	0.139972	0.519778	
0.954275	0.208731	0.53923	
0.947698	0.145394	0.449505	
0.976881	0.149946	0.446324	
0.95675	0.22902	0.519064	
0.915857	0.167048	0.475818	
0.976881	0.131914	0.442703	
0.921576	0.135085	0.483764	
1	0.257932	0.523064	
1	0.202312	0.410466	
1	0.303019	0.485784	
0.94922	0.144914	0.44486	
0.927229	0.167276	0.423398	
0.943157	0.146552	0.447737	
0.936006	0.280252	0.495245	
0.528586	0.133	0.895271	
0.478105	0.0894733	0.89614	
0.419056	0.0692406	0.892952	
0.406612	0.101797	0.887236	
0.422149	0.153661	0.881698	
0.464356	0.22008	0.876858	
0.473023	0.223428	0.877274	
0.529217	0.12449	0.887567	
0.431919	0.0532597	0.893697	
0.481922	0.0851195	0.879968	
0.424343	0.0519174	0.874311	
0.467833	0.220776	0.873123	
0.405258	0.120813	0.877706	
0.399882	0.0799057	0.868659	
0.378938	0.469892	0.745906	
0.448957	0.508585	0.710533	
0.478547	0.488984	0.682705	
0.472058	0.496203	0.722397	
0.472326	0.490696	0.735982	
0.495391	0.460086	0.725101	
0.511865	0.436685	0.696966	
0.501632	0.399927	0.739212	
0.515301	0.421453	0.719723	
0.506474	0.406798	0.692738	
0.0829341	0.798327	0.123136	
0.149204	0.793393	0.14265	
0.173486	0.77651	0.237851	
0.151394	0.771414	0.270722	
0.132409	0.771239	0.274407	
0.0659882	0.711347	0.206928	
0.130246	0.770241	0.275754	
0.152796	0.766795	0.268427	
0.174708	0.75204	0.246416	
0.136599	0.660856	0.132158	
0.122572	0.764465	0.116369	
0.0755944	0.737973	0.130499	
0.121908	0.6784	0.124428	
0.0641411	0.711285	0.186039	
0.148973	0.770614	0.271998	
0.155217	0.767594	0.267151	
0.175593	1	0.716863	
0.202843	1	0.756108	
0.273058	1	0.758109	
0.303526	1	0.653571	
0.232119	1	0.628499	
0.197238	0.899513	0.721323	
0.192509	0.924809	0.734568	
0.195204	0.959941	0.751413	
0.211688	0.985739	0.761356	
0.190027	0.9568	0.749107	
0.194306	0.968338	0.754072	
0.286234	0.978804	0.636532	
0.18546	0.982598	0.748823	
0.1938	0.900878	0.72104	
0.701947	0.641337	0.180257	
0.701276	0.667786	0.121073	
0.806692	0.653104	0.120959	
0.670066	0.631736	0.113286	
0.718015	0.604758	0.222504	
0.72131	0.59287	0.226215	
0.803003	0.526479	0.132028	
0.747021	0.505957	0.151633	
0.820836	0.547933	0.110209	
0.243534	0.221986	0.25126	
0.232863	0.21135	0.278366	
0.252786	0.259553	0.335494	
0.268509	0.283418	0.326687	
0.233241	0.210431	0.278553	
0.28815	0.163423	0.288842	
0.276206	0.250646	0.353011	
0.29574	0.215444	0.360332	
0.279777	0.19704	0.341968	
0.379032	0.226	0.303564	
0.315677	0.172741	0.332665	
0.319841	0.251047	0.354038	
0	0.45962	0.923326	
0	0.386824	0.904307	
0	0.304562	0.991317	
0	0.423492	1	
0.0338683	0.315876	1	
0.118072	0.439878	1	
0.0135771	0.377811	0.909565	
0.751557	0	0.636899	
0.753646	0	0.652055	
0.779604	0.0551209	0.679207	
0.753739	0.0411192	0.679501	
0.800604	0.0287548	0.673804	
0.802766	0.0285808	0.626832	
0.831677	0.209406	0.307532	
0	1	0.148653	
0.734185	0.834579	1	
0.696726	0.809704	1	
0.709622	0.778667	1	
0.779279	0.842528	0.874923	
0.846857	0.900237	0.89814	
0.849107	0.887585	0.907675	
0.698569	0.814939	0.891832	
0.695859	0.879336	0.856034	
0.802962	0.916022	0.915341	
0.838177	0.908414	0.901156	
0.827052	0.918293	0.900998	
0.704136	0.944098	0.854378	
0.706421	0.77316	0.980566	
0.681652	0.883709	0.882801	
0.486414	0.91756	0.813527	
0.431728	0.896687	0.788646	
0.472773	0.882859	0.766942	
0.48979	0.903261	0.79088	
0.490936	0.915027	0.805588	
0.488336	0.870285	0.786847	
0.450581	0.818804	0.741746	
0.450562	0.827343	0.74139	
0.502063	0.903807	0.812237	
0.51349	0.868782	0.830501	
0.427191	0.816433	0.734167	
0.441321	0.815319	0.737938	
0.764512	0.468174	0.234597	
0.804401	0.417991	0.206143	
0.804963	0.427875	0.207598	
0.676596	0.758322	1	
0.683127	0.667477	1	
0.808592	0.705644	1	
0.694416	0.603386	0.922947	
0.648739	0.735287	0.995818	
0.667162	0.675283	0.953672	
0.70701	0.691693	0.899039	
0.790287	0.615584	0.90562	
0.697398	0.627015	0.900724	
0.675646	0.738421	0.953329	
0.743931	0.593705	0.904229	
0.335282	0.551929	0.937111	
0.296233	0.600739	0.945097	
0.340659	0.686531	0.962597	
0.372067	0.640954	0.954985	
0.278139	0.542832	0.90924	
0.292094	0.539029	0.923444	
0.365823	0.691862	0.954991	
0.312226	0.540892	0.898631	
0.301903	0.633827	0.840501	
0.312291	0.705229	0.876721	
0.584374	0.144466	0.143321	
0.612013	0.113192	0.125522	
0.609931	0.110284	0.139061	
0.63861	0.389963	1	
0.667813	0.329642	1	
0.796849	0.392645	1	
0.659234	0.35012	0.947233	
0.682107	0.341927	0.894457	
0.682916	0.359162	0.895145	
0.678198	0.39824	0.911868	
0.790121	0.394325	0.946018	
0.691512	0.386662	0.895645	
0.0527921	0	0.625216	
0.146681	0	0.736076	
0.146099	0	0.756876	
0.0529671	0	0.837731	
0.0976196	0.0404141	0.649075	
0.148118	0.00835512	0.729872	
0.148282	0.0219623	0.747497	
0.147695	0.00540431	0.74108	
0.771663	1	0.13976	
0.736275	1	0.167279	
0.769332	1	0.174538	
0.795535	0.901697	0.17282	
0.728453	0.945583	0.200404	
0.799551	0.908945	0.139196	
0.700212	0.895903	0.158109	
0.712788	0.952033	0.152984	
0.696233	0.896853	0.163967	
0.167401	0.649869	0.411803	
0.222407	0.691301	0.457257	
0.251813	0.615876	0.44903	
0.204471	0.620723	0.423412	
0.289383	0.711764	0.364718	
0.176437	0.623728	0.313152	
0.210054	0.624178	0.305829	
0.243324	0.588756	0.421724	
0.156144	0.624841	0.389519	
0.196589	0.570545	0.366537	
0.298286	0.67713	0.40036	
0.295726	0.625173	0.428877	
0.178054	0.607014	0.309413	
0.799578	0.03788	0.686803	
0.349146	0.497539	0.605258	
0.302323	0.457013	0.664628	
0.39251	0.545701	0.612341	
0.292649	0.477385	0.688475	
0.299023	0.56421	0.724076	
0.360961	0.58411	0.702809	
0.29988	0.519675	1	
0.305452	0.602047	1	
0.307391	0.536922	0.967173	
0.273991	0.527225	0.914164	
0.870314	0.157477	0.886239	
0.951689	0.0675897	0.799274	
0.416087	0.846271	0.694467	
0.787487	0.354949	0.633608	
0.799333	0.332845	0.687299	
0.810261	0.371576	0.709696	
0.810224	0.40676	0.693415	
0.820684	0.339631	0.599879	
0.83979	0.389229	0.601134	
0.799952	0.380597	0.600632	
0.803896	0.304147	0.644898	
0.812963	0.334706	0.727595	
0.865786	0.388708	0.695958	
0.918012	0.369229	0.699808	
0.833339	0.372586	0.720057	
0.913657	0.355414	0.715171	
0	0.444269	0.895764	
0.882695	0.494787	0.72269	
0.91089	0.462951	0.720757	
0.925276	0.400463	0.709466	
0.886482	0.494566	0.726171	
0.929326	0.417942	0.735898	
0.852096	0.391226	0.801735	
0.809528	0.407368	0.693874	
0.64295	0.599332	0.471821	
0.693722	0.58942	0.481587	
0.656358	0.550897	0.387371	
0.580015	0.578152	0.396145	
0.589142	0.594307	0.431972	
0.704818	0.646113	0.426522	
0.708231	0.616518	0.372018	
0.674988	0.676754	0.393596	
0.705936	0.597694	0.476421	
0.593542	0.617235	0.451102	
0.588765	0.627743	0.440064	
0.606003	0.61328	0.361626	
0.659221	0.573965	0.35034	
0.589969	0.583743	0.371358	
0.584049	0.60439	0.421356	
0.868364	0.50522	0.262197	
0.848201	0.456954	0.27973	
0.773999	0.47828	0.268911	
0.861571	0.560708	0.240931	
0.864456	0.495117	0.208118	
0.866177	0.468256	0.233646	
0.850306	0.457335	0.18332	
0.637824	0	0.122328	
0.613544	0	0.110863	
0.712494	0	0.0787706	
0.798377	0	0.08617	
0.755144	0	0.123354	
0.647838	0.0654877	0.0841845	
0.748519	0.0894375	0.0857737	
0.759499	0.0816691	0.0851211	
0.778205	0.0389687	0.0816647	
0.614622	0.00245798	0.111128	
0.747783	0.0743982	0.119737	
0.771517	0.0565697	0.107057	
0.795415	0.0203838	0.0962879	
0.755772	0.0788863	0.100395	
0.775244	0.0593526	0.0917826	
0.271786	0	0.506137	
0.271915	0	0.496619	
0.277187	0	0.492962	
0.272268	0.082149	0.553697	
0.276849	0.027266	0.478745	
0.29721	0.075956	0.459477	
0.247092	0.074474	0.505427	
0.257964	0.034464	0.501633	
0.262898	0.06173	0.48376	
0.67643	0.38783	0.826044	
0.718971	0.363099	0.739139	
0.734476	0.395013	0.786875	
0.730671	0.418714	0.736593	
0.70522	0.382203	0.71922	
0.725572	0.380072	0.735181	
0.767757	0.32771	0.646662	
0.782103	0.33799	0.734523	
0.766511	0.222784	0.618	
0.294622	0.138666	1	
0.31356	0.158707	1	
0.333498	0.214944	1	
0.158292	0.18346	1	
0.222083	0.15495	1	
0.159448	0.180943	0.991171	
0.285143	0.169947	0.945536	
0.300393	0.166816	0.962869	
0.293313	0.198739	0.909442	
0.311191	0.182316	0.962869	
0.270696	1	0.587965	
0.260221	1	0.519631	
0.207444	1	0.538831	
0.300076	0.971853	0.571167	
0.246912	0.993027	0.496432	
0.250291	0.330715	0	
0.72819	0	0.285853	
0.764303	0	0.263231	
0.731406	0.100445	0.279177	
0.773436	0.0817063	0.330426	
0.715755	0.0179785	0.241311	
0.666954	0.0590279	0.233027	
0.781719	0.0762571	0.321473	
0.751067	0.0424407	0.240925	
0.696704	0.0412214	0.225667	
1	0.900569	0.513614	
1	0.920724	0.552732	
1	0.872512	0.56605	
0.966663	0.927975	0.556629	
0.931448	0.822803	0.515796	
0.970351	0.924742	0.569744	
0.593554	0.886891	0.0371179	
0.581251	0.849715	0.0832448	
0.690646	0.856727	0.141464	
0.713023	0.899191	0.0939773	
0.633608	0.978574	0.133446	
0.602162	0.949067	0.14486	
0.686696	0.940358	0.136202	
0.618339	0.962865	0.152526	
0.623006	0.935033	0.170983	
0.608929	0.946077	0.164444	
0.406495	0.344815	0.838811	
0.464118	0.324892	0.791816	
0.457627	0.339186	0.804053	
0.380021	0.365832	0.879033	
0.371793	0.229314	0.864622	
0.493206	0.24797	0.872765	
0.478512	0.292476	0.855561	
0.411414	0.25653	0.924562	
0.469917	0.231864	0.898954	
0.492677	0.261171	0.842655	
0.484089	0.280511	0.804672	
0.454029	0.223112	0.894657	
0.483523	0.267786	0.806854	
0.473062	0.224245	0.877721	
0.185837	0.732225	0.685213	
0.189529	0.726788	0.693023	
0.145381	0.737167	0.763061	
0.144364	0.761379	0.745332	
0.0432262	0.738856	0.747166	
0.187062	0.736567	0.695929	
0.190462	0.729494	0.693754	
0.806117	0.361919	0.561122	
0.820819	0.374603	0.512512	
0.785609	0.415886	0.547196	
0.791605	0.374792	0.58014	
0.806226	0.52533	0.556044	
0.845178	0.379544	0.541874	
0.806638	0.366415	0.58077	
0.835449	0.507743	0.564287	
0.268054	0	0.7625	
0.366169	0	0.804702	
0.267561	0.0708616	0.669894	
0.155291	0.0161842	0.727908	
0.384311	0.0378079	0.726994	
0.231142	0.10154	0.711953	
0.194157	0.0833623	0.733025	
0.38387	0.0550948	0.726921	
0.342026	0.441411	0.662133	
0.346899	0.426876	0.658378	
0.335761	0.425717	0.66072	
0.805867	0.805845	0.810192	
0.749099	0.750067	0.812895	
0.675606	0.788833	0.789509	
0.89388	0.728179	0.369348	
0.18248	0.686484	0.622295	
0.175221	0.726843	0.633305	
0.186722	0.640315	0.652741	
0.186459	0.729901	0.66577	
0.183397	0.725124	0.637237	
0.181114	0.732886	0.641822	
0.821724	0.376844	1	
0.820273	0.372971	0.98175	
0.840113	0.395201	0.935505	
0.410501	0.850819	0.105956	
0.430522	0.897273	0.117674	
0.447437	0.840167	0.140305	
0.447031	0.871244	0.118012	
0.385237	0.819737	0.109622	
0.456801	0.890978	0.156704	
0.360748	0.807608	0.168664	
0.0877571	0.74045	0.450749	
0.0800507	0.71567	0.481698	
0.144227	0.625088	0.441739	
0.14688	0.665726	0.485226	
0.106547	0.74518	0.471412	
0.657439	0.283317	0.326266	
0.620599	0.265869	0.375974	
0.592863	0.365575	0.370864	
0.682606	0.316942	0.434541	
0.712193	0.350895	0.396224	
0.597996	0.365011	0.386307	
0.583507	0.333202	0.421575	
0.690918	0.27772	0.356021	
0.747354	0.293443	0.351654	
0.741892	0.307914	0.382058	
0.745397	0.295449	0.346297	
0.745135	0.295126	0.345891	
0.580566	0.341513	0.411058	
0.81086	0.888187	0.465062	
0.813383	0.850537	0.422836	
0.678591	0.171252	0.646735	
0.544578	0.203813	0.553383	
0.310454	0.119099	1	
0.327143	0.139374	1	
0.332492	0.168964	1	
0.305006	0.133188	1	
0.408289	0.119132	0.90454	
0.375013	0.141169	0.962117	
0.300739	0.188383	0.897047	
0.316597	0.177754	0.857063	
0.330815	0.0674657	0.859059	
0.317849	0.0967348	0.940545	
0.306237	0.177358	0.858551	
0.323313	0.0995463	0.985268	
0.330707	0.0771826	0.925813	
0.408426	0.103015	0.918035	
0.37021	0.0857388	0.941186	
0.406748	0.0856798	0.90073	
0.355306	0.393527	0	
0.390738	0.472064	0.0254333	
0.416208	0.447127	0.0838515	
0.58211	0	0.141153	
0.515827	0	0.159192	
0.47832	0	0.139192	
0.503724	0	0.104581	
0.561548	0.117514	0.0989444	
0.521354	0.0776596	0.123707	
0.479996	0.0295043	0.123363	
0.505645	0.0453115	0.0727868	
0.475787	0.0113783	0.12378	
0.581134	0.116943	0.12575	
0.569944	0.0252208	0.166024	
0.482528	0.018126	0.138775	
1	0.220981	0.568681	
0.889686	0.111969	0.526922	
0.245352	0.818642	0.702266	
0.242098	0.870346	0.72614	
0.189103	0.898313	0.741577	
0.199616	0.893529	0.743597	
0.192642	0.900522	0.730652	
0.301515	1	0.818105	
0.29247	0.984386	0.824978	
0.802985	0.756591	0.838799	
0.854057	0.896022	0.902812	
0.190727	0.86904	0.242271	
0.18945	0.849955	0.214821	
0.196612	0.852178	0.236821	
0.190051	0.846788	0.222923	
0.199152	0.841713	0.208743	
0.179386	0.746631	0.250898	
0.134617	0.767333	0.286795	
0.19091	0.617207	0.301463	
0.139717	0.604389	0.191889	
0.164296	0.579468	0.287485	
0.220696	0.733826	0.620178	
0.262925	0.737775	0.598308	
0.290696	0.739816	0.605292	
0.194286	0.709148	0.616058	
0.244916	0.719879	0.591956	
0.2741	0.729757	0.592795	
0.700734	0.747484	0.895643	
0.698171	0.745789	0.849555	
0.683389	0.765135	0.853393	
0.678563	0.821969	0.842803	
0.670663	0.781374	0.805278	
0.576565	0.740142	0.594451	
0.279591	0.758554	1	
0.245408	0.818271	1	
0.211055	0.814488	1	
0.208771	0.74922	1	
0.236047	0.781743	0.915755	
0.203011	0.812242	0.978339	
0.220267	0.812103	0.936734	
0.252213	0.78198	0.911309	
0.255639	0.807375	0.956104	
0.238542	0.803453	0.914499	
0.218616	0.820507	0.978339	
0	0.216086	0.982104	
0	0.0582038	0.958244	
0	0.134184	1	
0.0662524	0.159818	1	
0.0660828	0.0887218	1	
0.132335	0.114356	1	
0.144199	0.150507	0.939255	
0.128243	0.211581	0.866613	
0.156978	0.177271	0.864422	
0.135103	0.110027	0.97597	
0.681637	0.591141	0.484511	
0.681712	0.727753	0.569388	
0.700022	0.735483	0.565028	
0.687956	0.733546	0.572339	
0.655252	0	0.818061	
0.633765	0.0982644	0.851151	
0.604847	0.0787352	0.831413	
0.571625	0.0481118	0.805269	
0.603843	0.0899985	0.828684	
0.674766	0.104392	0.814937	
0.712743	0.100909	0.774771	
0.580935	0.0780912	0.811843	
0.742613	0.0494617	0.788253	
0.629726	0.10015	0.848076	
0.578964	0.0685834	0.81202	
0.729662	0.103936	0.789554	
0.548506	0.727023	0.909048	
0.6351	0.743448	0.900464	
0.696982	0.714534	0.871343	
0.555898	0.640849	0.858792	
0.6668	0.60872	0.916068	
0.636393	0.732805	0.994572	
0.629405	0.601466	0.887532	
0.566962	0.737049	0.942523	
0.700212	0.745155	0.899129	
0.161472	0.852818	0.224952	
0.151363	0.771465	0.270779	
0.170926	0.809006	0.246876	
0.185799	0.813746	0.308347	
0.159142	0.778881	0.285773	
0.148591	0.779303	0.308222	
0.652913	0.280062	0.252173	
0.389571	0.638716	1	
0.403924	0.71514	1	
0.371502	0.691267	0.981945	
0.34884	0.423144	0.672952	
0.375224	0.464774	0.744701	
0.903073	0.296567	0.552961	
0.234855	0.227516	0.242729	
0.198678	0.159528	0.233893	
0.209953	0.166138	0.27423	
0.194506	0.160797	0.272228	
0.71815	0	0	
0.779692	0	0.0120257	
0.716924	0	0.0120257	
0.648577	0.00179061	0	
0.770613	0.0669555	0	
0.748667	0.0899529	0.0850294	
0.758087	0.085151	0.083304	
0.769026	0.0419379	0.0533507	
0.759136	0.0876462	0.0813809	
0.757852	0.100039	0.0752629	
0.757636	0.0889214	0.0820348	
0.211199	0.138457	0.25837	
0.391778	0.478301	0	
0.398757	0.50499	0	
0.582697	0.589557	0	
0.628004	0.540548	0	
0.601363	0.500592	0	
0.538927	0.478791	0.162823	
0.596271	0.595896	0.0668839	
0.387915	0.481628	0.0098147	
0.588094	0.604496	0.0606022	
0.628973	0.537287	0.00658527	
0.797953	0.342375	0.549864	
0.802823	0.356686	0.563259	
0.808107	0.334899	0.561963	
0.101481	0.429153	0.673714	
0.150185	0.401327	0.630782	
0.0976691	0.417717	0.628499	
0.652809	1	0.207382	
0.715764	1	0.222952	
0.744185	1	0.191382	
0.706101	1	0.129163	
0.635917	1	0.127855	
0.623896	1	0.149196	
0.73009	0.94424	0.222232	
0.692563	0.942558	0.257887	
0.616711	0.977339	0.162537	
0.625524	0.985526	0.139185	
0.828666	0.681599	0.273782	
0.821362	0.641429	0.329174	
0.790179	0.681049	0.351968	
0.828592	0.701533	0.204544	
0.832228	0.603345	0.298539	
0.831279	0.619886	0.30806	
0.789552	0.596269	0.300977	
0.781207	0.642838	0.333915	
0.805928	0.703524	0.19365	
0.812307	0.623986	0.332642	
0.822224	0.602442	0.311527	
0.805819	0.600256	0.321234	
0.873938	0.669496	0.318792	
0.816417	0.668377	0.363715	
0.769224	0.737092	0.380649	
0.584826	0	0.876946	
0.551313	0	0.813931	
0.564832	0.0294722	0.822882	
0.633408	0.0983932	0.851776	
0.882086	0.606127	0.286117	
0.845795	0.598692	0.293562	
0.891321	0.604392	0.449067	
0.875171	0.568959	0.310008	
0.813737	0.598341	0.326446	
0.247653	1	0.78942	
0.276859	1	0.816398	
0.235448	0.985739	0.784441	
0.191059	0.924116	0.742532	
0.946746	0.132753	0.416096	
0.857668	0.0378877	0.487169	
0.857166	0.0547739	0.516022	
0.813096	0.140749	0.424318	
0.815586	0.112453	0.413927	
0.819552	0.109611	0.45817	
0.841077	0.0720297	0.500608	
0.827182	0.10114	0.499288	
0.250983	1	0.478675	
0.193822	0.860203	0.540174	
0.223393	0.857365	0.492443	
0.117192	0.893267	0.485895	
0.907804	0.52167	0.693967	
0.932328	0.533993	0.737036	
0.924688	0.513187	0.724459	
0.854166	0.533908	0.68607	
0.860174	0.502778	0.707115	
0.888417	0.505382	0.705144	
0.931045	0.525656	0.739341	
0.899671	0.496446	0.71822	
0.893052	0.494914	0.721258	
0.88428	0.498904	0.713207	
0.806702	0.961778	0.295843	
0.889213	0.892724	0.199739	
0.910329	0.855711	0.221524	
0.795936	0.891886	0.202625	
0.908369	0.854309	0.219957	
0.770053	0.91852	0.258192	
0.778717	0.181166	1	
0.683882	0.21249	1	
0.693999	0.142322	1	
0.777792	0.169383	1	
0.761707	0.128503	0.923452	
0.722366	0.225431	0.856641	
0.626336	0.147057	0.923806	
0.699955	0.116198	0.938795	
0.760351	0.11368	0.934427	
0.778744	0.181223	0.999909	
0.762832	0.117429	0.935642	
0.634513	0.137787	0.958379	
0.72163	0.547195	0.802745	
0.138098	0.513276	0.0998811	
0.193348	0.511447	0.153644	
0.233613	0.553922	0.0625884	
0.187713	0.536135	0.0753208	
0.106774	0.539186	0.133147	
0.148697	0.574259	0.0926738	
0.231143	0.556189	0.058109	
0.232227	0.563949	0.0579238	
0.199494	0.603653	0.0727424	
0.160293	0.634986	0.089943	
0.137315	0.633419	0.107649	
0.235912	0.567068	0.0619186	
0.166145	0.643406	0.0944703	
0.236436	0.558537	0.0599325	
0.443122	0.860923	0	
0.381462	0.883919	0	
0.332783	0.930991	0	
0.449131	0.87815	0.063124	
0.424179	0.845128	0.00813749	
0.334214	0.904203	0.0154243	
0.879548	0.45855	0.200095	
0.44266	1	0.511254	
0.427827	1	0.455069	
0.381353	1	0.516933	
0.394597	1	0.52628	
0.46388	0.977634	0.488689	
0.404427	0.954055	0.372786	
0.453722	0.914785	0.410068	
0.470846	0.914832	0.436707	
0.473413	0.93865	0.46451	
0.392924	0.993628	0.526478	
0.469597	0.930258	0.478733	
0.450866	0.873482	0.491479	
0.459445	0.889427	0.484699	
0.471079	0.913639	0.464416	
0.461679	0.896661	0.437531	
0.450398	0.871366	0.487649	
0	0.338821	0.107617	
0	0.362321	0.121421	
0	0.48001	0.0389981	
0	0.387869	0	
0.0254848	0.469019	0	
0.0104705	0.33424	0.104463	
0.0383254	0.467052	0.0703847	
0	0.419704	0.720901	
0	0.435745	0.84058	
0.0710064	0.446619	0.74265	
0.852612	0.739575	0	
0.75202	0.852636	0	
0.746608	0.841275	0.0254631	
0.466849	0.919272	0.188373	
0.462901	0.863821	0.124799	
0.489823	0.918318	0.763821	
0.523471	0.865975	0.828971	
0.49736	0.927361	0.781759	
0.517227	0.881038	0.835245	
0.713159	0	0.466263	
0.791888	0	0.473071	
0.794226	0	0.537247	
0.769651	0.0784763	0.47156	
0.717976	0.0286465	0.445176	
0.857968	0.026726	0.503166	
0.702182	0.0701762	0.46222	
0	0.0507281	0.237194	
0	0	0.324649	
0	0.0769373	0.388438	
0.156212	0	0.325276	
0.157559	0	0.339938	
0.0049952	0	0.195383	
0.0435258	0	0.203122	
0.0796753	0.12541	0.364805	
0.0270505	0.00282067	0.199008	
0.143131	0.0627142	0.325088	
0.14118	0.0616974	0.292383	
0.161209	0.0179578	0.338085	
0.160549	0.0177681	0.327841	
0.159915	0.00832451	0.338029	
0.560077	0.845497	0	
0.580579	0.876346	0	
0.73918	0.86996	0.0940265	
0.217207	0	0.506807	
0.24207	0	0.602204	
0.125978	0	0.559418	
0.27782	0.0802484	0.569192	
0.154513	0.0855064	0.555942	
0.169204	0.123172	0.540263	
0.216254	0.0831316	0.505693	
0.164317	0.121036	0.536926	
0.6761	0.462953	0.599441	
0.678747	0.448862	0.590048	
0.533341	0.438971	0.724891	
0.674041	0.453531	0.584154	
0.274698	1	0.817145	
0.141241	1	0.775419	
0.0810951	1	0.841788	
0.182138	0.95343	0.760654	
0.174412	0.867039	0.887487	
0.192346	0.878868	0.893958	
0.188877	0.879105	0.89667	
0.242164	0.358229	0.302134	
0.329849	0.460534	0.280979	
0.85882	0.594025	0.285003	
0.890888	0.279734	1	
0.620626	0.340766	1	
0.679979	0.338201	0.892074	
0.218233	0.808021	0	
0.126669	0.829416	0	
0.174383	0.907392	0	
0.0946021	0.815015	0.112486	
0.393021	0.686967	0.451107	
0.397685	0.639659	0.435397	
0.383284	0.681435	0.463691	
0.375654	0.599734	0.430723	
0.336744	0.609221	0.459419	
0.325088	0.605999	0.438016	
0.902834	0.603801	0.169815	
0.32624	0	0	
0.406628	0	0.0565474	
0.411966	0	0.14525	
0.348703	0.0666764	0.105309	
0.414996	0.0132577	0.0740902	
1	0.49078	0.806911	
1	0.472087	0.724913	
1	0.565104	0.696034	
0.943853	0.501179	0.721239	
0.987057	0.47155	0.683618	
0.981848	0.471558	0.740751	
0.738704	0.742699	0.438266	
0.744507	0.741967	0.403376	
0.751903	0.726497	0.433496	
0	0.0308066	0.123494	
0	0	0.0817614	
0.075621	0	0	
0.130629	0	0.0145223	
0.0701241	0	0.0854338	
0.109405	0.0179007	0	
0.120822	0.0285614	0.0276733	
0	0.356792	0.129171	
0.38029	0	0.703692	
0.390518	0	0.727033	
0.380376	0.00134834	0.703851	
0.572253	0.90783	0.499984	
0.551082	0.815632	0.456236	
0.55471	0.848583	0.499645	
0.65122	0.81751	0.460261	
0.567764	0.831154	0.492528	
0.213564	0.765727	0.609924	
0.252809	0.763731	0.583522	
0.222905	0.77327	0.541766	
0.147662	0.78546	0.527849	
0.100636	0.788759	0.552482	
0.254175	0.759253	0.584766	
0.192935	0.779425	0.503888	
0.257698	0.745546	0.595161	
0.10739	0.782177	0.540011	
0.25641	0.758234	0.590252	
0.893643	0.740571	0.166642	
0.83369	0.644783	0.108	
0.893418	0.744562	0.165877	
0.620723	0.249522	0.364069	
0.579334	0.377882	0.346749	
0.567539	0.380842	0.294857	
0.591757	0.398513	0.321465	
0.330442	1	0.531959	
0.581209	0.760782	0.871541	
0.629957	0.782385	0.824591	
0.697533	0.746563	0.888481	
0.394249	0.257902	0.587533	
0.393054	0.223717	0.554693	
0.358243	0.158975	0.567869	
0.378343	0.233858	0.514793	
0.368171	0.259561	0.524536	
0.386748	0.243243	0.545114	
0.283669	0.73289	0.268994	
0.36048	0.736459	0.184678	
0.44867	0.800395	0.707885	
0.306587	0.823465	0.664605	
0.316131	0.76284	0.610141	
0.433444	0.778285	0.580303	
0.477444	0.543197	0.707498	
0.49263	0.530471	0.754378	
0.0350928	0.202039	0.552815	
0.110731	0.195203	0.664179	
0.179962	0.14759	0.607327	
0.166359	0.124086	0.581618	
0.130609	0.140847	0.602192	
0.163368	0.121135	0.559978	
0.723486	0	0.444609	
0.862469	0	0.496585	
0.708847	0.0590263	0.435352	
0.784735	0.113378	0.3951	
0.747634	0.100953	0.374587	
0.761265	0.098104	0.364759	
0.539081	1	0.567576	
0.62855	1	0.575999	
0.58227	1	0.513453	
0.561785	0.957762	0.533375	
0.416355	0.254097	1	
0.526704	0.337859	0.906808	
0.499961	0.252034	0.870896	
0.459256	0.230079	0.925803	
0.716531	0.118704	0.747263	
0.711438	0.108518	0.764339	
0.729672	0.113211	0.782774	
0.723193	0.107908	0.784068	
0.338638	0.470139	0.356207	
0.334055	0.497305	0.337017	
0.364242	0.302144	0.726471	
0.21053	0.162581	0.381167	
0.211351	0.166531	0.413999	
0.25035	0.168966	0.390925	
0.290738	0.188839	0.368602	
0.206089	0.295532	0.382187	
0.242696	0.275848	0.336728	
0.293737	0.235639	0.376224	
0.260605	0.254188	0.411457	
0.287276	0.221389	0.39511	
0.534436	0.236459	0.795939	
0.61239	0.201392	0.810611	
0.608653	0.199992	0.795772	
0.613265	0.204745	0.809465	
0.579026	0.533625	0.318057	
0.544862	0.507614	0.339088	
0.519791	0.484174	0.322308	
0.561	0.446958	0.329105	
0.585699	0.476969	0.334654	
0.0924124	0.529577	0.136313	
1	0.111347	0.419818	
1	0	0.454326	
0	0.683434	0.150638	
0	0.625129	0.0741674	
0	0.612823	0.0786896	
0.0214544	0.640337	0.0875905	
0.00832258	0.621323	0.0783786	
0.805726	0.356825	0.556359	
0.93096	0.344325	0.533907	
0.816002	0.351185	0.429075	
0.534512	1	0.8802	
0.452158	1	0.784498	
0.475663	0.933395	0.812903	
0.511416	0.130753	1	
0.482578	0.152696	1	
0.506532	0.102383	0.938382	
0.435618	0.0539813	0.912121	
0.464045	0.0668911	0.954364	
0.494466	0.0942524	0.990383	
0.42331	0.0704205	0.919899	
0.431824	0.163527	0.959263	
0.754204	0.409981	0.711842	
0.730724	0.360374	0.742246	
0.791203	0.362383	0.829273	
0.343943	0.689169	1	
0.351566	0.541897	1	
0.269987	0.771935	0.475426	
0.240567	0.781942	0.498593	
0.247524	0.811796	0.544494	
0.224177	0.795505	0.511448	
0.234001	0.774535	0.465454	
0.218515	0.779414	0.453936	
0.217438	0.788226	0.478398	
0.242712	0.789205	0.43696	
0.218514	0.824586	0.513929	
0.221214	0.803815	0.448251	
0.512596	0.507208	0.351832	
0.480559	0.457841	0.417526	
0.519367	0.393902	0.408177	
0.474431	0.431647	0.428788	
0.46454	0.428783	0.424427	
0.465563	0.432251	0.424701	
0	0.415749	0.666379	
0.347439	0	0.399342	
0.349432	0	0.315839	
0.444671	0	0.422925	
0.343633	0.110074	0.366753	
0.328018	0.111606	0.354394	
0.32104	0.0553729	0.364217	
0.336613	0.116566	0.338996	
0.329404	0.112481	0.351019	
0.32994	0.113341	0.351197	
0.587509	0.828703	0.861733	
0.748167	0.138579	0.370872	
0.721262	0.166795	0.375837	
0.742054	0.1755	0.374092	
0.753151	0.186542	0.385599	
0.723383	0.17265	0.380124	
0	0.25342	1	
0.145095	0.145886	1	
0.0770401	0.753977	0.482029	
0.0647175	0.762498	0.492908	
0.0637446	0.762792	0.482984	
0.319319	0.465443	0	
0.242555	0.481845	0	
0.221151	0.52478	0	
0.297915	0.508377	0	
0.249243	0.428685	0.0547721	
0.201479	0.508161	0.0232445	
0.208166	0.455001	0.0780165	
0.20947	0.527691	0.0527028	
0.242622	0.411403	0.121511	
0.375428	0.482835	0.00981581	
0.231299	0.546704	0.0286507	
0.260816	0.789477	0.586405	
0.263004	0.745984	0.594642	
0.218805	0.58284	0	
0.294359	0.637066	0	
0.378773	0.480747	0	
0.24309	0.609499	0.0365833	
0.211099	0.624963	0.00934014	
0.22252	0.594193	0.0386133	
0.7265	0.346154	0	
0.69283	0.453805	0	
0.761558	0.370926	0.00876429	
0.343577	0.597689	0.456394	
0.271581	0.520545	0.395904	
0.281272	0.492819	0.407899	
0.399641	0.586209	0.428236	
0.423098	0.587126	0.410016	
0.274429	0.502487	0.392756	
0.421642	0.588338	0.409824	
0.761862	1	0.204647	
0.685942	1	0.265403	
0.47243	0.196368	0.204567	
0.410904	0.232423	0.305534	
0.473973	0.187773	0.171206	
0.734664	0.888116	0.513165	
0.768125	0.905654	0.497522	
0.688597	0.789338	0.503524	
0.762681	0.890009	0.518244	
0.796456	0.906502	0.489988	
0.701053	0.757573	0.480942	
0.734219	0.738973	0.414072	
0.35104	0.705882	0.0634253	
0.315481	0.708531	0.109676	
0.322105	0.695936	0.130737	
0.326341	0.698636	0.105043	
0.553297	1	0	
0.57094	1	0.100536	
0.192939	0.460435	0.509065	
0.234528	0.380905	0.52952	
0.793187	0.135115	0.250582	
0.749564	0.116332	0.2045	
0.771932	0.0558844	0.214275	
0.830634	0.106768	0.281349	
0.797831	0.110701	0.299166	
0.745002	0.147051	0.221554	
0.735288	0.115069	0.283385	
0.729683	0.0866762	0.187401	
0.772273	0.0927784	0.320869	
0.47827	0.419664	0.452185	
0.461223	0.526004	0.440686	
0.497293	0.496942	0.418352	
0.497754	0.424486	0.455865	
0.214713	0.712512	0.835863	
0.186633	0.698906	0.867968	
0.147367	0.793575	0.852126	
0.196334	0.671241	0.853755	
0.493617	0.267527	0.53503	
0.464786	0.22906	0.49816	
0.404541	0.229489	0.479538	
0.390743	0.242741	0.484783	
0.428237	0.267791	0.514675	
0.387759	0.284219	0.469697	
0.466702	0.303286	0.536228	
0.412513	0.338908	0.470365	
0.521305	0.32677	0.495951	
0.436322	0.224071	0.458042	
0.420744	0.283809	0.419445	
0.413335	0.338442	0.459322	
0.388714	0.316464	0.431566	
0.391131	0.272679	0.453401	
0.386294	0.326477	0.441627	
0.237836	0.218872	0.649694	
0.182463	0.283641	0.69731	
0.188175	0.290976	0.721554	
0.412622	0	0.64047	
0.404199	0.0743002	0.615397	
0.221936	0.173997	0.639426	
0.26511	0.746154	0.491221	
0.241197	0.779426	0.549081	
0.456997	0.223681	0.585299	
0.45083	0.161954	0.562546	
0.443022	0.147522	0.616071	
0.45828	0.258479	0.61839	
0.452338	0.129228	0.563792	
0.490348	0.209171	0.55745	
0.492059	0.24028	0.581832	
0.531602	0.225051	0.553524	
0.71617	0	0.239619	
0.700936	0	0.192645	
0.823383	0	0.10491	
0.851393	0	0.137251	
0.696933	0.0179785	0.226212	
0.792351	0.059144	0.173576	
0.752907	0.0805648	0.175337	
0.761727	0.0742346	0.139674	
0.815764	0.0203838	0.107374	
0.444974	0.603999	0.457778	
0.468592	0.624797	0.511809	
0.418728	0.668062	0.494494	
0.466901	0.622927	0.514395	
0.34745	0.591885	0.501479	
0.433575	0.657731	0.553007	
1	0.485635	0.11471	
1	0.475211	0.107855	
0.933345	0.488084	0	
0.889535	0.481376	0	
0.902583	0.433885	0.120776	
0.956918	0.449349	0.0406629	
0.374347	0.345569	0.416313	
0.375458	0.332829	0.433407	
0.379389	0.338785	0.415405	
0.382447	0.329147	0.430056	
0.376815	0.332599	0.422638	
0	0	0.19379	
0	0.0455758	0.158453	
0.0049952	0	0.194081	
0.0903139	0.103731	0.143824	
0.548302	0.81551	0.458119	
0.527595	0.744592	0.469294	
0.69702	0.744357	0.545711	
0.178712	0	0	
0.173198	0	0.0510224	
0.154617	0.793783	1	
0.205187	0.741536	0.914885	
0.21312	0.813239	0.917414	
0.187441	0.817827	0.918119	
0.203424	0.819397	0.937358	
0.580031	0.347676	0.434039	
0.635038	0.442726	0.394248	
0.742624	0.39152	0.440793	
0.687867	0.460871	0.432481	
0.712898	0.40673	0.470103	
0.697682	0.454296	0.462504	
0.243807	0.401001	0	
0.16689	0.490426	0	
0.220442	0.400126	0.114795	
0.161947	0.486634	0.0552837	
0.129037	0.466864	0.0670728	
0.126903	0.468347	0.0465443	
0	0.775132	0.0591066	
0	0.667235	0.0575382	
0.0410223	0.68979	0.080645	
0.754596	0.252598	0.151154	
0.733668	0.283977	0.118725	
0.167038	0.366835	0.348624	
0.202751	0.314054	0.381966	
0.234082	0.692415	0.86793	
0.44533	0	0.98547	
0.471647	0	0.97873	
0.451748	0	1	
0.31732	0.0906575	1	
0.373283	0.0331438	1	
0.498542	0.0829077	1	
0.395895	0.18824	1	
0.326975	0.0751766	0.985268	
0.45212	0.0267145	0.949451	
0.491173	0.0633043	0.987346	
0.467379	0.598269	0.451159	
0.347988	0.574145	0.519016	
0.463095	0.33367	0.786726	
1	0.796198	0.154839	
0.914781	0.780847	0.177373	
0.5261	0.231143	0.544163	
0.452822	0.280159	0.57743	
0.448922	0.263084	0.611275	
0.438735	0.271972	0.613595	
0.463012	0.813623	0.725284	
0.365565	0.188435	0.126426	
0.479509	0.0882962	0	
0.458202	0.163276	0	
0.529722	0.153056	0.123671	
0.463569	0.0331595	0.0992395	
0.482013	0.0621926	0.131611	
0.856871	0.492973	0.689055	
0.898905	0.494428	0.718546	
0.709216	0.466003	0.597621	
0.804342	0.5278	0.555014	
0.803768	0.526525	0.557811	
0.804728	0.531588	0.556722	
0.667317	0.360341	0.876352	
0.539385	0.52064	0.846481	
0.539424	0.427282	0.828051	
0.541681	0.427575	0.827497	
0.541684	0.427473	0.827617	
0.539849	0.402301	0.892134	
1	0.952493	0.515558	
0.89679	1	0.512436	
0.72979	0	1	
0.631425	0.103742	0.94035	
0.652285	0.113452	0.926728	
0.645953	0.12394	0.934448	
0.476062	0.823446	0.128329	
0.310198	0.709214	0	
0.386865	0.706685	0	
0.203619	0.638279	0	
0.200979	0.664141	0	
0.296512	0.706231	0.0864304	
0.198623	0.658286	0.0144442	
0.205564	0.632781	0.0152226	
0.386493	0.707373	0.00330358	
0.197663	0.646463	0.00776108	
0.619873	0.108408	0.846453	
0.668288	0.156012	0.796447	
0.701666	0.185475	0.792885	
0.74011	0.137761	0.782786	
0.628559	0.12541	0.904374	
0.765611	0.119243	0.917913	
0.144016	0.221005	0.732148	
0.168836	0.28278	0.71416	
0.834972	0.499223	0.69688	
0.826571	0.538077	0.572624	
0.805098	0.526874	0.556983	
0.292751	0	0.38206	
0.214546	0	0.364421	
0.335089	0.118437	0.337221	
0.321031	0.106406	0.357133	
0.284971	0.0837849	0.364803	
0.208502	0.0410763	0.353336	
0.27314	0.0281329	0.385191	
0.294979	0.079166	0.370266	
0.265369	0.0608847	0.375018	
0.260661	0.441274	0.45581	
0.215493	0.47048	0.47799	
0.190233	0.476675	0.478891	
0.289155	0.368307	0.446915	
0.259078	0.313946	0.455336	
0.274358	0.342968	0.484098	
0.194753	0.476835	0.482669	
0.19953	0.473135	0.489032	
0.192993	0.476096	0.485248	
0.205885	0.78935	0.504134	
0.100046	0.789152	0.55023	
0.174079	0.816467	0.428259	
0.112636	0.819031	0.462451	
0.106393	0.759644	0.485357	
0.0738655	0.77536	0.510327	
0.215193	0.777001	0.453635	
0.0942865	0.774272	0.52384	
0.524674	0	0.919688	
0.538427	0	0.862996	
0.558296	0.094587	0.865724	
0.541709	0.050744	0.911469	
0.538216	0.0424101	0.882701	
0.580771	0.0833172	0.815055	
0.240045	0.601486	0.466127	
0.233444	0.595303	0.489541	
0.214131	0.535869	0.486919	
0.232384	0.544608	0.397831	
0.209241	0.499035	0.44227	
0.672425	0.161591	0.660544	
0.626726	0.134702	0.687889	
0.842684	1	0.941636	
0.916616	1	1	
0.875657	0.987633	1	
0.904914	0.950208	1	
0.851914	0.946743	0.950599	
0.822349	0.415294	0	
0.954733	0.438412	0	
0.827643	0.361534	0	
0.787995	0.586923	0.324489	
0.853838	0	0.116693	
0.790527	0.108765	0.177493	
0.763656	0.100858	0.0773542	
0.756446	0.0859135	0.084693	
0.761139	0.0809066	0.0837321	
0.214598	0.779595	0.31913	
0.273292	0.724077	0.272989	
0.151572	0.771482	0.270653	
0.593286	1	0.251569	
0.612925	1	0.170305	
0.0934366	1	0.791222	
0.742632	0.89775	0.519624	
0.26538	0.507761	0.396735	
0.270113	0.467596	0.449401	
0.417302	0.259416	0.593349	
0.383998	0.242836	0.501878	
0.217254	0.776771	0.453106	
0.302118	0.551363	0.547074	
0.29546	0.126584	1	
0.285076	0.132062	1	
0.253477	0.119559	0.951189	
0.326776	0.0668262	0.87102	
0.298251	0.19372	0.875321	
0.43343	0.79826	0.444168	
0.490747	0.705086	0.4326	
0.473456	0.674843	0.481372	
0.477121	0.700201	0.42463	
1	0.599927	0.540855	
1	0.615895	0.507655	
0.977607	0.617263	0.506212	
0.678953	0.677362	0.160817	
0.6015	0.579991	0.315407	
0.602289	0.612119	0.348371	
0.681804	0.682258	0.393401	
0.596186	0.590117	0.341729	
1	0.949587	0.592577	
0.14019	0.495077	0.0779017	
0.54855	0.0992925	0.870856	
0	0.770812	0.782484	
0	0.719722	0.780359	
0.00586261	0.719509	0.77911	
0.591709	0.586721	0.328421	
0.601304	0.573552	0.300115	
0.227102	0.872984	1	
0.296157	0.824347	1	
0.192341	0.829041	0.907209	
0.186908	0.863318	0.89173	
0.26032	0.804103	0.897429	
0.436727	0	0.869757	
0.457444	0	0.935117	
0.355205	0	1	
0.302584	0.0358229	1	
0.44079	0.0259928	0.895204	
0.240008	0.603674	0.491895	
1	0.39266	0.647708	
0.754475	0.277851	0.354719	
0.752126	0.191665	0.375069	
0.757051	0.294426	0.363476	
0.404934	1	0.350218	
0.470534	1	0.491553	
0.514039	1	0.429924	
0.513728	1	0.338366	
0.478585	0.977634	0.48169	
0.50713	0.949686	0.408193	
0.486999	0.922156	0.382761	
0.524076	0.955741	0.343403	
0.428816	0.942642	0.351176	
0.567843	0.56566	0.343309	
0.539255	0.546414	0.36681	
0.514311	0.545261	0.369105	
0.553604	0.533949	0.352844	
0.512331	0.535561	0.370545	
0.862157	0	0.863335	
0.953976	0.0597028	0.803624	
0.903556	0.166149	0.949403	
0	0	0.167155	
0.124406	0.186725	0.655203	
0.196125	0.119253	0.65172	
0.186003	0.117916	0.606678	
0.158448	0.109087	0.58439	
0.340994	0.401644	0.397644	
0	0.61716	0.0595529	
0	0.520824	0	
0.109626	0.501129	0	
0.708641	1	0.58078	
0.513284	0.895785	0.507146	
0.5005	0.876778	0.512762	
0.457473	0.853007	0.468567	
0.429705	0.848399	0	
1	0	0.264876	
0.190736	0.658472	0.532537	
0.0739007	0.765814	0.493659	
0.786187	0.171641	1	
0.472975	0	0	
0.450476	0	0.11136	
0.203209	0.16063	0.643637	
0.599301	0.605988	0.464844	
0.588178	0.627947	0.440992	
0.627735	0	0.371108	
0.474677	0	0.165664	
0.551486	0	0.199298	
0.46205	0.0925214	0.184903	
0.566832	0.0184363	0.238988	
0.589688	0.0497905	0.241689	
0.59085	0.0495926	0.239903	
0	0.688717	0.903239	
0.628551	0	0.231518	
0.567213	0.0187104	0.239475	
0.307627	0.772665	0	
0.269341	0.832394	0.0368196	
0.430071	0.189414	0.546445	
0.437711	0.12613	0.559778	
0.401685	0.115811	0.574857	
0.182538	0.642241	0.0493517	
0.163033	0.0946078	1	
0.238785	0.103249	1	
0.190915	0.0775237	0.981895	
0.272975	0	0.441119	
0.277014	0.0553989	0.422818	
0.319956	0.108186	0.359729	
0.32832	0.116558	0.37711	
0.326942	0.113386	0.35699	
0.400992	0.104274	0.575883	
0.552125	0.386185	0.491662	
1	0.463311	0.791804	
0.935017	0.434684	0.716266	
1	1	0.555792	
0.716037	0.167675	0.319994	
0.754458	0.19064	0.355948	
0.763602	0.232433	0.303621	
0.73986	0.170209	0.366699	
0.81021	1	1	
0.843157	0.964169	1	
0.33988	0.165159	0.0828599	
0.346197	0.134601	0.125222	
0.918451	0.840546	0.180301	
0.934843	0.874547	0.200988	
0.64819	0	0	
0.786093	0	0.0512833	
0.390939	0.2368	0.483356	
0.385933	0.310719	0.416369	
0.336123	0.275551	0.397292	
0.41365	0.216719	0.480282	
0.306814	0.146013	0.370705	
0.382039	0.314496	0.403666	
0.216365	0.69814	0.461647	
1	0.0554974	1	
1	0	0.909434	
1	0.0338854	0.816228	
0.963085	0	1	
0.971024	0	0.8122	
0.379666	0.323403	0.414859	
0.189418	0.0957517	0.403804	
0.226529	0.078741	0.380172	
0.209223	0.125286	0.393995	
0.519907	1	0.505651	
0	0.713822	0.02019	
0	0.670932	0	
0.0852402	0.733478	0	
0.586432	0.368197	0.852345	
0.604497	0.338023	0.791517	
0.515781	0.261125	0.834997	
0.544104	0.421895	0.802037	
0.75571	0.134629	0.341205	
1	0.558229	0.511319	
0.304818	0.735747	0.866379	
0.501286	0.687669	0.443776	
0.496052	0.611871	0.423134	
0.330702	0.337876	0.444558	
0	0	0.554039	
0	0.0986368	0.504872	
0.77362	0.15605	0.222511	
0.503476	1	0.278056	
0.144256	0.130234	0.300107	
0.576028	0.564751	0.396835	
0.578149	0.572865	0.391691	
0.550027	0.549406	0.369816	
0.559391	0.546462	0.386959	
0.563747	0.560719	0.384322	
0.636085	0.735131	1	
0.486925	0	0.895725	
0.785576	0.372505	0	
0.577783	0.576175	0.397771	
0.540804	0.547557	0.372321	
0	0.756641	0.81275	
0.829694	0.12925	0.276307	
0.811276	0.211153	0.312122	
1	0	0.746787	
0.552762	0.807935	0	
0.444144	0.821787	0.464113	
1	0.47172	0.673891	
0	0.820046	0	
1	0.48634	0	
0.2105	0.0447206	1	
0.183621	0.0738073	0.378024	
0	1	0.778845	
0.838644	0	0	
0.283427	0.880822	0	
0.223681	1	0	
0	0.0323642	1	
0	0	0.933434	
0.1141	0	1	
