0.299415	0	0.523597	
0.305231	0.0444869	0.517816	
0.343963	0.0712222	0.547278	
0.344522	0.0257541	0.511268	
0.36631	0.0698079	0.504823	
0.31434	0.0329845	0.484909	
0.358546	0.0360591	0.549313	
0.308439	0.0310061	0.562051	
0.285661	0.013693	0.540842	
0.450594	0.385332	0	
0.442261	0.345615	0.0415171	
0.504969	0.358959	0.0259056	
0.481677	0.311507	0.0396455	
0.460576	0.295033	0.0116339	
0.479178	0.401735	0.0544455	
0.400658	0.430539	0.0363643	
0.389511	0.461197	0.00615823	
0.431126	0.460704	0.0236868	
0	0.988791	0.355171	
0.108531	1	0.394884	
0.120535	0.893381	0.332094	
0.176291	0.900549	0.323237	
0.0755782	0.926153	0.414313	
0.138585	0.857216	0.390153	
0.175538	0.859262	0.379357	
0.208275	0.92581	0.393349	
0.0358449	0.937381	0.338714	
0.210131	0.904249	0.343303	
0.135588	0.953785	0.447318	
0.155543	0.944678	0.300343	
0.165711	0.872733	0.42717	
0.0934169	0.972642	0.316046	
0.189018	0.95738	0.31625	
0.0132576	0.967329	0.381886	
0.224399	0.968837	0.346059	
0.0640399	0.999486	0.474767	
0.366164	0.880949	0.633624	
0.32547	0.870526	0.62239	
0.359175	0.907578	0.592091	
0.387568	0.88072	0.59793	
0.379387	0.930609	0.619362	
0.332891	0.852078	0.654818	
0.309487	0.929764	0.608658	
0.329894	0.936515	0.59166	
0.350326	0.939764	0.667141	
0.302043	0.902443	0.653777	
0.346456	0.958952	0.6233	
0.369517	0.965616	0.636406	
0.321373	0.878971	0.675314	
0.316862	0.94343	0.66208	
0.320563	0.912306	0.684292	
0.224278	0.777625	0.795121	
0.202646	0.76512	0.734201	
0.268057	0.799783	0.773569	
0.264569	0.750922	0.747684	
0.182906	0.74214	0.783314	
0.260087	0.729806	0.791585	
0.258759	0.753714	0.830352	
0.203254	0.724865	0.731159	
0.219345	0.740839	0.705277	
0.297879	0.774302	0.824771	
0.152804	0.754267	0.762882	
0.251468	0.711182	0.730656	
0.159127	0.74342	0.746817	
0.231646	0.724014	0.711415	
0.730487	0.471705	1	
0.766507	0.511601	0.973613	
0.715092	0.45756	0.938802	
0.696662	0.507251	0.969696	
0.788864	0.41632	0.973619	
0.71997	0.4141	0.970764	
0.675902	0.475648	0.939401	
0.75579	0.571776	0.994868	
0.657755	0.442137	0.950648	
0.650103	0.427388	0.970978	
0	0.203839	0.6924	
0.0608498	0.17123	0.767518	
0.0367995	0.225532	0.754207	
0.115326	0.122129	0.795279	
0.0727088	0.223136	0.713619	
0.0814634	0.23415	0.813777	
0.0447015	0.169067	0.687425	
0.0730416	0.116157	0.734357	
0.0389874	0.130214	0.715731	
0.109538	0.144864	0.719922	
0.124873	0.199861	0.795361	
0.137926	0.170529	0.74531	
0.117782	0.20885	0.690849	
0.124679	0.165268	0.832965	
0.104085	0.207311	0.670888	
0.0949853	0.202164	0.664975	
0.139464	0.13334	0.804754	
0.771544	0.694875	0	
0.797833	0.647583	0.0489474	
0.811103	0.732792	0.0331064	
0.806198	0.706535	0.090891	
0.759649	0.705627	0.0629708	
0.811107	0.660071	0.111336	
0.739967	0.631601	0.0216177	
0.779104	0.688791	0.105779	
0.773285	0.638069	0.0787359	
0.818884	0.638896	0.113691	
0.7429	0.591547	0.0155306	
1	0.630311	0.294382	
0.978222	0.578305	0.270598	
0.931026	0.596131	0.27628	
0.977715	0.624093	0.229278	
0.966853	0.586421	0.333878	
0.944932	0.649325	0.27126	
0.941662	0.624527	0.315997	
0.988061	0.674036	0.26614	
0.90623	0.620008	0.284813	
0.988708	0.632388	0.344655	
0.984263	0.67155	0.313265	
0.639921	0.53297	0.461735	
0.649003	0.535832	0.514825	
0.582682	0.5333	0.516491	
0.616109	0.451406	0.532242	
0.632773	0.516251	0.561843	
0.578831	0.474262	0.44765	
0.57884	0.563105	0.435341	
0.611918	0.505893	0.415199	
0.646872	0.431888	0.476082	
0.609724	0.529613	0.568916	
0.671925	0.441332	0.518607	
0.611468	0.585536	0.506989	
0.623488	0.593444	0.495043	
0.64538	0.405286	0.520822	
0.379191	0.874969	1	
0.429474	0.907677	0.941752	
0.388822	0.895306	0.904332	
0.43985	0.835712	0.933269	
0.362554	0.934416	0.960557	
0.332443	0.875916	0.943067	
0.348972	0.91485	0.926885	
0.378459	0.80357	0.943668	
0.452687	0.876931	0.900219	
0.457978	0.876279	0.906455	
0.425785	0.83366	0.890742	
0.374583	0.824484	0.892263	
0.441563	0.82812	0.897363	
0.415302	0.78765	0.89888	
0.94973	0.32203	0.629467	
0.903546	0.278031	0.612166	
0.899941	0.338959	0.597323	
0.869745	0.276925	0.627739	
0.914214	0.260965	0.660209	
0.896307	0.348227	0.665122	
0.936586	0.311468	0.696474	
0.947151	0.380624	0.627069	
0.890647	0.291686	0.694364	
0.92132	0.385549	0.622965	
0.922686	0.37999	0.672548	
0.932705	0.388863	0.648048	
0.943881	0.364521	0.684662	
0.91047	0.332144	0.732137	
0.103635	0.229613	0.223832	
0.101414	0.168909	0.247339	
0.0695247	0.186052	0.239258	
0.0718469	0.145106	0.161642	
0.118149	0.15339	0.189059	
0.0580424	0.187502	0.1618	
0.14566	0.219437	0.231626	
0.105836	0.19684	0.144154	
0.134872	0.196415	0.277338	
0.103392	0.133197	0.129832	
0.0803652	0.231373	0.149645	
0.106261	0.262882	0.169936	
0.0651404	0.177318	0.107973	
0.0838733	0.129327	0.118429	
0.0634779	0.147663	0.10252	
0.579098	0.641563	1	
0.629273	0.641627	0.968141	
0.534655	0.666532	0.961057	
0.581758	0.578157	0.940063	
0.582496	0.661841	0.932624	
0.618467	0.560539	0.956237	
0.606469	0.588104	0.909575	
0.63482	0.579815	0.918482	
0.62653	0.562978	0.922866	
0.588166	0.735046	0.990366	
0.541117	0.725331	0.965685	
0.543618	0.728815	0.986609	
0.323193	0.507775	0.553989	
0.290962	0.435887	0.574078	
0.333554	0.472234	0.512078	
0.275763	0.425127	0.521528	
0.350466	0.442323	0.545094	
0.287716	0.513086	0.591774	
0.26839	0.489812	0.492843	
0.248493	0.505121	0.540798	
0.264394	0.386924	0.559001	
0.27571	0.523965	0.583962	
0.299284	0.542619	0.570243	
0.245321	0.401673	0.572226	
0.23691	0.458353	0.583233	
0.221653	0.451106	0.495384	
0.243122	0.461713	0.472184	
0.221058	0.423471	0.545924	
0.232569	0.416901	0.585844	
0.540946	0.488691	1	
0.463411	0.519139	0.965596	
0.496816	0.565101	0.975824	
0.527623	0.517252	0.962072	
0.469155	0.552537	0.939547	
0.45619	0.522588	0.936156	
0.529765	0.469408	0.970607	
0.468441	0.509024	0.93217	
0.493163	0.463539	0.969135	
0.571071	0.461038	0.996122	
1	0.736888	0.297951	
0.90739	0.769482	0.345049	
0.89395	0.80044	0.276445	
0.945926	0.763406	0.261794	
0.963248	0.791228	0.292354	
0.885624	0.742571	0.326062	
0.969763	0.755701	0.331015	
0.906341	0.72483	0.280363	
0.936252	0.716818	0.276562	
0.940531	0.722538	0.337203	
0.884405	0.764469	0.245517	
0.98685	0.713905	0.284376	
0.925664	0.703727	0.32667	
0.890049	0.738364	0.373931	
0.436299	0.5382	1	
0.455422	0.587052	0.992034	
0.426322	0.564788	0.98022	
0.438766	0.509173	0.944631	
0.446249	0.484172	0.939358	
0.437662	0.595323	0.998918	
0.418617	0.511163	0.971319	
0.453562	0.471485	0.96995	
0.428315	0.479699	0.990195	
0.392925	0.558462	0.997716	
0.161913	0	0.825623	
0.230577	0.0393556	0.866195	
0.219317	0.0765176	0.914974	
0.137001	0.0464583	0.89993	
0.249769	0.101076	0.84646	
0.191053	0.131427	0.889645	
0.206264	0.056237	0.790755	
0.127852	0.131897	0.870623	
0.223952	0.13562	0.813642	
0.106407	0.0870735	0.821006	
0.177954	0.123596	0.786103	
0.174007	0.159762	0.823699	
0.143556	0.0829659	0.773596	
0.115442	0.0296627	0.79288	
0.369706	0.23475	0.12457	
0.382756	0.291898	0.097801	
0.339596	0.288252	0.141068	
0.391183	0.262932	0.0693036	
0.341721	0.241753	0.15601	
0.36482	0.228041	0.0833924	
0.336666	0.265766	0.0729835	
0.378328	0.297348	0.066902	
0.345912	0.310101	0.0938155	
0.328547	0.223111	0.110486	
0.31666	0.257525	0.14491	
0.30679	0.281829	0.117281	
0.328671	0.227313	0.138478	
0.302845	0.247644	0.114422	
0.489022	0.333143	0.554019	
0.489168	0.404993	0.537241	
0.519441	0.376429	0.549391	
0.434852	0.339118	0.529008	
0.435112	0.35552	0.580588	
0.464748	0.336265	0.498268	
0.4278	0.390452	0.56005	
0.441479	0.382351	0.508653	
0.413166	0.363231	0.530319	
0.454397	0.378763	0.613066	
0.536747	0.353599	0.507193	
0.494861	0.415909	0.491244	
0.512777	0.372366	0.487989	
0.546461	0.401119	0.495556	
0.464799	0.355206	0.623234	
0.535129	0.404566	0.488938	
0.622561	1	0.357937	
0.641504	0.935474	0.300491	
0.709183	0.93806	0.317594	
0.555179	0.954981	0.324831	
0.629283	0.928865	0.363284	
0.701892	0.957418	0.366654	
0.665257	0.984844	0.404754	
0.68593	0.93964	0.378659	
0.555877	0.946442	0.351114	
0.55997	0.987257	0.383344	
0.610091	0.89277	0.320269	
0.69891	0.896199	0.340315	
0.535846	0.985453	0.359115	
0.572305	0.908457	0.328827	
0.681934	0.874681	0.31794	
0.185815	0	0.632126	
0.215389	0.0575543	0.610454	
0.166769	0.0167648	0.57993	
0.235981	0.083203	0.662721	
0.169056	0.0608378	0.668766	
0.263615	0.0327305	0.641506	
0.217158	0.0328913	0.688136	
0.213408	0.0644962	0.696747	
0.213001	0.0845158	0.694612	
0.270437	0.0687344	0.653188	
0.127254	0.0331247	0.602275	
0.126083	0.006152	0.683145	
1	0.817384	0.690719	
0.959918	0.831313	0.731654	
0.907984	0.825488	0.669534	
0.938972	0.871399	0.720529	
0.954221	0.749016	0.722693	
0.890782	0.798419	0.740411	
0.893097	0.757599	0.725062	
0.91913	0.772002	0.674321	
0.877985	0.785276	0.696043	
0.967707	0.851316	0.658071	
0.884283	0.764174	0.706735	
0.973303	0.781788	0.651134	
0.934381	0.813328	0.614658	
0.991486	0.89323	0.70907	
0.859691	0.552566	0.718608	
0.856285	0.608837	0.768836	
0.833104	0.527227	0.739903	
0.82734	0.547452	0.705828	
0.834621	0.62842	0.731234	
0.789481	0.579686	0.731745	
0.842168	0.507059	0.704307	
0.808261	0.578565	0.768544	
0.81774	0.629186	0.756375	
0.849933	0.658212	0.763611	
0.509506	0.617523	1	
0.530812	0.592808	0.92999	
0.474758	0.591871	0.942844	
0.482655	0.661747	0.955982	
0.51067	0.637439	0.894906	
0.530041	0.636754	0.886245	
0.511657	0.685288	0.911513	
0.526578	0.66553	0.905028	
0.514326	0.713686	0.944931	
0.508047	0.718822	0.980631	
0.296907	0.310474	0.853015	
0.283443	0.231819	0.809101	
0.255237	0.314163	0.808247	
0.286245	0.294151	0.765511	
0.221091	0.249989	0.833957	
0.242282	0.188196	0.816764	
0.27507	0.260068	0.751728	
0.262021	0.303448	0.884532	
0.247071	0.239578	0.765364	
0.30579	0.230566	0.900927	
0.264452	0.272921	0.748848	
0.265237	0.234	0.898116	
0.235964	0.265905	0.896225	
0.236607	0.203381	0.864581	
0.27332	0.19371	0.869986	
0.218938	0.259247	0.884082	
0.283709	0.350089	0.861632	
0.277964	0.350042	0.857785	
0.738479	0.222846	0.770791	
0.735615	0.197418	0.714501	
0.71753	0.259789	0.696675	
0.709238	0.191081	0.74716	
0.790355	0.243753	0.752873	
0.715107	0.294587	0.743888	
0.677941	0.25078	0.700411	
0.788908	0.205893	0.780817	
0.744523	0.154722	0.785824	
0.773463	0.172378	0.777541	
0.675096	0.28043	0.710676	
0.694014	0.233146	0.66604	
1	0.298086	0.26631	
0.89484	0.309992	0.323511	
0.950659	0.294301	0.311452	
0.873908	0.283973	0.283897	
0.925913	0.269915	0.276055	
0.863797	0.269942	0.352044	
0.946389	0.302899	0.259564	
0.900061	0.281798	0.236947	
0.706678	0.459623	0.318272	
0.695795	0.425922	0.290063	
0.736596	0.432314	0.368905	
0.660879	0.46046	0.302038	
0.687096	0.419838	0.314616	
0.746428	0.421268	0.311595	
0.688724	0.463187	0.351864	
0.655155	0.453914	0.297619	
0.719651	0.404906	0.285717	
0.696838	0.43487	0.395237	
0.761724	0.471318	0.374471	
0.732772	0.459514	0.408947	
0.704257	0.570507	0.609881	
0.729331	0.645157	0.586344	
0.703907	0.572781	0.533772	
0.78771	0.575178	0.556286	
0.647964	0.611522	0.578283	
0.728815	0.602582	0.649486	
0.785124	0.584915	0.596004	
0.668704	0.624552	0.644821	
0.764675	0.645942	0.620935	
0.790741	0.623305	0.58803	
0.722114	0.648106	0.642394	
0.660075	0.589646	0.665009	
0.677134	0.598152	0.670766	
0.75712	0.672167	0.616339	
0.735644	0.488446	0.270524	
0.710422	0.484337	0.31474	
0.70712	0.516791	0.274055	
0.698312	0.515921	0.33176	
0.759947	0.538055	0.280405	
0.755323	0.516501	0.24467	
0.734763	0.563449	0.313654	
0.749752	0.541326	0.346588	
0.732762	0.551403	0.352956	
0.742427	0.555824	0.34881	
0.750106	0.575093	0.253691	
0.578859	0.447749	1	
0.556023	0.452214	0.915762	
0.598044	0.449318	0.847862	
0.586733	0.498369	0.950854	
0.638791	0.482673	0.90819	
0.587068	0.508085	0.83776	
0.568812	0.479337	0.816602	
0.603206	0.42421	0.95049	
0.550179	0.411768	0.861998	
0.622836	0.466334	0.973579	
0.564629	0.431767	0.998466	
0.594644	0.49155	0.79986	
0.668126	0.432254	0.930845	
0.367727	0	0.00726493	
0.355795	0.0850183	0	
0.335429	0.107575	0.042528	
0.386551	0.152773	0.0214647	
0.314213	0.0574694	0.0151204	
0.407853	0.096239	0.0464033	
0.318679	0.158727	0.0106267	
0.390045	0.0513258	0.0658054	
0.35775	0.020235	0.0331686	
0.443446	0.114015	0.00783707	
0.412442	0.0383923	0.026512	
0.654808	0.441077	0.0640713	
0.642564	0.381508	0.152915	
0.662707	0.346204	0.108923	
0.718715	0.447044	0.160997	
0.730449	0.386141	0.119286	
0.700558	0.501412	0.0901877	
0.648006	0.494993	0.119143	
0.591819	0.449799	0.0886848	
0.701564	0.332662	0.149293	
0.612282	0.505369	0.0582409	
0.677347	0.312033	0.145188	
0.724727	0.510527	0.131115	
1	0.0488207	0.533071	
0.90157	0	0.539771	
0.92812	0.093642	0.554263	
0.945304	0.0354146	0.603362	
0.91843	0.0485419	0.503157	
0.989716	0.0824502	0.500634	
0.888093	0.0516282	0.585765	
0.865633	0.0840029	0.536037	
0.868176	0.00516681	0.591761	
0.863169	0.0780474	0.563335	
0.861088	0.00301736	0.500657	
0.85752	0.0281599	0.566175	
0.857702	0.0314185	0.524415	
0.860927	0.0758035	0.548563	
0.813288	0.809317	1	
0.850824	0.796144	0.955676	
0.788833	0.785082	0.947969	
0.768037	0.813366	0.962801	
0.85824	0.865212	0.959932	
0.852134	0.839651	0.908653	
0.892451	0.851591	0.931843	
0.915568	0.851728	0.978825	
0.74274	0.76033	0.993729	
0.418594	0.643218	0.805885	
0.452824	0.662939	0.864843	
0.457463	0.617061	0.841407	
0.395639	0.594518	0.799668	
0.457329	0.602557	0.788291	
0.346934	0.622991	0.843235	
0.511853	0.655814	0.81689	
0.498199	0.683468	0.843588	
0.500288	0.621625	0.796314	
0.353082	0.605492	0.823247	
0.522037	0.635013	0.828527	
0.521898	0.661128	0.86082	
0.51865	0.663971	0.882093	
0.170796	0.160822	0.12661	
0.15792	0.128179	0.178565	
0.22279	0.15522	0.19668	
0.257663	0.137477	0.158199	
0.19168	0.173676	0.191338	
0.248369	0.132481	0.115698	
0.217662	0.16477	0.105992	
0.217905	0.0829634	0.184878	
0.211052	0.109367	0.0917214	
0.241995	0.0703053	0.140433	
0.271769	0.0985974	0.131416	
0.144607	0.0827563	0.120116	
0.157613	0.12171	0.0717084	
0.687316	0.464227	0.266554	
0.660277	0.458067	0.298856	
0.69039	0.466469	0.210583	
0.65207	0.535051	0.23229	
0.633459	0.515325	0.300172	
0.752295	0.561128	0.242925	
0.630043	0.479055	0.261903	
0.7494	0.526933	0.212923	
0.69511	0.578228	0.264259	
0.648961	0.440831	0.282367	
0.647382	0.58065	0.267905	
0.697585	0.584516	0.224913	
0.647434	0.452817	0.210182	
0.72767	0.55932	0.19836	
0.744572	0.570521	0.232521	
0.601589	0.562473	0.291836	
0.605331	0.573804	0.290613	
0	0.868229	0.741937	
0.0361045	0.862414	0.771501	
0.0456482	0.921114	0.752587	
0.0805164	0.880343	0.705488	
0.0914021	0.877464	0.753684	
0.0906231	0.892354	0.737685	
0.0377697	0.875875	0.702185	
0.0698131	0.828006	0.746252	
0.0339174	0.833383	0.725185	
0.0763427	0.848692	0.690238	
0.0885325	0.841652	0.705865	
0.0894497	0.854129	0.68911	
0.223321	0.845791	0	
0.235552	0.873622	0.0626548	
0.256457	0.83569	0.140706	
0.199788	0.848024	0.0777602	
0.257466	0.816836	0.0505532	
0.296902	0.821661	0.0836103	
0.248176	0.785642	0.108492	
0.207964	0.887127	0.130467	
0.225404	0.796366	0.150582	
0.24158	0.838133	0.00916988	
0.248177	0.892566	0.159299	
0.255544	0.901954	0.153739	
0.200195	0.827365	0.169196	
0.162614	0.921352	0.0480154	
0.484317	0.328843	0.2142	
0.505704	0.253816	0.232533	
0.550163	0.253568	0.208637	
0.460309	0.228958	0.18699	
0.445723	0.317214	0.167679	
0.469728	0.305779	0.128501	
0.463354	0.246991	0.149053	
0.564768	0.323757	0.18908	
0.500262	0.338304	0.140774	
0.458078	0.35872	0.165135	
0.484933	0.247999	0.121022	
0.516514	0.275299	0.119611	
0.562631	0.257735	0.152863	
0.553643	0.319912	0.252196	
0.481269	0.316325	0.113416	
0.49877	0.197029	0.187488	
0.50814	0.19845	0.165213	
0.518601	0.214043	0.135457	
0.487829	0.203283	0.137362	
0.577029	0.302742	0.126273	
1	0.167011	0.689447	
0.944695	0.186497	0.681475	
0.958259	0.249322	0.700702	
0.944837	0.214339	0.741277	
0.959932	0.151061	0.748763	
0.974586	0.129388	0.692988	
0.918658	0.15932	0.730883	
0.905113	0.217814	0.731869	
0.99437	0.139138	0.634771	
0.904879	0.184522	0.744254	
0.995378	0.118894	0.729064	
0.896556	0.178636	0.734604	
0.815732	0.827657	0.320248	
0.77201	0.786359	0.235445	
0.729776	0.856496	0.244437	
0.824103	0.799046	0.236081	
0.797347	0.87713	0.258193	
0.792107	0.757812	0.322631	
0.785368	0.749724	0.267502	
0.8123	0.845224	0.215942	
0.754714	0.754363	0.296699	
0.718338	0.787498	0.315831	
0.748931	0.889447	0.245393	
0.784312	0.895389	0.339618	
0.729759	0.897562	0.295151	
0.724583	0.852977	0.343065	
0.782454	0.77577	0.374072	
0.701653	0.884072	0.259058	
0.757093	0.903152	0.338433	
0.686809	0.877101	0.282558	
0.669436	0.840929	0.32274	
0.667675	0.854146	0.304012	
0.66548	0.860644	0.319779	
0.369954	0.372182	0.803452	
0.32595	0.376514	0.789869	
0.31688	0.415669	0.792234	
0.398752	0.390442	0.747681	
0.350531	0.415726	0.766733	
0.359962	0.35571	0.730817	
0.319027	0.358715	0.841279	
0.401785	0.419813	0.761893	
0.344946	0.433333	0.803006	
0.317101	0.415825	0.799316	
0.385413	0.417617	0.837795	
0.333726	0.404827	0.838292	
0.39417	0.427003	0.803122	
0.361752	0.418195	0.857459	
0.809141	1	0.0594629	
0.796438	0.936166	0	
0.796299	0.945887	0.0690715	
0.716131	0.957084	0.0310279	
0.867204	0.98964	0.103224	
0.746943	0.897311	0.0152878	
0.834985	0.920011	0.0315094	
0.877859	0.97278	0.056679	
0.786945	0.886494	0.0156252	
0.394426	0.326194	0	
0.426704	0.293	0.0453213	
0.437845	0.32179	0.103947	
0.392334	0.360376	0.0666103	
0.48072	0.314063	0.0913857	
0.37235	0.302223	0.0280842	
0.426187	0.353638	0.116468	
0.457027	0.358355	0.105538	
0.426445	0.37505	0.107168	
0.317759	0.855141	0.276394	
0.273599	0.777422	0.298109	
0.347641	0.79614	0.276296	
0.299475	0.806809	0.346674	
0.272399	0.770268	0.348365	
0.290536	0.744795	0.33592	
0.348211	0.818126	0.350627	
0.306248	0.723286	0.300335	
0.351845	0.87458	0.303025	
0.383948	0.843507	0.270654	
0.380739	0.830065	0.303774	
0.286183	0.760104	0.361032	
0.373423	0.870292	0.264827	
0.383069	0.857399	0.273606	
0.338423	0.750129	0.342044	
0.303502	0.755029	0.36252	
0.329848	0.772653	0.370932	
0.930936	0.320499	0.344588	
0.869987	0.354076	0.36256	
0.839514	0.333155	0.323263	
0.921921	0.340861	0.284566	
0.83957	0.323142	0.396616	
0.859172	0.369956	0.299493	
0.828493	0.345159	0.416933	
0.835948	0.364825	0.337197	
0.821936	0.346363	0.390113	
0	0.647591	0.712504	
0.0887115	0.639321	0.672526	
0.0617221	0.683199	0.72878	
0.0850563	0.602896	0.755939	
0.141208	0.628295	0.749855	
0.0892417	0.663925	0.774909	
0.0242567	0.676557	0.759058	
0.127407	0.576694	0.690539	
0.056431	0.571114	0.706175	
0.0410819	0.615347	0.667997	
0.0172818	0.667208	0.675414	
0.1369	0.578918	0.746881	
0.0814748	0.596072	0.651409	
0.131285	0.610353	0.782808	
0.005934	0.685371	0.72299	
0.0932937	0.556884	0.678003	
0.113643	0.53789	0.715601	
0.485523	0.773267	0.809122	
0.490755	0.743649	0.78769	
0.521496	0.709545	0.80473	
0.563847	0.749526	0.784943	
0.502306	0.760152	0.880566	
0.440919	0.734974	0.814583	
0.548918	0.718339	0.847392	
0.423948	0.787576	0.850494	
0.464226	0.731735	0.871306	
0.518527	0.704441	0.905367	
0.40559	0.774106	0.821806	
0.743052	0.889762	0.783447	
0.745113	0.882407	0.73763	
0.746206	0.818476	0.759288	
0.726039	0.834406	0.809366	
0.74503	0.835988	0.717129	
0.706829	0.882139	0.73712	
0.70777	0.830116	0.739293	
0.682911	0.869366	0.778105	
0.693729	0.944726	0.755463	
0.469254	0	0.775436	
0.49826	0.060036	0.774282	
0.512897	0.0500175	0.821843	
0.456373	0.106098	0.83532	
0.511726	0.125446	0.825734	
0.477382	0.144737	0.81557	
0.408479	0.0895912	0.793303	
0.557526	0.0147767	0.792306	
0.399005	0.0665196	0.738817	
0.564776	0.0323106	0.793805	
0.486931	0.000505672	0.734526	
0.429186	0.0223651	0.739238	
0.556213	0.0119938	0.781865	
0.397803	0.0344748	0.828805	
0.384784	0.0634379	0.760817	
0.384042	0.0341231	0.772412	
0.3947	0.00817856	0.757515	
0.449993	0.318866	0.39379	
0.506918	0.362204	0.332759	
0.496767	0.297722	0.344035	
0.459457	0.31557	0.310497	
0.40864	0.348078	0.354759	
0.534692	0.345765	0.290515	
0.462327	0.257289	0.39411	
0.449924	0.25855	0.326504	
0.420953	0.271241	0.363701	
0.380871	0.325403	0.35509	
0.386359	0.312243	0.343945	
0.380721	0.319867	0.374357	
0.626814	0.366122	0	
0.659274	0.372437	0.0501814	
0.583735	0.333775	0.0364147	
0.645415	0.286515	0.0614608	
0.58021	0.379756	0.0740725	
0.583345	0.290086	0.0960867	
0.603288	0.32711	0.127825	
0.705334	0.306117	0.070884	
0.613565	0.274833	0.0942863	
0.713711	0.311779	0.107529	
0.64326	0.294479	0.118231	
0.70161	0.292632	0.110031	
0.70917	0.301981	0.119155	
0.400165	0.871254	0.639874	
0.415554	0.894081	0.630581	
0.444803	0.857079	0.595801	
0.441748	0.862189	0.660057	
0.421943	0.890686	0.675386	
0.424322	0.826017	0.619354	
0.414777	0.905825	0.670129	
0.402427	0.857041	0.580172	
0.403383	0.834961	0.577337	
0.457086	0.830988	0.6121	
0.435147	0.820279	0.568524	
0.197108	0.244723	0.61596	
0.249748	0.289804	0.584763	
0.243427	0.217803	0.594602	
0.222201	0.262599	0.645013	
0.195951	0.222365	0.547103	
0.176108	0.271223	0.572461	
0.190312	0.303792	0.58672	
0.234197	0.20128	0.547974	
0.265484	0.230049	0.549435	
0.215097	0.317684	0.615656	
0.241619	0.346143	0.567864	
0.208617	0.285207	0.526203	
0.226539	0.340065	0.551466	
0.248654	0.271755	0.528566	
0.246844	0.338662	0.543124	
0.222846	0.211256	0.513766	
0.237475	0.339437	0.527647	
1	0.379837	0.33941	
0.900448	0.373595	0.402085	
0.945005	0.329775	0.368853	
0.884066	0.420399	0.357172	
0.96138	0.373896	0.292971	
0.883312	0.407821	0.314303	
0.947535	0.430168	0.317246	
0.965717	0.407839	0.298061	
0.843938	0.38828	0.350783	
0.853715	0.332078	0.421147	
0.990026	0.409052	0.308941	
0.979072	0.444976	0.346991	
0.829223	0.365512	0.393895	
0.972962	0.436328	0.222008	
0.948526	0.447378	0.263515	
0.926306	0.468681	0.215597	
0.964293	0.493071	0.21659	
0.941647	0.400453	0.225905	
0.905705	0.429685	0.202608	
0.933208	0.450754	0.167203	
0.91189	0.409152	0.151156	
0.945645	0.404044	0.148953	
0.128546	0.823293	0.291705	
0.0849153	0.857541	0.294712	
0.135208	0.922307	0.282578	
0.120946	0.93134	0.293316	
0.098575	0.789444	0.26933	
0.139653	0.802286	0.332108	
0.0894366	0.802167	0.328808	
0.073864	0.776785	0.290435	
0.0995719	0.770811	0.279369	
0.0603783	0.855982	0.347613	
0.12488	0.768099	0.30968	
0.119958	0.767553	0.312125	
0.101729	0.76591	0.296843	
0.199965	0.22465	0.691177	
0.228204	0.256048	0.714947	
0.205102	0.172038	0.731115	
0.258279	0.191452	0.669989	
0.252338	0.163803	0.689343	
0.269056	0.20448	0.725205	
0.245446	0.179592	0.761051	
0.196373	0.243577	0.750122	
0.260165	0.218398	0.769299	
0.178982	0.28526	0.713733	
0.227046	0.276032	0.74862	
0.438591	0.246336	0	
0.448244	0.285862	0.101696	
0.478833	0.257874	0.0676864	
0.441803	0.23266	0.10356	
0.422284	0.217689	0.0451375	
0.381633	0.267204	0.0253837	
0.474195	0.200784	0.0953592	
0.474394	0.186396	0.0324548	
0.394218	0.551347	0.3829	
0.348004	0.602215	0.320268	
0.393173	0.613261	0.38454	
0.334579	0.529314	0.3211	
0.38454	0.517793	0.323358	
0.455837	0.52379	0.396346	
0.407703	0.640843	0.329221	
0.366579	0.571005	0.26614	
0.439084	0.541324	0.309959	
0.414141	0.594951	0.40829	
0.438564	0.595991	0.396017	
0.45056	0.558452	0.402433	
0.425452	0.58983	0.282851	
0.462639	0.514885	0.371075	
0.462879	0.598486	0.346187	
0.487051	0.53768	0.357585	
0.384566	0.62716	0.264922	
0.382783	0.594664	0.244637	
0.479353	0.541926	0.385645	
0.427649	0.644095	0.284646	
0.492718	0.524238	0.372414	
0.198808	0.734108	0	
0.196156	0.76999	0.078479	
0.254955	0.752624	0.0677217	
0.238228	0.745912	0.136683	
0.222283	0.680018	0.0937566	
0.228147	0.692443	0.0219119	
0.155433	0.727039	0.0586994	
0.160589	0.710305	0.137883	
0.268941	0.777275	0.117419	
0.166466	0.677859	0.0704245	
0.177047	0.673123	0.136087	
0.161375	0.652182	0.114229	
0.505372	0.82629	0.722383	
0.575035	0.85994	0.740569	
0.590001	0.852464	0.686693	
0.536312	0.79746	0.684667	
0.550907	0.798868	0.773687	
0.578699	0.764591	0.732094	
0.495857	0.79923	0.722446	
0.476716	0.808618	0.709829	
0.626309	0.826995	0.760054	
0.611122	0.758729	0.693175	
0.631001	0.804687	0.700311	
0.625441	0.879952	0.710489	
0.634262	0.862999	0.705081	
0.622148	0.766495	0.777045	
0.640697	0.761852	0.748892	
0.0442528	0.370571	0.201784	
0.0998555	0.409506	0.170651	
0.09304	0.347245	0.149632	
0.150069	0.378254	0.150577	
0.0418604	0.327066	0.204641	
0.102138	0.395659	0.253573	
0.0586398	0.403599	0.1006	
0.13673	0.362016	0.213336	
0.12731	0.381503	0.106662	
0.0753962	0.323421	0.235373	
0.0901969	0.361192	0.263904	
0.0592726	0.340601	0.25406	
0.164359	0.35261	0.126053	
0.544322	0.136456	0.62872	
0.587164	0.106205	0.592016	
0.552685	0.0861247	0.653121	
0.502115	0.103919	0.63774	
0.516206	0.102135	0.563141	
0.495067	0.141602	0.58123	
0.60157	0.116007	0.638324	
0.500176	0.0698756	0.60932	
0.57691	0.145989	0.55362	
0.540359	0.151655	0.538993	
0.527512	0.104258	0.695093	
0.572757	0.135363	0.516049	
0.613647	0.0968716	0.663226	
0.605262	0	0.574069	
0.57865	0.0375663	0.617742	
0.559764	0.0489577	0.534169	
0.648798	0.0573771	0.562195	
0.567356	0.00399248	0.516946	
0.599771	0.0334206	0.50809	
0.632247	0.112126	0.629789	
0.630962	0.119982	0.576533	
0.658212	0.0877074	0.604317	
0.66047	0.0213644	0.609175	
0.657149	0.110129	0.569171	
0.611547	0.11217	0.527979	
0.588451	0.0773182	0.50521	
0.638459	0.0571656	0.641385	
0	0.587155	0.460446	
0.100358	0.629105	0.455608	
0.028018	0.661417	0.486677	
0.0551443	0.627929	0.526802	
0.0731552	0.66223	0.515396	
0.109794	0.570749	0.446495	
0.12657	0.614411	0.502368	
0.0553454	0.568338	0.394888	
0.0613099	0.542936	0.451075	
0.0158826	0.577185	0.516403	
0.121505	0.583124	0.510306	
0.0145347	0.690058	0.539924	
0.0739151	0.528816	0.387909	
0.0605866	0.52775	0.388118	
0.0366479	0.532509	0.39157	
0.640366	0.228716	0	
0.667134	0.191958	0.0357071	
0.60029	0.207199	0.0321479	
0.633651	0.252315	0.0848882	
0.696685	0.253306	0.0830003	
0.712386	0.261614	0.0396984	
0.617853	0.171632	0.00549498	
0.668665	0.279481	0.101499	
0.586584	0.258647	0.0415183	
0.727066	0.210312	0.0286729	
0.592809	0.281054	0.0135911	
0.812091	1	0.704237	
0.889995	0.933215	0.717534	
0.882692	0.961245	0.66083	
0.85672	0.92193	0.667158	
0.787471	0.959651	0.703748	
0.862732	0.972016	0.767232	
0.932034	0.975779	0.735899	
0.816175	0.949529	0.655067	
0.80149	0.984458	0.654327	
0.762452	0.983847	0.677806	
0.744342	0.998927	0.699961	
0.787518	0.530788	0	
0.715342	0.489018	0.0214918	
0.786216	0.461275	0.101187	
0.685572	0.482207	0.0509969	
0.833538	0.459	0.0303656	
0.831929	0.513032	0.0674028	
0.826531	0.555589	0.0431316	
0.758678	0.545756	0.0885058	
0.774526	0.58141	0.0216009	
0.814773	0.512506	0.123195	
0.754788	0.493565	0.143908	
0.653259	0.537691	0.0542195	
0.781881	0.502191	0.138976	
0.682464	0.56574	0.016349	
0.633941	0.53922	0.0268413	
0.536734	0	0.399844	
0.506402	0.0393365	0.41223	
0.577387	0.0491264	0.393637	
0.49556	0.00686113	0.436046	
0.531716	0.0863126	0.351571	
0.55289	0.00773636	0.47687	
0.523207	0.0426629	0.341898	
0.597361	0.00157576	0.427806	
0.578603	0.057925	0.336918	
0.466067	0.0132646	0.38895	
0.557763	0.096664	0.335103	
0.601565	0.00845415	0.346475	
0.117901	0.280374	0.492955	
0.153049	0.320535	0.447533	
0.126415	0.295825	0.534063	
0.197848	0.338829	0.479576	
0.179637	0.22997	0.514141	
0.121512	0.344443	0.51938	
0.171646	0.313597	0.544102	
0.208342	0.249145	0.441647	
0.117916	0.386275	0.476557	
0.0837516	0.35837	0.485276	
0.224979	0.281012	0.433961	
0.0581991	0.328195	0.528039	
0.227947	0.268794	0.473257	
0.207207	0.216421	0.484021	
0	0.633989	0.328235	
0.0408035	0.697746	0.376045	
0.112656	0.634855	0.390286	
0.115058	0.694005	0.352645	
0.111527	0.654085	0.300668	
0.153775	0.653989	0.328213	
0.130974	0.567337	0.367772	
0.158178	0.617641	0.34413	
0.0494385	0.594605	0.281291	
0.0507633	0.75727	0.333705	
0.0197705	0.684662	0.280493	
0.0663624	0.550849	0.317525	
0.0102743	0.569405	0.29927	
0.0078403	0.76545	0.334785	
0.0224452	0.751813	0.306665	
0.036204	0.5398	0.363353	
0.160708	0.580708	0.325323	
0.123868	0.565646	0.289232	
0.137576	0.554963	0.326616	
0.0939197	0.527884	0.369522	
0.183776	1	0.623941	
0.218802	0.943512	0.671598	
0.230502	0.940124	0.606863	
0.278317	0.894469	0.696084	
0.248338	0.850605	0.649974	
0.189473	0.898742	0.630087	
0.235619	0.882177	0.714497	
0.27426	0.863514	0.615389	
0.278501	0.867053	0.683171	
0.228867	0.877553	0.580398	
0.251732	0.861819	0.698545	
0.209942	0.87738	0.70349	
0.232138	0.858554	0.590794	
0.177116	0.921162	0.687074	
0.190838	0.922923	0.585419	
0.165704	0.956425	0.657568	
0.170307	0.974046	0.622888	
0.694106	0.180011	0.134267	
0.636156	0.144793	0.142648	
0.657715	0.194249	0.158539	
0.65522	0.121294	0.120212	
0.681304	0.171474	0.169667	
0.638936	0.156125	0.173584	
0.630953	0.131179	0.171543	
0.713603	0.144004	0.156164	
0.658673	0.108655	0.151978	
0.621008	0.112907	0.16276	
1	0.138599	0.134886	
0.943366	0.0920028	0.196293	
0.915606	0.153506	0.176073	
0.92316	0.0420302	0.140238	
0.893261	0.0596509	0.180351	
0.884988	0.0868914	0.122607	
0.973444	0.192142	0.19352	
0.937864	0.117782	0.0765532	
0.900321	0.0459317	0.185309	
0.915835	0.177784	0.094776	
0.953985	0.206059	0.194619	
0.888019	0.0478809	0.0989345	
0.948969	0.211793	0.153275	
0.977801	0.213354	0.110208	
0.6613	0.79761	0	
0.615106	0.758061	0.0476273	
0.674703	0.784725	0.0839069	
0.668965	0.826068	0.0343134	
0.711601	0.784913	0.0309114	
0.675587	0.734388	0.0357035	
0.657247	0.744646	0.0865052	
0.652369	0.772737	0.105587	
0.616662	0.769649	0.0953349	
0.623806	0.797559	0.099092	
0.73943	0.832004	0.000981308	
0.575497	0.804229	0.0508603	
0.779397	0.121719	0.655237	
0.736978	0.140246	0.660741	
0.711862	0.106963	0.657253	
0.746788	0.0982922	0.704649	
0.724112	0.139998	0.621368	
0.684446	0.121553	0.668408	
0.765616	0.173454	0.591117	
0.796159	0.109398	0.728174	
0.671638	0.13194	0.647792	
0	0.082876	0.0669572	
0.0100771	0	0.00723324	
0.0624613	0.104271	0	
0.0458851	0.0309075	0.0306335	
0.0593939	0.105747	0.0894485	
0.110695	0.109421	0.0242709	
0.0487971	0.16805	0.0589817	
0.10222	0.171792	0.0531999	
0.028476	0.120136	0.114718	
0.0273408	0.136427	0.106358	
0.220814	0.452615	0.777253	
0.215022	0.448337	0.869066	
0.186481	0.512944	0.785326	
0.245036	0.509113	0.825302	
0.162984	0.376152	0.836497	
0.202661	0.526051	0.858584	
0.155377	0.447408	0.775191	
0.239887	0.495585	0.747502	
0.158736	0.508881	0.874362	
0.175651	0.417436	0.901956	
0.138959	0.422277	0.860536	
0.214748	0.510196	0.90605	
0.125126	0.495636	0.81683	
0.158265	0.467414	0.907974	
0.183103	0.489747	0.926855	
0.218741	0.491489	0.723565	
0.13527	0.384453	0.825455	
0.152939	0.367566	0.864198	
0.15479	0.367663	0.882608	
0.906454	0.565317	0.745435	
0.915255	0.524231	0.791366	
0.86641	0.52741	0.798332	
0.963889	0.576772	0.789526	
0.94136	0.62652	0.731955	
0.854009	0.597958	0.836456	
0.912969	0.552675	0.844136	
0.903272	0.654428	0.741041	
0.849053	0.648531	0.789024	
0.938442	0.612664	0.854049	
0.861083	0.649247	0.823307	
0.892491	0.645631	0.836036	
0.934986	0.656413	0.775621	
0.870761	0.666402	0.762512	
0.933666	0.656937	0.733852	
0.874883	0.669664	0.785894	
0.74455	1	0.660108	
0.698761	0.935336	0.619937	
0.729329	0.88974	0.566815	
0.70272	0.971187	0.600499	
0.735893	0.94443	0.567793	
0.736701	0.929688	0.655751	
0.68769	0.921575	0.542908	
0.736001	0.990641	0.688738	
0.765951	0.908576	0.629765	
0.767752	0.973109	0.637991	
0.77501	0.927434	0.615693	
0.693147	0.941118	0.535354	
0.714619	0.916484	0.526733	
0.761848	0.962395	0.675239	
0.24384	0.889565	0.828653	
0.28633	0.893562	0.79677	
0.247786	0.880004	0.753954	
0.2625	0.872625	0.75265	
0.293392	0.865759	0.83042	
0.224799	0.83799	0.821784	
0.273958	0.86406	0.761362	
0.262856	0.844496	0.766514	
0.211371	0.862324	0.768147	
0.18003	0.862953	0.794562	
0.282	0.896948	0.872672	
0.305981	0.91718	0.846163	
0.263397	0.868565	0.878039	
0.297422	0.905165	0.862467	
0	0.329213	0.312525	
0.0465723	0.353871	0.317229	
0.0242806	0.347631	0.388892	
0.0126312	0.382368	0.292321	
0.0213822	0.313566	0.413236	
0.0384839	0.297743	0.275726	
0.0567726	0.298313	0.3838	
0.0268606	0.347439	0.249186	
0.0264223	0.272054	0.385764	
0.000161141	0.299252	0.238133	
0.0338228	0.291496	0.415549	
0.00691049	0.310934	0.235142	
0.403062	0.569697	0.862554	
0.452182	0.591942	0.899883	
0.440799	0.629077	0.896199	
0.480268	0.563566	0.856839	
0.45882	0.643755	0.885775	
0.426824	0.568753	0.819033	
0.505372	0.591761	0.889083	
0.371929	0.6005	0.873065	
0.490917	0.575517	0.811226	
0.48054	0.585126	0.802448	
0.517089	0.614128	0.850492	
0.363261	0.582409	0.84107	
0.503693	0.596134	0.803168	
0.521927	0.654904	0.880889	
0.524736	0.650766	0.868314	
0.869926	0.122186	0.232251	
0.824878	0.104999	0.229525	
0.849075	0.0692885	0.176141	
0.832177	0.146012	0.242691	
0.814362	0.148078	0.194435	
0.873531	0.0676743	0.224674	
0.834729	0.139883	0.271472	
0.902837	0.0856966	0.219704	
0.857506	0.128006	0.278631	
0.829925	0.0275152	0.188557	
0.887686	0.125793	0.282652	
0.883278	0.0289686	0.166295	
0.13505	1	0.950056	
0.171045	0.967683	1	
0.219628	0.946972	0.962225	
0.155671	0.930975	0.962475	
0.230751	0.992386	0.952832	
0.152948	0.96473	0.906049	
0.227748	0.924119	0.996539	
0.057535	0.973395	0.951167	
0.219094	0.664034	0.787722	
0.168211	0.712008	0.783024	
0.146425	0.65792	0.79191	
0.160893	0.623296	0.794428	
0.211063	0.61014	0.74498	
0.163357	0.718163	0.726825	
0.172199	0.66011	0.702478	
0.210933	0.675796	0.703911	
0.249836	0.660333	0.733464	
0.130323	0.61262	0.784588	
0.189395	0.732563	0.705717	
0.188517	0.610658	0.703908	
0.194505	0.730383	0.699824	
0.443351	0.371264	0.886715	
0.493937	0.38111	0.811344	
0.442708	0.428453	0.818019	
0.444816	0.415858	0.902984	
0.504984	0.433084	0.873716	
0.443845	0.456494	0.88259	
0.507218	0.43009	0.811861	
0.420128	0.380729	0.819799	
0.4351	0.345484	0.841044	
0.526073	0.392548	0.908011	
0.401584	0.446312	0.8844	
0.382302	0.385223	0.889595	
0.379606	0.416217	0.875548	
0.472479	0.385101	0.755961	
0.47366	0.374712	0.756147	
0.180529	0.735742	0.417278	
0.238086	0.735655	0.356975	
0.221865	0.768002	0.397663	
0.219517	0.700568	0.408653	
0.253806	0.739642	0.403221	
0.172075	0.771828	0.433429	
0.286397	0.762005	0.363916	
0.20478	0.704182	0.45353	
0.203882	0.743307	0.455648	
0.186164	0.76835	0.449561	
0.835793	0.753453	0.929713	
0.832396	0.782347	0.873602	
0.748131	0.769288	0.889709	
0.744914	0.785682	0.934958	
0.772205	0.735111	0.884613	
0.854802	0.731508	0.887271	
0.843342	0.751457	0.848237	
0.860659	0.762662	0.853812	
0.75316	0.730132	0.948763	
0.705473	0.754338	0.921153	
0.703274	0.74282	0.9122	
0	0.492591	0.28281	
0.0401595	0.514534	0.241346	
0.0400692	0.416741	0.241212	
0.0414267	0.470086	0.306295	
0.0993237	0.446506	0.227831	
0.10225	0.407515	0.284627	
0.139104	0.436836	0.25667	
0.111384	0.518146	0.246677	
0.105431	0.483981	0.334943	
0.0733073	0.558747	0.257908	
0.139071	0.463034	0.296277	
0.138803	0.403064	0.268703	
0.235059	0.42491	0.362522	
0.232719	0.379463	0.385984	
0.246168	0.366891	0.3484	
0.26804	0.448207	0.348412	
0.228772	0.399128	0.313746	
0.217851	0.431196	0.32229	
0.310241	0.423456	0.365778	
0.312653	0.428507	0.413285	
0.177706	0.349919	0.328449	
0.190106	0.361806	0.309525	
0.336284	0.445134	0.392343	
0.317064	0.465234	0.39056	
0.317195	0.459772	0.406323	
0.812783	0.374302	0	
0.789886	0.393732	0.0252022	
0.767336	0.345717	0.1421	
0.855029	0.372488	0.124255	
0.844782	0.401842	0.0603833	
0.733945	0.373203	0.0736498	
0.783638	0.335258	0.053994	
0.815322	0.307562	0.0971855	
0.774696	0.442575	0.160624	
0.853108	0.335732	0.0614343	
0.845148	0.463765	0.107014	
0.83298	0.423641	0.169484	
0.851466	0.451401	0.135412	
0.80468	0.464344	0.1559	
0.365673	0.707797	0.832746	
0.473895	0.677457	0.773553	
0.428213	0.737795	0.771095	
0.418934	0.624764	0.744552	
0.367084	0.60721	0.766777	
0.40659	0.772572	0.796883	
0.392813	0.720106	0.751169	
0.473389	0.640923	0.756768	
0.434129	0.666917	0.719548	
0.326762	0.644087	0.829346	
0.355277	0.650557	0.743568	
0.343981	0.726145	0.796129	
0.335186	0.627321	0.796186	
0.324546	0.672464	0.808704	
0.389684	0.766438	0.806186	
0.743901	0	0.870441	
0.637522	0.0408024	0.873812	
0.726129	0.0342852	0.826515	
0.764313	0.000517101	0.81467	
0.63872	0.0662859	0.905005	
0.650973	0.0152946	0.927108	
0.708437	0.051284	0.934448	
0.707341	0.0952681	0.885347	
0.775661	0.00605156	0.817863	
0.776146	0.0386194	0.837598	
0.778449	0.0460303	0.886801	
0.768673	0.0486167	0.929773	
0.177304	0.591892	0.893078	
0.152453	0.570277	0.838935	
0.130832	0.580631	0.911376	
0.129809	0.533122	0.823308	
0.121386	0.637585	0.865217	
0.146425	0.65006	0.905345	
0.0895825	0.602619	0.877282	
0.102629	0.578022	0.83634	
0.121745	0.651978	0.907844	
0.0863539	0.611901	0.858361	
0.105083	0.646642	0.903453	
0.107688	0.5323	0.85692	
0.126736	0.509844	0.888337	
0.12615	0.509309	0.874238	
0.609168	0.729284	0.361964	
0.560445	0.761454	0.341682	
0.573869	0.663479	0.394427	
0.539003	0.779856	0.415857	
0.562934	0.725285	0.458078	
0.573259	0.723041	0.314993	
0.620209	0.713584	0.332057	
0.596687	0.733231	0.313586	
0.560011	0.674324	0.456688	
0.517852	0.737393	0.44835	
0.523722	0.766604	0.45063	
0.623079	0.666431	0.355834	
0.600789	0.651206	0.444945	
0.627044	0.650072	0.373672	
0.620219	0.646187	0.400637	
0.588756	0.653552	0.460319	
0.581862	0.635736	0.449232	
0.591076	0.786975	0.295159	
0.565348	0.858007	0.193054	
0.626523	0.836907	0.225157	
0.522985	0.864146	0.255083	
0.518606	0.845917	0.207639	
0.563819	0.928936	0.209854	
0.551489	0.922888	0.299345	
0.629301	0.901754	0.249127	
0.534973	0.920603	0.185157	
0.613987	0.922514	0.172927	
0.586443	0.931879	0.168189	
0.57786	0.774804	0.233126	
0.654675	0.894317	0.209843	
0.575706	0.866368	0.317265	
0.552365	0.779216	0.246163	
0.57073	0.791003	0.289951	
0.67342	0.854727	0.255652	
0.596321	0.781547	0.273214	
0.643341	0.813787	0.279757	
0.624223	0.824139	0.311392	
0.621611	0.862576	0.329843	
0.6375	0.86753	0.325277	
0.66352	0.85609	0.320832	
0.87503	0.78658	0.177492	
0.824313	0.790389	0.168691	
0.810043	0.776052	0.198642	
0.848333	0.731008	0.183934	
0.850951	0.835826	0.205615	
0.900672	0.790684	0.214627	
0.864234	0.811634	0.239342	
0.88664	0.729914	0.188777	
0.896516	0.745056	0.188011	
0.854564	0.72977	0.226235	
0.883804	0.734645	0.213235	
0.844661	0.754424	0.249037	
0.815034	0.730022	0.225205	
0.84128	0.842986	0.227881	
0.272412	0.866657	0.384428	
0.243488	0.8118	0.369275	
0.255811	0.881606	0.312153	
0.233759	0.829927	0.316207	
0.327105	0.832845	0.378749	
0.306329	0.893415	0.335877	
0.250728	0.923682	0.329019	
0.287573	0.806281	0.419534	
0.207011	0.875082	0.31818	
0.298886	0.783094	0.390906	
0.222328	0.916079	0.317611	
0.319424	0.805655	0.411811	
0.326881	0.789343	0.389987	
0.175774	0.336108	1	
0.167704	0.32174	0.952373	
0.241122	0.247652	0.950476	
0.222798	0.312273	0.947114	
0.155487	0.380701	0.974517	
0.138105	0.385569	0.986493	
0.129028	0.379386	0.996095	
0.708568	0.133862	0.471306	
0.642586	0.17272	0.526619	
0.709652	0.143391	0.535622	
0.675664	0.0942434	0.509239	
0.651676	0.0901614	0.46922	
0.600119	0.142524	0.456464	
0.703231	0.0962357	0.495715	
0.666199	0.199349	0.44863	
0.624431	0.200476	0.488435	
0.649939	0.13937	0.410492	
0.694694	0.230373	0.50962	
0.587769	0.179287	0.455004	
0.72467	0.215309	0.532246	
0.61348	0.173359	0.405264	
0.721415	0.227073	0.509451	
0.57186	0.133192	0.512941	
0.571142	0.153348	0.501027	
0.747468	0.208757	0.515157	
0.284681	0.67144	0.522701	
0.244773	0.702207	0.529163	
0.256655	0.696934	0.479689	
0.304768	0.717734	0.557099	
0.20992	0.672081	0.547849	
0.227152	0.657698	0.489676	
0.253363	0.621794	0.537954	
0.215252	0.646745	0.552364	
0.298979	0.656748	0.577585	
0.249696	0.639361	0.57551	
0.259991	0.680841	0.585537	
0.207912	0.660785	0.566165	
0.242068	0.67104	0.459427	
0.332377	0.706146	0.59292	
0	0.352805	0.815205	
0.0536134	0.419157	0.787802	
0.0753514	0.390128	0.857509	
0.045444	0.376743	0.743028	
0.0966196	0.432207	0.799331	
0.0495073	0.319474	0.773697	
0.0531366	0.344493	0.919035	
0.108501	0.362897	0.772373	
0.107493	0.404479	0.789245	
0.0460271	0.315928	0.868315	
0.0119201	0.294068	0.797834	
0.119739	0.344226	0.833582	
0.0190128	0.354232	0.91443	
0.138187	0.370444	0.805767	
0.0897199	0.337279	0.897917	
0.0985312	1	0.806783	
0.124582	0.922959	0.761849	
0.0891223	0.910842	0.824375	
0.0858647	0.9719	0.803159	
0.120352	0.945772	0.838951	
0.121165	0.8368	0.804589	
0.174086	0.880139	0.810833	
0.155442	0.854105	0.761449	
0.123377	0.872187	0.87645	
0.159652	0.848705	0.837311	
0.113685	0.836587	0.724141	
0.142672	0.841328	0.881787	
0.148672	0.857162	0.883399	
0.689021	0.149736	0	
0.705754	0.162601	0.0888424	
0.636556	0.151352	0.10381	
0.62268	0.148893	0.0689665	
0.638192	0.121293	0.0339026	
0.741527	0.105839	0.0874202	
0.638514	0.0926455	0.088138	
0.712269	0.111119	0.0434208	
0.672841	0.0969877	0.113576	
0.647879	0.0834654	0.0583613	
0.687292	0.0853219	0.0765598	
0.73681	0.174601	0.027797	
0.752564	0.140204	0.0586342	
0.692554	0.0860478	0.0910659	
0.757448	0.111764	0.0666661	
0.445545	0.880857	0.695144	
0.42235	0.914153	0.697375	
0.438012	0.900561	0.740409	
0.40346	0.86147	0.701147	
0.43906	0.921793	0.663727	
0.476347	0.891861	0.738289	
0.472389	0.945707	0.706654	
0.452905	0.941956	0.667998	
0.425382	0.843558	0.741172	
0.406162	0.839269	0.721495	
0.38942	0.854156	0.730489	
0.734611	1	0.496025	
0.697674	0.981557	0.490694	
0.745562	0.975686	0.507354	
0.734414	0.952431	0.477238	
0.759193	0.978736	0.463969	
0.806237	0.995157	0.486209	
0.683209	0.995009	0.538056	
0.27783	0.418972	0.816318	
0.212712	0.396153	0.771661	
0.275764	0.409236	0.763765	
0.312667	0.403081	0.810183	
0.273288	0.460181	0.766276	
0.271852	0.434	0.734368	
0.265692	0.485293	0.792921	
0.201678	0.433598	0.73507	
0.217888	0.426104	0.711928	
0.238872	0.434361	0.695684	
0.23017	0.425914	0.701402	
0.23095	0.454584	0.704171	
1	0.147575	0.815847	
0.92046	0.173684	0.816471	
0.945174	0.236026	0.811584	
0.963123	0.194293	0.889459	
0.954109	0.1107	0.853368	
0.908716	0.234078	0.858832	
0.923784	0.254637	0.848527	
0.890319	0.263059	0.819408	
0.983113	0.09837	0.85472	
0.944445	0.114854	0.764386	
0.964999	0.11344	0.756592	
0.97281	0.0865925	0.783206	
0.526026	0.58004	0.704494	
0.500456	0.646554	0.701479	
0.565889	0.584369	0.731011	
0.551421	0.608372	0.664787	
0.578093	0.649304	0.713628	
0.538223	0.659863	0.762258	
0.51032	0.602289	0.662212	
0.484156	0.60383	0.754748	
0.54409	0.679542	0.71081	
0.581149	0.630197	0.765491	
0.484511	0.601557	0.682588	
0.525769	0.603793	0.801159	
0.516947	0.577578	0.788601	
0.601703	0.661082	0.754573	
1	0.0335395	0.136504	
0.930934	0	0.148473	
0.966916	0.0285808	0.21444	
0.899177	0.0197232	0.184548	
0.950168	0.022884	0.0740261	
0.874182	0.0158954	0.142711	
0.886675	0.0135704	0.101165	
0.830365	0.749545	0.447021	
0.848238	0.735666	0.513951	
0.807662	0.70831	0.5111	
0.912055	0.784656	0.4451	
0.910535	0.730186	0.406522	
0.879743	0.689919	0.510171	
0.923432	0.751125	0.493207	
0.873745	0.671781	0.423447	
0.919665	0.674879	0.467068	
0.921776	0.765431	0.426829	
0.811932	0.682901	0.472788	
0.886883	0.762395	0.387395	
0.914595	0.707461	0.509826	
0.898992	0.741444	0.538471	
0.85148	0.73313	0.376638	
0.793594	0.699813	0.419436	
0.767189	0.711308	0.459656	
0.894594	0.637829	0.472945	
0.577432	0.133883	0	
0.575589	0.160814	0.0322928	
0.525366	0.127532	0.025566	
0.579781	0.0894187	0.0552997	
0.600876	0.0756047	0.0274347	
0.532736	0.0712152	0.0146378	
0.645316	0.0935862	0.0166811	
0.518109	0.188383	0.00577891	
0.837959	0.536842	1	
0.83027	0.468471	0.968666	
0.771363	0.514664	0.926987	
0.830484	0.505225	0.920777	
0.86712	0.543977	0.955164	
0.741911	0.565819	0.951125	
0.81526	0.567507	0.910361	
0.778611	0.582104	0.960515	
0.850953	0.584411	0.961253	
0.289124	0.595276	0.601469	
0.248609	0.579081	0.579085	
0.228181	0.569393	0.664777	
0.216221	0.595791	0.596046	
0.267707	0.548507	0.66208	
0.221018	0.641073	0.579775	
0.23927	0.628842	0.631722	
0.273133	0.598338	0.686138	
0.23704	0.523969	0.618173	
0.245479	0.578651	0.709327	
0.21561	0.42988	1	
0.235352	0.360088	0.907781	
0.291539	0.432541	0.936144	
0.32041	0.375567	0.929246	
0.259723	0.408614	0.887536	
0.191368	0.358879	0.870782	
0.314956	0.357135	0.871631	
0.155733	0.369597	0.909632	
0.336796	0.369791	0.874187	
0.227356	0.500747	0.962892	
0.170727	0.360362	0.877071	
0.155401	0.414833	0.951537	
0.215953	0.50148	0.936471	
0.15331	0.384008	0.901072	
0.190397	0.484924	0.964339	
0.41367	0.846291	0.408878	
0.367224	0.913083	0.359043	
0.422857	0.90527	0.435183	
0.352755	0.914778	0.437192	
0.324979	0.872816	0.421388	
0.42495	0.936291	0.374828	
0.375856	0.821642	0.446359	
0.338059	0.859949	0.460779	
0.339039	0.888169	0.467834	
0.356763	0.787623	0.393408	
0.380773	0.875256	0.480014	
0.453474	0.870328	0.469217	
0.360513	0.781955	0.375347	
0.432459	0.820831	0.467223	
0.441442	0.848242	0.479632	
0.609172	1	0.762352	
0.516288	0.972982	0.72516	
0.519734	0.973867	0.774467	
0.553915	0.928172	0.754835	
0.645023	0.963528	0.737941	
0.637018	0.968774	0.796952	
0.64413	0.941221	0.773012	
0.488807	0.96192	0.754462	
0.697303	0.97773	0.782988	
0.703588	0.995018	0.785151	
0.617078	0.316933	0.684995	
0.532455	0.325419	0.693332	
0.597075	0.313119	0.756482	
0.634645	0.285229	0.736813	
0.618515	0.362003	0.740241	
0.588741	0.386884	0.686597	
0.531216	0.353955	0.662318	
0.53973	0.374989	0.755311	
0.505927	0.378655	0.707029	
0.662738	0.361916	0.681997	
0.52732	0.310069	0.644817	
0.662151	0.317955	0.735695	
0.633171	0.311878	0.766162	
0.603198	0.34246	0.784897	
0.660995	0.370727	0.685245	
0.677171	0.327637	0.713121	
0.674755	0.343381	0.70437	
0.520537	0.408852	0.735132	
0.506729	0.40335	0.717403	
0.460594	1	0.0517612	
0.437688	0.932727	0	
0.39305	0.969628	0.0659363	
0.470934	0.925184	0.0557459	
0.420427	0.907685	0.0273612	
0.48233	0.986784	0.0899421	
0.493787	0.894949	0.00884938	
0.511549	0.998998	0.0688333	
0.513747	0.965455	0.0395247	
0.466698	0.875898	0.00616363	
1	0.474192	0.300212	
0.897196	0.484024	0.260701	
0.941641	0.513523	0.266457	
0.989597	0.464401	0.28733	
0.913952	0.536541	0.311927	
0.892931	0.445846	0.283279	
0.976148	0.508847	0.280358	
0.93386	0.415469	0.28942	
0.86791	0.47303	0.270678	
0.880672	0.512441	0.309151	
0.9462	0.498302	0.32786	
0.897183	0.486286	0.332034	
0.891907	0.540062	0.33542	
0.892955	0.543384	0.334433	
0.856161	1	0.388668	
0.878221	0.965516	0.338378	
0.931385	0.87629	0.364836	
0.847928	0.868461	0.34196	
0.867343	0.923163	0.304052	
0.866661	0.883061	0.40987	
0.916754	0.949297	0.400881	
0.809771	0.914292	0.317341	
0.919375	0.916787	0.422871	
0.961644	0.904887	0.329717	
0.817429	0.945894	0.390288	
0.852993	0.943291	0.448606	
0.980359	0.891777	0.392217	
0.816548	0.843534	0.38816	
0.802808	0.869055	0.385083	
0.791752	0.942896	0.324823	
0	0.587992	0.191662	
0.0382002	0.648723	0.16531	
0.112759	0.637378	0.195149	
0.073774	0.675128	0.127303	
0.0412672	0.551432	0.200886	
0.0993202	0.559155	0.202091	
0.0985734	0.680635	0.145911	
0.0541582	0.578086	0.117043	
0.127875	0.612978	0.153873	
0.138013	0.641411	0.148783	
0.0978833	0.653998	0.118634	
0.0721307	0.536118	0.151776	
0.0931264	0.677957	0.127063	
0.873342	0.82124	0.343106	
0.860044	0.863425	0.25412	
0.902712	0.874486	0.264159	
0.84471	0.772714	0.320283	
0.923089	0.859676	0.272437	
0.909281	0.840147	0.233365	
0.882874	0.84625	0.222709	
0.835718	0.835853	0.385181	
0.821288	0.813321	0.379398	
0.803746	0.840986	0.377591	
0.498196	0.266896	0.482574	
0.57317	0.262721	0.471402	
0.522547	0.19753	0.472358	
0.526234	0.300078	0.434511	
0.532455	0.246526	0.393924	
0.538051	0.301562	0.496576	
0.519842	0.240204	0.527287	
0.58385	0.318179	0.438862	
0.527854	0.254913	0.526168	
0.600386	0.223575	0.412959	
0.463336	0.233191	0.404124	
0.594188	0.302438	0.423479	
0.51705	0.179508	0.394546	
0.563924	0.169086	0.419522	
0.529063	0.15981	0.417299	
0.570555	0.187765	0.38824	
0.827209	0.456157	0.479848	
0.892621	0.432583	0.479139	
0.838346	0.453833	0.52455	
0.879347	0.489192	0.445207	
0.888483	0.439997	0.451929	
0.885503	0.471282	0.539774	
0.865459	0.5161	0.507369	
0.806051	0.522994	0.552508	
0.847076	0.531147	0.458539	
0.830114	0.388929	0.467368	
0.837117	0.385504	0.466941	
0.852333	0.496944	0.565659	
0.935717	0.498459	0.457574	
0.831312	0.542918	0.482396	
1	0.112601	0.0351717	
0.9498	0	0.030834	
0.938622	0.114035	0	
0.886997	0.0643967	0.0576289	
0.91303	0.168591	0.0462548	
0.882176	0.110309	0.0842366	
0.973039	0.207804	0.0231834	
0.979759	0.20327	0.0515116	
0.320561	0.169829	0.133856	
0.259558	0.209825	0.14742	
0.317685	0.192503	0.200966	
0.283825	0.164839	0.208393	
0.302505	0.10356	0.140833	
0.231878	0.189723	0.161925	
0.354936	0.183283	0.173691	
0.338694	0.153606	0.251511	
0.360359	0.194434	0.137494	
0.346856	0.131398	0.174792	
0.310395	0.112051	0.21459	
0.370148	0.175891	0.137233	
0.302729	0.0987106	0.169392	
0.342413	0.140545	0.241491	
0.341465	0.260061	0.811989	
0.350495	0.297346	0.798978	
0.360676	0.292692	0.872896	
0.336594	0.35297	0.852459	
0.366542	0.260284	0.806004	
0.308834	0.329925	0.808064	
0.288691	0.351123	0.840174	
0.286115	0.347735	0.838572	
0.339241	0.251557	0.902088	
0.32853	0.310974	0.901258	
0.301186	0.358676	0.852709	
0.345642	0.347989	0.890314	
0.705378	0.769191	0.123321	
0.661232	0.743884	0.172845	
0.701916	0.796287	0.192901	
0.729453	0.756107	0.189932	
0.679039	0.733373	0.118044	
0.710227	0.721583	0.166517	
0.717488	0.731255	0.114489	
0.659091	0.801164	0.170294	
0.698946	0.728785	0.214322	
0.681755	0.757989	0.2276	
0.675467	0.71302	0.207462	
0.356271	0.170187	0.433929	
0.358798	0.124392	0.469229	
0.336331	0.144133	0.523846	
0.305103	0.153313	0.472248	
0.337003	0.214645	0.483952	
0.324583	0.112052	0.474583	
0.336494	0.189444	0.533323	
0.323217	0.1215	0.41588	
0.411072	0.17536	0.504051	
0.331177	0.115335	0.407601	
0.394849	0.212596	0.509783	
0.393097	0.166541	0.542413	
0.298487	0.172736	0.534298	
0.116701	1	0.703565	
0.123711	0.933961	0.707224	
0.0587265	0.969315	0.726128	
0.0721643	0.905969	0.684907	
0.11257	0.96821	0.666434	
0.113053	0.886688	0.674839	
0.0884682	0.858963	0.685761	
0.168299	0.985725	0.665781	
0.0955215	0.852555	0.694182	
0.888857	0.549866	0	
0.905858	0.566883	0.0731796	
0.881287	0.53605	0.0694931	
0.956768	0.518763	0.022733	
0.879036	0.558387	0.11311	
0.845217	0.585856	0.0645606	
0.856759	0.597874	0.106481	
0.844935	0.580017	0.10795	
0.824196	0.566499	0.0940449	
0.293027	0.308273	1	
0.343997	0.312956	0.946889	
0.30312	0.257808	0.95698	
0.189915	0.328385	0.897098	
0.260759	0.349899	0.861789	
0.224148	0.345613	0.865539	
0.358356	0.290075	0.930295	
0.194386	0.334678	0.874867	
0.343988	0.267313	0.949654	
0.364577	0.282558	0.941247	
0.131132	0.208733	0	
0.188049	0.214067	0.0891108	
0.180577	0.229186	0.190216	
0.224878	0.207391	0.173699	
0.15136	0.172937	0.175964	
0.168533	0.283136	0.107877	
0.225051	0.254084	0.178023	
0.181723	0.283446	0.175289	
0.132847	0.276144	0.191534	
0.12378	0.270532	0.126281	
0.142157	0.200272	0.00149549	
0.0913001	0.228335	0.120502	
0.175563	0.152468	0.0507348	
0.0995735	0.210831	0.0575446	
0.134655	0.245184	0.0340031	
0.103985	0.139496	0.0901429	
0.142641	0.168766	0.0348876	
0.268495	0.912963	0.557564	
0.290778	0.948207	0.499816	
0.230868	0.910128	0.516854	
0.277732	0.861255	0.505755	
0.281675	0.867219	0.564515	
0.331243	0.891743	0.512268	
0.29	0.907434	0.461101	
0.220204	0.853485	0.523471	
0.227987	0.859972	0.559084	
0.308762	0.936481	0.464414	
0.2106	0.880127	0.57563	
0	0.990132	0.29869	
0.0960828	1	0.259801	
0.0821169	0.96531	0.223293	
0.140054	0.94275	0.24863	
0.064519	0.942696	0.278688	
0.159141	0.984903	0.198677	
0.161694	0.984564	0.25509	
0.384906	0.492192	0.176708	
0.324962	0.533505	0.158594	
0.360155	0.494133	0.102114	
0.355446	0.556477	0.218249	
0.416902	0.528503	0.209747	
0.348675	0.578287	0.124134	
0.418139	0.579282	0.206192	
0.329316	0.492573	0.178439	
0.424346	0.497862	0.100883	
0.385039	0.54231	0.240083	
0.407599	0.589408	0.11938	
0.395317	0.452444	0.107221	
0.378095	0.615727	0.203079	
0.377259	0.534008	0.0524958	
0.393691	0.457884	0.0775595	
0.294386	0.520033	0.109305	
0.242834	0.508388	0.138479	
0.252289	0.54067	0.0691822	
0.24403	0.553635	0.130556	
0.295154	0.570185	0.124226	
0.276581	0.491618	0.18313	
0.27878	0.544647	0.189076	
0.241604	0.510434	0.188411	
0.269614	0.552557	0.0627889	
0.270059	0.577256	0.177922	
1	0.508739	0.874761	
0.906747	0.531724	1	
0.863687	0.504908	0.897238	
0.919398	0.468779	0.880806	
0.906418	0.494846	0.965111	
0.947349	0.498826	0.838343	
0.931454	0.565286	0.920961	
0.957518	0.488542	0.942117	
0.859464	0.512343	0.839532	
0.848872	0.554008	0.87543	
0.986861	0.45606	0.868016	
0.990065	0.551166	0.842502	
0.477117	0.688684	0.522137	
0.564592	0.665761	0.529734	
0.493861	0.677794	0.582124	
0.482498	0.640458	0.549253	
0.546951	0.723811	0.595464	
0.524535	0.73858	0.568781	
0.453692	0.654875	0.525725	
0.561622	0.722626	0.520005	
0.481671	0.653062	0.494287	
0.52652	0.633436	0.485636	
0.485266	0.72047	0.597718	
0.455197	0.644095	0.532489	
0.530909	0.665651	0.450214	
0.159285	0.209847	0.65545	
0.14584	0.196511	0.631086	
0.218635	0.196511	0.618526	
0.212489	0.257077	0.656033	
0.140694	0.251391	0.63458	
0.168913	0.15912	0.623806	
0.157883	0.274203	0.655417	
0.189708	0.156531	0.613227	
0.202199	0.174685	0.595115	
0.155491	0.166551	0.631139	
0.176348	0.285121	0.676958	
0.123741	0.244003	0.677027	
0.26884	0.435855	0.243068	
0.301174	0.484541	0.221079	
0.347283	0.445715	0.213755	
0.330973	0.419505	0.256544	
0.309254	0.393557	0.167089	
0.297168	0.444818	0.1481	
0.312579	0.384535	0.230856	
0.338293	0.45514	0.267217	
0.255372	0.388065	0.175028	
0.245157	0.436709	0.157782	
0.233978	0.478507	0.20314	
0.224954	0.437384	0.192822	
0.286423	0.395357	0.137635	
0.259124	0.4146	0.133439	
0.263393	0.400732	0.13635	
0.269542	0.375158	0.146466	
0	0.939713	0.0537531	
0.0680743	1	0.0300871	
0.0863819	0.95817	0	
0.0675438	0.939681	0.144791	
0.132634	0.889941	0.198818	
0.153361	0.933499	0.0877681	
0.11416	0.850374	0.160656	
0.0828851	0.879135	0.20386	
0.0337372	0.872775	0.146292	
0.135621	0.895829	0.0592642	
0.0463626	0.870733	0.0574789	
0.154307	0.944997	0.0198583	
0.414411	0.322174	0.130939	
0.399102	0.27614	0.16117	
0.379903	0.341997	0.159396	
0.380495	0.282138	0.190319	
0.356308	0.333654	0.120532	
0.315371	0.301052	0.17276	
0.41334	0.319692	0.208041	
0.354076	0.314219	0.210339	
0.30277	0.317641	0.148419	
0.454547	0.352865	0.133686	
0.691295	0	0.14914	
0.645916	0.03799	0.178642	
0.683557	0.042287	0.119181	
0.713078	0.0473302	0.177409	
0.6207	0.0687598	0.125606	
0.679845	0.0806707	0.223492	
0.704363	0.0920264	0.204584	
0.715543	0.0970048	0.148451	
0.703223	0.101812	0.123208	
0.612797	0.0919777	0.17005	
0.680707	0.106734	0.198892	
0.624077	0.106218	0.138554	
0.638972	0.0980544	0.206137	
0.721365	0.365927	0.659104	
0.753429	0.354522	0.603197	
0.672316	0.341737	0.600219	
0.708064	0.320153	0.65844	
0.697214	0.400243	0.649491	
0.742529	0.382838	0.573477	
0.705155	0.413697	0.576471	
0.788402	0.391146	0.613381	
0.693249	0.364789	0.555397	
0.771827	0.413017	0.614591	
0.780527	0.398836	0.601327	
0.657421	0.345701	0.652415	
0.653284	0.392829	0.615091	
0.65543	0.378812	0.557517	
0.66819	0.363943	0.69227	
0.640417	0.371637	0.576789	
0.648154	0.395493	0.567862	
0.634853	0.368735	0.592725	
0.471905	0.823892	0	
0.450414	0.827242	0.0592895	
0.439063	0.767632	0.0881567	
0.491578	0.801642	0.073132	
0.465506	0.786635	0.146751	
0.496599	0.853731	0.0104627	
0.406946	0.801924	0.0394633	
0.460369	0.758938	0.0314123	
0.418035	0.788785	0.00971968	
0.386265	1	0.852987	
0.395351	0.917714	0.827908	
0.418149	0.867134	0.877564	
0.394546	0.981622	0.801439	
0.332805	0.934649	0.870423	
0.342705	0.886913	0.857428	
0.434913	0.941373	0.871007	
0.391775	0.972254	0.913224	
0.329752	0.945291	0.815279	
0.412356	0.961876	0.909998	
0.3302	0.882419	0.894957	
0.30577	0.921081	0.844775	
0.292109	0.550497	0.274615	
0.2913	0.489548	0.279109	
0.272638	0.476103	0.249367	
0.240891	0.505298	0.247556	
0.352999	0.501221	0.228586	
0.353419	0.506688	0.273067	
0.334565	0.594034	0.269324	
0.387612	0.55955	0.249279	
0.270431	0.576871	0.210064	
0.23558	0.522793	0.219422	
0.245594	0.550435	0.197787	
0.326872	0.601865	0.232016	
0.308247	0.591072	0.187122	
0.387365	0.569683	0.249242	
0	0.407522	0.176831	
0.0336328	0.454907	0.137839	
0.0126379	0.467267	0.151039	
0.0102873	0.367241	0.139921	
0.0160475	0.335243	0.202554	
0.0204159	0.39121	0.262415	
0.0120148	0.429666	0.101335	
0.0537565	0.376007	0.264251	
0.0312251	0.321945	0.235992	
0.00197513	0.483086	0.0807353	
0.580999	0.82855	0.157238	
0.524164	0.827857	0.182105	
0.554848	0.818507	0.12956	
0.553997	0.889404	0.133525	
0.589002	0.896894	0.131241	
0.549059	0.769686	0.193594	
0.551619	0.919197	0.16146	
0.577345	0.922517	0.138972	
0.58271	0.928588	0.155129	
0.538805	0.770364	0.212742	
0.622965	0.634227	0.787776	
0.695662	0.602412	0.752189	
0.69147	0.600964	0.83723	
0.71555	0.633851	0.797761	
0.641687	0.68212	0.795414	
0.668723	0.643516	0.859117	
0.692078	0.655418	0.738086	
0.724737	0.585446	0.803301	
0.624102	0.658861	0.739041	
0.598359	0.672175	0.761464	
0.729338	0.611428	0.720794	
1	0.397848	0.845396	
0.945843	0.360658	0.754159	
0.955283	0.439772	0.813773	
0.930797	0.416244	0.854397	
0.939329	0.34171	0.856289	
0.882537	0.356927	0.822193	
0.93899	0.387563	0.887605	
0.889544	0.368396	0.771553	
0.951234	0.313289	0.783631	
0.923845	0.325604	0.739857	
0.982892	0.41465	0.897767	
0.86459	0.338553	0.784733	
0.905603	0.336305	0.733198	
0.888228	0.321378	0.764943	
1	0.408359	0.425374	
0.917136	0.394958	0.452666	
0.886512	0.428665	0.413571	
0.843408	0.349858	0.436468	
0.924415	0.327361	0.433553	
0.828438	0.376822	0.439759	
0.974512	0.462487	0.390667	
0.966487	0.482155	0.442789	
0.822054	0.364126	0.432716	
0.843729	0.336868	0.423662	
0.823933	0.356623	0.41999	
0.486204	0.623199	0.601469	
0.575999	0.580862	0.631393	
0.5404	0.554118	0.564991	
0.567288	0.599446	0.570005	
0.499195	0.608811	0.525994	
0.473983	0.560699	0.57863	
0.477394	0.558426	0.616293	
0.441571	0.616499	0.551766	
0.537678	0.561663	0.637678	
0.54581	0.539837	0.611857	
0.437796	0.640253	0.557796	
0.51875	0.516355	0.60073	
0.428282	0.65558	0.57316	
0.506357	0.513233	0.610755	
0.419117	0.623242	0.587092	
0.640891	0	0.952794	
0.638736	0.0127217	1	
0.657062	0.0304767	0.962222	
0.611387	0.0247384	0.969227	
0.618676	0.0243934	0.928609	
0.620906	0.00258292	0.919976	
0.321631	1	0.429893	
0.38387	0.957218	0.441181	
0.397087	0.987422	0.38352	
0.353877	0.966851	0.383114	
0.321126	0.967338	0.481845	
0.355746	0.911143	0.480008	
0.284422	0.961746	0.427739	
0.256049	0.992752	0.45135	
0.157897	0.688669	0.825723	
0.117146	0.689639	0.873073	
0.0762693	0.67533	0.852631	
0.085799	0.722572	0.802618	
0.179308	0.65456	0.829347	
0.157598	0.663202	0.86948	
0.159451	0.638176	0.826575	
0.0631144	0.663064	0.814224	
0.107528	0.622547	0.803533	
0.17118	0.65226	0.854255	
0.0963778	0.708053	0.768308	
0.0942394	0.648404	0.887133	
0.0845834	0.636014	0.873606	
0.612674	0.117997	0.328934	
0.631416	0.136839	0.261066	
0.647221	0.19543	0.320243	
0.669239	0.134711	0.277898	
0.580524	0.200038	0.312485	
0.683587	0.163821	0.270189	
0.543063	0.173138	0.332138	
0.565446	0.112949	0.286368	
0.634734	0.0851978	0.254717	
0.691083	0.164683	0.275286	
0.612914	0.191149	0.392947	
0.580022	0.150867	0.382588	
0.599594	0.2317	0.342226	
0.575653	0.210641	0.363089	
0.617289	0.0783465	0.255963	
0.546947	0.141458	0.345909	
0.557602	0.0906113	0.317989	
0.875206	0.294285	0.157968	
0.928059	0.347812	0.146247	
0.901597	0.333144	0.20579	
0.833839	0.337785	0.192732	
0.871809	0.399973	0.167648	
0.878296	0.339453	0.0850279	
0.874484	0.292256	0.230989	
0.891869	0.394319	0.110819	
0.93061	0.274777	0.224833	
0.89792	0.417337	0.139681	
0.774305	0.276739	1	
0.760926	0.333442	0.976064	
0.75745	0.258975	0.958531	
0.794559	0.297731	0.969314	
0.721144	0.265929	0.978345	
0.810234	0.321565	0.989622	
0.795963	0.232764	0.987721	
0.758737	0.210005	0.985039	
0.783465	0.191601	0.998081	
0.781999	0.206845	0.977762	
0.809301	0.376567	0.989054	
0.285266	0.71237	0.203669	
0.304094	0.763699	0.199575	
0.266439	0.789518	0.156425	
0.229287	0.760951	0.226243	
0.223248	0.699893	0.191229	
0.320701	0.73883	0.141398	
0.294965	0.742997	0.118002	
0.286096	0.697703	0.131943	
0.204578	0.78803	0.158648	
0.19202	0.749852	0.186557	
0.227474	0.716552	0.246043	
0.202841	0.800679	0.180529	
0.196477	0.724167	0.224731	
0.179118	0.580738	0.808522	
0.256401	0.567257	0.767922	
0.258802	0.622319	0.779188	
0.122316	0.55096	0.783594	
0.243805	0.52151	0.727511	
0.199397	0.56404	0.711298	
0.142014	0.523592	0.741327	
0.123228	0.522223	0.798306	
0.212795	0.519069	0.716594	
0.259109	0.599711	0.729154	
0.234031	0.600217	0.708943	
0.254211	0.55171	0.712348	
1	0.655782	0.415101	
0.965504	0.688074	0.402713	
0.940901	0.638203	0.400527	
0.967568	0.623098	0.435621	
0.970405	0.712695	0.4714	
0.988633	0.616267	0.357716	
0.955819	0.65792	0.489151	
0.919034	0.637125	0.478793	
0.917183	0.648495	0.485906	
0.649191	1	0.466249	
0.691226	0.949742	0.468868	
0.648745	0.946923	0.513961	
0.635346	0.969482	0.448346	
0.698731	0.955244	0.52949	
0.691795	0.986662	0.419066	
0.667668	0.974798	0.535107	
0.624565	0.980733	0.516299	
0.610637	0.979647	0.490216	
0	0.227907	0.769083	
0.0276992	0.198621	0.78379	
0.01297	0.181183	0.818785	
0.036978	0.239552	0.817859	
0.0277679	0.264129	0.769139	
0.293434	0	0.611534	
0.355847	0.0311296	0.635626	
0.320626	0.0639843	0.645878	
0.27161	0.0421346	0.605008	
0.28316	0.0332295	0.572682	
0.307428	0.0652023	0.579217	
0.332646	0.0229388	0.684245	
0.293895	0.0524178	0.568588	
0.375942	0.0344953	0.698187	
0	0.641141	0.808136	
0.0491185	0.613636	0.809846	
0.0191413	0.58168	0.834421	
0.0341928	0.675301	0.824174	
0.0541409	0.608437	0.868906	
0.0254543	0.636728	0.874935	
0.029569	0.700358	0.76823	
0.0281951	0.704826	0.77471	
0.00937964	0.702468	0.763897	
1	0.658935	0.111239	
0.956855	0.616643	0.160604	
0.971872	0.675662	0.172334	
0.968127	0.688369	0.139777	
0.929977	0.640874	0.141165	
0.93944	0.661683	0.185178	
0.960242	0.603855	0.0986623	
0.973427	0.675055	0.0783718	
0.924566	0.58877	0.140731	
0.822667	0.946667	0.57998	
0.859158	0.891013	0.58144	
0.816809	0.895867	0.519765	
0.868514	0.944987	0.620885	
0.781741	0.902814	0.528721	
0.844242	0.89413	0.638484	
0.800589	0.877099	0.616467	
0.808815	0.854002	0.559027	
0.776615	0.877089	0.550015	
0.834203	0.840391	0.605683	
0.797553	0.931724	0.660055	
0.785074	0.884977	0.513069	
0.297418	0.800376	0.727434	
0.356532	0.814436	0.733182	
0.346845	0.769665	0.722453	
0.274576	0.766153	0.685013	
0.246038	0.779504	0.716036	
0.329809	0.806609	0.685845	
0.341429	0.77281	0.79939	
0.291495	0.71686	0.722258	
0.252524	0.730552	0.701108	
0.3135	0.724659	0.802263	
0.333896	0.738005	0.830356	
0.469242	0.901785	0.601979	
0.483378	0.950789	0.61077	
0.525237	0.918388	0.559024	
0.472313	0.940387	0.641891	
0.50975	0.947204	0.63376	
0.525472	0.894555	0.62571	
0.483992	0.895148	0.638969	
0.509818	0.862636	0.596325	
0.545256	0.953942	0.600045	
0.556532	0.899231	0.580136	
0.527345	0.869735	0.546792	
0.555048	0.8807	0.536717	
0.558584	0.88128	0.538855	
0.631713	0.582975	0.166078	
0.582596	0.49229	0.202579	
0.565972	0.55767	0.215811	
0.692733	0.53778	0.118986	
0.560245	0.586397	0.180053	
0.606163	0.46679	0.1712	
0.538141	0.571211	0.163933	
0.598675	0.588962	0.258693	
0.694822	0.48167	0.1722	
0.577628	0.529402	0.114722	
0.63778	0.585094	0.260687	
0.574673	0.475184	0.128177	
0.635612	0.558193	0.0507838	
1	0.439126	0.216072	
0.982793	0.505839	0.217253	
0.985525	0.366849	0.240138	
0.984435	0.481379	0.155056	
0.994958	0.510607	0.225082	
0.999885	0.436921	0.32845	
0.983912	0.411153	0.139671	
0.991879	0.448798	0.113503	
0.999493	0.443635	0.108529	
0.675831	1	0.693263	
0.606315	0.922923	0.644422	
0.683123	0.947468	0.663881	
0.665035	0.981635	0.641077	
0.590051	0.981371	0.630098	
0.567852	0.954631	0.667117	
0.671911	0.913987	0.70625	
0.597994	0.893093	0.682589	
0.60073	0.904938	0.712644	
0.658772	0.918981	0.748055	
0.724398	0.980714	0.729871	
0.70072	0.969681	0.765392	
0.713837	0.99587	0.764037	
0.547197	1	0.199407	
0.538134	0.953414	0.256249	
0.5071	0.958045	0.229868	
0.57938	0.960748	0.174518	
0.520734	0.954385	0.192278	
0.597617	0.96068	0.197794	
0.508787	0.931888	0.267185	
0.510187	0.923238	0.244799	
0.602325	0.936108	0.16884	
0.401311	0.735231	0.113696	
0.41713	0.804131	0.123186	
0.450066	0.75818	0.163956	
0.388978	0.770421	0.0527367	
0.404864	0.808908	0.137969	
0.484971	0.746896	0.143788	
0.464019	0.779609	0.152029	
0.383664	0.717972	0.0209668	
0.396676	0.73125	0.0155487	
0.454495	0.720903	0.0770056	
0.417598	0.689549	0.09034	
0.431733	0.672043	0.185716	
0.384953	0.704225	0.0221147	
0.47594	0.708371	0.155219	
0.442374	0.684896	0.186137	
1	0.622116	0.921559	
0.924235	0.62947	1	
0.918191	0.666915	0.920956	
0.875941	0.682764	0.985448	
0.974718	0.536698	0.983089	
0.991188	0.634824	0.843886	
0.984128	0.713454	0.982439	
0.842809	0.629543	0.910177	
0.849484	0.60969	0.898236	
0.83858	0.633704	0.955687	
0.996676	0.60114	0.843774	
0.539189	0	0.664448	
0.497351	0.0277374	0.655187	
0.509876	0.0796058	0.679343	
0.517948	0.0222954	0.587295	
0.56887	0.104409	0.692249	
0.504548	0.000653653	0.586979	
0.611563	0.0588783	0.678229	
0.527192	0.0541974	0.719933	
0.601071	0.101176	0.677772	
0.582355	0.0293882	0.726816	
0.587033	0.0852619	0.704621	
0.332574	0.166659	0.731298	
0.300905	0.255269	0.700229	
0.306753	0.246758	0.755785	
0.304741	0.195464	0.66028	
0.370555	0.22491	0.732266	
0.336799	0.255733	0.658386	
0.286991	0.15951	0.688946	
0.342065	0.161465	0.674008	
0.392135	0.160974	0.723477	
0.344872	0.226266	0.64785	
0.379892	0.198779	0.675748	
0.350359	0.284673	0.72944	
0.317702	0.284856	0.732099	
0.370623	0.265365	0.68611	
0.345731	0.287159	0.697215	
0.402663	0.190312	0.702099	
0.395243	0.147261	0.704321	
0.28158	0.109805	0.662138	
0.298511	0.133534	0.601907	
0.312102	0.169883	0.635394	
0.340137	0.111374	0.585128	
0.276265	0.0809995	0.614949	
0.371795	0.0746569	0.63334	
0.368605	0.152772	0.623747	
0.338088	0.0720047	0.704615	
0.336621	0.17319	0.607214	
0.312247	0.0606931	0.681926	
0.384905	0.099962	0.668247	
0.338088	0.113863	0.708977	
0.376004	0.0548054	0.696055	
0.561208	0.51806	0.71095	
0.630398	0.540488	0.743481	
0.597487	0.584298	0.758191	
0.610862	0.544386	0.674019	
0.638277	0.517103	0.706748	
0.565006	0.508571	0.781101	
0.585313	0.520558	0.795328	
0.589761	0.470236	0.717595	
0.593042	0.474755	0.756802	
0.626072	0.59732	0.677779	
0.584635	0.583913	0.653694	
0.609386	0.495572	0.800582	
0.602346	0.490325	0.797219	
0.658421	0.580071	0.663364	
0.502434	1	0.679368	
0.467881	0.958702	0.660408	
0.486691	0.923453	0.670254	
0.506286	0.984429	0.619532	
0.543195	0.918394	0.671912	
0.510975	0.925531	0.718805	
0.468784	0.932476	0.649894	
0.450171	0.982947	0.715609	
0.536751	0.929067	0.717328	
0.546466	0.979129	0.624316	
0.557642	0.939986	0.637361	
0.523631	0.994038	0.60853	
0.475957	0.971074	0.743802	
0.470732	0.999875	0.752686	
0.44279	0.516804	0.891942	
0.491588	0.491048	0.883252	
0.442753	0.48426	0.850057	
0.48872	0.531993	0.832095	
0.480055	0.555049	0.913424	
0.498987	0.547833	0.896006	
0.445184	0.541933	0.823002	
0.42362	0.468709	0.906091	
0.516929	0.553803	0.852132	
0.449039	0.470131	0.923683	
0.825308	0.670625	0.691738	
0.836622	0.642893	0.612434	
0.908514	0.662578	0.688787	
0.816168	0.600848	0.650702	
0.886092	0.606203	0.695692	
0.890625	0.600317	0.640119	
0.921676	0.631867	0.637056	
0.768731	0.624256	0.69142	
0.924669	0.627137	0.682839	
0.76722	0.644966	0.677663	
0.797937	0.637217	0.731923	
0.765838	0.668941	0.607925	
0.906721	0.673822	0.74873	
0.164352	0	0.226959	
0.278788	0.057434	0.198061	
0.254609	0.0446365	0.276638	
0.235611	0.0887891	0.282014	
0.160142	0.0646863	0.234829	
0.273156	0.123633	0.242156	
0.111596	0.0129456	0.224845	
0.339535	0.101091	0.224893	
0.142604	0.0179144	0.177434	
0.336498	0.109595	0.250781	
0.138134	0.0208429	0.279984	
0.450878	1	0.573403	
0.441588	0.966812	0.61412	
0.434108	0.941274	0.584676	
0.395175	0.958005	0.596872	
0.465593	0.965439	0.557838	
0.405091	0.958071	0.551481	
0.394969	0.981383	0.562841	
0.399199	0.980097	0.536687	
0.412164	0.981439	0.528421	
0.837609	0.230123	0.535029	
0.853179	0.308244	0.490804	
0.827147	0.308238	0.569332	
0.787179	0.295218	0.557169	
0.776442	0.289352	0.481363	
0.794356	0.333475	0.509845	
0.916653	0.263355	0.502795	
0.835436	0.262119	0.454827	
0.74975	0.220815	0.551722	
0.75969	0.228596	0.470747	
0.904242	0.24433	0.482812	
0.906408	0.281481	0.461546	
0.791737	0.186532	0.495724	
0.854463	0.182898	0.490717	
0.769448	0.187377	0.539112	
0.812754	0.339113	0.427069	
1	0.931079	0.870677	
0.97529	1	0.901006	
0.965848	0.949843	1	
0.961904	0.911941	0.853212	
0.937421	0.960951	0.902093	
0.966915	0.90239	0.974075	
0.996576	0.906633	0.795288	
0.93561	0.955968	0.807414	
0.96829	0.957111	0.792998	
0.991546	0.912445	0.786194	
0.951235	0.936276	0.7935	
0.931606	0.912347	0.99004	
0.783207	1	0.794867	
0.877925	0.949867	0.857342	
0.771972	0.937865	0.808665	
0.89125	0.92054	0.78999	
0.77398	0.965069	0.756364	
0.757649	0.965192	0.861653	
0.892418	0.904008	0.830451	
0.847701	0.889764	0.855835	
0.802537	0.915492	0.87724	
0.870277	0.876266	0.813193	
0.937385	0.983023	0.792974	
0.703099	0.988655	0.816058	
0.688275	1	0.978178	
0.712932	0.918333	1	
0.728328	0.962152	0.942332	
0.770027	0.904234	0.976495	
0.706602	0.892944	0.939006	
0.668759	0.943786	0.943917	
0.675112	0.870334	0.974608	
0.683208	0.942648	0.895974	
0.459338	1	0.95044	
0.456703	0.950527	1	
0.486169	0.93291	0.932631	
0.446261	0.945673	0.91083	
0.48485	0.895655	0.965485	
0.523034	0.954657	0.97876	
0.394528	0.974845	0.95821	
0.258293	0.179106	0.595652	
0.218239	0.139066	0.612671	
0.224595	0.109062	0.581169	
0.290261	0.130625	0.555717	
0.217594	0.113537	0.542435	
0.291764	0.186689	0.55074	
0.250091	0.169428	0.52949	
0.186237	0.151479	0.566964	
0.178109	0.131578	0.596885	
0.259864	0.206723	0.528204	
0.66297	0.3105	0.798635	
0.692623	0.24671	0.813078	
0.670455	0.332945	0.863825	
0.659644	0.241461	0.876962	
0.642747	0.213826	0.831338	
0.707346	0.288128	0.871861	
0.655317	0.2943	0.893032	
0.636021	0.218708	0.794238	
0.606794	0.285044	0.80187	
0.624942	0.30772	0.868957	
0.637378	0.256057	0.768481	
0.625261	0.337717	0.812707	
0.586686	0.287627	0.844905	
0.607088	0.21534	0.810475	
0.5916	0.23147	0.854622	
0.621442	0.335591	0.785121	
0.594192	0.252651	0.881936	
0	0.856406	0.795288	
0.0441799	0.949791	0.823383	
0.0537201	0.908614	0.850396	
0.0429297	0.826511	0.796147	
0.00632951	0.820359	0.771052	
0.080332	0.978141	0.863746	
0.645331	0.2064	0.732508	
0.616488	0.201845	0.673434	
0.585893	0.245232	0.738299	
0.635788	0.26225	0.695601	
0.56194	0.238402	0.697368	
0.589927	0.160467	0.726536	
0.58196	0.193612	0.756258	
0.561926	0.169337	0.707147	
0.551099	0.207166	0.707075	
0.661834	0.263465	0.74846	
0.679677	0.210226	0.652043	
0.68421	0.207391	0.660905	
0.678816	0.230221	0.660908	
0.661096	0.288822	0.738617	
0.683403	0.252041	0.67632	
0.517147	0.866785	0	
0.498636	0.902808	0.0851111	
0.5321	0.850513	0.0647512	
0.500099	0.875731	0.144425	
0.480927	0.862146	0.0461419	
0.532009	0.92089	0.145653	
0.548351	0.905599	0.0630788	
0.577938	0.871881	0.0865498	
0.568002	0.85809	0.0319613	
0.575658	0.706291	0.272295	
0.506807	0.654027	0.307932	
0.515376	0.74897	0.293061	
0.509643	0.684975	0.199812	
0.469169	0.631167	0.244103	
0.554309	0.756344	0.212113	
0.458661	0.728968	0.226695	
0.54947	0.606524	0.267965	
0.51463	0.780441	0.248702	
0.423738	0.687898	0.290641	
0.522259	0.767038	0.206338	
0.42437	0.672181	0.226127	
0.430827	0.687678	0.195742	
0.43891	0.658479	0.183606	
0	0.221672	0.430401	
0.0329079	0.165026	0.415204	
0.0520091	0.21273	0.439142	
0.0247965	0.261992	0.458849	
0.0793973	0.191707	0.35068	
0.0297264	0.183099	0.323911	
0.0457857	0.225419	0.333571	
0.0712769	0.255838	0.372063	
0.0868866	0.231397	0.355238	
0.00251011	0.210902	0.313428	
0.00583315	0.193621	0.531619	
0.00723997	0.288833	0.441676	
0.0043414	0.220028	0.537796	
0.0018185	0.210685	0.540856	
0.363076	0.860869	0.558932	
0.377662	0.856107	0.605	
0.357693	0.81777	0.607212	
0.293806	0.896488	0.585311	
0.303539	0.839906	0.541605	
0.303978	0.801901	0.576271	
0.370587	0.812977	0.548236	
0.286492	0.824655	0.620705	
0.303024	0.846495	0.659692	
0.257216	0.838258	0.57949	
0.419144	0.814025	0.55505	
0.232853	0.256036	0.0892011	
0.29043	0.281769	0.0679881	
0.229565	0.277333	0.0291749	
0.292568	0.337322	0.118705	
0.261802	0.244876	0.0600552	
0.242314	0.359997	0.0845674	
0.28338	0.298288	0.156728	
0.220014	0.338168	0.147247	
0.175799	0.319554	0.0694715	
0.202305	0.374248	0.0966676	
0.2877	0.346402	0.158166	
0.156909	0.323482	0.119519	
0.191402	0.373676	0.122267	
0.832437	1	0.551533	
0.790171	0.957407	0.529339	
0.885832	0.962649	0.5423	
0.867713	0.981785	0.587207	
0.851825	0.949792	0.499205	
0.824078	0.975129	0.476053	
0.877913	0.973473	0.494866	
0.888156	0.980456	0.515333	
0.894914	0.98594	0.536052	
0.86911	0.983187	0.485562	
0.821052	0	0.951254	
0.848266	0.102791	1	
0.934947	0.0744401	0.967334	
0.833815	0.0977752	0.934736	
0.806637	0.149889	0.973892	
0.890619	0.159906	0.97534	
0.941288	0.144378	0.963337	
0.952084	0.137965	0.987309	
0.762173	0.0665023	0.964653	
0.761758	0.124094	0.963586	
0.755813	0.10254	0.936301	
0.427756	0.920213	0.614429	
0.457478	0.937592	0.640401	
0.421432	0.893048	0.551575	
0.467951	0.901946	0.638815	
0.45293	0.901644	0.52642	
0.469607	0.851207	0.601144	
0.45569	0.850013	0.547514	
0.889895	0.798128	0.13948	
0.862628	0.800978	0.109056	
0.871101	0.755935	0.104141	
0.924772	0.768732	0.0809618	
0.886322	0.745493	0.137926	
0.868653	0.789343	0.0741912	
0.935164	0.771451	0.137225	
0.906322	0.823743	0.102929	
0.901476	0.735723	0.126452	
0.925116	0.848762	0.15253	
0.967395	0.823787	0.122143	
0.943275	0.828021	0.157427	
1	0.569697	0.0708418	
0.95417	0.606899	0	
0.978952	0.510241	0.0995496	
0.984037	0.531686	0.0435311	
0.934786	0.55844	0.122144	
0.892666	0.62353	0.0433386	
0.985937	0.552303	0.124699	
0.889036	0.610924	0.103061	
0.953223	0.650123	0.0366365	
0.866047	0.591856	0.117274	
0.205313	0.604226	0.856536	
0.217217	0.637692	0.824285	
0.247017	0.573064	0.842026	
0.180412	0.654098	0.841927	
0.127001	0.59806	0.796359	
0.288843	1	0.304389	
0.318109	0.950966	0.312679	
0.296901	0.957762	0.232871	
0.273749	0.931544	0.255781	
0.294032	0.909484	0.273348	
0.351137	0.958974	0.253191	
0.240906	0.955257	0.296314	
0.37326	0.997033	0.280292	
0.243051	0.96658	0.360301	
0.785884	0.554594	0.66431	
0.779848	0.485646	0.667341	
0.72999	0.530061	0.711354	
0.753598	0.483244	0.684253	
0.787015	0.500893	0.726525	
0.723868	0.538206	0.633764	
0.714733	0.590135	0.708458	
0.761862	0.561729	0.750285	
0.780601	0.46763	0.714426	
0.756156	0.606742	0.728969	
0.734441	0.619171	0.696437	
0.837219	0.454507	0.670166	
0.861168	0.439284	0.619309	
0.839705	0.49282	0.611306	
0.866458	0.412833	0.612527	
0.810638	0.510385	0.624137	
0.831493	0.446232	0.593176	
0.808456	0.432677	0.699459	
0.822445	0.405062	0.639542	
0.75906	0.452686	0.645185	
0.789926	0.411973	0.666024	
0.862643	0.451933	0.595025	
0.779188	0.484696	0.58177	
0.807055	0.478092	0.707518	
0.789265	0.446299	0.705752	
0.764508	0.501449	0.593044	
0.813668	0.52277	0.560912	
1	0.194753	0.320978	
0.950407	0.176993	0.374826	
0.930598	0.186915	0.315498	
0.957747	0.136127	0.305144	
0.926865	0.214005	0.38815	
0.954134	0.232725	0.357078	
0.917677	0.139739	0.344647	
0.911051	0.171425	0.382309	
0.904888	0.193214	0.374848	
0.917948	0.117466	0.298067	
0.975495	0.110694	0.343958	
0.889042	0.174544	0.357143	
0.280639	0.275137	0.656419	
0.286269	0.225106	0.625191	
0.312947	0.26757	0.602706	
0.287832	0.317721	0.621507	
0.232247	0.320354	0.631687	
0.289781	0.315323	0.571408	
0.274424	0.294604	0.54794	
0.340027	0.296763	0.62966	
0.344041	0.28824	0.662205	
0.353339	0.280372	0.656133	
0.514956	0.405022	0.612418	
0.527529	0.456999	0.563	
0.46573	0.44333	0.628052	
0.482605	0.449026	0.527233	
0.438838	0.437986	0.566836	
0.479291	0.497528	0.588728	
0.447356	0.423743	0.537028	
0.514381	0.48011	0.540204	
0.516023	0.435882	0.666377	
0.512932	0.48814	0.633476	
0.439231	0.47736	0.583543	
0.494112	0.454632	0.664644	
0.487232	0.497739	0.625787	
0.504115	0.47075	0.655092	
0.531711	0.42123	0.488917	
0.795131	0.279646	0.702356	
0.857668	0.315788	0.706539	
0.813581	0.192924	0.681637	
0.795003	0.280637	0.781437	
0.883191	0.213658	0.691023	
0.835721	0.232583	0.643324	
0.835537	0.267899	0.794146	
0.852242	0.185177	0.74326	
0.880585	0.212223	0.766942	
0.897476	0.269316	0.770587	
0.795638	0.303062	0.777563	
0.834113	0.324375	0.772438	
0.913322	0.287816	0.724624	
0.843335	0.176075	0.654395	
0.856581	0.17163	0.691491	
0.873352	0.335838	0.753262	
0.855388	0.312922	0.801948	
0.875087	0.296327	0.805393	
0	0.598646	0.0151558	
0.101646	0.601815	0	
0.0823488	0.594791	0.0467479	
0.162296	0.617821	0.0380655	
0.116566	0.631574	0.0394703	
0.151243	0.631154	0.0937399	
0.198515	0.646325	0.00125243	
0.25435	0.676789	1	
0.245296	0.683122	0.931496	
0.254139	0.72902	0.956282	
0.220424	0.71331	0.951473	
0.231774	0.724535	0.912686	
0.29759	0.709867	0.938081	
0.267314	0.656704	0.97251	
0.258916	0.733291	0.899046	
0.297162	0.676206	0.922249	
0.303697	0.675148	0.979288	
0.2947	0.703957	0.879829	
0.49379	0.22917	0.647631	
0.519385	0.244868	0.69124	
0.53148	0.194137	0.678018	
0.47887	0.193017	0.74835	
0.531781	0.186856	0.728509	
0.542628	0.21521	0.730084	
0.424692	0.203089	0.67548	
0.5496	0.22816	0.673444	
0.447351	0.255718	0.674309	
0.446145	0.148406	0.696387	
0.43547	0.22097	0.732106	
0.48587	0.143322	0.724639	
0.534625	0.254976	0.640421	
0.42795	0.160549	0.731125	
0.500626	0.267207	0.640874	
0.72099	0.456362	0.293238	
0.774709	0.450383	0.315152	
0.713696	0.495797	0.344915	
0.779842	0.48418	0.311489	
0.766139	0.493456	0.348824	
0.354817	0.938476	0.541405	
0.389646	0.926742	0.593155	
0.385023	0.867974	0.594125	
0.313435	0.909176	0.572674	
0.375759	0.960117	0.583572	
0.409029	0.916237	0.50034	
0.343009	0.862251	0.497335	
0.385421	0.843772	0.508462	
0.439397	0.905738	0.51099	
0.434661	0.845804	0.519133	
0.674991	0.53462	0.857245	
0.616271	0.526725	0.848191	
0.636292	0.505269	0.803389	
0.627619	0.532245	0.818374	
0.705216	0.484706	0.877928	
0.63804	0.47643	0.824897	
0.619867	0.545372	0.921859	
0.729868	0.504241	0.81627	
0.681081	0.474035	0.814666	
0.65929	0.529271	0.933735	
0.698271	0.494735	0.803569	
0.642375	0.485464	0.79757	
0	0.152696	0.298089	
0.0344282	0.142696	0.252101	
0.0695534	0.156678	0.294675	
0.024504	0.192178	0.267844	
0.0615375	0.193372	0.294944	
0.0258396	0.122344	0.302639	
0.0729884	0.172908	0.333108	
0.0402226	0.153769	0.330812	
0.429501	1	0.29608	
0.400474	0.945042	0.257353	
0.478044	0.957705	0.252552	
0.482975	0.915579	0.27487	
0.39693	0.963206	0.305866	
0.51055	0.953436	0.313946	
0.454984	0.9154	0.320396	
0.474469	0.965575	0.338536	
0.514073	0.927572	0.329631	
0.513413	0.938144	0.338779	
0.39893	0.135972	0.28126	
0.44641	0.133606	0.317932	
0.506605	0.131675	0.280785	
0.447118	0.0869673	0.2958	
0.462312	0.195517	0.289403	
0.397641	0.207578	0.285553	
0.365331	0.0949624	0.315944	
0.370055	0.165026	0.319321	
0.343282	0.113293	0.314946	
0.352067	0.171343	0.297459	
0.335561	0.135212	0.309081	
0.719368	0.535007	0.546741	
0.700431	0.545507	0.479211	
0.687558	0.587731	0.501243	
0.719376	0.58139	0.477523	
0.759658	0.557084	0.505442	
0.64156	0.592418	0.499148	
0.718233	0.480529	0.514263	
0.766432	0.517036	0.508778	
0.632052	0.58695	0.523627	
0.549074	0.710371	0.744251	
0.510421	0.757652	0.7341	
0.567471	0.762537	0.776959	
0.515549	0.717163	0.694263	
0.5829	0.719611	0.712108	
0.522547	0.764695	0.675609	
0.607883	0.739283	0.771072	
0.631306	0.741247	0.745335	
0.136531	0.324597	0	
0.162162	0.413337	0.0447938	
0.0795663	0.376775	0.0472923	
0.122076	0.309974	0.078125	
0.215767	0.341597	0.0160576	
0.100431	0.431585	0.0811254	
0.143994	0.410709	0.0961695	
0.103222	0.252374	0.022244	
0.116375	0.466148	0.00967	
0.0978581	0.460794	0.0385333	
0.186141	0.276718	0.00364938	
0.152938	0.237701	0.0106174	
0.157428	0.237094	0.00217845	
1	0.826166	0.825434	
0.949964	0.786168	0.826241	
0.966161	0.848082	0.796816	
0.981849	0.759246	0.85874	
0.95655	0.831087	0.83683	
0.983827	0.779832	0.87727	
0.919522	0.804247	0.823542	
0.949069	0.773174	0.863908	
0.625025	0.620541	0.290065	
0.636582	0.740396	0.262634	
0.643277	0.654243	0.216973	
0.679654	0.689441	0.216854	
0.57905	0.644001	0.22189	
0.62703	0.733634	0.219393	
0.676871	0.698959	0.203085	
0.584982	0.622695	0.323983	
0.598659	0.778971	0.296623	
0.586992	0.777649	0.292464	
0.616214	0.781476	0.249774	
0.584453	0.587847	0.283475	
0.592619	0.58116	0.316833	
0.662455	0	0.664684	
0.704216	0.0876645	0.724941	
0.704574	0.0235879	0.705971	
0.685823	0.0637014	0.651647	
0.662553	0.041036	0.738012	
0.68923	0.0769403	0.759081	
0.661725	0.0782836	0.630681	
0.649552	0.0933102	0.722456	
0.668093	0.0195193	0.626105	
0.683109	0.125154	0.679515	
0.675755	0.120358	0.69921	
0.644449	0.115969	0.658303	
0.185772	0.738267	0.554089	
0.176074	0.698094	0.547222	
0.204983	0.719801	0.516335	
0.14803	0.726046	0.489325	
0.144685	0.762039	0.492484	
0.188835	0.682535	0.50125	
0.163882	0.712654	0.470311	
0.220984	0.690986	0.586158	
0.197606	0.657969	0.536942	
0.160637	0.732599	0.467586	
0.134991	0.748729	0.47202	
0	0.310745	0.593654	
0.10428	0.31385	0.630888	
0.0985959	0.352775	0.661638	
0.071082	0.368052	0.572694	
0.0484896	0.382045	0.646591	
0.0455545	0.285833	0.576903	
0.0485088	0.285788	0.667086	
0.0385972	0.399629	0.602891	
0.0692238	0.416991	0.607959	
0.0255543	0.368968	0.558445	
0.0329776	0.31455	0.527686	
0.02446	0.330279	0.530292	
0.00822896	0.23732	0.6248	
0	0.232289	0.0679944	
0.0643776	0.233695	0	
0.0419866	0.248714	0.110086	
0.0392467	0.297353	0.0468032	
0.0815861	0.268891	0.0681345	
0.0287798	0.177342	0.116279	
0.347878	0.286744	0	
0.294178	0.282661	0.0253801	
0.314371	0.234466	0.0511161	
0.330274	0.325232	0.0402236	
0.350371	0.237352	0.0411134	
0.290052	0.334724	0.0200208	
0.298056	0.243446	0.0845043	
0.311069	0.234691	0.0818264	
1	0.297717	0.352421	
0.888289	0.27908	0.408308	
0.949627	0.252681	0.313014	
0.944929	0.265128	0.427717	
0.979897	0.238182	0.374997	
0.998061	0.325986	0.285463	
0.954958	0.31643	0.450238	
0.900131	0.301987	0.453265	
0.786854	0.302701	0.890145	
0.837517	0.280686	0.937837	
0.823407	0.334111	0.966872	
0.785807	0.363331	0.946072	
0.84228	0.340702	0.934018	
0.812789	0.341006	0.878361	
0.817724	0.250122	0.916765	
0.82359	0.290709	0.849892	
0.860509	0.299754	0.878464	
0.80085	0.320653	0.833125	
0.808579	0.37609	0.9674	
0.805638	0.312825	0.826519	
0.85638	0.441741	0.932277	
0.859419	0.452268	0.885694	
0.837976	0.423852	0.903949	
0.874582	0.412709	0.918044	
0.811166	0.467922	0.883766	
0.832897	0.496742	0.848285	
0.829531	0.518267	0.871492	
0.878094	0	0.248531	
0.923053	0.0678606	0.257155	
0.826562	0.0598316	0.254653	
0.845481	0.0308787	0.316021	
0.897012	0.118459	0.273097	
0.898766	0.0845076	0.315342	
0.810709	0.0437703	0.277612	
0.929482	0.028644	0.322222	
0.854927	0.0932368	0.296006	
0.862263	0.00898294	0.163126	
0.82111	0.0132038	0.22022	
0.795609	0.0096989	0.277795	
0.897357	0.121844	0.287041	
0.413326	0.560657	0.754828	
0.416097	0.503691	0.798799	
0.46613	0.542951	0.799355	
0.409373	0.494693	0.742732	
0.373979	0.536117	0.724757	
0.362347	0.519399	0.757118	
0.396914	0.535024	0.835329	
0.354739	0.564464	0.792041	
0.343967	0.575569	0.722252	
0.3463	0.598114	0.735703	
0.286835	0.472658	0.0868754	
0.253005	0.466006	0.132237	
0.340491	0.5476	0.0741007	
0.342452	0.454115	0.0667372	
0.351805	0.517903	0.0444057	
0.347971	0.460135	0.146789	
0.347158	0.443875	0.126004	
0.351785	0.44586	0.0877879	
0.38741	0.483897	0.0355238	
1	0.701283	0.898089	
0.943786	0.723538	1	
0.892118	0.738477	0.940292	
0.950001	0.716754	0.84625	
0.963972	0.747363	0.928218	
0.92206	0.776373	0.844809	
0.852644	0.662038	0.878096	
0.875114	0.714338	0.826248	
0.891529	0.767998	0.845584	
0.882591	0.78741	0.873165	
0.913402	0.790268	0.872111	
0.837711	0.664004	0.941566	
0.863047	0.62484	0.870801	
0.880869	0.181915	0	
0.80119	0.202709	0.0409441	
0.849116	0.14979	0.107676	
0.849478	0.232016	0.1067	
0.77369	0.259021	0.0965336	
0.783009	0.167589	0.107554	
0.798732	0.126135	0.0426882	
0.869963	0.183914	0.133342	
0.753376	0.217011	0.0962435	
0.83673	0.194529	0.1438	
0.920773	0.229721	0.036829	
0.947899	0.213175	0.0670898	
0.755594	0.12887	0.0321724	
0.681933	0.629614	0	
0.658373	0.661357	0.0776124	
0.628042	0.66123	0.0312587	
0.717619	0.703415	0.0573402	
0.695949	0.619954	0.0681315	
0.722321	0.68131	0.0947158	
0.628161	0.584025	0.0671443	
0.740998	0.593712	0.0027977	
0.614818	0.568356	0.0321233	
0.632888	0.54524	0.00243269	
0.43856	0.533478	0.232338	
0.492015	0.493967	0.26533	
0.419386	0.497963	0.266482	
0.447939	0.462117	0.199568	
0.471974	0.473082	0.317806	
0.500038	0.437983	0.235895	
0.490201	0.450371	0.29658	
0.469874	0.411028	0.2388	
0.4765	0.483394	0.161675	
0.490701	0.441608	0.178066	
0.120216	0.748408	0.695182	
0.0832856	0.756338	0.636199	
0.122322	0.827083	0.667156	
0.147708	0.729909	0.643707	
0.0893105	0.805708	0.620696	
0.0588953	0.796313	0.697455	
0.142539	0.805955	0.7101	
0.0986851	0.804758	0.729779	
0.122694	0.756542	0.600824	
0.175986	0.76223	0.658474	
0.139963	0.783096	0.605241	
0.146277	0.761489	0.611697	
0.110961	0.8466	0.707785	
0.639875	0.884932	0.612916	
0.633463	0.946186	0.585797	
0.58	0.938951	0.580763	
0.598721	0.887365	0.552965	
0.590168	0.876506	0.637687	
0.622952	0.839183	0.595121	
0.629239	0.856963	0.657254	
0.562114	0.904783	0.546066	
0.593492	0.838169	0.593298	
0.569533	0.908974	0.538067	
0.626919	0.836176	0.630323	
0.579662	0.850512	0.56522	
0.603959	0.828472	0.576892	
0.290247	0.465843	1	
0.333881	0.474111	0.92172	
0.354844	0.442004	0.966775	
0.350635	0.402005	0.931842	
0.311681	0.457915	0.885366	
0.394568	0.42127	0.915497	
0.265786	0.518211	0.914731	
0.260042	0.509229	0.952468	
0.368378	0.441313	0.85469	
0.352975	0.386603	0.871347	
0.294064	0.843278	0.718838	
0.305118	0.889831	0.728377	
0.323861	0.882938	0.76761	
0.247177	0.871029	0.728203	
0.350256	0.845888	0.764923	
0.347695	0.836533	0.69692	
0.361504	0.868144	0.700172	
0.362205	0.887104	0.717312	
0.296646	0.842689	0.663143	
0.381185	0.817513	0.741247	
0.373969	0.880798	0.752777	
0.389938	0.841234	0.745536	
0.736251	0.754086	0	
0.732626	0.769258	0.0856031	
0.764608	0.774903	0.0591434	
0.69539	0.724646	0.0952347	
0.750993	0.712455	0.109971	
0.783963	0.722097	0.108681	
0.773654	0.745675	0.122944	
0.781861	0.732858	0.117778	
0.737655	0.830926	0.013232	
0.738926	0.676192	0.0859063	
1	0.871295	0.866715	
0.945733	0.843832	0.925625	
0.953222	0.883717	0.794288	
0.917567	0.787296	0.84367	
0.898944	0.828383	0.826709	
0.872946	0.850659	0.88192	
0.89163	0.908603	0.900583	
0.899283	0.810937	0.910224	
0.933618	0.901569	0.795188	
0.898355	0.892701	0.950018	
0.976138	0.917002	0.784638	
0.808939	0	0.823418	
0.883195	0.138794	0.784058	
0.871217	0.141116	0.732218	
0.846288	0.0471467	0.775176	
0.818464	0.0666936	0.843871	
0.790981	0.162317	0.811286	
0.784827	0.141678	0.746003	
0.813792	0.101409	0.719489	
0.769357	0.0866016	0.764697	
0.787769	0.0227777	0.801573	
0.756715	0.161347	0.792824	
0.750055	0.121332	0.812082	
0.736542	0.119602	0.781784	
0.89316	0.179484	0.730321	
0.755489	0.0640032	0.812827	
0.855967	0.171832	0.200876	
0.810809	0.152763	0.229517	
0.797833	0.19276	0.18445	
0.793954	0.191143	0.252579	
0.833294	0.183128	0.153129	
0.877398	0.206778	0.252306	
0.839302	0.235967	0.187205	
0.823752	0.236424	0.260472	
0.844141	0.168904	0.286299	
0.780817	0.249818	0.22022	
0.758009	0.234135	0.209178	
0.773864	0.250697	0.190953	
1	0.214298	0.912681	
0.966906	0.192308	0.966561	
0.923911	0.204502	0.945437	
0.957822	0.259705	0.909093	
0.923632	0.236951	0.925106	
0.921956	0.202108	0.913143	
0.92717	0.176902	0.905204	
0.995607	0.262575	0.86391	
0.934826	0.158181	0.927058	
0.979153	0.126098	0.944899	
0.357481	0.677498	0.385882	
0.35778	0.748597	0.392973	
0.434802	0.660582	0.401294	
0.426395	0.726462	0.422226	
0.447863	0.67604	0.361607	
0.427902	0.737034	0.338591	
0.305708	0.718641	0.3633	
0.328378	0.673756	0.33255	
0.301832	0.696511	0.356824	
0.39529	0.774351	0.368283	
0.365227	0.696101	0.297802	
0.389815	0.7451	0.30343	
0.30661	0.709167	0.339327	
0.411945	0.72826	0.286605	
0	0.824734	0.209784	
0.0745589	0.80908	0.197506	
0.0373754	0.837767	0.26083	
0.0273321	0.776613	0.162417	
0.0659255	0.765522	0.211208	
0.0100552	0.907962	0.185528	
0.0262986	0.731635	0.248931	
0.0375157	0.827099	0.103137	
0.0603377	0.751093	0.280809	
0.0437381	0.776378	0.316612	
0.00976579	0.788802	0.326635	
0.672881	0.343862	0.335164	
0.714695	0.368762	0.334881	
0.659145	0.404796	0.368232	
0.639674	0.34856	0.288044	
0.671799	0.428162	0.280155	
0.72728	0.379831	0.290236	
0.683052	0.397175	0.265409	
0.639761	0.437161	0.330214	
0.70313	0.327786	0.276277	
0.611694	0.406263	0.344193	
0.626261	0.417293	0.288527	
0.690992	0.304662	0.287666	
0.649187	0.360442	0.246477	
1	0.319801	0.255435	
0.877853	0.379135	0.252362	
0.860641	0.326261	0.249855	
0.84526	0.340505	0.227869	
0.842705	0.342285	0.242751	
0.975884	0.332826	0.195038	
0.971976	0.281952	0.231537	
0.473807	0.273159	0.287108	
0.413712	0.26655	0.258041	
0.498912	0.381598	0.277827	
0.433888	0.369278	0.202569	
0.515542	0.312128	0.289563	
0.392415	0.333011	0.274744	
0.426689	0.384524	0.281013	
0.429066	0.398555	0.234465	
0.54099	0.340322	0.270049	
0.419594	0.399639	0.259061	
0.394919	0.388999	0.261897	
0.523391	0.374452	0.225506	
0.513402	0.391768	0.237432	
0.484373	0.399763	0.19015	
0.405306	0.254116	0.318285	
0	0.931083	0.294457	
0.123016	0.858901	0.24494	
0.117904	0.888671	0.233301	
0.0473477	0.914857	0.216591	
0.105224	0.838997	0.231208	
0.0378325	0.809303	0.329055	
0.0400463	0.861496	0.34282	
0.0183586	0.862696	0.337055	
0.910217	1	0.625752	
0.941732	0.976852	0.586226	
0.904795	0.937879	0.593273	
0.945193	0.931503	0.636604	
0.958727	0.969314	0.660277	
0.929389	0.926137	0.668062	
0.901017	0.916981	0.646425	
0.527249	0.263915	0.751091	
0.550182	0.263389	0.663455	
0.5244	0.222738	0.74286	
0.483366	0.317362	0.71408	
0.497362	0.239679	0.759942	
0.488601	0.334147	0.767179	
0.549268	0.241425	0.662994	
0.540039	0.249501	0.647862	
0.530175	0.259466	0.637573	
0.465529	0.272749	0.767355	
0.519965	0.28923	0.643898	
0.517088	0.320709	0.651849	
0.463896	0.310215	0.769018	
0.471871	0.291928	0.783845	
0.467772	0.331812	0.76573	
0	0.569389	0.933616	
0.0258744	0.574156	1	
0.0644446	0.634937	0.908339	
0.0726058	0.576776	0.943187	
0.039407	0.619269	0.983363	
0.0771759	0.638421	0.870298	
0.0293283	0.560871	0.870349	
0.0697873	0.571242	0.860231	
0.0299071	0.52705	0.926052	
0.0501603	0.545442	0.879359	
0.0205962	0.53137	0.978332	
0.129577	0.565158	1	
0.183436	0.564365	0.945426	
0.105568	0.64723	0.929863	
0.116461	0.499927	0.94062	
0.114344	0.647799	0.974899	
0.154223	0.644559	0.976803	
0.143615	0.646761	0.942973	
0.0880117	0.536459	0.882585	
0.125725	0.655193	0.944649	
0.193521	0.558801	0.98191	
0.0600841	0.516266	0.990729	
0.144185	0.656894	0.994832	
0.602007	1	0.954517	
0.592278	0.926746	1	
0.627671	0.938706	0.901832	
0.533523	0.934921	0.929632	
0.561012	0.874981	0.912132	
0.543822	0.879911	0.966825	
0.627276	0.875261	0.945682	
0.629823	0.893255	0.894661	
0.677677	0.910484	0.904268	
0.670674	0.989899	0.91828	
1	0.111342	0.652414	
0.917246	0.106269	0.702774	
0.887219	0.0328577	0.64532	
0.957113	0.0645955	0.636951	
0.970456	0.0865548	0.721282	
0.863775	0.0925618	0.589015	
0.905672	0.140836	0.621937	
0.939655	0.116708	0.605676	
0.857638	0.0304212	0.584912	
0.873679	0.136671	0.582358	
0.820647	0.1905	0.364162	
0.805496	0.259549	0.345902	
0.87646	0.217465	0.338993	
0.872471	0.179801	0.420479	
0.886156	0.174153	0.371483	
0.90818	0.216899	0.425817	
0.912765	0.193855	0.395282	
0.780525	0.216912	0.335511	
0.766572	0.248298	0.401529	
0.792519	0.186384	0.440656	
0.852016	0.324187	0.434889	
0.76568	0.225174	0.353594	
0.78553	0.303134	0.426265	
0.803739	0.328073	0.408235	
0.433909	0.823313	0.251063	
0.476505	0.785133	0.177213	
0.403683	0.831366	0.182284	
0.388166	0.789638	0.253559	
0.401789	0.743857	0.182195	
0.439284	0.803081	0.150192	
0.490196	0.750446	0.167438	
0.37698	0.866048	0.241574	
0.408747	0.712791	0.237438	
0.408346	0.799973	0.295253	
0.431397	0.761946	0.293293	
0.49373	0.737198	0.176611	
0.263066	0.350369	0.76475	
0.277693	0.317374	0.78478	
0.244524	0.358506	0.854609	
0.183139	0.326654	0.798367	
0.210136	0.351966	0.715088	
0.244914	0.334657	0.700205	
0.186902	0.387529	0.737712	
0.154913	0.353955	0.763997	
0.158497	0.387014	0.777125	
0.238689	0.297613	0.727371	
0.855187	0.421004	0.849801	
0.914277	0.436053	0.928997	
0.910929	0.407888	0.908443	
0.896546	0.452875	0.82453	
0.842289	0.467734	0.83112	
0.815028	0.460044	0.845792	
0.949197	0.431385	0.914082	
0.866749	0.420032	0.808457	
0	0.388193	0.353527	
0.0369635	0.377739	0.370855	
0.116755	0.40492	0.324439	
0.0395142	0.410957	0.317406	
0.0980505	0.329175	0.346655	
0.151653	0.400892	0.296049	
0.104399	0.327554	0.286491	
0.148061	0.410729	0.292285	
0.138766	0.374276	0.288811	
0	0.588063	0.640413	
0.0289416	0.567181	0.604034	
0.0192891	0.525293	0.640325	
0.063544	0.553806	0.643024	
0.0241612	0.544662	0.672684	
0.00270996	0.514403	0.654508	
0.0394245	0.619354	0.621045	
0.039046	0.645509	0.645675	
0.0174799	0.654257	0.640743	
0.546638	0.841358	0.647212	
0.473566	0.834021	0.667565	
0.493726	0.826013	0.701551	
0.519196	0.797648	0.592387	
0.470137	0.78481	0.691962	
0.453005	0.788469	0.648654	
0.49528	0.755491	0.645686	
0.5776	0.757469	0.63417	
0.457855	0.772162	0.673732	
0.547266	0.745483	0.617856	
0.605197	0.793937	0.597714	
0.615311	0.800128	0.627631	
0.614206	0.813252	0.602698	
0.39073	0.488765	0.518029	
0.368233	0.4903	0.463099	
0.389024	0.449381	0.475929	
0.346949	0.493919	0.517893	
0.407915	0.490532	0.489368	
0.341283	0.453229	0.468246	
0.371175	0.447607	0.536236	
0.405443	0.521162	0.495287	
0.312816	0.498924	0.482012	
0.368531	0.443374	0.411758	
0.44731	0.371128	0.709238	
0.371025	0.308142	0.689313	
0.406758	0.314011	0.631919	
0.464492	0.380085	0.657733	
0.469439	0.296184	0.628438	
0.440724	0.341481	0.748678	
0.401917	0.299389	0.736873	
0.416929	0.271209	0.725924	
0.417254	0.261566	0.640039	
0.432691	0.278686	0.613428	
0.500039	0.399889	0.712094	
0.498559	0.362769	0.659169	
0.463584	0.260521	0.63564	
0.364274	0.271169	0.649234	
0.486556	0.377792	0.747936	
0.571107	0.297667	0.335079	
0.510288	0.248383	0.327151	
0.549199	0.326849	0.40007	
0.565995	0.244135	0.325335	
0.554271	0.353404	0.359804	
0.590404	0.31167	0.406139	
0.5714	0.350393	0.389772	
0.603077	0.231066	0.362227	
0.601718	0.244714	0.385141	
0.463974	0.230929	0.368102	
0.507719	0.199685	0.369544	
0.532181	0	0.569508	
0.52074	0.018605	0.532322	
0.472489	0.0727366	0.511166	
0.472838	0.051601	0.581522	
0.539627	0.0719248	0.484686	
0.449152	0.104427	0.566949	
0.500659	0.124816	0.522458	
0.432942	0.0946156	0.540736	
0.565445	0.0736001	0.497854	
0.428216	0.0645132	0.552956	
0.467214	0.127661	0.564688	
0.57487	0.0150923	0.497027	
0.819227	0.754928	0.65957	
0.880252	0.723718	0.689293	
0.769455	0.705585	0.668077	
0.854633	0.719281	0.74188	
0.797302	0.748935	0.726068	
0.81299	0.71461	0.607436	
0.754732	0.731399	0.614793	
0.827775	0.666516	0.75685	
0.771725	0.723989	0.60048	
0.90098	0.682516	0.750971	
0.758584	0.688139	0.60585	
0	0.454701	0.526468	
0.0424027	0.4753	0.515302	
0.0345169	0.396897	0.496828	
0.0260965	0.478567	0.560619	
0.0334702	0.422454	0.57988	
0.0623543	0.441253	0.574406	
0.00833865	0.517242	0.53055	
0.067552	0.400654	0.553385	
0	0.275549	0.697909	
0.110454	0.321436	0.719077	
0.125174	0.280643	0.763313	
0.125559	0.27913	0.677463	
0.0301034	0.341662	0.713653	
0.0674873	0.268373	0.810889	
0.0818502	0.239005	0.654397	
0.156794	0.286987	0.703368	
0.143236	0.249028	0.703772	
0.0868531	0.215008	0.660005	
0.0331669	0.22297	0.650135	
0.574555	0.51456	1	
0.535764	0.510814	0.913639	
0.555298	0.578729	0.887109	
0.487537	0.566448	0.916244	
0.603035	0.522725	0.965983	
0.543534	0.631739	0.89459	
1	0.306016	0.590314	
0.95688	0.274533	0.576543	
0.915709	0.325242	0.564303	
0.968419	0.261206	0.640453	
0.964562	0.334436	0.562004	
0.987934	0.297149	0.642232	
0.938666	0.306602	0.516108	
0.954628	0.302698	0.496924	
0.991806	0.364078	0.653311	
0.972591	0.28891	0.501734	
0.167499	1	0.104169	
0.149699	0.993472	0	
0.215892	0.888259	0.187949	
0.188002	0.967242	0.20175	
0.166457	0.916369	0.199311	
0.229836	0.950897	0.15087	
0.144777	0.973059	0.161555	
0.186748	0.85076	0.177298	
0.188823	0.962441	0.052071	
0.215079	0.852454	0.179433	
0.173873	0.871587	0.121024	
0.869094	0.766951	0.787262	
0.802122	0.75882	0.774814	
0.816526	0.77292	0.830272	
0.799055	0.767893	0.822882	
0.850876	0.780675	0.718853	
0.823419	0.721479	0.817965	
0.911009	0.741368	0.747086	
0.902351	0.711773	0.771595	
0.790904	0.714131	0.761039	
0.815155	0.693481	0.775396	
0.905936	0.729203	0.733393	
0.557195	0.639865	0.588033	
0.579981	0.653514	0.608085	
0.637964	0.661435	0.61577	
0.665496	0.670866	0.567559	
0.618851	0.630916	0.493456	
0.591481	0.572833	0.542115	
0.621454	0.714752	0.552898	
0.580846	0.614861	0.47984	
0.622097	0.573302	0.580927	
0.604343	0.572609	0.608107	
0.605167	0.60118	0.475018	
0.671963	0.725023	0.59359	
0.362485	0.334821	0.57273	
0.378391	0.381552	0.595329	
0.412935	0.299029	0.584485	
0.409892	0.371757	0.625694	
0.368844	0.346187	0.639	
0.445587	0.316186	0.602379	
0.338788	0.343444	0.617718	
0.40245	0.361527	0.644897	
0.364058	0.282604	0.609339	
0.398507	0.271387	0.616787	
0.629935	1	0.859117	
0.54936	0.946593	0.831417	
0.535935	0.927591	0.866914	
0.635625	0.92311	0.844339	
0.519395	0.896211	0.83466	
0.54088	0.882041	0.863566	
0.534297	0.898158	0.81933	
0.688431	0.92873	0.883542	
0.693842	0.966402	0.868343	
0.701621	0.96912	0.818372	
0.897601	0.0686635	0.740506	
0.842974	0.126147	0.665349	
0.950604	0.0761334	0.782337	
0.886371	0.165024	0.683732	
0.837255	0.159064	0.694482	
0.929536	0.11114	0.771595	
1	0.534295	0.247715	
0.966141	0.543736	0.249916	
0.982264	0.518346	0.225239	
0.968567	0.538893	0.310762	
0.993339	0.562145	0.203343	
0.99661	0.527324	0.187512	
0.279617	0.453891	0.291745	
0.251853	0.475328	0.321892	
0.319495	0.455659	0.33784	
0.303892	0.499968	0.330715	
0.265023	0.47212	0.365376	
0.331822	0.47804	0.316024	
0.308973	0.484492	0.370362	
0.787742	0.383339	0.346045	
0.761507	0.436419	0.27907	
0.775411	0.362282	0.279827	
0.760529	0.405402	0.259416	
0.832152	0.403532	0.281642	
0.794011	0.389567	0.243246	
0.811702	0.456563	0.306148	
0.799467	0.443415	0.262161	
0.817147	0.349241	0.314787	
0.833184	0.429502	0.345968	
0.798957	0.45622	0.348877	
0.823794	0.762968	0.516949	
0.740068	0.744764	0.459372	
0.826841	0.853212	0.529868	
0.736895	0.785722	0.551237	
0.751469	0.806855	0.492953	
0.873039	0.811707	0.575189	
0.832026	0.728311	0.565892	
0.820726	0.781126	0.600402	
0.781486	0.81006	0.593218	
0.746863	0.743299	0.596896	
0.882588	0.772865	0.583128	
0.779558	0.703588	0.508702	
0.899409	0.780283	0.571165	
0.893545	0.76451	0.567553	
0.734053	0.736366	0.499275	
0.74689	0.714911	0.569352	
0.705711	0.760354	0.509081	
0.74652	0.716741	0.599465	
0.268944	1	0.898939	
0.261666	0.995437	1	
0.256791	0.971816	0.929294	
0.289974	0.981692	0.875211	
0.280454	0.989738	0.967797	
0.233495	0.982994	0.873989	
0.274809	0.978737	0.837899	
0.288575	0.997095	0.821518	
0.844846	0.460962	0.757785	
0.876028	0.493993	0.792736	
0.868615	0.507235	0.732288	
0.782144	0.462652	0.765278	
0.807777	0.520764	0.805735	
0.840992	0.494136	0.707922	
0.828095	0.503454	0.706099	
0.842998	0.504765	0.704703	
0.785356	0.472595	0.824954	
0.755644	0.486418	0.769907	
0.824066	0.438784	0.824114	
0.771019	0.472984	0.724046	
0.747006	0.478258	0.802268	
1	0.275849	0.669539	
0.957357	0.292201	0.740526	
0.963785	0.256944	0.659392	
0.998423	0.249595	0.622949	
0.972269	0.339636	0.710936	
0.545606	0.0985859	0.442154	
0.605915	0.0325585	0.449783	
0.615623	0.0751427	0.381768	
0.546825	0.135806	0.374734	
0.567158	0.0152417	0.488338	
0.5525	0.144913	0.474244	
0.622391	0.00331663	0.369558	
0.599237	0.18132	0.409641	
0.823721	0.815248	0.766649	
0.852559	0.812938	0.832347	
0.845598	0.853662	0.790585	
0.912067	0.819371	0.790458	
0.914402	0.773156	0.801108	
0.842205	0.838608	0.74538	
0.850433	0.807539	0.723717	
0.907341	0.750107	0.809086	
0.860737	0.829231	0.732604	
0.876593	0.858324	0.775715	
0	0.526905	0.447288	
0.0488342	0.5067	0.552246	
0.0928492	0.49849	0.559364	
0.034502	0.539751	0.526908	
0.0440776	0.462231	0.442574	
0.092418	0.549541	0.532902	
0.106741	0.466794	0.434327	
0.132622	0.429489	0.517152	
0.0463015	0.507254	0.40409	
0.131362	0.522099	0.544185	
0.145855	0.506011	0.45714	
0.153273	0.512424	0.510986	
0.159805	0.480175	0.539172	
0.188697	0.467971	0.507964	
0.0175445	0.51831	0.406062	
0.174106	0.457793	0.481061	
0.161436	0.474106	0.448894	
0.891826	0.885656	0.695402	
0.84472	0.89091	0.748516	
0.941293	0.880231	0.766988	
0.854547	0.882272	0.781806	
0.96043	0.926692	0.740586	
0.952523	0.904064	0.67565	
0.332981	0.353311	0.661847	
0.29201	0.414831	0.622205	
0.2787	0.424902	0.686027	
0.258738	0.373471	0.701839	
0.300157	0.347839	0.705259	
0.237565	0.37634	0.641898	
0.276179	0.313602	0.689565	
0.281994	0.364633	0.573007	
0.343701	0.38296	0.61056	
0.263232	0.453512	0.66461	
0.250931	0.381993	0.554718	
0.24358	0.437212	0.648835	
0.240452	0.375089	0.56272	
0.364656	0.383797	0.55895	
0.293471	0.372759	0.528647	
0.388653	0.320923	0.508404	
0.391668	0.352044	0.486509	
0.320035	0.319518	0.499771	
0.297577	0.389214	0.567771	
0.334767	0.292549	0.561841	
0.387769	0.325986	0.450497	
0.245205	0.346139	0.523091	
0.241457	0.35756	0.542319	
1	0.902098	0.117581	
0.953753	1	0.0981049	
0.948775	0.905004	0	
0.913376	0.881717	0.0679364	
0.914579	0.912488	0.140048	
0.990371	0.792502	0.0486138	
0.994727	0.807743	0.109891	
0.975674	0.865044	0.163396	
0.968481	0.952631	0.172816	
0.898988	0.978241	0.119764	
0.865232	0.959779	0.0936966	
0.991224	0.910777	0.186502	
0.993504	0.993726	0.172277	
0.722425	0.724337	0.293285	
0.663811	0.685744	0.326436	
0.705563	0.694519	0.362071	
0.65941	0.755028	0.344281	
0.648389	0.763378	0.232257	
0.718338	0.766783	0.240492	
0.740512	0.727922	0.380717	
0.687775	0.798904	0.252582	
0.762087	0.744153	0.370532	
0.645925	0.795356	0.249422	
0.730332	0.767134	0.373453	
0.757808	0.748626	0.379346	
0.859883	0.508633	0.380906	
0.823836	0.425201	0.425007	
0.857493	0.475087	0.325647	
0.912246	0.524105	0.412968	
0.922416	0.505822	0.36055	
0.815655	0.39885	0.393226	
0.890079	0.534862	0.443074	
0.866584	0.441172	0.321272	
0.897423	0.546533	0.361453	
0.220304	0.30362	0.255524	
0.269052	0.347413	0.240428	
0.249682	0.294976	0.181602	
0.180048	0.275425	0.217569	
0.214223	0.387118	0.273677	
0.183661	0.400274	0.199889	
0.248764	0.356348	0.290303	
0.166713	0.30475	0.291142	
0.221967	0.277176	0.170241	
0.219263	0.340467	0.308256	
0.135832	0.399813	0.254463	
0.132205	0.3054	0.243948	
0.153255	0.410733	0.282093	
0.287907	0.347429	0.170069	
0.159828	0.385626	0.302305	
0.143238	0.312929	0.164019	
0.234242	0.397407	0.140957	
0.237151	0.39013	0.136033	
0.158816	0.341915	0.311475	
0.15477	0.372422	0.308686	
0.730578	0.122775	0.581547	
0.692908	0.0825913	0.548896	
0.798163	0.0546357	0.558968	
0.781301	0.0757619	0.519064	
0.787511	0.141593	0.511282	
0.81938	0.125774	0.573871	
0.704373	0.157668	0.575105	
0.755043	0.182656	0.58881	
0.848902	0.110628	0.5281	
0.807659	0.1631	0.552996	
0.747382	0.194444	0.56794	
0.864337	0.11429	0.550932	
0.797317	0.865469	0	
0.808142	0.791309	0.064434	
0.808518	0.795847	0.114269	
0.837483	0.763317	0.0886105	
0.796049	0.751521	0.118173	
0.845738	0.843849	0.047058	
0.766774	0.82465	0.0946544	
0.805315	0.864055	0.101727	
0.778742	0.773147	0.120402	
0.876982	0.778745	0.0414013	
0.773348	0.844657	0.11555	
0.781161	0.877426	0.0696863	
0.761495	0.870267	0.0239388	
0.425147	1	0.645242	
0.416127	0.948958	0.634809	
0.404776	0.971853	0.669965	
0.463097	0.933751	0.655775	
0.375424	0.979599	0.620685	
0.422056	0.637409	0	
0.471345	0.665816	0.0401546	
0.473286	0.576251	0.0697925	
0.377656	0.627054	0.0987804	
0.481653	0.645568	0.142277	
0.392754	0.673182	0.11062	
0.382079	0.677985	0.0261755	
0.38401	0.573976	0.0305806	
0.45088	0.624429	0.17274	
0.415879	0.653071	0.172145	
0.38952	0.707367	0.00814854	
0.391083	0.70744	0.00420227	
0.294868	0	0.175166	
0.306288	0.0369672	0.136527	
0.348088	0.0290578	0.238354	
0.234985	0.0390156	0.110946	
0.297061	0.0859133	0.134829	
0.358692	0.0576172	0.195912	
0.191778	0.0167223	0.125965	
0.363574	0.0603221	0.235008	
0.386424	0.0178963	0.229635	
0.663813	1	0.0636823	
0.655329	0.950604	0	
0.617024	0.956533	0.0540478	
0.661399	0.947317	0.0798878	
0.67595	0.909718	0.0243362	
0.69973	0.963998	0.081227	
0.662005	0.990686	0.117248	
0	0.163401	0.729036	
0.050992	0.15166	0.79049	
0.0777907	0.204858	0.829156	
0.0226277	0.130265	0.727129	
0.0543051	0.116407	0.742895	
0.00883072	0.152192	0.706112	
0.103048	0.184591	0.836142	
0.103185	0.200933	0.833336	
0.302512	0.190778	0.804183	
0.36672	0.115876	0.783071	
0.314932	0.0790938	0.775708	
0.355532	0.192	0.76775	
0.271485	0.13238	0.712671	
0.221728	0.137635	0.7662	
0.274694	0.129242	0.834546	
0.333012	0.106333	0.834822	
0.214141	0.170996	0.810633	
0.225866	0.169259	0.833532	
0.323664	0.0652526	0.825738	
0.388177	0.0969995	0.725379	
0.350801	0.0590286	0.820061	
0.52961	0	0.751368	
0.5692	0.0777737	0.812565	
0.485776	0.147537	0.781643	
0.536047	0.138995	0.750824	
0.54101	0.119479	0.809273	
0.436863	0.131227	0.755324	
0.572134	0.0925514	0.761375	
0.473282	0.0964655	0.714033	
0.467275	0.039273	0.7245	
0.536343	0.119766	0.704952	
0.57293	0.05199	0.789316	
0.563327	0.0286755	0.759407	
0.201778	0.443717	0.27197	
0.224039	0.534699	0.337358	
0.208111	0.461129	0.348563	
0.176477	0.518567	0.268349	
0.281666	0.496839	0.386245	
0.163285	0.435029	0.262031	
0.133659	0.477989	0.337602	
0.236871	0.520104	0.399829	
0.174	0.531625	0.377517	
0.154182	0.575633	0.298181	
0.501281	0.882528	0.667973	
0.526745	0.87255	0.697932	
0.572604	0.898106	0.70049	
0.62473	0.857297	0.672474	
0.620413	0.833898	0.651735	
0.292601	0.367834	0.834756	
0.284443	0.498972	0.864654	
0.326125	0.457118	0.81944	
0.306756	0.379966	0.829694	
0.327853	0.481974	0.870393	
0.332376	0.376553	0.864998	
0.238126	0.511081	0.916168	
0.358451	0.457193	0.845809	
0.251471	0.513409	0.923136	
0.290293	0.685677	0.467874	
0.333611	0.691092	0.49517	
0.328728	0.716276	0.547672	
0.295625	0.612481	0.484213	
0.267445	0.609499	0.520476	
0.337144	0.657912	0.562207	
0.248076	0.628041	0.476524	
0.351137	0.711792	0.551837	
0.314063	0.643607	0.448742	
0.353156	0.645376	0.506771	
0.267609	0.648468	0.447748	
0.368772	0.695207	0.554157	
0.345098	0.709135	0.591069	
0.359847	0.709968	0.586529	
0.517492	0.234763	0	
0.546223	0.300361	0.0446752	
0.539734	0.219983	0.0696189	
0.521522	0.31863	0.100627	
0.481617	0.311715	0.112212	
0.493755	0.189956	0.0418433	
0.5881	0.26383	0.0931786	
0.572126	0.26724	0.114011	
0.492039	0.204138	0.109805	
0.794341	0.824387	0.651801	
0.855427	0.825623	0.658837	
0.794443	0.792662	0.714628	
0.817494	0.832677	0.711396	
0.758675	0.765009	0.649947	
0.76391	0.756539	0.680938	
0.872447	0.776703	0.62503	
0.864456	0.817852	0.60254	
0.841602	0.748349	0.602707	
0.83811	0	0.373148	
0.822815	0.0434197	0.421286	
0.778278	0.0359359	0.349213	
0.866618	0.0517119	0.383302	
0.806286	0.0708494	0.338092	
0.85982	0.0462234	0.438273	
0.788055	0.032346	0.307282	
0.884547	0.0181438	0.438393	
0.907441	0.0124418	0.373425	
0.802045	0.0516029	0.305445	
0.336534	0.898275	0.792432	
0.300185	0.812908	0.790095	
0.369052	0.887634	0.796439	
0.395266	0.816364	0.812421	
0.369508	0.884705	0.766446	
0.280021	0.801051	0.842701	
0.306724	0.898787	0.869152	
0.300345	0.844208	0.886196	
0.392187	0.789483	0.773366	
0.329706	0.784284	0.876791	
0.291098	0.778823	0.861803	
0.404865	0.774527	0.797618	
0.317583	0.748277	0.842082	
0.40383	0.775085	0.790052	
0.373469	0.764347	0.853218	
0.408424	0.456287	0.318161	
0.471301	0.442859	0.366328	
0.364145	0.397852	0.346258	
0.419419	0.374621	0.404939	
0.369155	0.475077	0.376961	
0.406098	0.416301	0.415384	
0.391712	0.349792	0.312107	
0.401837	0.473328	0.400916	
0.488073	0.510558	0.382501	
0.490252	0.517142	0.361355	
0.463301	0.479745	0.40742	
0.354	0.419419	0.40321	
0.372731	0.352864	0.395013	
0.477915	0.514457	0.389959	
1	0.335051	0.983739	
0.934545	0.339095	1	
0.889888	0.355346	0.955252	
0.872145	0.329477	0.979722	
0.897945	0.299543	0.950459	
0.953364	0.319346	0.955383	
0.93215	0.286776	0.980959	
0.870006	0.390439	0.992837	
0.958076	0.372267	0.978715	
0.972268	0.307619	0.983586	
0.237379	0	0.0524555	
0.274232	0.0708778	0	
0.281663	0.104515	0.0664178	
0.239839	0.143993	0.0759699	
0.296229	0.0218821	0.0513252	
0.18964	0.101213	0.039909	
0.22565	0.155073	0.0270509	
0.195609	0.157436	0.051463	
0.197104	0.0296476	0.0928143	
0.376698	0.522437	0.56647	
0.418654	0.483633	0.536665	
0.425513	0.525386	0.575581	
0.408134	0.463219	0.562605	
0.369088	0.537309	0.503777	
0.389648	0.549655	0.519549	
0.405681	0.454477	0.53606	
0.390445	0.573857	0.577857	
0.42482	0.486541	0.602592	
0.409819	0.506238	0.610983	
0.414838	0.531986	0.60659	
0.501735	0	0.528177	
0.470137	0.0253975	0.498009	
0.552177	0.0210095	0.482299	
0.417213	0.0201779	0.515996	
0.472085	0.00958389	0.579305	
0.415492	0.0411242	0.527883	
0.425747	0.0287097	0.54502	
0.57434	0.00619361	0.493231	
0	0.206445	0.214614	
0.0277969	0.151082	0.175727	
0.0216602	0.244906	0.253351	
0.0248771	0.252245	0.183489	
1	0.87576	0.272448	
0.950682	0.85021	0.321341	
0.963958	0.847989	0.229541	
0.989592	0.846794	0.358494	
0.961115	0.909002	0.236086	
0.986334	0.939364	0.293842	
0.997379	0.921843	0.359153	
0.906975	0.688555	0.569318	
0.86672	0.720688	0.607671	
0.918065	0.6675	0.505043	
0.890465	0.618173	0.52752	
0.814894	0.63868	0.545307	
0.881292	0.598354	0.596152	
0.87595	0.740337	0.544919	
0.821627	0.59036	0.58447	
0.774613	0.672574	0.585051	
1	0.777168	0.511248	
0.953029	0.727547	0.53189	
0.953033	0.782137	0.591946	
0.906231	0.759949	0.562214	
0.95917	0.819587	0.535852	
0.972244	0.740823	0.45514	
0.973164	0.787375	0.458485	
0.93518	0.801675	0.496141	
0.91179	0.783075	0.581917	
0.985164	0.828317	0.474083	
0.911936	0.784387	0.505968	
0.9171	0.805554	0.538668	
0.904864	0.781916	0.539851	
0.971744	0.812655	0.598501	
0.921043	0.801602	0.580843	
0.325794	0.852678	0.159103	
0.29281	0.86741	0.127417	
0.315635	0.812545	0.193517	
0.292491	0.863298	0.205773	
0.316825	0.81297	0.106057	
0.239458	0.865614	0.184555	
0.294501	0.78362	0.114147	
0.238577	0.822532	0.202427	
0.33116	0.788916	0.137144	
0.284917	0.901299	0.172739	
0.207245	0.829015	0.185345	
0.279443	0.688583	0.660246	
0.344245	0.654394	0.636878	
0.345754	0.707863	0.646256	
0.293793	0.740781	0.65416	
0.283734	0.664883	0.760124	
0.320046	0.586185	0.707763	
0.308467	0.606616	0.747915	
0.379529	0.619939	0.688598	
0.333318	0.71811	0.596581	
0.372656	0.616595	0.711845	
0.398931	0.651142	0.679898	
0	0.55309	0.807349	
0.0350674	0.568846	0.798979	
0.0322335	0.528147	0.815909	
0.0253195	0.534691	0.761482	
0.0144181	0.509209	0.779765	
0.595093	0	0.0535212	
0.603799	0.028311	0	
0.602724	0.0478372	0.0708041	
0.543017	0.0327403	0.026715	
0.642938	0.0362569	0.0479326	
0.643069	0.0612723	0.0273747	
0.628986	0.0175467	0.0910147	
0	0.499816	0.862819	
0.0774556	0.467624	0.83816	
0.0533835	0.472026	0.79311	
0.0566973	0.520604	0.887713	
0.0873723	0.536665	0.804058	
0.0687555	0.515454	0.75904	
0.10378	0.480245	0.779451	
0.7605	0.797591	0.188392	
0.79343	0.788522	0.143167	
0.765158	0.77052	0.12653	
0.762646	0.731889	0.167785	
0.795981	0.73494	0.153124	
0.808673	0.831845	0.193618	
0.786387	0.730319	0.220681	
0.781531	0.754239	0.119769	
0.73601	0.748192	0.231807	
0.182442	0.534099	0.668513	
0.174497	0.517742	0.574	
0.124884	0.488125	0.613703	
0.171799	0.490192	0.700586	
0.1727	0.440625	0.657887	
0.203449	0.490292	0.548539	
0.175768	0.49015	0.534816	
0.172722	0.444925	0.571502	
0.219848	0.427009	0.637579	
0.251301	0.495446	0.667126	
0.251094	0.451499	0.620314	
0.238208	0.487812	0.708414	
0.248456	0.454874	0.687289	
0.7413	0.751063	0.76054	
0.706528	0.748127	0.675205	
0.753673	0.684188	0.761417	
0.718689	0.735432	0.802612	
0.658539	0.696309	0.693664	
0.688679	0.762475	0.800166	
0.696054	0.617176	0.691897	
0.66378	0.741108	0.780218	
0.724685	0.698791	0.6076	
0.66423	0.781743	0.778914	
1	0.397818	0.467134	
0.930964	0.437152	0.518325	
0.963106	0.370759	0.505823	
0.894348	0.347817	0.48448	
0.903385	0.383427	0.535306	
0.875612	0.40154	0.520332	
0.986886	0.476382	0.495377	
0.833172	0.380369	0.451676	
0.961564	0.484732	0.488492	
0.976824	0.483451	0.47538	
0.969527	0.306208	0.473698	
0.198089	1	0.258243	
0.221693	0.919962	0.251088	
0.236107	0.976504	0.220582	
0.174538	0.935493	0.257854	
0.228	0.907739	0.302256	
0.199616	0.906379	0.29624	
0.243258	0.837016	0.252757	
0.250155	0.887884	0.244117	
0.330027	0.848951	0.225591	
0.314701	0.907062	0.209756	
0.332908	0.88683	0.295371	
0.21096	0.87728	0.28905	
0.337021	0.881522	0.211585	
0.349153	0.885529	0.237001	
0.35489	0.869594	0.221543	
0.401119	0.196811	0.782606	
0.353223	0.195736	0.835885	
0.39946	0.183595	0.86696	
0.430477	0.148475	0.857232	
0.45787	0.179953	0.805565	
0.430501	0.220552	0.862654	
0.362596	0.120192	0.846361	
0.447782	0.206608	0.878839	
0.377295	0.062503	0.825553	
0.404959	0.118692	0.726384	
0.370549	0.0494486	0.804695	
0.427114	0.553161	0.924191	
0.389132	0.511977	0.90542	
0.386689	0.494219	0.84967	
0.361553	0.568722	0.889807	
0.358774	0.536421	0.853373	
0.821149	0.722908	0.113874	
0.875463	0.735002	0.0640109	
0.877131	0.696731	0.10292	
0.824165	0.740199	0.073327	
0.852758	0.762598	0.118857	
0.836591	0.763161	0.114253	
0.850714	0.68855	0.0683478	
0.783401	0.713432	0.11029	
0.575542	0.270114	0.52956	
0.607558	0.355294	0.516392	
0.539665	0.281634	0.549512	
0.583486	0.363386	0.549288	
0.632952	0.311979	0.583194	
0.580035	0.245182	0.580472	
0.589172	0.286674	0.603462	
0.52476	0.317653	0.496602	
0.560004	0.244518	0.591585	
0.6075	0.389738	0.525114	
0.548382	0.345532	0.482505	
0.592087	0.392709	0.493879	
0.549365	0.233537	0.578764	
0.546867	0.229963	0.570152	
0.575273	0.38454	0.487826	
0.337564	0.365639	0.286087	
0.328625	0.275021	0.287562	
0.274253	0.310961	0.263968	
0.307886	0.30378	0.208358	
0.337274	0.355847	0.208268	
0.269846	0.377377	0.254114	
0.312986	0.31228	0.32722	
0.369594	0.271653	0.260318	
0.377302	0.39293	0.248544	
0.377635	0.268504	0.329427	
0.358013	1	0.0977297	
0.319187	0.971657	0	
0.373914	0.925926	0.0729859	
0.348467	0.921046	0.140454	
0.404679	0.919739	0.146695	
0.306604	0.957397	0.060288	
0.432325	0.941826	0.130179	
0.396043	0.959065	0.164855	
0.313319	0.967259	0.14194	
0.436209	0.978916	0.1404	
0.426883	0.990789	0.155752	
0.468632	0.140656	0.214055	
0.41003	0.0553164	0.251993	
0.466798	0.19406	0.237242	
0.398619	0.108595	0.209846	
0.403451	0.173703	0.227593	
0.453266	0.168667	0.179955	
0.372013	0.0710888	0.292037	
0.352928	0.0847784	0.272645	
0.342039	0.155925	0.250699	
0.341311	0.155247	0.269599	
0.331396	0.135718	0.265456	
0.330027	0.13172	0.28682	
1	0.790181	0.928182	
0.953108	0.812417	1	
0.922356	0.797041	0.963704	
0.995282	0.746626	0.878897	
0.925156	0.89032	0.989117	
0.730849	0.834069	0.13218	
0.783223	0.821847	0.13456	
0.785407	0.860708	0.171383	
0.731498	0.885773	0.174465	
0.678329	0.847331	0.203055	
0.746147	0.88448	0.221889	
0.74126	0.87289	0.129751	
0.782209	0.874743	0.217032	
0.710109	0.868366	0.131901	
0.697124	0.875322	0.153369	
0.696042	0.884197	0.224455	
0.715177	0.887995	0.249791	
0.682983	0.874255	0.254964	
0.917639	0.704416	0.611209	
0.959464	0.735778	0.652983	
0.902844	0.801571	0.624798	
0.950337	0.733517	0.717829	
0.938258	0.689028	0.731212	
0.954207	0.648134	0.697556	
0.911413	0.801211	0.601648	
1	0.304684	0.022163	
0.932825	0.298842	0	
0.950928	0.305464	0.0646734	
0.902326	0.376404	0.0435385	
0.872066	0.288544	0.0687348	
0.873743	0.272142	0.0296705	
0.847186	0.319838	0.029466	
0.990777	0.405915	0.0269135	
1	0.32191	0.917225	
0.908571	0.347093	0.909463	
0.899162	0.27864	0.925438	
0.870959	0.321872	0.841742	
0.936823	0.269715	0.952704	
0.969749	0.293753	0.956654	
0.892207	0.257625	0.873937	
0.94107	0.278929	0.833992	
0.984837	0.371449	0.930835	
0.872974	0.282688	0.824551	
0.279076	0.644824	0.222454	
0.192739	0.608591	0.160298	
0.164075	0.645324	0.206498	
0.243138	0.653483	0.143818	
0.2803	0.604822	0.166457	
0.194303	0.574883	0.229197	
0.229829	0.664747	0.272997	
0.234002	0.604809	0.271551	
0.163732	0.686321	0.155662	
0.261621	0.63846	0.28212	
0.140629	0.658496	0.129696	
0.240266	1	0.399927	
0.216062	0.843399	0.417555	
0.273413	0.840151	0.444133	
0.229664	0.931525	0.443548	
0.282823	0.949173	0.377476	
0.205316	0.858385	0.438682	
0.319516	0.816962	0.419531	
0.394477	0.776922	0.66393	
0.310844	0.752728	0.632466	
0.425653	0.711959	0.656755	
0.433345	0.775195	0.731414	
0.313734	0.739503	0.614738	
0.434214	0.810733	0.729436	
0.409789	0.809605	0.749728	
0.3811	0.694167	0.600893	
0.335779	0.731869	0.599831	
0.370253	0.72129	0.584385	
0.396444	0.715015	0.591247	
0.376768	0.708961	0.58445	
0	0.251652	0.291383	
0.100702	0.186498	0.298484	
0.125078	0.237971	0.298301	
0.144984	0.2607	0.230649	
0.0491806	0.293448	0.211924	
0.0951708	0.234721	0.342533	
0.108266	0.288154	0.190163	
0.0913918	0.197544	0.329808	
0.103518	0.286297	0.326314	
0.602505	0.467508	0.657279	
0.577732	0.49897	0.596025	
0.540081	0.517209	0.652072	
0.655158	0.509109	0.67301	
0.67051	0.487339	0.641317	
0.643237	0.532894	0.611804	
0.58855	0.543342	0.574495	
0.507682	0.512758	0.618842	
0.58662	0.581519	0.640548	
0.618198	0.586023	0.643579	
0.177183	0.592579	0.558005	
0.164508	0.588505	0.607462	
0.207803	0.554932	0.576303	
0.130135	0.596015	0.574091	
0.150664	0.634595	0.561668	
0.168951	0.645908	0.585664	
0.161419	0.642773	0.609788	
0.199322	0.64743	0.60111	
0.122146	0.532425	0.578323	
0.49782	0.793406	1	
0.501151	0.795242	0.937029	
0.4817	0.879804	0.916919	
0.574777	0.793701	0.984915	
0.45843	0.86721	0.898338	
0.421902	0.761034	0.973217	
0.441206	0.759003	0.935596	
0.467833	0.728712	0.97509	
0.579037	0.398112	0.546567	
0.616065	0.435746	0.601089	
0.538461	0.489754	0.54509	
0.511024	0.511595	0.595211	
0.532478	0.447268	0.491169	
0.656341	0.470234	0.57472	
0.635362	0.397465	0.530094	
0.557363	0.417188	0.492772	
0.66168	0.429025	0.558349	
0.604088	0.399849	0.500442	
0.781683	1	0.404904	
0.730351	0.942004	0.431549	
0.793652	0.934948	0.480471	
0.766204	0.906195	0.402412	
0.758182	0.948117	0.33304	
0.812903	0.990362	0.34637	
0.826062	0.933012	0.462869	
0.851048	0.980933	0.447778	
0.820563	0.912708	0.443302	
0.256923	0.134986	0.444321	
0.296337	0.101383	0.482133	
0.280379	0.123459	0.521451	
0.320033	0.101815	0.448994	
0.213754	0.10832	0.5257	
0.322757	0.105852	0.447476	
0.260392	0.208897	0.479174	
0.29253	0.183353	0.397025	
0.191963	0.174423	0.44203	
0.171036	0.127842	0.509796	
0.284865	0.179649	0.383067	
0.232129	0.19642	0.428668	
0.282448	0.19234	0.525768	
0.181642	0.172717	0.474527	
0.187109	0.172544	0.512692	
0.192933	0.205428	0.477509	
0.116209	0.223845	0.460351	
0.139068	0.169672	0.417711	
0.0643211	0.143763	0.450419	
0.124197	0.224687	0.391964	
0.177531	0.202886	0.438299	
0.133723	0.131402	0.479714	
0.0941994	0.245003	0.381492	
0.119167	0.17858	0.518595	
0.0296973	0.213237	0.535449	
0.0529851	0.167465	0.521496	
0.173288	0.147306	0.463759	
0.0946799	0	0.215315	
0.0684924	0.0961021	0.203513	
0.119917	0.0987707	0.244874	
0.0884702	0.0655229	0.271104	
0.105038	0.147242	0.315972	
0.124027	0.180443	0.296733	
0.136131	0.0861108	0.300377	
0.0673676	0.152788	0.335995	
0.085237	0.0236232	0.196281	
0.611611	1	0.425702	
0.618014	0.88434	0.39566	
0.58174	0.921727	0.380414	
0.637601	0.909277	0.475546	
0.670756	0.91829	0.421556	
0.592616	0.96335	0.451511	
0.667384	0.867411	0.368823	
0.59345	0.890701	0.333026	
0.651555	0.85252	0.33485	
1	0.853807	0.7517	
0.958979	0.782084	0.762659	
0.987392	0.906651	0.7566	
0.553725	0.45252	0	
0.540795	0.383136	0.0456506	
0.55048	0.415355	0.151712	
0.512691	0.463493	0.102255	
0.446971	0.400082	0.131438	
0.462834	0.340835	0.126381	
0.585446	0.459768	0.0245291	
0.51411	0.445573	0.179747	
0.423124	0.429235	0.083544	
0.464564	0.432391	0.163477	
0.514279	0.465987	0.16861	
0.417996	0.123469	0.127132	
0.469963	0.140027	0.0759557	
0.407763	0.166901	0.0749343	
0.365841	0.131626	0.0913167	
0.48154	0.167158	0.151064	
0.41854	0.192482	0.129623	
0.364927	0.166343	0.124153	
0.43871	0.181661	0.160673	
0.460359	0.168247	0.175858	
0.433086	0.0522805	0.054245	
0.496515	0.198726	0.122942	
0.373009	0.815838	0.027417	
0.323574	0.787262	0.0623564	
0.368349	0.855742	0.0563103	
0.361152	0.79353	0.0936127	
0.309286	0.846228	0.0674901	
0.35094	0.830778	0.100724	
0.396953	0.824901	0.0698516	
0.409944	0.581459	1	
0.421197	0.60096	0.957183	
0.37573	0.581838	0.919262	
0.387808	0.572102	0.975821	
0.387173	0.551291	0.95444	
0.408052	0.491556	0.700001	
0.367062	0.463682	0.683987	
0.4123	0.52401	0.648749	
0.356936	0.526333	0.67519	
0.407413	0.476084	0.630483	
0.342064	0.469791	0.684542	
0.357633	0.500318	0.719151	
0.390314	0.543904	0.713041	
0.360478	0.468934	0.641267	
0.390472	0.50721	0.613305	
0.512235	0.787899	0.35528	
0.467652	0.842435	0.393367	
0.539921	0.88179	0.38002	
0.582717	0.808641	0.362784	
0.586439	0.849053	0.377818	
0.512138	0.874148	0.311051	
0.500221	0.805885	0.454804	
0.548738	0.801737	0.446368	
0.474749	0.783166	0.442356	
0.446786	0.781392	0.427705	
0.536552	0.923674	0.324563	
0.740583	0.349336	0.914768	
0.702936	0.298947	0.917812	
0.738296	0.240131	0.910465	
0.771818	0.257067	0.87135	
0.737059	0.343223	0.872784	
0.760182	0.297193	0.842813	
0.780804	0.223329	0.939888	
0.766576	0.369809	0.883562	
0.738616	0.258341	0.851623	
0.751353	0.384582	0.891168	
0.763834	0.676403	0.828076	
0.768188	0.604918	0.811689	
0.719285	0.620053	0.870409	
0.735346	0.593207	0.749926	
0.776887	0.719362	0.778825	
0.695849	0.702345	0.829657	
0.703408	0.656299	0.871644	
0.726856	0.627045	0.888413	
0.574353	0.674281	0.633077	
0.545512	0.708404	0.672745	
0.589558	0.681608	0.746519	
0.617737	0.626992	0.730316	
0.653147	0.615733	0.698343	
0.646752	0.742395	0.631886	
0.619384	0.702792	0.753757	
0.601797	0.748842	0.60043	
0.642203	0.588768	0.646621	
0.685152	0.694358	0.610218	
0.576464	0.748733	0.602342	
0.336198	1	0.781241	
0.321643	0.933151	0.757956	
0.292235	0.953022	0.789929	
0.29421	0.933156	0.827071	
0.355036	0.983741	0.760876	
0.357388	0.9176	0.785281	
0.359185	0.940833	0.770637	
0.308186	0.976078	0.824655	
0.283893	0.633924	0.110063	
0.336237	0.643941	0.0742567	
0.310552	0.569826	0.0609236	
0.24704	0.578757	0.107188	
0.334607	0.638868	0.161201	
0.353501	0.67834	0.117351	
0.854503	0.798094	0.135028	
0.828899	0.837089	0.14593	
0.810932	0.754188	0.132633	
0.789678	0.752028	0.12035	
0.869478	0.838741	0.110805	
0.774101	0.802699	0.122911	
1	0.501489	0.568224	
0.931958	0.473222	0.567971	
0.941546	0.525213	0.600935	
0.948175	0.459095	0.641883	
0.902872	0.491579	0.603181	
0.967574	0.513289	0.529391	
0.983373	0.43418	0.587879	
0.984425	0.502481	0.648489	
0.988662	0.442379	0.661078	
0.994318	0.492899	0.493951	
1	0.0575101	0.632438	
0.951701	0	0.645014	
0.966463	0.0316397	0.681682	
0.904346	0.0079442	0.650701	
0.991662	0.0914927	0.619065	
0.48812	0.066024	0.446139	
0.486266	0.100614	0.40139	
0.464983	0.0405153	0.375233	
0.458686	0.118418	0.436836	
0.504116	0.13368	0.448085	
0.458262	0.0385784	0.390838	
0	0.0982485	0.840814	
0.00661422	0	0.854922	
0.0294562	0.178982	0.848274	
0.0121	0.0610925	0.79748	
0.0663913	0.0619717	0.799116	
0.0678697	0.129893	0.863892	
0.12464	0.0931529	0.77815	
0.0339033	0.0299639	0.86983	
0.42351	0.27027	0.129742	
0.380598	0.327879	0.0986618	
0.176878	0.218811	0.383736	
0.15416	0.224583	0.335748	
0.137475	0.196882	0.359867	
0.196258	0.172677	0.345353	
0.121371	0.256317	0.366575	
0.144488	0.238641	0.410563	
0.543054	0.629625	0.627735	
0.462736	0.656436	0.621639	
0.468221	0.608789	0.640122	
0.531147	0.58298	0.651149	
0.425783	0.664756	0.581778	
0.420509	0.655446	0.579482	
0.419091	0.64811	0.595309	
0.642408	0.516162	1	
0.667863	0.582494	0.964239	
0.733836	0.577635	0.963026	
0.68577	0.567835	0.928589	
0.725177	0.551662	0.932673	
0.62874	0.433121	0.994538	
0.491982	0.0772742	0.335347	
0.408945	0.0793377	0.370281	
0.533116	0.128083	0.308001	
0.432932	0.170303	0.374112	
0.443653	0.0793599	0.416138	
0.432992	0.109981	0.418155	
0.503163	0.182596	0.335371	
0.476409	0.15328	0.423391	
0.296043	0.365675	0.777946	
0.343488	0.319467	0.76613	
0.317293	0.393591	0.733095	
0.336328	0.324341	0.717727	
0.343172	0.295407	0.744799	
0.3151	0.28291	0.748513	
0.289899	0.296009	0.722123	
1	0.97527	0.247216	
0.899782	1	0.282146	
0.919269	0.970531	0.239162	
0.839979	0.994906	0.257722	
0.969121	0.97234	0.345665	
0.809136	0.983107	0.30629	
0.370975	0.860114	0.159799	
0.365147	0.866888	0.100304	
0.316576	0.890334	0.111091	
0.382224	0.823331	0.10467	
0.363967	0.813217	0.133096	
0.347928	0.908273	0.193136	
0.353071	0.83632	0.191793	
0.313436	0.916322	0.175225	
0.89073	0.876406	0.543146	
0.929523	0.885162	0.561781	
0.916357	0.916855	0.533186	
0.909283	0.942223	0.540123	
0.937146	0.860817	0.606788	
0.92045	0.948372	0.564841	
0.900376	0.849889	0.620569	
0.896264	0.799844	0.56122	
0.938275	0.807651	0.60717	
0.270079	1	0.163821	
0.269048	0.920644	0.195769	
0.26653	0.941051	0.123976	
0.331155	0.951074	0.199432	
0.376939	1	0.721077	
0.385002	0.899662	0.68062	
0.395205	0.948413	0.745955	
0.404281	0.930542	0.658562	
0.346	0.948683	0.729987	
0.336955	0.975657	0.690255	
0.349428	0.986546	0.662	
0.318354	0.210046	0.242516	
0.255506	0.27014	0.213484	
0.25555	0.219838	0.202113	
0.225485	0.255186	0.189739	
0.341148	0.226608	0.212178	
0.255104	0.250901	0.158618	
0.293818	0.330606	0.171664	
0	0.65639	0.559348	
0.107065	0.64419	0.546967	
0.0362012	0.583431	0.558601	
0.112871	0.662251	0.591176	
0.0913295	0.638857	0.624927	
0.110111	0.588111	0.629644	
0.126498	0.590704	0.522315	
0.0895756	0.558003	0.603785	
0.0318395	0.677202	0.579196	
0.128019	0.610975	0.513128	
0.00118859	0.685248	0.541976	
0.525338	0.704933	0.634828	
0.482223	0.686669	0.723654	
0.457181	0.729821	0.704792	
0.433474	0.631044	0.668406	
0.429403	0.638059	0.706265	
0.434837	0.711804	0.59629	
0.447271	0.752564	0.616884	
0.484609	0.746184	0.60414	
0.406425	0.660011	0.621648	
0.62623	0.278153	0.486358	
0.679518	0.322159	0.514316	
0.669934	0.28278	0.545278	
0.667983	0.276557	0.461823	
0.625971	0.366956	0.478974	
0.680994	0.235204	0.526297	
0.608716	0.311243	0.430928	
0.577086	0.336514	0.45061	
0.655348	0.401401	0.531897	
0.580569	0.367564	0.470523	
0.56121	0.193977	0.643345	
0.530385	0.203473	0.605189	
0.554173	0.197716	0.568322	
0.50564	0.129084	0.676544	
0.538181	0.253455	0.636693	
0.552538	0.149393	0.71584	
0.544362	0.180975	0.553185	
0.544063	0.245102	0.603502	
0.570759	0.127996	0.707076	
0	0.851815	0.582375	
0.0547024	0.868276	0.65513	
0.101606	0.858272	0.617351	
0.056314	0.907477	0.556764	
0.0477984	0.788533	0.57444	
0.0328359	0.824466	0.663313	
0.106786	0.794726	0.563968	
0.0942835	0.825319	0.538666	
0.104869	0.785961	0.568876	
0.0334792	0.83469	0.527204	
0.0713168	0.854863	0.523704	
0.0938905	0.784254	0.553771	
0.101689	0.897303	0.536131	
0.0683032	0.779663	0.527281	
1	0.0670103	0.353753	
0.958252	0	0.352933	
0.955235	0.046809	0.405939	
0.935005	0.0793476	0.347542	
0.978925	0.11	0.372091	
0.971102	0.0952713	0.320276	
0.969327	0.0505478	0.298295	
1	0.268843	0.799156	
0.895398	0.23218	0.779691	
0.986299	0.324439	0.762118	
0.886904	0.26655	0.811351	
0	0.70895	0.972592	
0.0662755	0.718386	1	
0.0556385	0.669551	0.947092	
0.030303	0.749862	0.937765	
0.0979237	0.726212	0.96743	
0.1334	0.682751	0.990494	
0.137747	0.663226	0.97849	
0.0322363	0.79861	0.973439	
0.0695889	0.800843	0.992659	
0.768604	0.483107	0.511878	
0.780575	0.492559	0.423257	
0.796079	0.393202	0.456915	
0.810748	0.447498	0.508222	
0.729028	0.492449	0.447848	
0.776668	0.411556	0.415943	
0.797322	0.537851	0.498548	
0.809085	0.530951	0.540121	
0.830978	0.378519	0.450466	
0.718757	0.437272	0.437409	
0.801056	0.528898	0.550292	
0.722701	0.47072	0.415028	
0.533332	0.548378	0.482748	
0.50145	0.51752	0.549805	
0.513004	0.476304	0.489731	
0.534769	0.475298	0.462163	
0.604088	0.552209	0.568877	
0.947394	0.40404	0.586726	
0.906138	0.424233	0.619813	
0.8715	0.443283	0.603062	
0.869368	0.429525	0.581145	
0.874691	0.485712	0.584259	
0.908718	0.493226	0.543014	
0.900705	0.390148	0.582064	
0.887822	0.503533	0.57801	
0.888094	0.397808	0.617582	
0.846267	1	0.170773	
0.796314	0.952727	0.197134	
0.813642	0.965242	0.146783	
0.817234	0.934576	0.226076	
0.873869	0.973174	0.209712	
0.801788	0.977717	0.258544	
0.844842	0.974503	0.114841	
0.8515	0.936282	0.153023	
0.820484	0.24588	1	
0.853514	0.287455	0.970634	
0.877028	0.245347	0.97099	
0.854794	0.22985	0.937145	
0.867166	0.314081	0.928125	
1	0.589314	0.179433	
0.97864	0.660005	0.212687	
0.945783	0.593769	0.195708	
0.93878	0.641245	0.202652	
0.912671	0.616665	0.172987	
0.961182	0.562176	0.158777	
0.904753	0.512258	0.240319	
0.904562	0.543609	0.241985	
0.928601	0.525136	0.202771	
0.863966	0.545249	0.229123	
0.876058	0.5392	0.276454	
0.862742	0.558911	0.216639	
0.541087	0.233577	0.276532	
0.578033	0.202942	0.231351	
0.607947	0.261454	0.230591	
0.587633	0.278564	0.276686	
0.538137	0.17975	0.22748	
0.568316	0.241229	0.192318	
0.622618	0.238666	0.28693	
0.537341	0.197468	0.18605	
0.597615	0.30027	0.215864	
0.72601	0	0.36834	
0.74817	0.0531551	0.393261	
0.73498	0.0383433	0.329734	
0.734507	0.0801746	0.360492	
0.677835	0.0513265	0.36908	
0.676336	0.0283651	0.404103	
0.665239	0.0100668	0.34929	
0.710138	0.0807071	0.399477	
0.774927	0.0773549	0.346246	
0.130974	0.276915	1	
0.122409	0.240352	0.933954	
0.188898	0.214958	0.95178	
0.181984	0.20324	0.898384	
0.154001	0.188519	0.87365	
0.154168	0.292863	0.876641	
0.0769008	0.317629	0.90636	
0.102635	0.35824	0.937818	
0.130355	0.361684	0.894911	
0.0871988	0.349901	0.970486	
0.76521	0.523264	0.860628	
0.73292	0.549604	0.902566	
0.784994	0.418847	0.877755	
0.787129	0.418129	0.939554	
0.728364	0.455021	0.825989	
0.765612	0.438299	0.828535	
0.685527	0.423719	0.897322	
0.729085	0.403532	0.918865	
0.736309	0.402384	0.868645	
0.738173	0.48542	0.806571	
0.744287	0.571199	0.925276	
0.66956	0.424544	0.93258	
0.723294	0.334897	0.800037	
0.73459	0.285626	0.78782	
0.681357	0.351634	0.745098	
0.788639	0.325026	0.778861	
0.650313	0.343156	0.762931	
0.726355	0.31701	0.737813	
0.635251	0.343089	0.798319	
0.706332	0.345282	0.729839	
0.802035	0.30346	0.815693	
0.813321	0.315414	0.817125	
0.669989	0.298812	0.72712	
0.606975	0.225114	0.540361	
0.643352	0.259884	0.557983	
0.626239	0.251652	0.445709	
0.53681	0.234071	0.545244	
0.552447	0.20342	0.527305	
0.5686	0.327603	0.460691	
0.603965	0.293148	0.425588	
0.542702	0.223177	0.557536	
0	0.0558268	0.705361	
0.00229695	0	0.731222	
0.02445	0.0626154	0.710073	
0.0154716	0.0846178	0.671677	
0.00195744	0.00296025	0.612825	
0.48024	0.46595	0.787604	
0.462705	0.498389	0.747858	
0.449718	0.445805	0.750385	
0.484992	0.460136	0.849621	
0.410573	0.433436	0.765928	
0.374544	0.462224	0.799832	
0.38674	0.443789	0.776311	
0.43705	0.403355	0.775906	
0.459783	0.401533	0.756542	
0.377091	0.463708	0.860581	
0.494785	0.398857	0.747799	
0.358692	0.485413	0.842822	
1	0.811448	0.388163	
0.939784	0.80737	0.379005	
0.951258	0.745907	0.394206	
0.952395	0.831994	0.426846	
0.987277	0.86673	0.425443	
0.993975	0.897206	0.391973	
1	0.432028	0.950802	
0.949183	0.468311	1	
0.917596	0.441896	0.970042	
0.948114	0.400017	0.93426	
0.18267	0.646089	1	
0.201508	0.680366	0.920522	
0.164514	0.672429	0.976027	
0.223265	0.634985	0.915099	
0.264202	0.706711	0.884977	
0.139354	0.666277	0.970387	
0.221071	0.6319	0.964932	
0.269863	0.677694	0.877181	
0.27603	0.651107	0.901299	
0.755577	0.632054	0.51801	
0.788586	0.62525	0.440425	
0.75648	0.681192	0.47598	
0.739429	0.579425	0.461346	
0.754395	0.551451	0.458438	
0.800977	0.534242	0.551873	
0.810032	0.559383	0.448905	
0.840957	0.57317	0.504593	
0.769444	0.712088	0.477383	
0.858861	0.617643	0.437757	
0.770574	0.711692	0.479852	
0.809535	0.561592	0.565836	
0.219705	0.253944	0.334825	
0.184628	0.217636	0.271266	
0.207862	0.17716	0.307904	
0.213641	0.270049	0.304718	
0.135566	0.178018	0.314817	
0.245267	0.211961	0.30335	
0.232473	0.19172	0.286096	
0.149113	0.174151	0.286153	
0.159156	0.302834	0.326674	
0.200147	0.310105	0.327796	
0.650594	0.287116	0.633533	
0.58451	0.245899	0.634364	
0.585929	0.27019	0.711969	
0.597935	0.341667	0.617344	
0.617548	0.251113	0.612285	
0.628114	0.363055	0.633218	
0.540192	0.278252	0.627688	
0.6795	0.299752	0.693295	
0.676268	0.335903	0.69345	
0.533863	0.257043	0.63532	
0.682829	0.109732	0.342513	
0.656363	0.0625148	0.299603	
0.61675	0.0364165	0.321215	
0.653879	0.0562666	0.399384	
0.692155	0.125717	0.396794	
0.686022	0.16569	0.372218	
0.667386	0.167705	0.391087	
0.580516	0.0675975	0.285382	
0.569621	0.0646354	0.306685	
1	0.293656	0.131303	
0.950911	0.244682	0.13535	
0.940572	0.411231	0.0967514	
0.970729	0.432696	0.107629	
0.993192	0.425906	0.0809562	
0.9394	0.425347	0.125963	
0.987264	0.260556	0.205589	
0.991171	0.235124	0.186249	
0	0.957665	0.561185	
0.0821555	1	0.584877	
0.041757	0.947901	0.652458	
0.12681	0.919128	0.619959	
0.0337085	0.993896	0.689691	
0.120131	0.960196	0.542356	
0.169149	0.993499	0.64628	
0.0575263	0.963515	0.49367	
0.173191	0.987181	0.597568	
0.0180779	0.957393	0.501556	
0	0.501992	0.597198	
0.0488228	0.503991	0.605936	
0.0283545	0.525112	0.575147	
0.0182529	0.487737	0.62435	
0.0262812	0.513379	0.661479	
0.378604	0.453597	1	
0.372828	0.412241	0.97827	
0.38876	0.474273	0.975719	
0.415485	0.436868	0.967537	
0.876292	0.846699	0	
0.873173	0.871856	0.112407	
0.883075	0.840132	0.123499	
0.920271	0.789907	0.0270633	
0.871857	0.798726	0.00758953	
0.836884	0.92365	0.0724512	
0.886959	0.670499	0.253631	
0.899778	0.667679	0.186768	
0.923465	0.706218	0.198008	
0.961356	0.688076	0.240373	
0.925646	0.733455	0.233219	
0.867091	0.647327	0.205768	
0.854971	0.700546	0.197029	
0.906487	0.616275	0.224089	
0.939397	0.671801	0.303108	
0.969004	0.689959	0.30053	
0.296136	0.413995	0.745004	
0.234799	0.398258	0.70197	
0.264357	0.313358	0.71296	
0	0.521977	0.207644	
0.0535794	0.507936	0.157986	
0.0799465	0.532096	0.192341	
0.0154846	0.513869	0.102741	
1	0.720022	0.645407	
0.960816	0.688717	0.608669	
0.975611	0.718951	0.58286	
0.988061	0.646461	0.679718	
0.994363	0.734277	0.700701	
0.995425	0.693537	0.708382	
0.97089	0.80729	0.616214	
0.614111	0.770822	0.450711	
0.587845	0.793433	0.301176	
0.625867	0.835541	0.38049	
0.670841	0.700636	0.421193	
0.683559	0.803891	0.381086	
0.647797	0.681486	0.36664	
0.666686	0.680642	0.38417	
0.649847	0.666519	0.395178	
0.709907	0.717392	0.396571	
0.0552716	0.44634	0.620669	
0.0625287	0.547456	0.580962	
0.0773595	0.447099	0.643714	
0.0619748	0.515288	0.67993	
0.110817	0.54601	0.649328	
0.103446	0.499619	0.679653	
0.110877	0.443439	0.635206	
0.0908018	0.431341	0.597675	
0.376333	1	0.212105	
0.442161	0.956362	0.183976	
0.399061	0.895133	0.200431	
0.372065	0.903142	0.278055	
0.422791	0.894632	0.225256	
0.442667	0.950402	0.165318	
0.451304	0.927842	0.176256	
0.458793	0.916029	0.186698	
0.384318	0.876401	0.283012	
0.36598	0.866299	0.238088	
1	0.870603	0.448768	
0.931855	0.930178	0.494702	
0.891349	0.927951	0.494675	
0.95459	0.865312	0.503997	
0.941157	0.859952	0.463427	
0.932921	0.933771	0.44293	
0	0.918248	0.666111	
0.00554149	1	0.678824	
0.0204826	0.961651	0.696427	
0.094371	0.885767	0.662339	
0.0192526	0.845298	0.68584	
0.194505	0.821272	0.776724	
0.203701	0.80021	0.863094	
0.172409	0.767284	0.813356	
0.263938	0.816556	0.78485	
0.179808	0.855425	0.863749	
0.149284	0.798551	0.819721	
0.149785	0.830788	0.878061	
0.22177	0.832208	0.886899	
0.168617	0.844663	0.887763	
0.132067	0.384592	0.693392	
0.118965	0.385664	0.754712	
0.152938	0.332694	0.69156	
0.083001	0.384273	0.692874	
0.128945	0.330007	0.660282	
0.115933	0.383249	0.633629	
0.14704	0.328618	0.757387	
0.172068	0.839018	0.583473	
0.19018	0.82421	0.646988	
0.169525	0.84793	0.688911	
0.142189	0.879797	0.691615	
0.132054	0.857372	0.551532	
0.163751	0.894936	0.565428	
0.901603	0.240129	0.551678	
0.857898	0.302285	0.582619	
0.885206	0.289379	0.543952	
0.795117	0.260056	0.604755	
0.873204	0.186769	0.614856	
0.835894	0.290891	0.629997	
0.800017	0.251364	0.633936	
0.759981	0.208584	0.583237	
0.782028	0.203492	0.612529	
0.88031	0.146769	0.555392	
0.89846	0.18477	0.517158	
0.843073	0.156797	0.59894	
0.900956	0.20949	0.5007	
0.862683	0.1633	0.514294	
0.823766	0.15994	0.513966	
0.378592	0	0.484495	
0.355781	0.0237865	0.457631	
0.4001	0.0428186	0.48846	
0.391426	0.0216504	0.533037	
0.406302	0.0182959	0.432169	
0.420831	0.0187911	0.468765	
1	0.948025	0.40704	
0.91041	1	0.442964	
0.93454	0.97432	0.485624	
0.966696	0.994485	0.493241	
0.85916	0.961851	0.46372	
0	0.466404	0.350015	
0.0343176	0.480867	0.380196	
0.0723985	0.500716	0.360156	
0.00386501	0.496411	0.409385	
0.391179	0.280307	0.76383	
0.428287	0.25594	0.813328	
0.357998	0.235587	0.791193	
0.466291	0.237608	0.787833	
0.476767	0.267847	0.790459	
1	0.697218	0.802787	
0.951968	0.747266	0.775504	
0.989642	0.637758	0.782819	
0.980721	0.656468	0.723704	
0.238181	0.192898	0	
0.233409	0.240139	0.0222554	
0.331966	0.193305	0.0338039	
0.28402	0.19195	0.0655372	
0.294037	0.154095	0.0289635	
0.199751	0.213859	0.0314079	
0.162928	0.179064	0.00771101	
0.345316	0.0891466	0.43553	
0.33274	0.0977353	0.472524	
0.382581	0.106522	0.532878	
0.434111	0.0731682	0.478065	
0.386655	0.126002	0.409462	
0.438875	0.129755	0.491474	
0.396379	0.0714695	0.407241	
0.411536	0.0653376	0.541999	
0.324135	0.108325	0.436105	
0.41175	0.130476	0.551154	
0.421329	0.109763	0.558864	
0.769421	0.31632	0.224488	
0.795076	0.299436	0.272721	
0.709257	0.352196	0.245286	
0.746054	0.32399	0.323034	
0.83264	0.358183	0.255571	
0.81672	0.272769	0.211888	
0.713294	0.280203	0.273697	
0.732034	0.302807	0.328584	
0.754424	0.237107	0.251909	
0.727352	0.257154	0.226115	
0.671483	0.308677	0.241072	
0.677673	0.297683	0.227177	
0.669351	0.320298	0.226682	
0.625241	0.190679	0.214311	
0.664475	0.143438	0.230143	
0.590315	0.172734	0.175987	
0.612263	0.139416	0.166706	
0.648739	0.21203	0.270341	
0.594375	0.12511	0.197847	
0.580508	0.124285	0.239257	
0.664186	0.115092	0.249504	
0.648732	0.0916225	0.239238	
0.625233	0.080342	0.234731	
0.619264	0.0787284	0.244005	
0.751647	0.362327	0.493195	
0.744499	0.318949	0.551786	
0.715222	0.280746	0.541469	
0.675847	0.395616	0.524607	
0.701224	0.359332	0.455871	
0.729476	0.28366	0.448296	
0.810346	0.341431	0.436713	
0.722198	0.324886	0.419249	
0.77371	0.3383	0.423113	
0.334218	1	0.749445	
0.275986	0.919042	0.73793	
0.310561	0.945644	0.712613	
0.361417	0.917416	0.757501	
0.680709	0	0.537066	
0.711996	0.0526718	0.505714	
0.700583	0.029444	0.567423	
0.66803	0.0502698	0.498112	
0.677343	0.069142	0.579637	
0.693991	0.0871813	0.48329	
0.743778	0.866011	0.665005	
0.663716	0.84469	0.675849	
0.66755	0.882609	0.647109	
0.701106	0.85665	0.617603	
0.737257	0.927019	0.7054	
0.66048	0.878666	0.741531	
0.662952	0.403651	0.760612	
0.614447	0.401965	0.790018	
0.645301	0.470841	0.750656	
0.668259	0.393187	0.700229	
0.594456	0.436155	0.716273	
0.646058	0.352775	0.788449	
0.62758	0.490376	0.79003	
0.675265	0.356873	0.706565	
0.558457	0.390031	0.769135	
0.55059	0.436777	0.752632	
0.61436	0.335945	0.786119	
0.554812	0.452575	0.733885	
0.497909	0.712065	0	
0.564363	0.696626	0.0488893	
0.527334	0.7587	0.0739368	
0.535273	0.683777	0.0977872	
0.559007	0.732718	0.0980307	
0.558437	0.607896	0.0322272	
0.40507	0.728154	0.00371113	
0.461387	0.505908	0.514999	
0.476815	0.554639	0.507107	
0.431681	0.571003	0.531235	
0.44331	0.535834	0.602301	
0.444037	0.494326	0.605044	
0.411775	0.592097	0.583811	
0.586382	0.585619	0.821053	
0.627738	0.566684	0.782279	
0.640191	0.575827	0.837865	
0.586906	0.646628	0.818387	
0.622423	0.624114	0.85556	
0.566378	0.656166	0.789781	
0	0.27558	0.51604	
0.0970767	0.274264	0.414913	
0.045964	0.254853	0.529858	
0.146212	0.215125	0.509968	
0.176001	0.229482	0.436608	
0.0529951	0.333784	0.523825	
0.0340461	0.311855	0.478788	
0.130293	0.289649	0.595943	
0.1464	0.337234	0.581457	
0.165632	0.312556	0.649931	
1	0.704139	0.229273	
0.970981	0.716046	0.177856	
0.976706	0.734859	0.23633	
0.991637	0.698238	0.294039	
0.275024	0.585352	0.327241	
0.314297	0.572083	0.387004	
0.267796	0.628208	0.370559	
0.323764	0.633421	0.385916	
0.271274	0.579257	0.407866	
0.269675	0.661598	0.310289	
0.314329	0.640146	0.282222	
0.236975	0.565503	0.396342	
0.747599	0.809255	0.659583	
0.674158	0.797283	0.605286	
0.721415	0.79916	0.733242	
0.63657	0.842094	0.627284	
0.664494	0.816203	0.759285	
0.65006	0.752324	0.593904	
0.699045	0.721634	0.590002	
1	0.722375	0.0418342	
0.942064	0.737475	0	
0.914917	0.683978	0.0949979	
0.974939	0.743669	0.0981029	
0.886473	0.686731	0.0346591	
0.871755	0.763838	0.0195499	
1	0.608635	0.590505	
0.94295	0.686152	0.552495	
0.954199	0.605121	0.602244	
0.963884	0.606389	0.558765	
0.964656	0.62164	0.634283	
0.895484	0.754953	0.55354	
0.208109	0.55118	0.524017	
0.171589	0.542405	0.496349	
0.17986	0.626498	0.517114	
0.15685	0.633394	0.539493	
0.195119	0.65394	0.555013	
0.214375	0.651392	0.580588	
0.190777	0.475148	0.486802	
0.447507	0.691636	0.930233	
0.348601	0.654224	0.872912	
0.376221	0.742436	0.909215	
0.326103	0.714891	0.843683	
0.472088	0.745776	0.91478	
0.516262	0.680481	0.885916	
0.515979	0.684515	0.89963	
0.416009	0.78734	0.879018	
0.255728	0	0.905121	
0.256079	0.00457472	1	
0.260489	0.0400112	0.930935	
0.321771	0.0361901	0.880058	
0.301467	0.0707671	0.837445	
0.334346	0.0646579	0.83154	
0.21324	0.0135308	0.961439	
0.293618	0.0420084	0.818821	
0.501605	0.402377	1	
0.476779	0.355727	0.960906	
0.401635	0.385292	0.946174	
0.418924	0.45518	0.927732	
0.523758	0.439	0.958093	
0.53934	0.388677	0.96903	
0.526219	0.339852	0.997795	
0.789526	0.640229	0.24002	
0.772455	0.651764	0.18902	
0.847408	0.637845	0.246518	
0.781252	0.592539	0.15736	
0.866279	0.616914	0.142264	
0.825265	0.665521	0.156582	
0.814487	0.553348	0.206544	
0.79774	0.581179	0.263543	
0.734624	0.618834	0.22818	
0.874479	0.586388	0.223009	
0.85281	0.566938	0.148868	
0.742652	0.593506	0.246461	
0.726137	0.604534	0.227905	
0.830229	0.618338	0.109028	
0.826685	0.556063	0.108017	
1	0.2156	0.618064	
0.95331	0.231286	0.617768	
0.951952	0.161139	0.601648	
0.858481	0.159185	0.624701	
0.14173	0.217593	0	
0.264806	0.201655	0.0942346	
0.237272	0.215114	0.170476	
0.179705	0.243864	0.0155974	
0.164672	0.172896	0.0236258	
0.330594	0.564193	0.626868	
0.292867	0.579477	0.554197	
0.294441	0.65788	0.607762	
0.341993	0.559026	0.566934	
0.327688	0.585402	0.530274	
0.401597	0.598314	0.623176	
0.381333	0.596633	0.55129	
0.390547	0.637818	0.559574	
0.386917	0.685219	0.577589	
0.407162	0.67473	0.58748	
0.479914	0.87455	0.199438	
0.429493	0.879333	0.203421	
0.428795	0.849973	0.296556	
0.478321	0.92088	0.202109	
0.463767	0.918877	0.188029	
0.495518	0.918483	0.199732	
0.492098	0.792652	0.287223	
0.522228	0.922613	0.299432	
0.260936	0.961948	1	
0.289813	0.928868	0.900536	
0.249641	0.908503	0.935988	
0.287274	0.95627	0.975169	
0.204454	0.9229	0.89544	
0.254868	0.916156	0.872396	
0.197275	0.907165	0.934334	
0.378961	0.373708	0.689339	
0.406319	0.413157	0.717104	
0.421972	0.39107	0.667457	
0.363908	0.40699	0.721378	
0.477292	0.40261	0.72453	
0.42874	0.368257	0.748495	
0.48837	0.390419	0.746448	
0	0.251296	0.900163	
0.0576708	0.199964	0.876994	
0.0542655	0.272029	0.922893	
0.0950148	0.250978	0.843547	
0.0582241	0.338694	0.925129	
0.0336695	0.332078	0.937556	
0.352625	1	0.945774	
0.320295	0.966384	1	
0.334252	0.958504	0.933249	
0.313918	0.924411	0.977063	
0.720275	0.049675	0.600549	
0.708469	0.0875181	0.632988	
0.784985	0.0936045	0.604718	
0.709074	0.156812	0.617433	
0.679343	0.13649	0.608042	
0.665248	0.125866	0.638453	
0.885176	0.459896	0.653353	
0.903091	0.420852	0.663763	
0.908275	0.495761	0.651917	
0.93195	0.499402	0.651389	
0.946057	0.491115	0.688648	
0.909366	0.504956	0.708767	
0.884669	0.401098	0.622341	
0.929597	0.480147	0.71285	
0.867383	0.413632	0.609495	
0.960578	0.433507	0.680333	
0.964799	0.473709	0.701991	
0.959188	0.400813	0.645873	
0.491066	0.709561	0.381445	
0.43157	0.779255	0.342246	
0.455662	0.750029	0.419487	
0.490249	0.742947	0.432555	
0.406977	0.761965	0.306241	
0.46268	0.783006	0.770812	
0.488117	0.82618	0.761657	
0.544244	0.810107	0.834117	
0.521146	0.842673	0.80177	
0.453681	0.813396	0.803323	
0.5735	0.804574	0.81526	
0.594201	0.773151	0.810745	
0.590108	0.781458	0.830762	
0.574288	0.192011	0.81518	
0.503589	0.207558	0.849763	
0.513125	0.144467	0.863464	
0.552178	0.104322	0.84171	
0.499158	0.205214	0.893228	
0.537025	0.118862	0.872141	
0.567834	0.140993	0.890779	
0.590136	0.123331	0.815908	
0.592146	0.109357	0.850106	
0.562583	0.247031	0.84688	
0.610163	0.172414	0.856269	
0.552801	0.218333	0.893458	
0.604533	0.194581	0.895605	
0.539305	0.253195	0.866398	
0.481923	0.233484	0.882147	
0.494531	0.242148	0.883641	
0.547525	0.223081	1	
0.618245	0.262145	0.948562	
0.563203	0.304219	0.944046	
0.619372	0.193075	0.945568	
0.496776	0.274669	0.945413	
0.489203	0.199526	0.959527	
0.584432	0.156542	0.96899	
0.546187	0.264792	0.879844	
0.607231	0.145482	0.998494	
0.451736	0.222778	0.984501	
0.456854	0.206146	0.998098	
0.618951	0.148889	0.99388	
0.354064	0.352634	1	
0.383317	0.326748	0.935268	
0.360638	0.330922	0.904593	
0.359623	0.368577	0.881164	
0.371259	0.271952	0.980464	
0.595814	0.630498	0.15109	
0.568878	0.72053	0.154452	
0.592284	0.649562	0.0962159	
0.574529	0.662172	0.0784476	
0.511777	0.600373	0.180016	
0.513077	0.740176	0.153518	
0.554764	0.59837	0.217771	
0.558556	0.599012	0.0976852	
0.516727	0.752083	0.18384	
1	0.23794	0.981758	
0.971505	0.2004	1	
0.934848	0.229204	0.974838	
0.989997	0.115553	0.993868	
0.671123	0.230591	0.209317	
0.694228	0.250832	0.16845	
0.731263	0.252045	0.155084	
0.733183	0.183969	0.18774	
0.723333	0.184393	0.245815	
0.69229	0.214198	0.259448	
0.701059	0.119795	0.223852	
0.6864	0.132679	0.251017	
0.679985	0.10646	0.228233	
0.728981	0.265552	0.182898	
0.584231	0.427429	0.217571	
0.661895	0.396078	0.215062	
0.605296	0.332273	0.24212	
0.630082	0.305695	0.174953	
0.674648	0.322714	0.198322	
0.643781	0.305399	0.214922	
0.547871	0.477098	0.15632	
0.385999	0.432564	0.663937	
0.401563	0.426914	0.603426	
0.47395	0.433009	0.675001	
0.3657	0.396792	0.642141	
0.370203	0.445307	0.629405	
0.394149	0.480257	0.606813	
0.451241	0.490253	0.62162	
0.492602	0.394791	0.665628	
0.506141	0.415463	0.685258	
0.851784	0.151739	0.158752	
0.818298	0.155768	0.186842	
0.913961	0.123915	0.24109	
0.91056	0.159285	0.245132	
0.905369	0.200332	0.163538	
0.870982	0.139435	0.278746	
0.936542	0.16237	0.224333	
0.479749	1	0.143676	
0.543265	0.963882	0.134949	
0.479062	0.941024	0.14075	
0.467235	0.95132	0.180251	
0.54008	0.951167	0.103682	
0.497131	0.913089	0.184195	
0.890587	0.825316	0.397514	
0.901856	0.743044	0.37665	
0.85879	0.76423	0.36472	
0.855712	0.789714	0.38421	
0.349734	0.41627	0.587069	
0.405853	0.423219	0.535829	
0.374933	0.462668	0.569063	
0.34977	0.419354	0.538567	
0.427645	0.450634	0.550562	
0.354622	0.387575	0.623507	
0	0.717198	0.598349	
0.0221368	0.742621	0.671114	
0.0512715	0.705706	0.674002	
0.0679	0.683013	0.636078	
0.0908999	0.731055	0.58341	
0.0489615	0.730992	0.540588	
0.0125377	0.715401	0.531953	
0.0249763	0.769631	0.524567	
0.36278	0.519079	0.417663	
0.401221	0.54883	0.461931	
0.322739	0.5286	0.465352	
0.434542	0.496961	0.430471	
0.345178	0.544656	0.507223	
0.357476	0.588715	0.462448	
0.404243	0.457899	0.421363	
0.31807	0.461717	0.422631	
0.465873	0.520289	0.399908	
0.295015	0.473837	0.421703	
0.383148	0.463403	0.251404	
0.39973	0.428105	0.169879	
0.375233	0.402759	0.256405	
0.45041	0.462888	0.136948	
0	0.00931027	0.473615	
0.0895111	0	0.471142	
0.169898	0.0452938	0.413966	
0.142974	0.092248	0.398725	
0.176938	0.116053	0.476157	
0.0502211	0.0746223	0.448695	
0.0934954	0.0284488	0.388046	
0.0824869	0.067039	0.51325	
0.165269	0.075113	0.524558	
0.160909	0.0391204	0.350164	
0.159883	0.13055	0.522785	
0.605626	0.781762	0.185912	
0.639749	0.872991	0.141923	
0.627522	0.831435	0.10325	
0.580464	0.815828	0.0992239	
0.671489	0.829546	0.130351	
0.66585	0.8905	0.199155	
0.135256	0.703475	0.431139	
0.147291	0.718661	0.330155	
0.144005	0.769678	0.345556	
0.121768	0.754173	0.401414	
0.173935	0.667257	0.388154	
0.186968	0.698181	0.451146	
0.0819502	0.725114	0.398467	
0.136808	0.739977	0.470269	
0.168657	0.75693	0.459262	
0.18783	0.731556	0.460896	
0.111673	0.74058	0.313319	
0.313134	0.732037	0.423224	
0.349092	0.759882	0.458018	
0.346129	0.680271	0.438534	
0.386506	0.722083	0.466746	
0.313355	0.721294	0.505799	
0.365117	0.673554	0.484365	
0.396827	0.783752	0.415794	
0.862756	0	0.71578	
0.942587	0.0407369	0.768212	
0.823265	0.0419651	0.666699	
0.806611	0.0502595	0.725771	
0.8069	0.0199403	0.715722	
0.813258	0.00690928	0.648632	
0.937181	0.0700226	0.795021	
0.841924	0.0103203	0.607842	
0.908744	0.037304	0.808998	
0.924718	0.0175395	0.810228	
0.633467	0.238282	0.189601	
0.617274	0.223791	0.127452	
0.694556	0.272082	0.126489	
0.554217	0.218743	0.135544	
0.554365	0.186855	0.166312	
0.694218	0.298637	0.160336	
0.815623	0.531673	0.332215	
0.781465	0.571537	0.369695	
0.746395	0.544213	0.397031	
0.747686	0.526783	0.421838	
0.78639	0.446197	0.377636	
0.735358	0.510708	0.380847	
0.87256	0.56691	0.376604	
0.868548	0.558791	0.445883	
0.886276	0.558267	0.415083	
0.763518	0.565545	0.334011	
0.894546	0.542083	0.339641	
0	0.862945	0.422285	
0.0131381	1	0.445506	
0.0435477	0.869193	0.451319	
0.0309225	0.784026	0.362262	
0.029655	0.76107	0.448179	
0.0560591	0.769962	0.514777	
0.704879	0.473166	0.698506	
0.684669	0.529614	0.751748	
0.714613	0.468056	0.78003	
0.636886	0.470876	0.698519	
0.749643	0.465413	0.758295	
0.719327	0.51146	0.80306	
0.738284	0.513935	0.78821	
0.677575	0.547799	0.660196	
1	0.171278	0.246414	
0.949863	0.119435	0.267857	
0.963059	0.199775	0.226641	
0.93731	0.101756	0.315	
0.97913	0.229172	0.184905	
0.108024	0.770699	1	
0.151318	0.683911	0.916288	
0.146462	0.73357	0.86106	
0.164046	0.78423	0.88617	
0.0744239	0.735475	0.899022	
0.146008	0.73836	0.962832	
0.0996957	0.664516	0.914398	
0.121449	0.792612	0.864062	
0.0916893	0.812115	0.914273	
0.128903	0.815121	0.936126	
1	0.583071	0.58398	
0.889215	0.521649	0.627403	
0.943963	0.559554	0.643769	
0.883613	0.565698	0.673598	
0.910824	0.558928	0.579489	
0.850152	0.570902	0.618482	
0.818441	0.208439	0.876442	
0.854606	0.209923	0.823878	
0.763191	0.230754	0.817288	
0.757507	0.151237	0.869472	
0.747361	0.203931	0.889526	
0.791615	0.126442	0.875154	
0.834659	0.309345	0.816523	
0.821377	0.312658	0.805275	
0.482514	0.716337	0.755376	
0.568866	0.678127	0.793703	
0.531805	0.642982	0.818826	
0.708458	0.644258	0.244036	
0.757686	0.696713	0.281662	
0.739717	0.65966	0.303155	
0.718678	0.676208	0.213813	
0.765375	0.736095	0.355091	
0.699484	0.646681	0.216309	
0.722052	0.617932	0.219439	
0.75898	0.710021	0.361024	
0.178783	0.649278	0.886086	
0.238981	0.642042	0.856401	
0.238443	0.553217	0.932523	
0.180974	0.654979	0.849342	
0.258624	0.559827	0.880111	
0.272287	0.611262	0.887447	
1	0.509706	0.348378	
0.965079	0.54648	0.38563	
0.922732	0.550276	0.322769	
0.922961	0.567749	0.346047	
0.536843	0	0.97362	
0.569737	0.0644675	1	
0.615834	0.0953538	0.977312	
0.577343	0.0327483	0.94447	
0.558299	0.0828766	0.981272	
0.506994	0.0157308	0.96934	
0.486657	0.0259798	0.995111	
0	0.180141	0.626708	
0.0332228	0.121795	0.593079	
0.0537932	0.0804965	0.670592	
0.0885042	0.134466	0.660914	
0.0731603	0.195213	0.631778	
0.0220897	0.219136	0.589531	
0	0.383182	0.448886	
0.0286764	0.411019	0.407951	
0.0854531	0.390568	0.455974	
0.0637285	0.333413	0.434248	
0.0762669	0.36505	0.507099	
0.778673	0.87723	0.685098	
0.756904	0.843312	0.598665	
0.820296	0.871494	0.651605	
0.759223	0.821458	0.711972	
1	0.945487	0.70926	
0.960945	1	0.733038	
0.984067	0.934241	0.667327	
0.995047	0.989348	0.627258	
0.941291	0.998726	0.801012	
0.634533	0.715715	0.132245	
0.644314	0.689948	0.180423	
0.580472	0.738455	0.0904335	
0.673148	0.700313	0.18715	
0.556809	0.761875	0.127587	
0.529175	0.758277	0.187326	
0.474069	0	0.254368	
0.527195	0.0595729	0.26092	
0.420308	0.040865	0.323696	
0.511339	0.0113633	0.211593	
0.434085	0.0223958	0.205042	
0.37942	0.0231948	0.252858	
0.568728	0.0206417	0.277426	
0.559467	0.00657201	0.235874	
0.123473	0.442364	0.173016	
0.16021	0.480818	0.190829	
0.187329	0.447068	0.128614	
0.132507	0.511366	0.121215	
0.172044	0.415559	0.0978402	
0.118144	0.488	0.0950522	
0.197167	0.437738	0.235612	
0.218829	0.389649	0.125519	
0.794081	0.897603	0.760935	
0.813232	0.825868	0.786049	
0.757915	0.860867	0.829093	
0.813117	0.859183	0.828297	
0.745898	0.913298	0.852614	
0.698161	0.937397	0.816159	
0.714228	0.950233	0.848298	
0	0.8753	0.901618	
0.0293579	1	0.928451	
0.0185485	0.917408	1	
0.062422	0.814541	0.855174	
0.0327382	0.984379	0.864437	
0.0279187	0.785102	0.90382	
0.0895793	0.873084	0.943255	
0.0906433	0.960192	0.885384	
0.790477	0.19122	0	
0.787956	0.258632	0.0482046	
0.843866	0.281937	0.0670532	
0.775557	0.137371	0.00505491	
0.737417	0.219668	0.0661382	
0.751784	0.137975	0.00911	
0.330102	0.751016	0.539911	
0.322389	0.82124	0.466541	
0.309298	0.774253	0.450063	
0.388453	0.745047	0.516077	
0.410506	0.782749	0.518146	
0.38565	0.769517	0.573159	
0.413527	0.797668	0.440954	
0.422572	0.819533	0.525711	
0.883381	0.11871	0.396881	
0.862438	0.128106	0.358749	
0.92391	0.0720913	0.396163	
0.947842	0.123421	0.37728	
0.825417	0.0866813	0.405676	
0.901269	0.132714	0.310197	
0.923952	0.105806	0.305812	
0.807761	0.762359	0.478432	
0.860842	0.828106	0.491108	
0.861509	0.829838	0.52238	
0.789729	0.836298	0.471712	
0.760775	0.721381	0.473299	
0.789813	0.277514	0.166695	
0.851528	0.277595	0.222925	
0.778396	0.237855	0.149212	
0.939787	0.239939	0.204194	
0.797726	0.283292	0.0942857	
0.758225	0.258168	0.129953	
0.746189	0.261502	0.591458	
0.677044	0.22769	0.59028	
0.707212	0.26268	0.655325	
0.660771	0.227486	0.645733	
0.631915	0.357165	0.601607	
0.729232	0.211341	0.624642	
0.691975	0.902862	0.498513	
0.602322	0.870706	0.501896	
0.67226	0.866765	0.540822	
0.657947	0.908252	0.563005	
0.674674	0.851369	0.477541	
0.652068	0.941904	0.54709	
0.559136	0.883273	0.535907	
0.612916	0.945077	0.531005	
0.582472	0.91858	0.521064	
0.623323	0.828752	0.526893	
0.560026	0.887002	0.537544	
0.571922	0.86324	0.541276	
0.512259	0.56598	0.243217	
0.495525	0.553368	0.159943	
0.48605	0.600679	0.312686	
0.415303	0.634729	0.220066	
0.639143	0	0.772515	
0.661715	0.0328148	0.784623	
0.583773	0.00727583	0.79586	
0.733228	0.0203002	0.779355	
0.601795	0.0634045	0.740091	
0.715836	0.0532532	0.765896	
0.455033	1	0.86855	
0.490992	0.911829	0.877648	
0.493548	0.938199	0.831286	
0.457927	0.934119	0.834776	
0.477132	0.887216	0.858782	
0.440647	0.983465	0.817884	
0.481494	0.87241	0.872837	
0.515333	0.886496	0.831368	
0	0.534981	0.714066	
0.0388494	0.493224	0.743925	
0.0181812	0.493117	0.670924	
0.0499026	0.555055	0.739983	
0.0375437	0.471164	0.698978	
0.0864798	0.510919	0.7238	
0.0618892	0.441529	0.392315	
0.117461	0.361757	0.391525	
0.141886	0.40468	0.446961	
0.151492	0.427475	0.360088	
0.120258	0.394634	0.48173	
0.117894	0.516812	0.389032	
1	0.152796	0.492145	
0.943488	0.144506	0.521304	
0.949829	0.182004	0.480402	
0.984587	0.139987	0.443809	
0.96101	0.116465	0.47508	
0.903736	0.15351	0.497798	
0.955512	0.218876	0.529147	
1	0.263786	0.469714	
0.952484	0.187349	0.412817	
0.908764	0.176872	0.462208	
0.946692	0.14562	0.447368	
0.950197	0.255541	0.508062	
0.93408	0.287069	0.483331	
0.986967	0.301895	0.488248	
0.460228	0.152794	0.88566	
0.49087	0.0947506	0.88627	
0.474231	0.0846031	0.864263	
0.530489	0.130189	0.889893	
0.47267	0.191022	0.851951	
0.415878	0.143101	0.877987	
0.40257	0.100359	0.873183	
0.412564	0.0650209	0.870929	
0.46403	0.219347	0.874265	
0.413177	0.44323	0.719459	
0.463255	0.491079	0.672109	
0.38185	0.477428	0.748983	
0.451756	0.501234	0.726639	
0.491179	0.468426	0.69856	
0.49642	0.437359	0.731639	
0.506221	0.405159	0.693803	
0.50959	0.42009	0.69751	
0.499225	0.397656	0.739275	
0.13247	0.781458	0.214709	
0.128821	0.727207	0.219754	
0.15896	0.77121	0.139352	
0.100577	0.737092	0.124358	
0.0698677	0.724629	0.158269	
0.131327	0.77074	0.27508	
0.0650647	0.711316	0.196483	
0.174097	0.764275	0.242133	
0.152095	0.769104	0.269574	
0.131655	0.668333	0.128686	
0.238394	1	0.69058	
0.226001	0.944621	0.738718	
0.193179	0.961693	0.751531	
0.268274	0.97711	0.63447	
0.3126	0.982885	0.652651	
0.184352	0.953966	0.720225	
0.195994	0.899855	0.72068	
0.198574	0.984169	0.75509	
0.742362	0.655006	0.136878	
0.691641	0.605567	0.165305	
0.685273	0.646469	0.108275	
0.803578	0.594386	0.0779447	
0.810661	0.648482	0.118596	
0.720662	0.601237	0.224106	
0.721503	0.592597	0.22626	
0.769723	0.522663	0.15255	
0.81192	0.537206	0.121118	
0.741706	0.505451	0.150336	
0.822156	0.553443	0.104665	
0.25668	0.252856	0.285392	
0.281716	0.183791	0.266316	
0.2329	0.210568	0.279203	
0.272296	0.229657	0.344187	
0.361903	0.212282	0.277046	
0.300919	0.169112	0.311663	
0.294175	0.267232	0.340363	
0.338183	0.216596	0.330089	
0	0.398551	0.949974	
0.0663334	0.423059	1	
0.0603659	0.41518	0.952777	
0.00905142	0.377468	0.90741	
0.0317068	0.318356	0.979026	
0.752602	0	0.644477	
0.743289	0.0654635	0.679068	
0.764566	0.0203686	0.666243	
0.787377	0.0467351	0.652095	
0.754931	0.0192221	0.63004	
0.669478	0.128876	0.647033	
1	0.267696	0.248766	
0.866409	0.246591	0.273932	
0.872321	0.160807	0.308262	
0.911707	0.126462	0.281747	
0	0.958228	0.184015	
0.0718317	1	0.142108	
0.124589	0.922658	0.201156	
0.715359	0.81328	1	
0.815568	0.868569	0.890365	
0.731902	0.842607	0.875789	
0.795418	0.879395	0.941005	
0.753106	0.930806	0.882599	
0.692997	0.831833	0.938227	
0.836955	0.909265	0.899569	
0.692163	0.911166	0.869354	
0.712494	0.77409	0.986632	
0.436415	0.891953	0.825728	
0.439147	0.884948	0.77308	
0.465139	0.847527	0.758792	
0.501296	0.880958	0.809862	
0.437723	0.81989	0.737309	
0.494239	0.910684	0.812882	
0.46522	0.832349	0.867058	
0.428526	0.800301	0.759544	
0.411042	0.824012	0.736767	
0.723689	0.436297	0.260703	
0.744534	0.380246	0.203912	
0.771162	0.470131	0.190264	
0.804682	0.422933	0.20687	
0.648273	0.427901	0.24843	
0.750691	0.672432	1	
0.680728	0.655031	0.967506	
0.77773	0.655627	0.912986	
0.693351	0.68571	0.917697	
0.812481	0.698751	0.977438	
0.720324	0.599841	0.911828	
0.775421	0.599492	0.910949	
0.682611	0.752061	0.973558	
0.337051	0.621347	0.950224	
0.28101	0.593372	0.926407	
0.375486	0.640049	0.92707	
0.332787	0.549014	0.920021	
0.318144	0.589351	0.864376	
0.334496	0.695562	0.924945	
0.302845	0.665816	0.860107	
0.663923	0.222317	0.104066	
0.596213	0.186123	0.10932	
0.602597	0.129083	0.152904	
0.617293	0.109085	0.130228	
0.714023	0.37325	1	
0.68493	0.326385	0.948525	
0.664186	0.390576	0.942326	
0.775417	0.387371	0.923075	
0.69891	0.368356	0.89424	
0.793786	0.39263	0.96946	
0.685208	0.397823	0.906401	
0.0820884	0	0.751725	
0.120384	0.0549226	0.722171	
0.0611773	0.0175647	0.632755	
0.14719	0.0109811	0.752187	
0.1474	0.00417756	0.732974	
0.0595711	0.00814323	0.836795	
0.770497	1	0.157149	
0.768575	0.938912	0.181722	
0.757142	0.934949	0.145688	
0.715631	0.936975	0.175277	
0.797543	0.905321	0.156008	
0.698699	0.893816	0.161941	
0.216032	0.65956	0.443009	
0.226473	0.665815	0.338713	
0.198685	0.594714	0.392594	
0.266711	0.690356	0.414631	
0.158488	0.638656	0.392624	
0.267122	0.610389	0.43125	
0.196069	0.597422	0.331957	
0.298379	0.658198	0.402658	
0.173311	0.615039	0.313785	
0.79498	0.0606444	0.701579	
0.812053	0.164927	0.651409	
0.802405	0.0317882	0.68057	
0.834828	0.0431759	0.593582	
0.867464	0.115375	0.560824	
0.303609	0.473977	0.635208	
0.356968	0.525236	0.602325	
0.295344	0.52829	0.709368	
0.289813	0.464646	0.675072	
0.373499	0.571194	0.66461	
0.241021	0.538923	0.702051	
0.356148	0.581597	0.709848	
0.300779	0.571907	0.723368	
0.246415	0.567284	1	
0.300842	0.601393	0.972549	
0.28977	0.527319	0.952535	
0.269064	0.528641	0.91302	
0.90107	0.117802	0.847653	
0.889399	0.189583	0.874229	
0.950762	0.0709448	0.795234	
0.391366	0.909886	0.639382	
0.382214	0.849633	0.668904	
0.416298	0.848084	0.693816	
0.798934	0.376218	0.665928	
0.85461	0.355776	0.609013	
0.804248	0.343208	0.61917	
0.810847	0.311345	0.677358	
0.885807	0.388668	0.670335	
0.859179	0.372291	0.713467	
0.832362	0.397572	0.60718	
0.823151	0.353646	0.723826	
0.914119	0.355004	0.714521	
0	0.484321	0.908282	
0.135644	0.433161	1	
0.0815696	0.42383	0.900763	
0.874506	0.44593	0.710305	
0.896529	0.445959	0.75634	
0.834243	0.390336	0.746341	
0.883246	0.494873	0.724702	
0.80972	0.407481	0.69343	
0.921491	0.386678	0.725535	
0.855908	0.402961	0.805849	
0.671605	0.574007	0.439854	
0.729748	0.590276	0.399922	
0.656071	0.632041	0.438753	
0.709358	0.591548	0.47811	
0.665732	0.621889	0.370433	
0.673311	0.558334	0.367081	
0.588911	0.605311	0.43481	
0.591594	0.606392	0.399278	
0.821041	0.511305	0.258143	
0.866806	0.494139	0.241016	
0.765451	0.479077	0.247731	
0.839333	0.450622	0.229392	
0.834511	0.505795	0.170295	
0.861634	0.560404	0.234864	
0.68921	0	0.108535	
0.711485	0.0553983	0.0831817	
0.63045	0.00163865	0.118674	
0.75873	0.0379128	0.116987	
0.631985	0.0357298	0.0979383	
0.743022	0.0843131	0.103562	
0.78681	0.0296763	0.0889763	
0.765508	0.0691194	0.0960889	
0.274487	0	0.499549	
0.307101	0.09074	0.52308	
0.30148	0.0547229	0.471717	
0.267637	0.0506179	0.527688	
0.272151	0.075215	0.482452	
0.267407	0.030865	0.490189	
0.674721	0.425444	0.825777	
0.697933	0.379524	0.790256	
0.706487	0.411486	0.726696	
0.737415	0.430598	0.775208	
0.705334	0.366809	0.727263	
0.733514	0.332789	0.695573	
0.768653	0.281387	0.634194	
0.792776	0.330658	0.740399	
0.760408	0.225025	0.642676	
0.256004	0.194506	1	
0.22196	0.186636	0.951297	
0.291935	0.176115	0.941992	
0.308381	0.16928	0.975246	
0.312548	0.215689	0.947678	
0.159265	0.184343	0.994114	
0.222056	1	0.582383	
0.287353	0.95923	0.546809	
0.293155	0.975328	0.603849	
0.209463	0.968246	0.549062	
0.2518	0.282226	0	
0.24672	0.328351	0.00837957	
0.76417	0	0.286953	
0.695665	0.0872522	0.283553	
0.675537	0.0456587	0.269192	
0.748613	0.0684843	0.266916	
0.737358	0.0278874	0.243275	
0.667158	0.0617095	0.231835	
0.779251	0.0746194	0.329032	
1	0.875903	0.526035	
0.963089	0.913035	0.531702	
0.92573	0.84123	0.529405	
0.971188	0.871421	0.579294	
0.968507	0.926359	0.563186	
0.940391	0.822767	0.50862	
0.644618	0.873131	0.088951	
0.602299	0.928578	0.102558	
0.700614	0.913368	0.123649	
0.689915	0.856324	0.14233	
0.656031	0.932577	0.156831	
0.603256	0.942921	0.158612	
0.581089	0.850392	0.0862258	
0.612956	0.93577	0.169996	
0.423938	0.310896	0.809302	
0.397254	0.352997	0.853889	
0.37372	0.232948	0.852186	
0.430709	0.287556	0.891955	
0.472975	0.305067	0.815562	
0.394786	0.24414	0.897949	
0.477516	0.240306	0.852966	
0.480348	0.275287	0.79866	
0.465365	0.224061	0.88522	
0.140597	0.708181	0.683078	
0.100976	0.739245	0.755176	
0.0329753	0.721458	0.72734	
0.16869	0.746301	0.719845	
0.145737	0.736651	0.762871	
0.190279	0.727693	0.694515	
0.187516	0.733417	0.691956	
0.80321	0.389672	0.53622	
0.793635	0.469317	0.559651	
0.843215	0.383387	0.56493	
0.843585	0.384555	0.510562	
0.795779	0.377695	0.590386	
0.866996	0.417336	0.608149	
0.846005	0.495537	0.569608	
0.820838	0.516536	0.560166	
0.272898	0	0.785311	
0.268805	0.0312134	0.721824	
0.257464	0.0908406	0.693982	
0.212317	0.0971202	0.734409	
0.169373	0.0464418	0.736546	
0.274983	0.0785703	0.823751	
0.362349	0.0308352	0.808769	
0.384091	0.0464514	0.726957	
0.383573	0.0608959	0.729806	
0.367604	0.481606	0.596292	
0.308409	0.40402	0.554066	
0.349058	0.43973	0.657846	
0.345813	0.411292	0.645128	
0.323452	0.443996	0.662831	
0.751288	0.786989	0.804367	
0.803628	0.829774	0.734187	
0.808227	0.807191	0.8092	
0.761551	0.735366	0.797107	
0.674045	0.792134	0.781043	
1	0.712715	0.357216	
0.930172	0.692904	0.352544	
0.893027	0.729946	0.370676	
0.145359	0.692688	0.61562	
0.155603	0.62346	0.65414	
0.185891	0.69107	0.653949	
0.178168	0.729864	0.637563	
0.183476	0.732555	0.663517	
0.844556	0.429362	1	
0.862905	0.397593	0.953082	
0.811017	0.399772	0.93819	
0.819073	0.374356	0.988459	
0.407879	0.881603	0.118057	
0.415815	0.832453	0.122814	
0.449987	0.87275	0.169514	
0.440923	0.902296	0.141354	
0.378706	0.811579	0.14181	
0.359966	0.843395	0.202503	
0.081347	0.700537	0.43893	
0.154631	0.659165	0.456784	
0.121636	0.70588	0.478849	
0.136085	0.612245	0.41495	
0.100675	0.74174	0.456877	
0.621415	0.313447	0.357086	
0.65307	0.341522	0.409224	
0.665388	0.292834	0.399668	
0.730137	0.321185	0.37042	
0.703494	0.292305	0.330435	
0.592347	0.36055	0.384747	
0.583416	0.330557	0.421836	
0.745266	0.295287	0.346094	
0.870708	0.869591	0.48283	
0.858023	0.81862	0.433764	
0.81242	0.875722	0.440909	
0.628515	0.186378	0.618526	
0.546149	0.216377	0.56155	
0.556305	0.178831	0.534049	
0.702242	0.183861	0.625473	
0.317731	0.143866	1	
0.352015	0.155513	0.914939	
0.314468	0.126491	0.898772	
0.320581	0.0981405	0.962906	
0.360821	0.113769	0.961321	
0.362016	0.0745923	0.873729	
0.407519	0.102406	0.902635	
0.317583	0.172794	0.851751	
0.362718	0.379383	0	
0.334385	0.407942	0.0530331	
0.365402	0.404549	0.111488	
0.404485	0.45858	0.0577333	
0.544365	0	0.124878	
0.523694	0.0723807	0.0948096	
0.510939	0.0316263	0.0767705	
0.593505	0.114093	0.105562	
0.554776	0.060904	0.143507	
0.648632	0.0703805	0.078101	
0.592283	0.0138394	0.138576	
0.479158	0.0147521	0.131277	
1	0.142493	0.593469	
0.916173	0.10367	0.519766	
0.951647	0.197833	0.560997	
0.877891	0.122014	0.534438	
0.245016	0.830319	0.730756	
0.209476	0.783676	0.694674	
0.191727	0.887031	0.755839	
0.212984	0.887796	0.730353	
0.141225	0.789285	0.755413	
0.170364	0.881895	0.721657	
0.324167	1	0.854496	
0.313753	0.90127	0.907161	
0.292296	0.94442	0.844907	
0.296993	0.992193	0.821541	
0.796044	0.801655	0.841305	
0.878316	0.803072	0.893522	
0.805329	0.755999	0.839074	
0.854913	0.887347	0.908005	
0.852813	0.897627	0.897183	
0.19009	0.875307	0.227233	
0.197339	0.867031	0.250132	
0.206445	0.845647	0.217671	
0.196669	0.844848	0.207029	
0.163728	0.705316	0.286853	
0.0527646	0.703603	0.240149	
0.183119	0.744528	0.243641	
0.144492	0.585135	0.255648	
0.13959	0.606834	0.189007	
0.127656	0.768439	0.283983	
0.172136	0.594835	0.299376	
0.0809569	0.760816	0.30879	
0.136776	0.659969	0.13215	
0.242348	0.734656	0.654938	
0.208206	0.622604	0.666974	
0.212435	0.717674	0.611512	
0.200704	0.675083	0.597017	
0.254032	0.718799	0.590159	
0.300854	0.730156	0.600547	
0.743489	0.750422	0.84371	
0.693566	0.781642	0.878785	
0.683667	0.826453	0.819484	
0.684417	0.763581	0.827417	
0.567624	0.579733	0.648661	
0.553725	0.74228	0.602295	
0.577099	0.739423	0.594099	
0.240677	0.76766	1	
0.220042	0.776038	0.957638	
0.265902	0.770267	0.955654	
0.24413	0.781862	0.913532	
0.235694	0.812342	0.957135	
0.210894	0.815745	0.985559	
0	0.140819	0.952487	
0.0661676	0.12427	1	
0.0908141	0.192725	0.929324	
0.145427	0.145935	0.926549	
0.131378	0.189642	0.852153	
0.0693814	0.0820344	0.949536	
0.69526	0.659847	0.520398	
0.687817	0.58987	0.483424	
0.682288	0.729038	0.57382	
0.700499	0.734424	0.570063	
0.689213	0	0.817127	
0.611845	0.04494	0.819877	
0.635459	0.0851202	0.789442	
0.757066	0.0307824	0.802256	
0.604345	0.0843669	0.830048	
0.726307	0.0769027	0.780751	
0.683717	0.0982797	0.826907	
0.574698	0.0592788	0.806806	
0.589314	0.682198	0.875278	
0.651596	0.670763	0.95532	
0.569487	0.626883	0.880439	
0.664582	0.615895	0.890569	
0.644267	0.739062	0.941067	
0.702179	0.711308	0.889974	
0.53496	0.719106	0.929157	
0.160004	0.894603	0.261691	
0.148557	0.81288	0.24892	
0.188314	0.826938	0.277582	
0.170526	0.823143	0.326029	
0.144857	0.772701	0.288598	
0.658208	0.256629	0.254901	
0.646311	0.292736	0.238378	
0.680583	0.299896	0.20593	
0.427755	0.653607	1	
0.380819	0.639835	0.977493	
0.393911	0.711456	0.976047	
0.501243	0.718628	0.945889	
0.366104	0.440093	0.717167	
0.352781	0.422616	0.665827	
0.377081	0.467333	0.745303	
1	0.242625	0.571229	
0.898446	0.297682	0.565124	
0.917822	0.285306	0.522041	
0.218182	0.197588	0.235034	
0.217373	0.243007	0.242501	
0.177343	0.175861	0.232737	
0.202085	0.166331	0.275584	
0.325165	0.45766	0.734557	
0.337812	0.405038	0.696311	
0.738255	0	0.00801712	
0.694867	0.0684274	0	
0.711967	0.0497881	0.0480308	
0.763855	0.0833523	0.0415586	
0.75326	0.094996	0.0801462	
0.758286	0.0872395	0.0822399	
0.24109	0.229049	0.237249	
0.209073	0.140569	0.236758	
0.257118	0.151331	0.275376	
0.524516	0.526492	0	
0.51987	0.497905	0.163905	
0.597577	0.587029	0.074651	
0.541671	0.477987	0.16129	
0.424855	0.448978	0.100185	
0.391269	0.505879	0.020423	
0.592182	0.600196	0.0637431	
0.582721	0.600512	0.0362359	
0.612472	0.509307	0.0193662	
0.389969	0.476884	0.0140992	
0.629477	0.540647	0.00511716	
0.774	0.345656	0.637015	
0.782174	0.352547	0.559311	
0.81381	0.336057	0.578441	
0.80323	0.334319	0.555053	
0.765896	0.221056	0.614979	
0.149187	0.423679	0.700279	
0.186097	0.401204	0.679908	
0.0995749	0.423435	0.651106	
0.12347	0.415989	0.628247	
0.684753	1	0.163946	
0.711668	0.932186	0.242301	
0.6599	0.930114	0.2172	
0.729271	0.944911	0.211318	
0.696399	0.970179	0.132683	
0.621117	0.981433	0.150861	
0.634762	0.989287	0.130651	
0.802346	0.703605	0.304595	
0.829829	0.662159	0.258955	
0.77144	0.623217	0.298975	
0.777697	0.692511	0.205782	
0.815547	0.70495	0.198966	
0.821793	0.621936	0.320351	
0.791003	0.649846	0.338977	
0.81116	0.600137	0.304431	
0.863732	0.704646	0.279174	
0.861412	0.688684	0.350619	
0.78359	0.710097	0.370457	
0.799665	0.757901	0.374303	
0.600873	0	0.841494	
0.605885	0.0439133	0.864873	
0.561469	0.0240559	0.8096	
0.633833	0.0982631	0.851652	
0.884625	0.638737	0.300894	
0.91116	0.584019	0.399319	
0.894359	0.573237	0.313332	
0.823809	0.630928	0.37106	
0.850156	0.580258	0.317733	
0.88724	0.612887	0.454038	
0.872791	0.379733	0.902795	
0.841935	0.34456	0.957094	
0.289573	1	0.791389	
0.244165	0.953898	0.785413	
0.244414	0.870562	0.727132	
0.231597	0.990493	0.778406	
0.19207	0.916482	0.735917	
0.896746	0.0905452	0.47402	
0.829374	0.139166	0.409503	
0.927833	0.158241	0.401549	
0.835155	0.0783542	0.453118	
0.823111	0.139489	0.478677	
0.845507	0.075876	0.51211	
0.200927	1	0.47651	
0.171	0.873365	0.501061	
0.227922	0.861642	0.485474	
0.199139	0.866479	0.551494	
0.252679	0.994384	0.478763	
0.0968366	0.922897	0.493008	
0.670102	0.950215	0.601359	
0.657249	0.86716	0.600823	
0.917678	0.549342	0.710183	
0.856209	0.557312	0.679424	
0.874057	0.516497	0.697719	
0.904654	0.506726	0.730704	
0.894044	0.500914	0.711682	
0.931875	0.532009	0.739113	
0.876645	0.498174	0.715702	
0.859546	0.909661	0.253217	
0.843816	0.871751	0.212235	
0.780958	0.900029	0.229209	
0.78546	0.93491	0.287349	
0.908905	0.85455	0.221396	
0.727149	0.175678	1	
0.681696	0.242933	0.94971	
0.70454	0.159292	0.906822	
0.725914	0.233227	0.858838	
0.770705	0.165196	0.959487	
0.619798	0.153644	0.935655	
0.682273	0.133187	0.971525	
0.778728	0.181268	0.999939	
0.761407	0.114945	0.936201	
0.730391	0.556284	0.839717	
0.830313	0.623602	0.876314	
0.732444	0.563547	0.77711	
0.188353	0.526215	0.105371	
0.17062	0.550435	0.169583	
0.187346	0.58574	0.0771425	
0.130761	0.571686	0.110711	
0.203665	0.612192	0.0955619	
0.235025	0.556229	0.0612604	
0.237269	0.562892	0.0618748	
0.149461	0.642274	0.107332	
0.555388	0.351354	0	
0.377613	0.905534	0	
0.42408	0.852819	0.0499848	
0.437484	0.902059	0.0861979	
0.33472	0.905818	0.0384304	
0.379197	0.874666	0.0117809	
0.892674	0.481903	0.203359	
0.882937	0.459105	0.224094	
0.873979	0.51432	0.275527	
0.40861	1	0.499989	
0.439847	0.951872	0.425608	
0.386331	0.979826	0.518483	
0.450288	0.935816	0.49788	
0.401225	0.951146	0.375156	
0.471363	0.927516	0.46922	
0.454668	0.905086	0.423992	
0.396552	0.995752	0.528311	
0.461052	0.893889	0.463199	
0.44913	0.871125	0.488782	
0	0.384706	0.0699178	
0.033064	0.376058	0	
0.0378936	0.348243	0.0987645	
0.00698033	0.331594	0.102532	
0.0496989	0.444488	0.0821932	
0.0255241	0.47074	0.0437531	
0	0.453852	0.782357	
0.0355032	0.433162	0.731776	
0.0314881	0.434577	0.827135	
0.0811489	0.458609	0.758966	
0.806583	0.79594	0	
0.789077	0.74606	0.118762	
0.761274	0.801521	0.0715509	
0.853194	0.735573	0.0147716	
0.747305	0.844006	0.010774	
0.469734	0.901331	0.167406	
0.459511	0.872042	0.0764266	
0.516473	0.944511	0.0657325	
0.463864	0.921236	0.186672	
0.517491	0.882588	0.749029	
0.571198	0.88055	0.785219	
0.494135	0.926923	0.767887	
0.516866	0.914015	0.801489	
0.518063	0.871932	0.831572	
0.517362	0.881524	0.835033	
0.77501	0	0.501702	
0.806503	0.0350674	0.482599	
0.795084	0.0222646	0.540578	
0.744034	0.0890058	0.485362	
0.707671	0.0350881	0.464241	
0.858321	0.0395333	0.511525	
0	0.0510662	0.341094	
0.0825443	0	0.283531	
0.0449955	0.111189	0.368366	
0.0183665	0.0398278	0.229216	
0.111403	0.0940623	0.344947	
0.136799	0.052571	0.281622	
0.150071	0.0433751	0.318525	
0.159384	0.00897889	0.339011	
0.15838	0.00888404	0.326558	
0.0437207	0.00188045	0.202862	
0.66022	0.866983	0	
0.716893	0.846317	0.0807434	
0.587067	0.881618	0.018559	
0.732628	0.890107	0.0728598	
0.574698	0.84138	0.0490773	
0.678453	0.744693	0.0954324	
0.754822	0.742022	0.129389	
0.748285	0.867133	0.0985892	
0.217041	0	0.549511	
0.217505	0.065305	0.570605	
0.27084	0.0861456	0.556471	
0.216731	0.0415658	0.50625	
0.215346	0.0883046	0.508423	
0.144987	0.0584731	0.55272	
0.16951	0.124034	0.534676	
0.561323	0.395347	0.64745	
0.665238	0.434959	0.64578	
0.535013	0.44991	0.70646	
0.670522	0.461171	0.590654	
0.528317	0.42668	0.726503	
0.673303	0.445393	0.583531	
0.165298	1	0.82614	
0.212576	0.938749	0.827056	
0.161689	0.976715	0.768037	
0.191506	0.880383	0.895683	
0.160706	0.891257	0.897657	
0.0771613	0.996773	0.850687	
0.281267	0.402337	0.289138	
0.182521	0.407819	0.303774	
0.240115	0.357947	0.302024	
0.329634	0.461247	0.280203	
0.219635	0.46953	0.228864	
0.837082	0.700545	0.202944	
0.880761	0.606803	0.277876	
0.845524	0.598685	0.291771	
0.846787	0.314918	1	
0.899332	0.282471	0.993078	
0.661642	0.281509	1	
0.64259	0.32475	0.936228	
0.680837	0.337614	0.892051	
0.173095	0.848276	0	
0.117142	0.803821	0.06787	
0.157908	0.821716	0.143192	
0.223488	0.80479	0.0192088	
0.169769	0.913865	0.012637	
0.408061	0.648411	0.422176	
0.372742	0.633494	0.448136	
0.390478	0.689008	0.451849	
0.35246	0.604504	0.417155	
0.301051	0.678942	0.403219	
0.314831	0.615749	0.439831	
0.775137	0.477562	0.279452	
0.931823	0.565377	0.1859	
0.869826	0.565275	0.282125	
0.903615	0.608661	0.175541	
0.345768	0	0.0677981	
0.326141	0.000129434	0	
0.329258	0.0605937	0.0931876	
0.385209	0.0319736	0.1116	
0.405987	0.0088385	0.0566584	
1	0.551999	0.782645	
0.965424	0.542226	0.715369	
0.964555	0.502749	0.762032	
0.984452	0.471554	0.712184	
0	0.611103	0.742001	
0.107749	0.527056	0.744559	
0.77394	0.788504	0.412216	
0.758319	0.734456	0.403289	
0.753996	0.727277	0.456846	
0	0.0205378	0.0895629	
0.058298	0	0.0385135	
0.0830135	0.0119338	0	
0.060411	0.029684	0.0755839	
0.115113	0.023231	0.0138366	
0	0.362295	0.128207	
0.0514444	0.305012	0.144254	
0.300099	0	0.72213	
0.268268	0.070234	0.66851	
0.38022	0.000898896	0.703688	
0.152741	0.0127567	0.727143	
0.383784	0.0211377	0.719384	
0.565892	0.86949	0.46456	
0.579525	0.913478	0.498959	
0.592027	0.819822	0.465897	
0.655125	0.837073	0.431888	
0.564653	0.847075	0.507328	
0.168718	0.777196	0.569192	
0.230676	0.752852	0.560203	
0.139794	0.755633	0.582348	
0.254465	0.760406	0.58618	
0.150163	0.780801	0.521949	
0.217459	0.748053	0.615635	
0.868099	0.701	0.15043	
0.863415	0.753178	0.14643	
0.893531	0.742567	0.16626	
0.795945	0.696599	0.139269	
0.828599	0.646559	0.108081	
0.638739	0.266527	0.309071	
0.541426	0.309318	0.269799	
0.554718	0.362477	0.309264	
0.615971	0.256165	0.373102	
0.58738	0.377123	0.351348	
0.57735	0.380101	0.288567	
0.346674	1	0.592478	
0.354477	0.975458	0.555688	
0.380489	0.961105	0.60212	
0.636233	0.763243	0.861538	
0.540873	0.644548	0.845192	
0.569098	0.75394	0.87019	
0.697741	0.729842	0.850209	
0.637458	0.779323	0.80189	
0.372722	0.219357	0.597235	
0.311423	0.24011	0.5304	
0.302936	0.204205	0.600648	
0.378204	0.26447	0.557679	
0.385698	0.228788	0.534743	
0.339077	0.161459	0.563669	
0.280506	0.779715	0.23996	
0.338316	0.729333	0.24952	
0.354747	0.778258	0.172503	
0.400334	0.776813	0.305729	
1	0.758022	0.74136	
0.433453	0.82092	0.703842	
0.316754	0.821596	0.675855	
0.31044	0.798731	0.644428	
0.335681	0.758274	0.597461	
0.451149	0.795531	0.701914	
0.434138	0.790576	0.578782	
0.420189	0.755588	0.586748	
0.495748	0.536922	0.659686	
0.485037	0.536834	0.730938	
0.523275	0.49344	0.745717	
0.0998908	0.226623	0.575349	
0.108602	0.197166	0.665843	
0.137977	0.160687	0.624097	
0.11452	0.151937	0.55756	
0.18078	0.148549	0.607184	
0.167781	0.123629	0.560941	
0.801383	0	0.464029	
0.758677	0.0898638	0.422703	
0.716166	0.0295132	0.43998	
0.792383	0.0967451	0.383322	
0.753527	0.0969743	0.369138	
0.860181	0.0169655	0.494008	
0.585461	1	0.572289	
0.627317	0.973967	0.569044	
0.546041	0.965453	0.570193	
0.58411	0.958696	0.522434	
0.443802	0.293154	1	
0.503985	0.293716	0.879845	
0.525768	0.35095	0.929925	
0.378635	0.368288	0.880156	
0.4134	0.255556	0.955704	
0.496758	0.248845	0.873315	
0.471834	0.231701	0.909332	
0.759417	0.0444681	0.735258	
0.72532	0.116203	0.733056	
0.718365	0.114412	0.761047	
0.71209	0.104714	0.769555	
0.729667	0.108574	0.786164	
0.353989	0.439047	0.294043	
0.347539	0.48606	0.349384	
0.334377	0.501573	0.326899	
0.372712	0.316531	0.728058	
0.360215	0.295309	0.723638	
0.328433	0.293192	0.687536	
0.196037	0.17552	0.412249	
0.250804	0.18016	0.36429	
0.182829	0.27817	0.388327	
0.244968	0.268202	0.33481	
0.245019	0.269462	0.37525	
0.234217	0.1708	0.404215	
0.256375	0.235622	0.421737	
0.290476	0.211111	0.378687	
0.522192	0.197977	0.774283	
0.55818	0.225345	0.780939	
0.586511	0.168022	0.770681	
0.610379	0.205464	0.799944	
0.612335	0.203982	0.811504	
0.548081	0.499379	0.258	
0.532909	0.428429	0.298716	
0.6034	0.487517	0.314963	
0.577181	0.449311	0.329806	
0.0925895	0.518382	0.17427	
0.0625188	0.496027	0.100838	
1	0.0600829	0.448077	
0.927229	0	0.461753	
0.967528	0.123591	0.415791	
0	0.656574	0.172315	
0.0342382	0.687966	0.154768	
0.0148885	0.63083	0.0829845	
0.00554839	0.616106	0.080166	
0.868914	0.334631	0.549449	
0.814887	0.358834	0.481527	
0.937174	0.333171	0.524177	
0.816668	0.345521	0.426916	
0.506482	1	0.815766	
0.530548	0.971127	0.867077	
0.474457	0.960162	0.787288	
0.479244	0.9279	0.814263	
0.495993	0.152916	1	
0.471075	0.0781822	0.925252	
0.51907	0.130485	0.949126	
0.45205	0.121949	0.962727	
0.439466	0.187171	0.916421	
0.473295	0.223891	0.877608	
0.421183	0.0698306	0.906426	
0.76914	0.378928	0.720621	
0.757612	0.373715	0.795086	
0.761681	0.445627	0.721092	
0.824774	0.363434	0.81236	
0.355287	0.612449	1	
0.353091	0.548531	0.973474	
0.342301	0.68785	0.981298	
0.271688	0.797493	0.515765	
0.22694	0.783925	0.481566	
0.266923	0.785193	0.44824	
0.238095	0.822716	0.536708	
0.221041	0.828588	0.484874	
0.23731	0.799048	0.438793	
0.528936	0.434419	0.373928	
0.495871	0.398066	0.406552	
0.506365	0.498093	0.340243	
0.464168	0.430503	0.423916	
0.473061	0.445046	0.421113	
0	0.390679	0.698197	
0.0841633	0.438489	0.713492	
0.0293862	0.432475	0.654949	
0.0903095	0.414662	0.624211	
0.40729	0	0.377863	
0.352234	0.0615313	0.386421	
0.347362	0.0695272	0.320305	
0.440343	0.0295621	0.417383	
0.346171	0.113324	0.353805	
0.329121	0.112476	0.352203	
0.575775	0.785628	0.911354	
0.56063	0.853383	0.854412	
0.512059	0.88005	0.87747	
0.692202	0.0766858	0.443508	
0.729629	0.125393	0.377383	
0.771471	0.15529	0.393596	
0.735977	0.187487	0.416095	
0.722322	0.169722	0.37798	
0	0.260324	0.986711	
0.0861374	0.219718	1	
0.151824	0.165725	0.965213	
0.120459	0.228166	0.868456	
0	0.694862	0.467724	
0.0581098	0.734656	0.500824	
0.0650203	0.751031	0.431035	
0.0631422	0.762888	0.487139	
0.270235	0.495111	0	
0.225361	0.468423	0.0390083	
0.235896	0.479644	0.0913593	
0.294608	0.442009	0.0659996	
0.289098	0.526205	0.0326784	
0.218908	0.532705	0.0325414	
0.221898	0.805836	0.606182	
0.276845	0.826742	0.681124	
0.284723	0.762574	0.59931	
0.261209	0.743101	0.596037	
0.330344	0.550145	0	
0.288692	0.620955	0.0240678	
0.239501	0.588283	0.049251	
0.22319	0.58253	0.0269056	
0.381672	0.482232	0.00981526	
0.646322	0.430183	0	
0.704283	0.448333	0.0204243	
0.733469	0.344978	0.028215	
0.305251	0.554388	0.424419	
0.41764	0.575331	0.417484	
0.299893	0.509377	0.3692	
0.386203	0.592445	0.431118	
0.422209	0.587901	0.409835	
0.285467	0.490279	0.398432	
0.334489	0.463615	0.368375	
0.749445	1	0.268977	
0.749388	0.935615	0.237297	
0.691319	0.94363	0.275512	
0.809501	0.967001	0.296819	
0.719998	0.900688	0.332288	
0.395405	0.227351	0.154151	
0.394758	0.16317	0.179404	
0.442962	0.218968	0.253466	
0.469548	0.187877	0.186269	
0.47522	0.189378	0.168399	
0.39394	0.233446	0.305288	
0.719516	0.897961	0.446096	
0.733502	0.852903	0.51248	
0.780795	0.902075	0.49908	
0.68029	0.78814	0.481576	
0.801094	0.889994	0.486359	
0.721656	0.747932	0.449592	
0.737319	0.741181	0.403147	
0.38429	0.819446	0.106007	
0.33704	0.735692	0.0856261	
0.380126	0.695125	0.168098	
0.35814	0.694974	0.0708551	
0.321411	0.700225	0.117715	
0.578241	1	0.0646193	
0.556342	0.931569	0	
0.572639	0.970191	0.117031	
0.298369	0.510386	0.780649	
0.19184	0.383202	0.602357	
0.0918647	0.323749	0.541034	
0.0622306	0.414889	0.592148	
0.199008	0.39601	0.511908	
0.239834	0.380372	0.541124	
0.192468	0.461119	0.511946	
0.793332	0.094587	0.242712	
0.757085	0.129368	0.257746	
0.730201	0.11466	0.203058	
0.733347	0.107757	0.281281	
0.802109	0.0878727	0.305158	
0.753553	0.0569941	0.219703	
0.754201	1	0.117692	
0.819733	0.915023	0.108865	
0.440985	0.440187	0.479726	
0.429629	0.523837	0.475632	
0.478899	0.512206	0.433334	
0.488012	0.422075	0.454025	
0.506651	0.454355	0.451676	
0.241076	0.302126	0.320637	
0.18417	0.745625	0.845189	
0.194337	0.680814	0.82946	
0.177755	0.679122	0.861928	
0.143261	0.760505	0.807358	
0.449716	0.246442	0.505991	
0.422325	0.308804	0.492096	
0.503702	0.302223	0.515626	
0.461551	0.228708	0.478511	
0.462273	0.317015	0.463217	
0.42113	0.25092	0.447436	
0.388394	0.294458	0.454908	
0.40752	0.336249	0.460818	
0.256361	0.219512	0.650044	
0.21015	0.251257	0.673502	
0.205228	0.298281	0.687721	
0.19553	0.288272	0.726809	
0.442153	0	0.670674	
0.435772	0.0660988	0.669158	
0.404216	0.0342782	0.637893	
0	0.403533	0.375556	
0.0544256	0.327017	0.405865	
0.25269	0.168543	0.646022	
0.229886	0.196435	0.64456	
0.259799	0.752061	0.551098	
0.290518	0.738206	0.495669	
0.253451	0.793459	0.567967	
0.452177	0.209818	0.611941	
0.46669	0.13853	0.612386	
0.479801	0.224378	0.57486	
0.502965	0.179319	0.557697	
0.514635	0.247017	0.602465	
0.767944	0	0.17912	
0.69882	0.0206107	0.209156	
0.790573	0.051621	0.197194	
0.709619	0.0119857	0.235714	
0.811359	0.0348192	0.144001	
0.74463	0.0796493	0.155652	
0.811521	0.0135892	0.102857	
0.432795	0.62291	0.462811	
0.406487	0.604002	0.49464	
0.40421	0.669717	0.518745	
0.42803	0.656718	0.566649	
0.468107	0.625558	0.517333	
0.343112	0.598896	0.483678	
1	0.480423	0.111283	
0.888418	0.500187	0	
0.900343	0.4538	0.06788	
0.974756	0.472098	0.0675955	
0.901437	0.494356	0.114774	
0.371066	0.382425	0.457042	
0.41352	0.344222	0.484621	
0.429052	0.374399	0.439453	
0.380342	0.330099	0.434328	
0.376868	0.342177	0.415859	
0	0.0772404	0.193674	
0.00333014	0	0.194418	
0.0911285	0.109035	0.149683	
0.0420873	0.0630182	0.158848	
0.564477	0.785692	0.524418	
0.529206	0.738838	0.467355	
0.66805	0.7255	0.507341	
0.549259	0.814679	0.455449	
0.661215	0.780937	0.554456	
0.175955	0	0.0255112	
0.152131	0.0990287	0	
0.144429	0.0696379	0.0600826	
0.162206	0.71346	1	
0.193262	0.719811	0.93099	
0.209559	0.780369	0.916253	
0.178938	0.808296	0.958583	
0.21227	0.814913	0.930502	
0.602797	0.394621	0.436845	
0.719681	0.390443	0.411093	
0.670785	0.448141	0.40698	
0.681138	0.316521	0.437918	
0.727761	0.399125	0.455448	
0.688454	0.421699	0.484284	
0.692775	0.457583	0.447492	
0.581987	0.340103	0.432834	
0.205349	0.445713	0	
0.224513	0.391308	0.0681987	
0.177782	0.447113	0.0820448	
0.155508	0.483826	0.0279155	
0.124879	0.464669	0.0580937	
0	0.729283	0.104872	
0.0466467	0.740321	0.100024	
0.0312383	0.665063	0.0841177	
0.839896	0.309322	0.223405	
0.824306	0.385362	0.214126	
0.759963	0.249457	0.165797	
0.736387	0.288683	0.11728	
0.733861	0.274115	0.135651	
0.174433	0.350558	0.386777	
0.198053	0.31382	0.361809	
0.164023	0.364556	0.33182	
0.216426	0.715974	0.889913	
0.224372	0.673611	0.864207	
0.461698	0	0.989365	
0.421351	0.102317	1	
0.398538	0.0485324	0.963546	
0.41386	0.175884	0.979632	
0.322536	0.0884601	0.990179	
0.472961	0.0360075	0.972023	
0.494858	0.073106	0.993673	
0.445238	0.592697	0.430588	
0.464531	0.572487	0.462514	
0.351794	0.573498	0.521905	
0.347719	0.583015	0.510247	
0.40127	0.323951	0.778692	
0.34201	0.278378	0.751484	
0.465519	0.326156	0.784604	
0.342903	0.516256	1	
0.312077	0.513422	0.886849	
1	0.759958	0.123369	
0.915939	0.717029	0.15655	
0.95064	0.7775	0.175571	
0.9041	0.762705	0.171625	
0.489546	0.253918	0.563489	
0.4487	0.293713	0.582111	
0.523047	0.32346	0.618045	
0.530553	0.230186	0.544622	
0.448507	0.265226	0.615992	
0.522239	0.328162	0.496288	
0.548445	0.249011	0.604292	
0.466566	0.814506	0.733323	
0.455501	0.808042	0.71859	
0.392166	0.20307	0.108664	
0.363743	0.189903	0.130145	
0.475095	0.144823	0	
0.525825	0.161502	0.0893455	
0.476424	0.0646094	0.0421866	
0.505868	0.107624	0.127641	
0.472791	0.047676	0.115425	
0.456529	0.163103	0.0112675	
0.875461	0.477557	0.686233	
0.874299	0.486529	0.65541	
0.899888	0.495335	0.718211	
0.736868	0.490002	0.568243	
0.792696	0.531863	0.571024	
0.701994	0.486408	0.6193	
0.672521	0.579429	0.668584	
0.804244	0.530434	0.554526	
0.7412	0.187367	0.131435	
0.734705	0.264138	0.100561	
0.666433	0.36913	0.843704	
0.724882	0.359994	0.740472	
0.787485	0.351566	0.84316	
0.673648	0.349271	0.884213	
0.562933	0.439895	1	
0.524318	0.463422	0.839274	
0.54092	0.525491	0.857894	
0.541696	0.427526	0.827577	
0.540054	0.417318	0.853621	
0.542488	0.408455	0.923091	
0	0.313741	0.161217	
1	0.924182	0.484288	
0.895469	1	0.512302	
0.937025	0.968525	0.527329	
0.893119	0.953348	0.519713	
0.736953	0	0.972745	
0.680122	0.0781447	1	
0.636265	0.0854815	0.934149	
0.628364	0.125706	0.958589	
0.691904	0.111317	0.932963	
0.498037	0.787685	0.156026	
0.460933	0.82387	0.136984	
0.467391	0.919261	0.188541	
0.853598	0.455048	0.29826	
0.874334	0.440414	0.172715	
0.842536	0.355335	0.277034	
0.275033	0.671544	0	
0.258334	0.662889	0.0546665	
0.33904	0.707403	0.0305365	
0.20329	0.637711	0.00684049	
0.387752	0.70685	0.00220239	
0.199457	0.658258	0.00652913	
0.651819	0.139236	0.813711	
0.696178	0.160298	0.791978	
0.725611	0.189529	0.814477	
0.631702	0.110018	0.875213	
0.627447	0.136233	0.91409	
0.742629	0.142557	0.783804	
0.764164	0.126037	0.917064	
0.763947	0.107523	0.908007	
0.15379	0.245922	0.724837	
0.170141	0.181593	0.772353	
0.193793	0.184914	0.85333	
0.174484	0.292869	0.721237	
0.139971	0.364062	0.871258	
0.839025	0.521303	0.659374	
0.831131	0.497023	0.698437	
0.818556	0.54627	0.566807	
0.804341	0.526472	0.557629	
0.278539	0	0.306606	
0.283281	0.0889281	0.332474	
0.300588	0.0538156	0.371773	
0.224294	0.0276837	0.363199	
0.281773	0.0746119	0.370029	
0.337359	0.118597	0.33487	
0.203033	0.436186	0.436053	
0.243197	0.330035	0.420604	
0.261632	0.38921	0.481039	
0.251861	0.328688	0.4928	
0.207512	0.471807	0.483511	
0.191314	0.476196	0.48289	
0.194525	0.469524	0.495072	
0.480937	0.848378	0.714821	
0.483662	0.911942	0.756337	
0.166798	0.818627	0.533906	
0.145351	0.791359	0.452816	
0.105417	0.841121	0.484079	
0.199411	0.774077	0.477191	
0.198014	0.813509	0.437443	
0.100671	0.780415	0.535592	
0.0937573	0.769768	0.50842	
0.562661	0	0.905525	
0.586875	0.090491	0.906403	
0.533192	0.025372	0.915579	
0.561691	0.0592504	0.842783	
0.600322	0.0958626	0.830754	
0.188166	0.609123	0.469447	
0.213219	0.5357	0.487395	
0.22477	0.542067	0.437186	
0.203596	0.560705	0.374037	
0.178371	0.494187	0.43374	
0.736863	0.406248	0.516667	
0.804889	0.358476	0.560247	
0.787379	0.369716	0.433676	
0.649575	0.148147	0.674217	
0.605501	0.124063	0.690068	
0.674403	0.155275	0.65152	
0.905321	1	0.897075	
0.910765	0.975104	1	
0.843227	0.96237	0.937053	
0.878451	0.919834	0.947296	
0.865141	0.417544	0	
0.969236	0.429467	0.034555	
0.82132	0.418046	0.0123533	
0.900861	0.425829	0.125701	
0.831548	0.357227	0.00743761	
0.774031	0.581252	0.303533	
0.800866	0.592632	0.325468	
0.857248	0	0.137188	
0.784892	0.117001	0.130101	
0.799179	0.0865737	0.179384	
0.818831	0.0636954	0.0933629	
0.758793	0.0834101	0.0842125	
0.187003	0.771368	0.326868	
0.204712	0.755446	0.278417	
0.293627	0.728775	0.360914	
0.280069	0.702091	0.286729	
0.21335	0.625714	0.300944	
0.151443	0.771454	0.270718	
0.4592	0	0.444989	
0.474983	0.115783	0.477819	
0.422124	0.051078	0.535861	
0.630718	1	0.229092	
0.583758	0.963572	0.269204	
0.610927	0.973038	0.167375	
0.12775	1	0.764225	
0.0853471	0.968958	0.779317	
0.186681	0.930378	0.750182	
0.757286	0.893743	0.525245	
0.730678	0.89504	0.518661	
0.701597	0.741835	0.550631	
0.724349	0.395007	0.691719	
0.711612	0.453111	0.598846	
0.681454	0.213123	0.774807	
1	0.512296	0.145031	
0.898814	0.599856	0.150774	
0.269683	0.504922	0.39418	
0.27195	0.457204	0.4467	
0.252151	0.486551	0.433926	
0.413822	0.258689	0.546489	
0.41771	0.266927	0.603413	
0.377965	0.27189	0.497116	
0.158556	0.804288	0.38949	
0.223528	0.796138	0.322676	
0.246803	0.77883	0.423119	
0.216223	0.776886	0.453371	
0.325492	0.548041	0.522482	
0.301074	0.549676	0.552003	
0.392926	0.545519	0.612122	
0.295041	0.132625	1	
0.28816	0.0955269	0.915596	
0.25682	0.152285	0.911091	
0.295782	0.196229	0.892382	
0.328912	0.0660947	0.85969	
0.291902	0.183655	0.860806	
0.439352	0.717121	0.498468	
0.441349	0.680689	0.467034	
0.476215	0.706446	0.421857	
0.425607	0.785161	0.428058	
1	0.652238	0.539454	
0.961481	0.622299	0.515087	
0.985071	0.620495	0.50305	
0.126577	0.535452	0.707383	
0.11055	0.430946	0.804547	
0.636995	0.638522	0.115689	
0.685614	0.671927	0.188626	
0.684187	0.610423	0.232504	
0.668294	0.625917	0.306252	
0.736443	0.638355	0.358462	
0.639136	0.573175	0.329278	
0.677935	0.68047	0.393344	
0.604146	0.6127	0.354998	
0.159583	0.857942	0.211476	
0.0789426	0.814427	0.116551	
0.184433	0.803839	0.225361	
1	0.870777	0.618969	
0.973604	0.948198	0.596951	
0.93342	0.881152	0.646451	
0.214521	0.494233	0.170578	
0.17483	0.511384	0.0653023	
0.233558	0.400568	0.127092	
0.133567	0.49007	0.0834769	
0.53043	0.116022	1	
0.524129	0.084406	0.920176	
0.553766	0.10098	0.866637	
0	0.771198	0.726025	
0.0263584	0.767101	0.760473	
0.00390841	0.716893	0.778385	
0.599242	0.578587	0.311416	
0.599938	0.615616	0.342392	
0.60178	0.573335	0.298874	
0.270668	0.882552	1	
0.204087	0.861585	0.938145	
0.289759	0.817315	0.94005	
0.205696	0.870322	0.8882	
0.234477	0.813523	0.901245	
0.397326	0	0.902837	
0.328895	0.0179114	1	
0.318338	0.0578727	0.942515	
0.443578	0.0319897	0.917118	
0.430535	0.0259587	0.872034	
0.254551	0.550303	0.513083	
0.238994	0.607008	0.494892	
1	0.372358	0.552566	
0.926101	0.362764	0.560988	
0.981679	0.392202	0.649184	
0.69074	0.222389	0.36906	
0.755542	0.304335	0.386985	
0.755763	0.286138	0.359097	
0.755188	0.191793	0.381206	
0.727746	0.697139	0.425238	
0.465132	1	0.393394	
0.502854	0.970928	0.431012	
0.470999	0.985089	0.487311	
0.506068	0.942528	0.378119	
0.412726	0.965565	0.35806	
0.454455	0.930306	0.372957	
0.518902	0.977871	0.340884	
0.534192	0.571052	0.338317	
0.521387	0.525267	0.360138	
0.582725	0.557612	0.320493	
0.50775	0.539026	0.369995	
0.423955	0.576632	0.703971	
0.482477	0.536446	0.769733	
0.831112	0	0.858813	
0.925522	0.0646302	0.864265	
0.83464	0.143316	0.92098	
0.908559	0.1643	0.951541	
0.952832	0.0636463	0.801449	
0	0.0381912	0.140974	
0.102448	0	0.144819	
0.105112	0.0770725	0.159955	
0.167308	0.127188	0.694381	
0.187363	0.128253	0.621908	
0.117569	0.190964	0.659691	
0.12226	0.0918289	0.618465	
0.171913	0.116125	0.593277	
0.859766	0.63227	0.0954432	
0.752377	0	0.593347	
0.310413	0.359419	0.34492	
0.339935	0.41183	0.396808	
0	0.549805	0.058795	
0.0540445	0.500696	0	
0.128409	0.514578	0.046406	
0.0582549	0.624766	0.0835047	
0.0995932	0.534381	0.13473	
0.679946	1	0.587143	
0.697656	0.985122	0.560281	
0.627512	0.576941	0.879986	
0.612384	0.512537	0.803162	
0.535678	0.544414	0.818552	
0.606453	0.494507	0.801866	
0.53594	0.92547	0.459102	
0.51711	0.885477	0.515472	
0.50866	0.857614	0.493133	
0.475797	0.895068	0.41579	
0.530702	0.941811	0.336671	
0.1718	0.282703	0.703723	
0.456212	0.861174	0	
0.48248	0.832187	0.0960155	
0.424249	0.844243	0.00817239	
0.27848	0.728483	0.270991	
0.301327	0.680154	0.144276	
0.296794	0.613638	0.258435	
1	0.0552301	0.2403	
0.98218	0	0.263585	
0.799307	0.910697	0.490187	
0.12925	0.701197	0.546833	
0.155304	0.645626	0.510494	
0.104641	0.753167	0.479245	
0.0679119	0.770972	0.505936	
0.783073	0.167024	1	
0.837168	0.181859	0.973519	
0.832193	0.641179	0	
0.461109	0	0.0537093	
0.490285	0.0480091	0	
0.440636	0.0215392	0.088878	
0.215799	0.128659	0.676835	
0.212572	0.167314	0.641532	
0.226754	0.10146	0.617664	
0.634207	0.597099	0.48055	
0.591973	0.620768	0.4527	
0.588479	0.628021	0.440542	
0.647857	0	0.454562	
0.626919	0.00205042	0.370724	
0.513082	0	0.182481	
0.520064	0.117772	0.20216	
0.543403	0.1664	0.137659	
0.472913	0.0515713	0.160726	
0.578793	0.0348981	0.214303	
0.596647	0.0582545	0.241208	
0.454436	0.914516	0.652372	
0.0383034	1	0.460944	
0.0744833	0.810412	0.417633	
0	0.654412	0.917964	
0.0541774	0.670313	0.894374	
0.647951	0	0.298476	
0.619429	0.0329513	0.235469	
0.587483	0.0522655	0.254039	
0.277233	1	0.818193	
0.174016	0.860604	0.886168	
0.257731	0.774447	0	
0.330356	0.765605	0.0170667	
0.273357	0.831077	0.0424203	
0.298201	0.710012	0.100596	
0.424015	0.225405	0.570804	
0.415787	0.13657	0.618192	
0.428851	0.155322	0.550472	
0.383507	0.137826	0.566427	
0.202529	0.618217	0.0439825	
0.182384	0.650846	0.0544572	
0.197734	0.124185	1	
0.222196	0.0985412	0.966542	
0.163009	0.0937753	0.978933	
0.300784	0	0.444757	
0.311192	0.0949702	0.410561	
0.274994	0.0276995	0.431968	
0.336164	0.114156	0.376961	
0.323987	0.109896	0.357062	
0.374286	0.0833928	0.573214	
0.282562	0.0820119	0.57821	
0.401338	0.110042	0.57537	
0.331877	0.208729	0.869635	
0.551973	0.385684	0.491806	
0.555215	0.391347	0.493535	
1	0.476826	0.817979	
0.911292	0.470462	0.718648	
0.95987	0.445155	0.746034	
0.935321	0.50182	0.71866	
1	0.96736	0.554642	
0.946582	1	0.550783	
0.737111	0.202069	0.303184	
0.711097	0.16599	0.34713	
0.755864	0.263533	0.33144	
0.750457	0.186915	0.3665	
0.745295	1	0.927125	
0.826683	0.982085	1	
0.82306	0.940096	0.957671	
0.704507	0.945577	0.852646	
0.3089	0.137781	0.1034	
0.342321	0.193808	0.0956743	
0.353047	0.145993	0.128538	
0.890165	0.837728	0.157423	
0.913934	0.908938	0.18311	
0.795735	0.896791	0.187722	
0.921877	0.854245	0.194583	
0.699967	0	0.0363185	
0.64605	0.00119374	0	
0.773616	0.0404533	0.0675077	
0.748593	0.0896952	0.0854016	
0.566614	0.200439	0	
0.345786	0.248491	0.429457	
0.437843	0.191083	0.44991	
0.402295	0.226759	0.481819	
0.314327	0.139944	0.384121	
0.412563	0.290768	0.4085	
0.345658	0.277859	0.376461	
0.434514	0.230893	0.328809	
0.316258	0.146092	0.352288	
0.765597	1	0.189593	
0.194867	0.564105	0.265266	
0.23291	0.740355	0.468658	
0.219386	0.694721	0.459452	
1	0.0697157	0.920184	
0.932089	0	0.891845	
0.977815	0.056407	1	
0.97	0.0374353	0.809047	
0.700452	0.460974	0.468685	
0.805341	0.526484	0.555423	
0.464522	0.216076	0.523033	
0.385706	0.237591	0.496731	
0.846593	0.497576	0.695717	
0.928565	0.398542	0.70095	
0.552349	0.374979	0.447271	
0.38419	0.319933	0.423212	
0.381159	0.328709	0.40724	
0.739319	1	0.731051	
0.830817	0.878452	0.694528	
0.223541	0.784388	0.526607	
0.205522	0.698986	0.469516	
1	0.955584	0.196684	
0.936846	1	0.180481	
0.935194	0.87326	0.210056	
0.231533	0.0762954	0.433455	
0.268852	0.127072	0.377665	
0.192178	0.137863	0.423453	
0.495172	1	0.54178	
0.524409	0.936777	0.511743	
0.473812	0.874536	0.50795	
0	0.561446	0.546011	
0	0.651776	0.0390304	
0.114488	0.682729	0	
0.0827235	0.700556	0.0683576	
0.178978	0.640724	0.048852	
0.554225	0.353927	0.881615	
0.547346	0.299022	0.809215	
0.576154	0.378833	0.812873	
0.465599	0.344491	0.779537	
0.522681	0.41163	0.773791	
0.507871	0.25658	0.852947	
0.718679	0.145782	0.296151	
0.759991	0.114121	0.349035	
1	0.576082	0.549093	
0.940675	0.555411	0.47297	
0.844481	0.515143	0.569442	
0.268916	0.722512	0.858264	
0.147482	0.797815	0.854955	
0.277517	0.76854	0.887605	
0.181077	0.827074	0.905654	
0.169938	0.54207	0	
0.15721	0.189453	0.676996	
0.48555	0.676784	0.470889	
0.479391	0.60982	0.453365	
0.482835	0.654514	0.420181	
0.287139	0.627897	0.811518	
0.509213	0.254214	0.807289	
0.380623	0	0.602045	
0.40661	0.0898534	0.588286	
0.310589	0.302341	0.426715	
0.334832	0.37184	0.420291	
0	0.0678772	0.544929	
0.05959	0	0.579557	
0.15648	0.0972969	0.570166	
0.0204931	0.206678	0.546736	
0.0204373	0.121372	0.504289	
0.413613	0.927905	0.795468	
0.744078	0.921313	0.505997	
0.398312	0.195069	0	
0.345114	0.157825	0.0667256	
0.316544	0.409891	0	
0.78	0.127724	0.197483	
0.758204	0.167512	0.221275	
0.760648	0.105454	0.0736574	
0.284688	0.473415	0.456034	
0.324908	0.337899	0.458752	
0.336825	1	0.35189	
0.39803	0.901693	0.315595	
0.463609	1	0.213649	
0.504689	0.980667	0.275597	
0.689774	0.543979	0.807887	
0.616553	0.492171	0.797237	
0.168517	0.118213	0.282859	
0.140579	0.142279	0.299667	
0.609023	0.337212	0.788884	
0.913252	0.517565	0.68783	
0.776892	0.314959	0.35618	
0.653366	0.520164	0.405758	
0.586962	0.497225	0.370861	
0.56771	0.555607	0.391897	
0.578317	0.574211	0.356852	
0.649836	0.659378	1	
0.66947	0.595042	0.922273	
0.636239	0.733968	0.997286	
0.500024	0	0.851906	
0.505799	0.0614707	0.882183	
0.580249	0.0832648	0.81436	
0.488491	0	0.939226	
0.73008	0.457772	0	
0.778536	0.372044	0.00584286	
0.761134	0	0.747088	
0.503274	0.700941	0.439188	
0.54771	0.591332	0.408772	
0.578649	0.575731	0.395202	
0.543362	0.547792	0.369649	
0	0.785067	0.804839	
0.0342489	0.741827	0.819111	
0.508505	0.17524	0.251242	
0.527516	1	0.913516	
0.564879	1	0.133381	
0.620035	0	0.181008	
0.565652	0.0167636	0.239122	
0.74394	1	0.57292	
0.633039	0.831599	0.856375	
0.916616	0.810697	0.178837	
0.134392	0.842401	1	
0.807847	0.142547	0.253055	
0.799839	0.162813	0.310156	
0.783465	0.224688	0.296432	
0.882975	0.737869	1	
1	0.0677407	0.731622	
0.96851	0	0.752143	
0.588641	0.705598	0	
0.603439	0.679404	0.0742326	
0.56283	0.783329	0.0433799	
0.849104	0.900423	1	
0.561554	0.447609	0.803606	
0.192503	0.658268	0.533418	
0.245911	0.609775	0.470463	
0.100425	0.788898	0.551741	
1	0.793965	0.21177	
0.833768	0.11076	0.279775	
0.821476	0.21028	0.309827	
0.565747	1	0.457861	
0.774339	0.327134	0	
0.436285	0.810165	0.45484	
0.450809	0.837397	0.46634	
0	0.730699	0.8591	
0.458192	0.0989187	0.188193	
1	0.407078	0.712654	
0.989789	0.470725	0.679163	
0	0.811975	0.0371352	
0.0847637	0.808484	0	
0.469679	0.780217	0.504975	
0.441444	0.124417	0.559302	
1	0.539839	0.466671	
1	0.578099	0.654877	
0.441837	0	0.160831	
0.347431	0.0978292	0.114603	
0.706634	0.149771	0.722271	
0.648939	0.147737	0.749333	
1	0.461749	0.0623898	
0.967159	0.482843	0	
0.312069	0.724993	0.867455	
0.253624	0.528019	0.396899	
0.275821	0.0756117	1	
0.203445	0.0522927	0.97709	
0.171425	0.114387	0.344793	
0.0783952	0.142801	0.366188	
0.182795	0.0823799	0.390956	
0.522597	0.52434	0.39466	
0.603838	0.391804	1	
0.64139	0.383873	0.886073	
0.245537	0	0.605943	
0	0.945405	0.777575	
0.0511663	1	0.775246	
0.641816	0.79267	1	
0.700473	0.746319	0.897386	
0.378462	0.225723	1	
0.541106	0.82739	0	
0.28469	0.135441	0	
0.53683	1	0.28933	
0.588439	0.587454	0.432743	
1	0.164651	0.395624	
0	0.243731	0.552882	
0	0.100993	0.421967	
0.344817	0.7504	1	
0.415921	1	0.778026	
0.215914	0	0.429288	
0.189005	0.0498067	0.360355	
0	0.427361	0.875157	
0.832876	0	0.0637105	
0.82179	0.0855876	0	
0.308034	1	0.50691	
0.360512	0.796538	0	
0.288144	0.863128	0.0208976	
0.234867	1	0.0364837	
0.230529	0.937454	0	
0	0.0291019	0.945839	
0.0878241	0	0.907253	
0.130228	0.0444808	1	
0.696157	0.689975	0.13414	
0.849616	0.217302	1	
0	0.450557	0.631258	
