0	1.95454e-10	0.496112
1	2.19886e-10	0.496112
2	2.19886e-10	0.496112
3	1.95454e-10	0.496112
4	1.95454e-10	0.480107
5	1.95454e-10	0.496112
6	2.19886e-10	0.24486
7	2.19886e-10	0.00839311
8	2.19886e-10	0.576903
9	1.95454e-10	0.493586
10	2.19886e-10	0.309434
11	2.19886e-10	0.493586
12	2.19886e-10	0.493586
13	2.19886e-10	0.493586
14	1.95454e-10	0.493586
15	2.19886e-10	0.493586
16	2.19886e-10	0.493586
17	1.95454e-10	0.236053
18	2.19886e-10	0.472113
19	1.95454e-10	0.472113
20	0	0.472113
21	1.95454e-10	0.472113
22	0	0.472113
23	0	0
24	0	0.472113
25	1.95454e-10	0.472113
26	1.95454e-10	0.730612
27	1.95454e-10	0.753479
28	1.95454e-10	0.286883
29	1.95454e-10	0.812346
30	0	0.973264
31	1.95454e-10	0.732074
32	2.19886e-10	0.94414
33	1.95454e-10	0.472113
34	2.19886e-10	0.514469
35	1.95454e-10	0.472113
36	2.19886e-10	0.79367
37	2.19886e-10	0.564184
38	1.95454e-10	1
39	2.19886e-10	0.330927
40	2.19886e-10	0.23605
41	2.2656e-10	0.353738
42	2.19886e-10	0.882287
43	1.95454e-10	0.820415
44	2.2656e-10	0.479903
45	2.26583e-10	0.660766
46	2.19886e-10	0.479903
47	2.26491e-10	0.479903
48	2.26583e-10	0.479903
49	2.26583e-10	0.479903
50	2.2656e-10	0.479903
51	2.26674e-10	0.536011
52	2.26674e-10	0.494034
53	2.26651e-10	0.765066
54	2.26628e-10	0.494034
55	2.26628e-10	0.192322
56	2.26674e-10	0.494034
57	2.26628e-10	0.494034
58	2.26605e-10	0.494034
59	2.26583e-10	0.0453611
60	2.26605e-10	0.58947
61	2.26605e-10	0.494034
62	2.26491e-10	0.515259
63	2.26605e-10	0.883072
64	2.2656e-10	0.72262
65	0	0.546743
66	0	1
67	2.26674e-10	0.546743
68	2.26605e-10	0.993149
69	2.26583e-10	0.546743
70	0	0.957144
71	2.2656e-10	0.90389
72	2.2656e-10	0.546743
73	2.26491e-10	0.344328
74	2.2656e-10	0.546743
75	2.26628e-10	0.529245
76	2.26674e-10	0.502042
77	2.26674e-10	0.529245
78	2.26651e-10	1
79	2.26674e-10	0.113983
80	2.26628e-10	0.326602
81	2.26651e-10	0.710495
82	2.26628e-10	0.760182
83	2.26605e-10	0.0818421
84	2.26628e-10	0.177294
85	0	0.529245
86	0	0.529245
87	2.26628e-10	0.529245
88	2.26628e-10	0.529245
89	2.26605e-10	0.529245
90	2.26628e-10	0.529245
91	2.26651e-10	0.0856091
92	2.26628e-10	0.541889
93	2.26696e-10	0.541889
94	2.26674e-10	0.541889
95	2.26605e-10	0.541889
96	2.26651e-10	0.541889
97	2.2656e-10	0.361601
98	2.26628e-10	0.541889
99	2.26605e-10	0.765328
100	2.26583e-10	0.763254
101	2.26491e-10	0.358253
102	2.26491e-10	0.643469
103	1.95454e-10	0.570416
104	2.19886e-10	1
105	2.19886e-10	0.676469
106	2.19886e-10	0.570416
107	2.19886e-10	0.672368
108	1.95454e-10	0.130895
109	1.95454e-10	0.301004
110	1.95454e-10	0.337864
111	1.95454e-10	0.570416
112	2.19886e-10	0.113541
113	1.95454e-10	0.848294
114	2.26605e-10	0.330123
115	2.26674e-10	0.575841
116	2.19886e-10	0.765721
117	1.95454e-10	0.258727
118	2.19886e-10	0.502531
119	1.95454e-10	0.319636
120	2.19886e-10	0.575841
121	2.19886e-10	0.11204
122	2.19886e-10	0.612035
123	2.19886e-10	0.370752
124	2.19886e-10	0.0984363
125	2.2656e-10	0.0945635
126	2.26491e-10	0.157531
127	2.19886e-10	0.879254
128	2.19886e-10	0.552845
129	2.26651e-10	0.426248
130	2.26651e-10	0.552845
131	2.19886e-10	0.552845
132	2.26628e-10	0.332199
133	2.26605e-10	0.552845
134	2.26605e-10	0.552845
135	2.26605e-10	0.272197
136	2.26491e-10	0.703769
137	2.26491e-10	0.136527
138	2.26605e-10	0.889679
139	2.26605e-10	0.552845
140	2.26491e-10	0.0693024
141	2.2656e-10	0.552845
142	2.26628e-10	0.10937
143	2.26651e-10	0.254686
144	2.26628e-10	0.263866
145	2.26605e-10	0.511373
146	2.26583e-10	0.333581
147	2.26674e-10	0.89215
148	2.26674e-10	0.918753
149	2.26583e-10	0.0769356
150	2.26628e-10	1
151	2.26583e-10	0.760865
152	2.26605e-10	0.511373
153	2.26605e-10	0.511373
154	2.26583e-10	0.511373
155	2.2656e-10	0.511373
156	2.26674e-10	0.326607
157	2.26628e-10	0.283053
158	2.26583e-10	0.89898
159	2.26651e-10	0.127555
160	2.26651e-10	0.231043
161	2.26674e-10	0.563296
162	2.26628e-10	0.262396
163	2.26628e-10	0.563296
164	2.26583e-10	0.129402
165	2.26583e-10	0.563296
166	2.26628e-10	0.563296
167	2.26583e-10	0.563296
168	2.26605e-10	0.563296
169	2.26583e-10	0.563296
170	2.26583e-10	0.563296
171	1.95454e-10	0.547858
172	2.19886e-10	0.547858
173	1.95454e-10	0.547858
174	1.95454e-10	0.130925
175	2.19886e-10	0.384999
176	2.19886e-10	0.993149
177	2.19886e-10	0.263214
178	2.26491e-10	0.251267
179	2.19886e-10	0.90389
180	2.19886e-10	0.367515
181	2.19886e-10	0.0693024
182	2.19886e-10	0.241465
183	0	0.808243
184	1.95454e-10	0.862014
185	1.95454e-10	0
186	2.19886e-10	0
187	1.95454e-10	0
188	0	0
189	1.95454e-10	0.78484
190	0	0.228669
191	2.19886e-10	0.943035
192	0	0
193	0	0
194	2.19886e-10	0
195	1.95454e-10	0
196	1.95454e-10	1
197	2.19886e-10	0.792227
198	1.95454e-10	0.0252072
199	2.19886e-10	0.295816
200	0	0.0349018
201	0	0
202	0	0
203	0	0.130925
204	0	0.321399
205	1.95454e-10	0.938606
206	1.95454e-10	0.555195
207	1.95454e-10	0.0349018
208	1.95454e-10	0.359653
209	1.95454e-10	0.344328
210	0	0
211	0	0.698441
212	1.95454e-10	0
213	0	0.63709
214	1.95454e-10	0.475239
215	0	0.292071
216	1.95454e-10	0.121738
217	0	0
218	0	0
219	0	0.848294
220	0	0.716704
221	0	0
222	0	0
223	0	0
224	1.95454e-10	0
225	0	0
226	1.95454e-10	0
227	1.95454e-10	0
228	1.95454e-10	0.337905
229	1.95454e-10	0.340878
230	2.19886e-10	0.597041
231	1.95454e-10	0.359653
232	2.19886e-10	0.0907613
233	2.19886e-10	0.801115
234	0	0.0856091
235	0	0.0856091
236	2.26696e-10	0.0856091
237	0	0.856501
238	2.26674e-10	0.86159
239	2.26674e-10	0.0856091
240	2.26696e-10	0.0856091
241	0	0.659605
242	2.26651e-10	0.0856091
243	0	1
244	2.26651e-10	0.0856091
245	2.26651e-10	0.902583
246	2.26628e-10	0.0856091
247	2.26674e-10	0.760182
248	0	0.574123
249	1.95454e-10	0.970586
250	0	0.0777168
251	1.95454e-10	0.597232
252	0	0
253	1.95454e-10	0.137927
254	2.19886e-10	0.0777168
255	2.19886e-10	0.0777168
256	1.95454e-10	0.0777168
257	1.95454e-10	0.718515
258	0	0.95194
259	1.95454e-10	0.470874
260	0	0.0777168
261	1.95454e-10	0.347462
262	0	0
263	0	1
264	0	0
265	0	0.828182
266	0	0
267	0	0
268	1.95454e-10	0
269	0	0
270	1.95454e-10	0
271	1.95454e-10	0.721686
272	0	1
273	0	0
274	0	0.116342
275	0	0.258727
276	0	0.177618
277	0	0
278	0	0
279	0	0
280	0	0
281	1.95454e-10	0
282	0	0
283	0	0.247735
284	1.95454e-10	0.113869
285	0	0.190697
286	1.95454e-10	0.264052
287	1.95454e-10	0.749588
288	1.95454e-10	0.73904
289	0	0
290	1.95454e-10	0.136265
291	1.95454e-10	0.375815
292	0	0.299717
293	0	0.0870744
294	2.26696e-10	0.0870744
295	2.26628e-10	0.576903
296	2.26628e-10	0.226155
297	0	0.177294
298	2.2656e-10	0.00839311
299	2.26628e-10	0.231641
300	2.26605e-10	0.0870744
301	2.26583e-10	0.0870744
302	2.2656e-10	0.354001
303	2.26651e-10	0.169744
304	2.26583e-10	0.760182
305	1.95454e-10	0
306	0	0.293089
307	0	0
308	0	0
309	0	0
310	0	0
311	0	0
312	0	0
313	0	0
314	0	0
315	0	0
316	1.95454e-10	0.530464
317	1.95454e-10	0
318	0	0
319	2.26674e-10	0.368403
320	2.19886e-10	0.680476
321	2.26628e-10	0.904777
322	2.26628e-10	0
323	2.2656e-10	0.305867
324	2.2656e-10	0.526638
325	2.2656e-10	0.115987
326	2.26628e-10	0
327	2.19886e-10	0
328	2.19886e-10	0
329	0	0
330	0	0
331	0	0
332	1.95454e-10	0.340878
333	1.95454e-10	0.724317
334	1.95454e-10	0.263214
335	2.19886e-10	0
336	1.95454e-10	0.384999
337	2.19886e-10	0.0693024
338	1.95454e-10	0.241465
339	2.26651e-10	0.710947
340	0	0.714499
341	2.26651e-10	0.263786
342	2.26628e-10	0.901186
343	2.26696e-10	0.902583
344	2.26651e-10	0.0762725
345	2.26605e-10	0.35201
346	2.26674e-10	0.0762725
347	2.26628e-10	0.0762725
348	2.26605e-10	0.0762725
349	2.26605e-10	0.124736
350	2.26651e-10	0.0762725
351	2.26605e-10	0.0762725
352	2.26674e-10	0.0762725
353	2.26628e-10	0.0762725
354	2.26605e-10	0.0762725
355	2.26583e-10	0.0762725
356	2.26605e-10	0.0762725
357	2.26651e-10	0.846434
358	2.26674e-10	0.227836
359	2.26628e-10	0.832396
360	2.26628e-10	0.0184747
361	2.26605e-10	1
362	2.26583e-10	0.0184747
363	2.26605e-10	0.570963
364	2.2656e-10	0.0184747
365	2.26491e-10	0.914378
366	2.26491e-10	0.660197
367	2.26583e-10	0.0184747
368	2.26583e-10	0.0184747
369	2.26491e-10	0.35856
370	2.26628e-10	0.391984
371	2.26674e-10	0.35856
372	2.26628e-10	0.356832
373	2.26605e-10	0.35856
374	2.26583e-10	0.35856
375	2.26583e-10	0.35856
376	2.2656e-10	0.35856
377	2.26651e-10	1
378	2.2656e-10	0.675232
379	2.19886e-10	0.112221
380	2.2656e-10	0.347008
381	2.2656e-10	0.358413
382	2.19886e-10	0.896477
383	2.26628e-10	0.358413
384	2.2656e-10	0.358413
385	2.26491e-10	0.358413
386	2.26491e-10	0.612035
387	2.19886e-10	0.725614
388	2.19886e-10	0.823845
389	0	0.502531
390	2.26674e-10	0.353516
391	2.26605e-10	0.894292
392	2.26605e-10	0.0895606
393	2.26651e-10	0.353516
394	2.26628e-10	0.526638
395	2.26651e-10	0.353516
396	2.26605e-10	1
397	2.2656e-10	0.353516
398	2.26491e-10	0.353516
399	2.19886e-10	0.971382
400	2.2656e-10	0.353516
401	2.26491e-10	0.203961
402	2.19886e-10	0.113514
403	2.26651e-10	0.675232
404	2.26628e-10	1
405	2.26605e-10	0.347008
406	2.26628e-10	0.11204
407	2.26583e-10	0.347008
408	2.26583e-10	0.347008
409	2.26605e-10	0.887888
410	2.2656e-10	0.347008
411	2.26491e-10	0.347008
412	2.26491e-10	0.347008
413	2.26491e-10	0.358253
414	1.95454e-10	0.344328
415	2.19886e-10	0.344328
416	2.26651e-10	0.344328
417	1.95454e-10	0.344328
418	2.19886e-10	0.90389
419	2.19886e-10	0.263214
420	2.26583e-10	0.72245
421	2.19886e-10	0.344328
422	2.26491e-10	0.154343
423	2.19886e-10	0.993149
424	2.19886e-10	0.359653
425	2.26491e-10	0.294747
426	2.26491e-10	0.0734289
427	2.26491e-10	0.385808
428	2.26674e-10	0.385808
429	2.26605e-10	0.385808
430	2.26628e-10	0.137927
431	2.26605e-10	0.593294
432	2.26605e-10	0.310063
433	2.26583e-10	0.477863
434	2.26491e-10	0.209638
435	2.26583e-10	0.615957
436	2.26583e-10	0.586567
437	2.26605e-10	0.225387
438	0	0
439	1.95454e-10	0.670177
440	1.95454e-10	0.337928
441	2.19886e-10	0.883526
442	1.95454e-10	0.412683
443	1.95454e-10	0.412683
444	1.95454e-10	0.412683
445	0	0.412683
446	2.19886e-10	0.412683
447	1.95454e-10	0.412683
448	2.19886e-10	0.412683
449	2.19886e-10	0.412683
450	2.19886e-10	0.300033
451	1.95454e-10	0.300033
452	2.26628e-10	0.783425
453	2.19886e-10	0.939718
454	2.19886e-10	0.935654
455	2.26491e-10	0.792768
456	2.19886e-10	0.300033
457	2.26491e-10	0.300033
458	1.95454e-10	0.637975
459	2.26491e-10	0.300033
460	2.19886e-10	0.300033
461	2.19886e-10	0.0537582
462	2.19886e-10	0.300033
463	2.2656e-10	0.300033
464	2.26674e-10	0.427833
465	0	0.727714
466	2.26605e-10	0.427833
467	2.26674e-10	0.890423
468	0	0.718558
469	2.26605e-10	0.789272
470	2.26628e-10	0.427833
471	2.26605e-10	0.427833
472	2.26583e-10	0.932467
473	2.26696e-10	0.418392
474	2.26674e-10	0.418392
475	2.26605e-10	0.418392
476	2.26605e-10	0.418392
477	2.26583e-10	0.418392
478	2.2656e-10	0.926632
479	2.26583e-10	0.716926
480	2.26605e-10	0.350273
481	2.26583e-10	0.947302
482	2.26605e-10	0.0379109
483	2.2656e-10	0.263214
484	2.26583e-10	0.418392
485	2.26491e-10	0.384999
486	2.26651e-10	0.80884
487	2.26628e-10	0.231043
488	2.26605e-10	0.237821
489	2.19886e-10	0.755974
490	2.26491e-10	0.262396
491	2.19886e-10	0.718515
492	2.19886e-10	0.347462
493	2.26605e-10	0.415685
494	2.26628e-10	0.593294
495	2.26583e-10	0.534752
496	2.26491e-10	0.376177
497	2.26674e-10	0.117259
498	2.26605e-10	0.144846
499	2.26628e-10	0.675232
500	2.2656e-10	1
501	2.26628e-10	0.883526
502	2.26605e-10	0.223581
503	2.26628e-10	0.11204
504	2.26491e-10	0.778896
505	2.26628e-10	0.872188
506	2.26605e-10	0.750993
507	2.26651e-10	0.887888
508	2.2656e-10	0.427953
509	2.26583e-10	0.157075
510	2.2656e-10	0.427953
511	2.26491e-10	0.670177
512	2.26583e-10	0.427953
513	2.26583e-10	0.358253
514	2.26491e-10	0.118047
515	2.26491e-10	0.427953
516	2.26628e-10	0.445989
517	2.26651e-10	0.569134
518	2.26651e-10	0.328672
519	2.26605e-10	0.703853
520	2.26651e-10	0.701351
521	2.26605e-10	0.784869
522	2.26605e-10	0.445989
523	2.26651e-10	0.445989
524	2.26628e-10	0.445989
525	2.26491e-10	0.445989
526	2.26583e-10	0.445989
527	2.26491e-10	0.445989
528	2.26583e-10	0.339825
529	2.26674e-10	0.802696
530	2.26674e-10	0.509275
531	0	0.665882
532	2.26628e-10	0.289956
533	2.26605e-10	0.364794
534	2.26628e-10	0.631558
535	2.26674e-10	0.339825
536	2.26605e-10	0.339825
537	2.26583e-10	0.790254
538	2.26583e-10	0.339825
539	2.26583e-10	0.339825
540	2.26605e-10	0.339825
541	2.26583e-10	0.339825
542	2.19886e-10	0.338987
543	2.19886e-10	0.338987
544	2.26628e-10	0.338987
545	1.95454e-10	0.338987
546	1.95454e-10	0.668906
547	2.19886e-10	0.970586
548	1.95454e-10	0.574123
549	2.19886e-10	0.338987
550	1.95454e-10	0.266143
551	2.19886e-10	0.0527296
552	2.19886e-10	0.597232
553	2.19886e-10	0.576588
554	2.19886e-10	0.338987
555	2.26491e-10	0.338987
556	2.19886e-10	0.309434
557	2.19886e-10	0.730853
558	2.19886e-10	0.19543
559	2.2656e-10	0.692938
560	2.19886e-10	0.310063
561	1.95454e-10	0.338987
562	1.95454e-10	0.307414
563	2.19886e-10	0.333581
564	2.19886e-10	0.307414
565	2.19886e-10	0.307414
566	1.95454e-10	1
567	2.19886e-10	0.307414
568	2.19886e-10	0.307414
569	2.26491e-10	0.307414
570	2.19886e-10	0.783425
571	2.19886e-10	0.307414
572	1.95454e-10	0.745026
573	2.26491e-10	0.307414
574	1.95454e-10	0.810448
575	2.19886e-10	0.299717
576	1.95454e-10	1
577	2.19886e-10	0.299717
578	1.95454e-10	0.368092
579	2.19886e-10	0.299717
580	2.19886e-10	0.299717
581	2.19886e-10	0.299717
582	2.19886e-10	0.650578
583	1.95454e-10	1
584	1.95454e-10	0.688849
585	1.95454e-10	0.70973
586	0	0.00614105
587	0	0.299717
588	1.95454e-10	0.299717
589	1.95454e-10	0.299717
590	1.95454e-10	0.299717
591	1.95454e-10	0.299717
592	1.95454e-10	0.299717
593	1.95454e-10	0.73904
594	0	0.299717
595	0	0.300721
596	2.26674e-10	0.901186
597	2.26583e-10	0.129521
598	2.26605e-10	0.325643
599	2.26605e-10	0.300721
600	2.26605e-10	0.827498
601	2.26583e-10	0.710947
602	2.26583e-10	0.279289
603	2.26605e-10	0.300721
604	2.26583e-10	0.300721
605	2.26605e-10	0.300721
606	2.26628e-10	0.300721
607	2.26605e-10	0.0608953
608	2.26583e-10	0.599605
609	2.19886e-10	0.317589
610	0	0.317589
611	0	0.317589
612	2.26605e-10	0.59427
613	2.19886e-10	0.779044
614	2.26605e-10	0.646228
615	2.26674e-10	0.317589
616	2.26583e-10	0.317589
617	2.26605e-10	0.540838
618	2.19886e-10	0.309434
619	2.19886e-10	0.597232
620	2.19886e-10	0.309434
621	2.19886e-10	0.309434
622	2.19886e-10	0.576588
623	2.2656e-10	0.922614
624	2.19886e-10	0.668906
625	2.19886e-10	0.266143
626	2.19886e-10	0.0527296
627	2.19886e-10	0.924578
628	2.26628e-10	0.300902
629	2.26696e-10	0.300902
630	2.19886e-10	0.753479
631	2.19886e-10	0.300902
632	2.26583e-10	0.300902
633	1.95454e-10	0.300902
634	2.2656e-10	0.243828
635	1.95454e-10	0.300902
636	2.26491e-10	0.300902
637	2.19886e-10	0.691156
638	2.19886e-10	0.701295
639	2.19886e-10	0.300902
640	2.26491e-10	0.300902
641	2.19886e-10	0.672604
642	2.26491e-10	0.688935
643	2.19886e-10	0.300902
644	2.19886e-10	0.890335
645	1.95454e-10	0.475109
646	2.19886e-10	0.356832
647	2.19886e-10	0.733929
648	2.19886e-10	0.195013
649	2.19886e-10	1
650	1.95454e-10	0.391984
651	2.19886e-10	0.391984
652	1.95454e-10	0.391984
653	2.26628e-10	0.349886
654	2.26628e-10	0.349886
655	2.26651e-10	0.883072
656	0	0.618118
657	2.26605e-10	0.778428
658	2.26674e-10	0.109242
659	2.26651e-10	0.0178983
660	2.26628e-10	0.154391
661	2.26628e-10	0.704472
662	2.26674e-10	0.144587
663	2.26583e-10	0.642989
664	2.26628e-10	0.113662
665	2.26583e-10	0.833504
666	2.26583e-10	0.349886
667	2.26583e-10	0.201623
668	2.26583e-10	0.54363
669	2.26583e-10	0.878076
670	2.26651e-10	0.319673
671	2.26674e-10	0.350273
672	2.26674e-10	0.716926
673	2.26605e-10	0.896276
674	0	0.350273
675	2.26605e-10	0.843841
676	2.26674e-10	0.34803
677	2.26628e-10	0.889679
678	2.26651e-10	0.350273
679	2.26491e-10	0.350273
680	2.26583e-10	0.58947
681	0	0.610975
682	2.26628e-10	0.0576263
683	2.26583e-10	0.4354
684	2.26696e-10	0.677491
685	2.26491e-10	0.697056
686	2.26583e-10	0.482613
687	2.26583e-10	0.405595
688	2.26674e-10	0.122883
689	2.26583e-10	0.4354
690	2.26651e-10	0.337863
691	0	0.337863
692	0	0.1889
693	2.26674e-10	0.337863
694	2.26605e-10	0.337863
695	2.26583e-10	0.064613
696	2.26628e-10	0.927576
697	2.2656e-10	0.337863
698	2.26583e-10	0.337863
699	2.2656e-10	0.337863
700	2.26491e-10	0.28608
701	2.26605e-10	0.154319
702	2.2656e-10	0.337863
703	2.26651e-10	0.337863
704	2.26605e-10	0.470679
705	2.26605e-10	0.886772
706	2.2656e-10	0.231641
707	2.19886e-10	0.116342
708	2.19886e-10	0.921889
709	2.19886e-10	0.156792
710	2.19886e-10	0.734844
711	2.2656e-10	0.611716
712	2.26491e-10	0.331805
713	2.19886e-10	0.377516
714	2.19886e-10	0.377516
715	2.19886e-10	0.377516
716	2.26491e-10	0.377516
717	2.19886e-10	0.377516
718	2.19886e-10	0.377516
719	1.95454e-10	0.337928
720	0	0
721	1.95454e-10	0.403796
722	2.19886e-10	0.602159
723	0	0.266143
724	1.95454e-10	0.576588
725	1.95454e-10	0.670177
726	1.95454e-10	0.749017
727	2.19886e-10	1
728	1.95454e-10	0.828769
729	2.19886e-10	0.644871
730	2.19886e-10	0.501493
731	2.19886e-10	0.492096
732	2.26583e-10	0.330927
733	2.2656e-10	0.23605
734	2.2656e-10	0.476265
735	2.26605e-10	0.330927
736	2.26583e-10	0.330927
737	2.26628e-10	0.330927
738	2.2656e-10	0.330927
739	2.19886e-10	0.330927
740	2.19886e-10	0.330927
741	2.26583e-10	0.330927
742	2.19886e-10	0.330927
743	2.26651e-10	0.656161
744	2.26605e-10	0.926235
745	2.26628e-10	0.117283
746	2.26583e-10	0.124736
747	2.26674e-10	0.250887
748	2.26605e-10	0.26019
749	2.26605e-10	0.291019
750	2.26605e-10	0.474212
751	2.26583e-10	0.359982
752	2.2656e-10	0.474212
753	2.26491e-10	0.474212
754	2.26605e-10	0.646082
755	2.2656e-10	0.0252072
756	2.26605e-10	0.474212
757	2.26491e-10	0.474212
758	2.26583e-10	0.474212
759	2.26491e-10	0.474212
760	1.95454e-10	0.475109
761	0	0
762	1.95454e-10	0.475109
763	0	1
764	2.19886e-10	0.733929
765	1.95454e-10	1
766	1.95454e-10	0.475109
767	2.19886e-10	0.474978
768	1.95454e-10	0.896477
769	1.95454e-10	0.475109
770	2.19886e-10	0.327084
771	1.95454e-10	0.475109
772	1.95454e-10	0.475109
773	2.26628e-10	0.327084
774	2.19886e-10	0.474978
775	2.26583e-10	0.474978
776	2.2656e-10	0.474978
777	2.26651e-10	0.474978
778	2.26583e-10	0.474978
779	2.26651e-10	0.474978
780	2.26583e-10	0.474978
781	2.26583e-10	0.474978
782	1.95454e-10	0.359511
783	1.95454e-10	0.730612
784	1.95454e-10	0.812346
785	1.95454e-10	0.594007
786	2.19886e-10	0.594007
787	1.95454e-10	0.594007
788	0	0.594007
789	1.95454e-10	0.594007
790	2.19886e-10	0.594007
791	1.95454e-10	0.594007
792	2.19886e-10	0.831548
793	1.95454e-10	0.567824
794	1.95454e-10	0.594007
795	2.26696e-10	0.594879
796	2.26674e-10	0.124736
797	0	0.594879
798	2.26628e-10	0.117283
799	2.26628e-10	0.594879
800	2.26651e-10	0.35201
801	2.26674e-10	0.470679
802	0	0.594879
803	2.26583e-10	0.594879
804	2.26583e-10	0.594879
805	2.26605e-10	0.594879
806	2.19886e-10	0.597232
807	2.19886e-10	0.597232
808	2.26674e-10	0.576588
809	1.95454e-10	0.574123
810	2.19886e-10	0.137927
811	2.19886e-10	0.922614
812	2.19886e-10	0.310063
813	2.26491e-10	0.586567
814	2.26605e-10	0
815	2.26696e-10	0.416693
816	2.26628e-10	0.665989
817	2.26605e-10	0.249877
818	2.26628e-10	0.601681
819	2.26491e-10	0.661249
820	2.26583e-10	0.672604
821	2.26605e-10	0.601681
822	2.2656e-10	0.601681
823	2.2656e-10	0.601681
824	2.26583e-10	0.601681
825	2.2656e-10	0.5387
826	2.26651e-10	0.601681
827	2.19886e-10	0.611716
828	2.26628e-10	0.601681
829	2.26491e-10	0.118047
830	2.26605e-10	0.601681
831	2.2656e-10	0.601681
832	2.19886e-10	0.729992
833	2.26491e-10	0.476164
834	2.19886e-10	0.319636
835	2.26628e-10	0.631558
836	0	0.631558
837	0	0.289956
838	2.26628e-10	0.116363
839	2.26651e-10	0.777268
840	2.26605e-10	0.914236
841	2.26651e-10	0.739203
842	2.26628e-10	0.743575
843	2.26583e-10	0.509275
844	2.26628e-10	0.150502
845	2.26628e-10	0.631558
846	2.26583e-10	0.631558
847	2.26628e-10	0.58038
848	2.26696e-10	0.556802
849	2.26651e-10	0.58038
850	2.26628e-10	0.58038
851	2.26651e-10	0.319673
852	2.26696e-10	0.58038
853	2.26605e-10	0.58038
854	2.2656e-10	0.756932
855	2.26628e-10	0.58038
856	2.26605e-10	0.58038
857	2.26651e-10	0.58038
858	2.26583e-10	0.58038
859	2.2656e-10	0.482613
860	2.26583e-10	0.58038
861	2.2656e-10	0.971382
862	0	0.583253
863	0	1
864	0	0.260529
865	2.26651e-10	0.583253
866	2.26628e-10	0.547272
867	2.26605e-10	0.802881
868	2.26605e-10	0.54657
869	2.26651e-10	0.96538
870	2.26605e-10	0.881602
871	2.26628e-10	0.583253
872	2.26605e-10	0.583253
873	2.26605e-10	0.765334
874	2.26491e-10	0.583253
875	2.26651e-10	0.78209
876	2.26674e-10	0.608431
877	2.26628e-10	0.28608
878	2.26628e-10	0.789167
879	2.26583e-10	0.12292
880	2.26605e-10	0.651965
881	2.2656e-10	1
882	2.26583e-10	0.154319
883	2.26605e-10	0.651965
884	2.26583e-10	0.651965
885	2.2656e-10	0.651965
886	2.2656e-10	0.651965
887	2.2656e-10	0.897824
888	2.19886e-10	0.608431
889	0	0.608431
890	2.26628e-10	0.608431
891	2.26628e-10	0.608431
892	2.19886e-10	0.472013
893	2.19886e-10	0.608431
894	2.2656e-10	1
895	2.26605e-10	0.608431
896	2.2656e-10	0.608431
897	2.19886e-10	0.608431
898	2.2656e-10	0.981055
899	2.26583e-10	0.758209
900	2.26583e-10	0.928277
901	2.26605e-10	0.608431
902	2.26628e-10	0.599001
903	2.19886e-10	0.768402
904	2.19886e-10	0
905	2.26651e-10	0.833504
906	2.19886e-10	0.229188
907	2.26651e-10	0.989523
908	2.26491e-10	0.599001
909	2.26651e-10	0.659197
910	2.26696e-10	0.599001
911	2.26628e-10	0.167835
912	2.2656e-10	0.599001
913	2.26491e-10	0.642989
914	2.2656e-10	0.599001
915	2.26583e-10	0.182203
916	2.26583e-10	0.496512
917	2.19886e-10	0.602159
918	2.26674e-10	0.723088
919	2.26628e-10	0.602159
920	2.26583e-10	1
921	2.2656e-10	0.602159
922	2.19886e-10	0.602159
923	2.2656e-10	0.602159
924	2.26491e-10	0.602159
925	2.19886e-10	0.576588
926	2.2656e-10	0.602159
927	2.19886e-10	0.403796
928	2.19886e-10	0.592727
929	1.95454e-10	1
930	2.19886e-10	0.267055
931	1.95454e-10	0.592727
932	2.19886e-10	0.0576263
933	2.19886e-10	0.592727
934	1.95454e-10	0.637567
935	2.19886e-10	0.220519
936	2.26491e-10	0.592727
937	2.26491e-10	0.592727
938	2.26491e-10	0.592727
939	2.19886e-10	0.643469
940	2.19886e-10	0.187408
941	2.19886e-10	0.643469
942	1.95454e-10	0
943	2.26583e-10	0.801408
944	2.26583e-10	0.643469
945	2.26583e-10	0.643469
946	2.19886e-10	0.763254
947	2.26605e-10	0.205523
948	2.2656e-10	0.826144
949	2.19886e-10	0.643469
950	2.19886e-10	0.223581
951	2.2656e-10	0.750993
952	2.19886e-10	0.650238
953	1.95454e-10	0.236053
954	0	0.619667
955	1.95454e-10	1
956	2.19886e-10	0.928277
957	1.95454e-10	0.840973
958	1.95454e-10	0.619667
959	1.95454e-10	0.619667
960	1.95454e-10	0.619667
961	1.95454e-10	0.22635
962	2.19886e-10	0.133039
963	0	0.619667
964	2.19886e-10	0.619667
965	1.95454e-10	0.619667
966	0	0.280749
967	2.26696e-10	0.504352
968	2.26605e-10	0.26019
969	2.26674e-10	1
970	2.26605e-10	0.646082
971	2.26605e-10	0.646082
972	2.26583e-10	0.646082
973	2.26583e-10	0.646082
974	2.26583e-10	0.646082
975	2.26605e-10	0.646082
976	2.26491e-10	0.646082
977	2.2656e-10	0.646082
978	2.26628e-10	0.646082
979	2.2656e-10	0.646082
980	2.26696e-10	0.659197
981	2.19886e-10	0
982	2.19886e-10	0.768402
983	1.95454e-10	0.567824
984	2.19886e-10	0.76959
985	2.19886e-10	0.659197
986	2.26583e-10	0.659197
987	2.19886e-10	0.659197
988	2.26605e-10	0.690021
989	1.95454e-10	0.659197
990	2.26628e-10	0.659197
991	2.26605e-10	0.802881
992	2.26583e-10	0.581866
993	2.19886e-10	0.659197
994	2.19886e-10	0.659197
995	2.26651e-10	0.496512
996	2.26491e-10	0.249877
997	2.2656e-10	0.659197
998	2.2656e-10	0.558856
999	2.26583e-10	0.659197
1000	2.26491e-10	0.660766
1001	2.26674e-10	0.765672
1002	2.19886e-10	0.660766
1003	2.26583e-10	0.622108
1004	2.26583e-10	0.0453611
1005	2.26651e-10	0.660766
1006	2.26583e-10	0.660766
1007	2.19886e-10	0.564184
1008	2.26583e-10	0.629094
1009	2.19886e-10	0.73157
1010	2.26583e-10	0.765066
1011	2.26583e-10	0.660766
1012	2.26491e-10	0.216439
1013	2.26605e-10	0.784869
1014	2.19886e-10	0.286883
1015	2.26583e-10	0.703853
1016	2.2656e-10	0.153084
1017	0	0.501493
1018	2.26628e-10	1
1019	2.26628e-10	0.672128
1020	2.26605e-10	0.672128
1021	2.26696e-10	0.672128
1022	2.26583e-10	0.672128
1023	2.26583e-10	0.625692
1024	2.26651e-10	0.672128
1025	2.26628e-10	0.672128
1026	2.2656e-10	0.672128
1027	0	0.689148
1028	2.26696e-10	0.192911
1029	0	0.689148
1030	2.26651e-10	0.689148
1031	2.26605e-10	0.689148
1032	2.26696e-10	0.866775
1033	2.26628e-10	0.689148
1034	0	0.697608
1035	2.26605e-10	0.689148
1036	2.26651e-10	0.593205
1037	2.26605e-10	0.689148
1038	2.26605e-10	0.731872
1039	2.26628e-10	0.767183
1040	2.26651e-10	0.145852
1041	0	0.640467
1042	2.26674e-10	0.640467
1043	2.26628e-10	0.640467
1044	0	0.640467
1045	2.26628e-10	0.646459
1046	2.26583e-10	0.650238
1047	2.2656e-10	0.640467
1048	2.26491e-10	0.726202
1049	2.19886e-10	0.698915
1050	2.19886e-10	0.589793
1051	2.2656e-10	0.538326
1052	2.19886e-10	0.640467
1053	2.26674e-10	0.864825
1054	2.26651e-10	0.640415
1055	2.26583e-10	0.640415
1056	2.26628e-10	0.803382
1057	2.26628e-10	0.640415
1058	2.2656e-10	0.897824
1059	2.2656e-10	0.640415
1060	2.2656e-10	0.640415
1061	2.2656e-10	0.640415
1062	2.26674e-10	0.662997
1063	2.26583e-10	0.662997
1064	0	0.662997
1065	2.26696e-10	0.662997
1066	2.26696e-10	0.662997
1067	2.26696e-10	0.144846
1068	0	0.662997
1069	2.26628e-10	0.662997
1070	2.26583e-10	0.127555
1071	2.26605e-10	0.469299
1072	0	1
1073	0	0.561861
1074	2.26605e-10	0.113662
1075	2.26628e-10	0.680365
1076	2.26605e-10	0.263786
1077	2.26583e-10	0.48621
1078	2.26628e-10	0.680365
1079	2.2656e-10	0.680365
1080	2.26628e-10	0.765748
1081	2.26605e-10	0.680365
1082	2.26696e-10	0.680365
1083	2.26605e-10	0.713395
1084	2.26628e-10	0.584505
1085	2.26651e-10	0.917546
1086	2.26605e-10	0.225036
1087	2.26491e-10	0.680365
1088	2.26628e-10	0.680365
1089	2.26628e-10	0.680365
1090	2.26605e-10	0.0500934
1091	2.26583e-10	0.368403
1092	2.26674e-10	0.766901
1093	2.26583e-10	0.680476
1094	2.26696e-10	0.614942
1095	2.2656e-10	0.680476
1096	2.26628e-10	0.680476
1097	2.26696e-10	0.832901
1098	2.19886e-10	0.680476
1099	2.19886e-10	0.680476
1100	2.26628e-10	0.680476
1101	2.19886e-10	0.314371
1102	2.19886e-10	0.6511
1103	2.19886e-10	0.492094
1104	1.95454e-10	0.680476
1105	2.19886e-10	0.680476
1106	1.95454e-10	0.100894
1107	2.2656e-10	0.690169
1108	2.26674e-10	0.690169
1109	2.19886e-10	0.690169
1110	2.26583e-10	0.690169
1111	2.19886e-10	0.124032
1112	2.26628e-10	0.482613
1113	2.19886e-10	0.73713
1114	2.2656e-10	0.241097
1115	2.19886e-10	0.697056
1116	2.26583e-10	0.54031
1117	2.19886e-10	0.220519
1118	2.19886e-10	0.113869
1119	2.19886e-10	0.190697
1120	2.26491e-10	0.0576263
1121	0	0.686158
1122	2.26651e-10	1
1123	2.26628e-10	0.284342
1124	2.26605e-10	0.622108
1125	2.26651e-10	0.686158
1126	0	0.686158
1127	2.26605e-10	0.686158
1128	2.26628e-10	0.765066
1129	2.26628e-10	0.752342
1130	2.26605e-10	0.701351
1131	2.26583e-10	0.686158
1132	2.26605e-10	0.686158
1133	2.26651e-10	0.131543
1134	2.26605e-10	0.785839
1135	2.26674e-10	0.765334
1136	0	0.287229
1137	2.26605e-10	0.182203
1138	2.26628e-10	0.496512
1139	2.26628e-10	0.688821
1140	2.26651e-10	0.326607
1141	2.26628e-10	0.504352
1142	2.26628e-10	0.78077
1143	2.26674e-10	0.464563
1144	2.26583e-10	0.469299
1145	2.26583e-10	0.765334
1146	2.26605e-10	0.547272
1147	2.19886e-10	0.938606
1148	1.95454e-10	0.724317
1149	2.19886e-10	0.340878
1150	2.19886e-10	0.337905
1151	2.19886e-10	0.383069
1152	2.26583e-10	0.724317
1153	1.95454e-10	0.130925
1154	2.19886e-10	0.926632
1155	2.2656e-10	0.72245
1156	2.26583e-10	0.131423
1157	2.19886e-10	0.263214
1158	2.26491e-10	0.724317
1159	2.26491e-10	0.724317
1160	2.19886e-10	0.384999
1161	2.26491e-10	0.724317
1162	2.26628e-10	0.696683
1163	2.26696e-10	0.374643
1164	2.26628e-10	0.81672
1165	2.26605e-10	0.650453
1166	2.26583e-10	0.81672
1167	2.26674e-10	0.81672
1168	2.26583e-10	0.81672
1169	2.26605e-10	0.81672
1170	2.26605e-10	0.81672
1171	2.26583e-10	0.81672
1172	2.26583e-10	0.81672
1173	2.26583e-10	0.81672
1174	0	0.814227
1175	2.26674e-10	0.814227
1176	2.26651e-10	0.34751
1177	2.26674e-10	0.130389
1178	2.26628e-10	0.916429
1179	0	0.814227
1180	2.2656e-10	0.131543
1181	0	0.611158
1182	2.26674e-10	0.250567
1183	2.26651e-10	0.192322
1184	2.26628e-10	0.109242
1185	2.26628e-10	0.778428
1186	2.26651e-10	0.113662
1187	2.26628e-10	0.883072
1188	2.26605e-10	0.778428
1189	2.26605e-10	0.72262
1190	2.26583e-10	0.515259
1191	2.26583e-10	0.778428
1192	2.26583e-10	0.778428
1193	2.26583e-10	0.154391
1194	2.2656e-10	0.778428
1195	2.26651e-10	0.876349
1196	2.26674e-10	0.154343
1197	2.26674e-10	0.0608953
1198	2.2656e-10	0.359653
1199	2.26628e-10	0.555195
1200	2.26583e-10	0.337905
1201	2.26605e-10	0.712528
1202	2.26628e-10	0.712528
1203	2.26605e-10	0.712528
1204	2.26491e-10	0.712528
1205	2.2656e-10	0.712528
1206	2.2656e-10	0.712528
1207	2.26583e-10	0.712528
1208	2.2656e-10	0.712528
1209	2.26491e-10	0.712528
1210	1.95454e-10	0.567824
1211	2.19886e-10	0.831548
1212	1.95454e-10	0.701295
1213	2.19886e-10	0.701295
1214	2.19886e-10	0.701295
1215	0	0.701295
1216	2.19886e-10	0.701295
1217	2.19886e-10	0.701295
1218	1.95454e-10	0.701295
1219	0	0.701295
1220	0	0.727714
1221	2.19886e-10	0.789272
1222	2.26628e-10	0.846622
1223	2.26628e-10	0.890423
1224	2.19886e-10	0.314371
1225	2.19886e-10	0.846622
1226	1.95454e-10	0.846622
1227	1.95454e-10	0.846622
1228	2.26651e-10	0.932467
1229	2.2656e-10	0.367515
1230	2.26491e-10	0.384999
1231	2.26605e-10	0.802881
1232	0	0.581866
1233	2.26628e-10	0.802881
1234	0	0.802881
1235	2.26674e-10	0.802881
1236	2.26628e-10	0.287229
1237	2.26583e-10	0.802881
1238	2.26696e-10	0.689546
1239	2.26674e-10	0.70468
1240	2.26651e-10	0.690021
1241	2.26651e-10	0.558856
1242	2.26583e-10	0.802881
1243	2.26674e-10	0.801745
1244	2.26628e-10	1
1245	2.26651e-10	0.200352
1246	2.26605e-10	0.801745
1247	2.26628e-10	0.801745
1248	2.2656e-10	0.558856
1249	2.26583e-10	0.801745
1250	2.26583e-10	0.14639
1251	2.2656e-10	0.504352
1252	2.26583e-10	0.801745
1253	2.26491e-10	0.801745
1254	2.26583e-10	0
1255	2.2656e-10	0.661249
1256	2.19886e-10	0.828769
1257	2.19886e-10	0.828769
1258	2.19886e-10	0.828769
1259	2.26674e-10	0.828769
1260	2.26628e-10	0.828769
1261	1.95454e-10	0.828769
1262	2.19886e-10	0.828769
1263	2.2656e-10	0.828769
1264	2.19886e-10	0.828769
1265	2.26583e-10	0.828769
1266	2.2656e-10	0.828769
1267	2.2656e-10	1
1268	2.26605e-10	0.828769
1269	2.26605e-10	0.828769
1270	2.26696e-10	0.843841
1271	2.26651e-10	0.843841
1272	2.26628e-10	0.587295
1273	2.26605e-10	0.843841
1274	2.26583e-10	0.648791
1275	2.26583e-10	0.319673
1276	2.26674e-10	0.843841
1277	2.26583e-10	0.947302
1278	2.26583e-10	0.843841
1279	2.2656e-10	0.926632
1280	2.26605e-10	0.515259
1281	2.26628e-10	0.318157
1282	2.26583e-10	0.843841
1283	2.26628e-10	0.250567
1284	2.26583e-10	0.843841
1285	2.19886e-10	0.773422
1286	2.26651e-10	0.29668
1287	2.26674e-10	0.773422
1288	2.26491e-10	0.721123
1289	2.26628e-10	1
1290	2.26583e-10	0
1291	2.19886e-10	0.773422
1292	2.26583e-10	0.773422
1293	2.19886e-10	0.177237
1294	2.19886e-10	0.773422
1295	2.19886e-10	0.139929
1296	2.19886e-10	0.567736
1297	0	0.713395
1298	2.26651e-10	0.765748
1299	0	0.765748
1300	2.26583e-10	0.113662
1301	2.26651e-10	0.109242
1302	2.26628e-10	0.505453
1303	2.26651e-10	0.765748
1304	2.26628e-10	0.618118
1305	2.26628e-10	0.740833
1306	2.26628e-10	0.0178983
1307	2.26605e-10	0.298077
1308	2.26628e-10	0.584505
1309	2.26605e-10	0.917546
1310	2.26605e-10	0.731637
1311	2.19886e-10	0.485991
1312	2.19886e-10	0.745207
1313	2.26628e-10	0.745207
1314	2.19886e-10	0.745207
1315	2.19886e-10	0.745207
1316	2.19886e-10	0.745207
1317	2.19886e-10	0.745207
1318	2.19886e-10	0.745207
1319	2.26583e-10	0.67398
1320	2.2656e-10	0.745207
1321	2.19886e-10	0.745207
1322	2.2656e-10	0.745207
1323	2.19886e-10	0.157531
1324	2.26491e-10	0.745207
1325	2.2656e-10	0.745207
1326	2.26491e-10	0.745207
1327	2.26491e-10	0.745207
1328	2.19886e-10	0.745207
1329	0	0.73904
1330	1.95454e-10	0.589793
1331	1.95454e-10	0.366193
1332	1.95454e-10	0.564775
1333	2.19886e-10	0.73904
1334	2.19886e-10	0.73904
1335	1.95454e-10	0.817119
1336	1.95454e-10	0.73904
1337	1.95454e-10	0.73904
1338	1.95454e-10	0.73904
1339	1.95454e-10	0.698915
1340	2.19886e-10	0.305051
1341	1.95454e-10	0.73904
1342	0	0.476164
1343	1.95454e-10	0.73904
1344	2.19886e-10	0.73904
1345	1.95454e-10	0.73904
1346	2.19886e-10	0.73904
1347	1.95454e-10	0.73904
1348	1.95454e-10	0.241839
1349	0	0.73904
1350	0	0.73904
1351	2.19886e-10	0.127786
1352	2.19886e-10	0.716704
1353	2.19886e-10	1
1354	1.95454e-10	0.361601
1355	2.19886e-10	0.716704
1356	1.95454e-10	0.716704
1357	1.95454e-10	0.810448
1358	2.19886e-10	0.716704
1359	2.19886e-10	0.716704
1360	0	0.716704
1361	1.95454e-10	0.716704
1362	1.95454e-10	0.716704
1363	1.95454e-10	0.298282
1364	2.19886e-10	0.368092
1365	1.95454e-10	0.3438
1366	1.95454e-10	0.815597
1367	2.19886e-10	0.924578
1368	2.19886e-10	0.753479
1369	1.95454e-10	1
1370	1.95454e-10	0.753479
1371	2.19886e-10	0.753479
1372	2.19886e-10	0.753479
1373	2.19886e-10	0.753479
1374	2.19886e-10	0.753479
1375	2.19886e-10	0.753479
1376	2.19886e-10	0.753479
1377	2.19886e-10	0.753479
1378	2.26674e-10	0.758877
1379	0	0.758877
1380	0	0.758877
1381	0	0.758877
1382	2.26583e-10	0.948623
1383	2.26605e-10	0.917546
1384	2.26605e-10	0.908234
1385	2.26696e-10	0.0318802
1386	2.26696e-10	0.758209
1387	2.26651e-10	0.981055
1388	2.26605e-10	0.631022
1389	2.2656e-10	0.22635
1390	2.26628e-10	0.758209
1391	2.2656e-10	0.612384
1392	2.26651e-10	0.0584129
1393	2.26605e-10	0.107377
1394	2.26583e-10	0.133039
1395	2.2656e-10	0.879254
1396	2.2656e-10	0.806628
1397	2.26583e-10	0.68028
1398	2.26491e-10	0.110127
1399	2.26583e-10	0.614116
1400	2.26491e-10	0.12292
1401	2.26491e-10	0.228074
1402	2.26583e-10	0.430623
1403	2.19886e-10	0.566098
1404	2.19886e-10	0.141138
1405	2.26491e-10	0.688935
1406	2.26583e-10	0.0382739
1407	2.19886e-10	0.88771
1408	2.19886e-10	0.642792
1409	1.95454e-10	0.715289
1410	2.19886e-10	0.715289
1411	1.95454e-10	0.375294
1412	1.95454e-10	0.934836
1413	2.19886e-10	0.715289
1414	2.19886e-10	0.715289
1415	2.26491e-10	0.746269
1416	2.19886e-10	0.715289
1417	0	0.705932
1418	2.26674e-10	0.528386
1419	0	0.705932
1420	2.26674e-10	0.705932
1421	2.26583e-10	0.705932
1422	0	0.705932
1423	2.26628e-10	0.917546
1424	2.26628e-10	0.705932
1425	2.26605e-10	0.705932
1426	0	0.326602
1427	2.26628e-10	0.0203004
1428	2.26674e-10	0.902583
1429	2.26628e-10	0.705932
1430	2.26605e-10	0.263786
1431	2.26651e-10	0.705932
1432	2.2656e-10	0.701351
1433	0	0.701351
1434	0	0.569134
1435	2.26605e-10	0.328672
1436	2.26674e-10	0.701351
1437	2.26674e-10	0.155444
1438	2.26651e-10	0.285489
1439	2.26674e-10	0.752342
1440	2.26651e-10	0.701351
1441	2.26651e-10	0.701351
1442	2.26583e-10	0.705616
1443	2.26605e-10	0.701351
1444	2.26605e-10	0.701351
1445	2.26583e-10	0.723088
1446	2.26628e-10	0.501493
1447	2.26628e-10	0.723088
1448	2.26651e-10	0.723088
1449	2.26628e-10	0.723088
1450	2.26605e-10	0.176535
1451	2.26583e-10	0.723088
1452	2.26605e-10	0.236969
1453	2.26605e-10	0.661126
1454	2.2656e-10	0.587341
1455	2.26583e-10	0.723088
1456	2.26605e-10	0.723088
1457	2.26605e-10	0.723088
1458	2.26583e-10	0.723088
1459	2.26583e-10	0.723088
1460	2.26674e-10	0.756932
1461	2.26651e-10	0.811739
1462	2.26696e-10	0.319827
1463	2.26583e-10	0.936283
1464	2.2656e-10	0.936283
1465	2.26651e-10	0.936283
1466	2.26651e-10	0.936283
1467	2.26583e-10	0.936283
1468	2.26628e-10	0.936283
1469	2.26583e-10	0.936283
1470	2.26583e-10	0.936283
1471	2.19886e-10	0.947176
1472	2.19886e-10	0.947176
1473	2.19886e-10	0.124032
1474	2.19886e-10	0.947176
1475	2.19886e-10	0.247735
1476	2.26491e-10	0.54031
1477	2.26491e-10	0.947176
1478	2.26696e-10	0.561861
1479	2.26651e-10	0.263786
1480	2.26605e-10	1
1481	2.26583e-10	0.901186
1482	2.26628e-10	1
1483	2.2656e-10	1
1484	2.2656e-10	1
1485	2.26605e-10	1
1486	2.26583e-10	1
1487	2.26491e-10	1
1488	2.26491e-10	1
1489	2.26491e-10	1
1490	1.95454e-10	1
1491	1.95454e-10	1
1492	1.95454e-10	0.801042
1493	0	1
1494	1.95454e-10	0.139929
1495	1.95454e-10	1
1496	1.95454e-10	1
1497	2.19886e-10	1
1498	0	0
1499	1.95454e-10	0.896871
1500	1.95454e-10	0.200665
1501	0	0.745026
1502	2.26651e-10	0.253889
1503	2.26583e-10	0.947302
1504	2.26605e-10	0.947302
1505	2.26628e-10	0.947302
1506	2.26651e-10	0.947302
1507	2.26651e-10	0.947302
1508	2.2656e-10	0.947302
1509	2.26628e-10	0.947302
1510	2.2656e-10	0.947302
1511	2.26674e-10	0.480661
1512	2.2656e-10	0.706877
1513	2.26583e-10	0.263214
1514	2.26583e-10	0.72245
1515	2.26583e-10	0.0330227
1516	2.26696e-10	0.934743
1517	0	0.934743
1518	2.26651e-10	0.192911
1519	2.26628e-10	0.645301
1520	2.26628e-10	0.697608
1521	2.26605e-10	0.866775
1522	2.26605e-10	0.731872
1523	1.95454e-10	0.298229
1524	1.95454e-10	0.700801
1525	1.95454e-10	0.92677
1526	1.95454e-10	0.734499
1527	0	0.848294
1528	2.19886e-10	0.553895
1529	1.95454e-10	0.526926
1530	1.95454e-10	1
1531	1.95454e-10	0.113541
1532	1.95454e-10	0.121738
1533	2.19886e-10	1
1534	0	0.698441
1535	2.19886e-10	1
1536	2.19886e-10	0.397975
1537	0	1
1538	1.95454e-10	1
1539	2.19886e-10	1
1540	2.19886e-10	0.152009
1541	2.26628e-10	0.984605
1542	2.26696e-10	0.692938
1543	2.26674e-10	0.984605
1544	2.26628e-10	0.784762
1545	2.26605e-10	0.984605
1546	2.26583e-10	0.984605
1547	2.26605e-10	0.984605
1548	2.2656e-10	0.576588
1549	0	1
1550	2.26605e-10	1
1551	2.26674e-10	1
1552	2.26628e-10	0.578026
1553	2.26605e-10	1
1554	2.26583e-10	1
1555	2.26651e-10	1
1556	2.26674e-10	1
1557	2.26651e-10	0.285045
1558	0	0.375294
1559	1.95454e-10	0.934836
1560	2.19886e-10	0.154391
1561	2.19886e-10	0.314559
1562	1.95454e-10	0.934836
1563	2.19886e-10	0.40882
1564	1.95454e-10	0.934836
1565	1.95454e-10	0.934836
1566	1.95454e-10	1
1567	2.19886e-10	0.934836
1568	2.26628e-10	0.948623
1569	2.26674e-10	0.829194
1570	0	0.948623
1571	2.26583e-10	0.601051
1572	0	0.948623
1573	2.26605e-10	0.948623
1574	2.26583e-10	0.710947
1575	2.26605e-10	0.0500934
1576	2.26583e-10	0.125364
1577	2.26583e-10	0.764651
1578	2.26583e-10	0.948623
1579	2.26628e-10	0.948623
1580	2.26605e-10	0.948623
1581	2.26605e-10	0.948623
1582	2.26628e-10	0.225036
1583	1.95454e-10	0.691156
1584	0	0.122868
1585	0	0.521805
1586	0	0
1587	0	0.3438
1588	1.95454e-10	0.136265
1589	1.95454e-10	0.709976
1590	1.95454e-10	1
1591	0	1
1592	2.19886e-10	1
1593	0	1
1594	1.95454e-10	0.264052
1595	2.19886e-10	1
1596	2.19886e-10	0.737899
1597	1.95454e-10	0.246547
1598	2.26696e-10	0.983615
1599	2.26696e-10	0.334705
1600	2.26696e-10	1
1601	2.26674e-10	0.983615
1602	0	0.983615
1603	2.26651e-10	1
1604	2.26628e-10	0.122883
1605	2.26605e-10	0.319827
1606	2.2656e-10	0.610975
1607	2.26491e-10	0.398591
1608	2.19886e-10	0.145933
1609	2.19886e-10	0.93552
1610	2.26628e-10	0.250605
1611	2.26583e-10	0.570963
1612	2.26651e-10	0.93552
1613	2.19886e-10	0.602246
1614	1.95454e-10	0.93552
1615	2.26583e-10	0.154343
1616	2.19886e-10	0.177618
1617	2.26491e-10	0.779695
1618	1.95454e-10	0.93552
1619	2.26583e-10	0.0514415
1620	2.26583e-10	0.566652
1621	2.2656e-10	0.320657
1622	2.26491e-10	0.799592
1623	2.26491e-10	0.93552
1624	2.26491e-10	0.93552
1625	2.26491e-10	0.72245
1626	2.19886e-10	0.723709
1627	0	0.935755
1628	2.26696e-10	0.935755
1629	0	0.935755
1630	2.26651e-10	0.935755
1631	2.26651e-10	0.935755
1632	2.26583e-10	0.935755
1633	2.2656e-10	0.935755
1634	2.26491e-10	0.123741
1635	2.26605e-10	0.0568804
1636	2.26491e-10	0.300007
1637	2.19886e-10	1
1638	2.26583e-10	1
1639	2.2656e-10	1
1640	2.19886e-10	0.327084
1641	2.19886e-10	1
1642	2.19886e-10	1
1643	2.19886e-10	1
1644	2.19886e-10	0.733929
1645	2.26491e-10	0.750993
1646	2.19886e-10	0.778896
1647	1.95454e-10	0.672368
1648	1.95454e-10	1
1649	2.19886e-10	0.725614
1650	2.19886e-10	0.301004
1651	2.19886e-10	0.70973
1652	2.19886e-10	0.849155
1653	2.19886e-10	0.698441
1654	2.19886e-10	0.810448
1655	2.19886e-10	0.118862
1656	2.19886e-10	0.734499
1657	2.19886e-10	0.523839
1658	2.19886e-10	0.368092
1659	2.26491e-10	0.70973
1660	2.19886e-10	0.475239
1661	1.95454e-10	0.247735
1662	2.19886e-10	0.70973
1663	2.19886e-10	0.70973
1664	1.95454e-10	0.70973
1665	1.95454e-10	0.70973
1666	1.95454e-10	0.00614105
1667	0	0.690021
1668	0	0.690021
1669	2.26628e-10	0.76959
1670	2.26583e-10	0.45713
1671	0	0.581866
1672	2.26605e-10	0.689546
1673	2.26583e-10	0.743575
1674	0	0.086214
1675	2.26605e-10	0.690021
1676	2.2656e-10	0.690021
1677	2.26605e-10	0.150502
1678	2.26583e-10	0.690021
1679	2.2656e-10	0.690021
1680	1.95454e-10	0.698441
1681	2.19886e-10	0.368092
1682	2.19886e-10	0.810448
1683	1.95454e-10	0.810448
1684	2.19886e-10	0.475239
1685	1.95454e-10	0.810448
1686	2.19886e-10	0.810448
1687	2.19886e-10	0.734499
1688	1.95454e-10	0.810448
1689	1.95454e-10	0.810448
1690	1.95454e-10	0.806628
1691	2.19886e-10	0.107377
1692	2.19886e-10	0.806628
1693	2.19886e-10	0.806628
1694	2.19886e-10	0.806628
1695	1.95454e-10	0.806628
1696	2.19886e-10	0.806628
1697	2.19886e-10	0.806628
1698	1.95454e-10	0.806628
1699	2.2656e-10	0.0584129
1700	1.95454e-10	0.806628
1701	2.19886e-10	0.806628
1702	1.95454e-10	0.94457
1703	2.19886e-10	0.806628
1704	1.95454e-10	1
1705	2.19886e-10	0.806628
1706	1.95454e-10	0.672239
1707	1.95454e-10	0.672239
1708	2.19886e-10	0.672239
1709	0	0.672239
1710	0	0.672239
1711	2.19886e-10	0.760865
1712	1.95454e-10	0.672239
1713	2.19886e-10	0.0984363
1714	1.95454e-10	0.725614
1715	2.19886e-10	0.672239
1716	2.19886e-10	0.672239
1717	2.19886e-10	0.115987
1718	1.95454e-10	0.2608
1719	2.19886e-10	0.0895606
1720	0	0.697608
1721	2.26651e-10	0.697608
1722	0	0.697608
1723	0	0.697608
1724	2.26628e-10	0.593205
1725	2.26583e-10	0.866775
1726	2.26583e-10	0.284782
1727	2.26583e-10	0.145852
1728	1.95454e-10	0.755974
1729	1.95454e-10	0.347462
1730	1.95454e-10	0.95194
1731	2.19886e-10	0.755974
1732	2.19886e-10	0.376177
1733	2.19886e-10	0.755974
1734	0	0.755974
1735	1.95454e-10	0.761907
1736	1.95454e-10	0.574123
1737	1.95454e-10	0.755974
1738	2.19886e-10	0.755974
1739	1.95454e-10	0.310063
1740	2.19886e-10	0.755974
1741	1.95454e-10	0.939445
1742	2.26628e-10	0.714499
1743	2.26651e-10	0.59614
1744	2.26651e-10	0.876774
1745	2.26583e-10	0.710947
1746	2.26583e-10	0.710947
1747	2.26628e-10	0.901186
1748	2.26605e-10	0.129521
1749	2.26605e-10	0.263786
1750	2.26628e-10	0.367445
1751	2.26651e-10	0.829194
1752	2.26605e-10	0.710947
1753	2.26583e-10	0.710947
1754	2.26628e-10	0.579349
1755	2.19886e-10	0.726202
1756	2.26674e-10	0.726202
1757	2.26583e-10	1
1758	2.2656e-10	0.726202
1759	2.26583e-10	0.726202
1760	2.26583e-10	0.726202
1761	2.19886e-10	0.589793
1762	2.2656e-10	0.726202
1763	2.2656e-10	0.726202
1764	2.19886e-10	0.897885
1765	1.95454e-10	0.710044
1766	1.95454e-10	0.710044
1767	2.19886e-10	0.762415
1768	2.19886e-10	0.241896
1769	2.19886e-10	0.15216
1770	2.19886e-10	0.919503
1771	2.26583e-10	0.359982
1772	2.19886e-10	0
1773	2.19886e-10	0.228074
1774	1.95454e-10	0.77241
1775	2.19886e-10	0.0536218
1776	2.19886e-10	0.296394
1777	2.26491e-10	0.494252
1778	2.26696e-10	0.703853
1779	0	0.784869
1780	2.26651e-10	0.328672
1781	2.26628e-10	0.538547
1782	2.26674e-10	0.153084
1783	2.26583e-10	0.588761
1784	2.26491e-10	0.828636
1785	2.26583e-10	0.765672
1786	2.2656e-10	0.703853
1787	2.26674e-10	0.775712
1788	0	0.500539
1789	2.26651e-10	0.165104
1790	2.26583e-10	0.32952
1791	2.26628e-10	0.775712
1792	2.26605e-10	0.775712
1793	2.26491e-10	0.775712
1794	2.2656e-10	0.358253
1795	2.2656e-10	0.763254
1796	0	0.829194
1797	2.26628e-10	0.601051
1798	2.26605e-10	0.843835
1799	2.26651e-10	0.829194
1800	2.26583e-10	0.829194
1801	2.26605e-10	0.829194
1802	2.26583e-10	0.829194
1803	2.26605e-10	0.829194
1804	2.26605e-10	0.367445
1805	2.2656e-10	0.829194
1806	2.2656e-10	0.80884
1807	2.19886e-10	0.347462
1808	2.26605e-10	0.262396
1809	2.19886e-10	0.80884
1810	2.26605e-10	0.231043
1811	2.26628e-10	0.80884
1812	2.19886e-10	0.80884
1813	2.26583e-10	0.96538
1814	2.26583e-10	0.326607
1815	2.26674e-10	0.80884
1816	2.26491e-10	0.80884
1817	2.26628e-10	0.80884
1818	2.26491e-10	0.80884
1819	2.26651e-10	0.80884
1820	2.26583e-10	0.881602
1821	2.26583e-10	0.117259
1822	2.26583e-10	0.80884
1823	1.95454e-10	0.882287
1824	1.95454e-10	0.820415
1825	1.95454e-10	0.73157
1826	1.95454e-10	0.73157
1827	1.95454e-10	0.73157
1828	0	0.73157
1829	1.95454e-10	0.73157
1830	2.19886e-10	0.73157
1831	2.19886e-10	0.73157
1832	0	0.73157
1833	2.19886e-10	0.73157
1834	2.19886e-10	0.732074
1835	2.19886e-10	0.732074
1836	0	0.732074
1837	2.19886e-10	0.732074
1838	2.19886e-10	0.732074
1839	2.26491e-10	0.732074
1840	2.19886e-10	0.732074
1841	2.19886e-10	0.665742
1842	2.26651e-10	0.83466
1843	2.26583e-10	0.614447
1844	2.26628e-10	0.669393
1845	2.19886e-10	0.647192
1846	2.26674e-10	0.669393
1847	2.26605e-10	0.669393
1848	2.26491e-10	0.669393
1849	2.19886e-10	0.669393
1850	2.26491e-10	0.669393
1851	2.26628e-10	0.669393
1852	2.19886e-10	0.669393
1853	2.26651e-10	0.669393
1854	2.26491e-10	0.669393
1855	2.19886e-10	0.669393
1856	0	0.614447
1857	2.26628e-10	0.188291
1858	2.26605e-10	0.0761767
1859	2.26651e-10	0.83466
1860	2.26696e-10	0.996754
1861	2.26605e-10	0.669513
1862	2.26651e-10	0.83466
1863	2.26605e-10	0.83466
1864	2.26583e-10	0.0749754
1865	2.26605e-10	0.83466
1866	2.26674e-10	0.832901
1867	2.26491e-10	0.832901
1868	2.26696e-10	0.832901
1869	2.26628e-10	0.832901
1870	2.26583e-10	0.861437
1871	2.26605e-10	0.832901
1872	0	0.832901
1873	2.26674e-10	0.832901
1874	2.26583e-10	0.904777
1875	2.26605e-10	0.358622
1876	2.26583e-10	0.099403
1877	2.26605e-10	0.614942
1878	2.26605e-10	0.67398
1879	2.26674e-10	0.67398
1880	2.26674e-10	0.67398
1881	2.26651e-10	0.67398
1882	2.26583e-10	0.67398
1883	2.19886e-10	0.246547
1884	2.2656e-10	0.67398
1885	2.19886e-10	0.151428
1886	2.26605e-10	0.0415224
1887	2.26583e-10	0.729992
1888	2.26583e-10	0.822936
1889	2.26583e-10	0.67398
1890	2.26583e-10	0.126115
1891	0	0.749701
1892	2.26674e-10	0.656161
1893	2.26628e-10	0.656161
1894	2.26605e-10	0.124736
1895	2.26605e-10	0.656161
1896	2.26605e-10	0.656161
1897	2.26628e-10	0.656161
1898	2.26605e-10	0.656161
1899	2.26605e-10	0.656161
1900	2.26605e-10	0.656161
1901	2.26583e-10	0.656161
1902	2.26605e-10	0.656161
1903	2.26651e-10	0.618131
1904	2.26674e-10	0.799005
1905	2.26628e-10	0.665742
1906	2.26583e-10	0.075153
1907	2.26583e-10	0.0527296
1908	2.26583e-10	0.614447
1909	2.26583e-10	1
1910	2.26583e-10	0.669513
1911	2.26628e-10	0.669513
1912	2.26605e-10	0.669513
1913	2.26605e-10	0.689546
1914	2.26605e-10	0.669513
1915	2.26491e-10	0.669513
1916	2.2656e-10	0.669513
1917	2.2656e-10	0.669513
1918	2.26491e-10	0.669513
1919	2.26674e-10	0.669172
1920	2.26674e-10	0.669172
1921	0	0.669172
1922	0	0.897273
1923	2.26605e-10	0.812346
1924	0	0.107119
1925	2.26605e-10	0.883799
1926	2.26583e-10	0.730612
1927	2.26696e-10	0.698579
1928	2.26674e-10	0.665882
1929	0	0.739203
1930	2.26605e-10	0.802696
1931	1.95454e-10	0.970586
1932	1.95454e-10	0.574123
1933	2.19886e-10	0.0527296
1934	0	0
1935	1.95454e-10	0.782198
1936	1.95454e-10	0.668906
1937	1.95454e-10	0.734844
1938	1.95454e-10	0.668906
1939	1.95454e-10	0.668906
1940	2.19886e-10	0.668906
1941	2.19886e-10	0.661126
1942	2.19886e-10	0.123598
1943	2.26674e-10	0.744997
1944	2.26628e-10	0.110349
1945	2.26628e-10	0.784762
1946	2.26583e-10	0.661126
1947	2.26583e-10	0.661126
1948	2.26605e-10	0.661126
1949	2.26583e-10	0.501493
1950	2.2656e-10	0.19543
1951	2.26605e-10	0.648364
1952	2.2656e-10	1
1953	2.26605e-10	0.625692
1954	2.26628e-10	0.266942
1955	2.26628e-10	0.779695
1956	2.26628e-10	0.68028
1957	2.2656e-10	0.779695
1958	2.26651e-10	0.799592
1959	2.26583e-10	0.779695
1960	2.26583e-10	0.779695
1961	2.2656e-10	0.89215
1962	2.26583e-10	0.779695
1963	2.26583e-10	0.779695
1964	2.2656e-10	0.779695
1965	2.19886e-10	0.779695
1966	2.26605e-10	0.779695
1967	2.26491e-10	0.879254
1968	2.2656e-10	0.779695
1969	2.19886e-10	1
1970	2.19886e-10	0.258727
1971	2.19886e-10	0.779695
1972	2.26651e-10	0.832114
1973	2.26605e-10	0.300007
1974	2.26674e-10	0.832114
1975	2.19886e-10	0.832114
1976	2.19886e-10	0.832114
1977	2.26491e-10	0.832114
1978	2.26628e-10	0.832114
1979	2.26696e-10	0.832114
1980	2.26605e-10	0.790254
1981	2.26628e-10	0.832188
1982	0	0.175127
1983	2.26628e-10	0.889679
1984	2.26628e-10	0.319827
1985	2.26696e-10	0.785839
1986	2.26674e-10	0.58947
1987	2.26674e-10	0.703769
1988	2.26583e-10	0.332199
1989	2.26628e-10	1
1990	2.26605e-10	0.426248
1991	2.26583e-10	0.131543
1992	2.26605e-10	0.832188
1993	2.26628e-10	0.799005
1994	2.26628e-10	1
1995	2.26583e-10	0.618131
1996	2.26628e-10	0.558856
1997	2.26628e-10	0.799005
1998	2.26628e-10	0.840447
1999	2.26605e-10	0.416693
2000	2.26491e-10	0.647192
2001	2.26605e-10	0.799005
2002	2.26605e-10	0.689546
2003	2.26583e-10	0.799005
2004	2.26628e-10	0.243828
2005	2.2656e-10	0.996754
2006	2.26491e-10	0.719496
2007	2.26674e-10	0.78077
2008	2.26696e-10	1
2009	2.26628e-10	0.581866
2010	2.26605e-10	0.260529
2011	2.26651e-10	0.547272
2012	2.26605e-10	0.496512
2013	2.26651e-10	0.54657
2014	2.26605e-10	0.287229
2015	2.26583e-10	0.78077
2016	2.26605e-10	0.086214
2017	1.95454e-10	0.589793
2018	0	0.564775
2019	1.95454e-10	0.378021
2020	1.95454e-10	0.558732
2021	1.95454e-10	0.880305
2022	0	0.698915
2023	1.95454e-10	0.688712
2024	2.19886e-10	0
2025	1.95454e-10	0
2026	0	0
2027	2.26651e-10	0.0330227
2028	2.26674e-10	0.0330227
2029	2.26605e-10	0.251267
2030	2.26696e-10	0.0330227
2031	2.26628e-10	0.34803
2032	2.26583e-10	0.384999
2033	2.26674e-10	0.971382
2034	2.26583e-10	0.358622
2035	2.26605e-10	1
2036	2.26583e-10	0.716926
2037	2.2656e-10	0.526638
2038	2.19886e-10	0.099403
2039	2.26605e-10	0.099403
2040	2.26605e-10	0.766901
2041	2.26605e-10	0.26704
2042	2.19886e-10	0.280676
2043	2.26628e-10	0.099403
2044	2.2656e-10	0.300058
2045	2.26605e-10	0.099403
2046	2.19886e-10	0.801042
2047	2.26491e-10	0.918753
2048	2.2656e-10	0.0779499
2049	2.26583e-10	0.797952
2050	2.2656e-10	0.89215
2051	2.26583e-10	1
2052	1.95454e-10	0
2053	1.95454e-10	0.931912
2054	0	0
2055	1.95454e-10	0
2056	1.95454e-10	0
2057	0	0
2058	0	0
2059	0	0
2060	1.95454e-10	0.985394
2061	1.95454e-10	0
2062	0	0.112221
2063	2.26605e-10	1
2064	2.2656e-10	0.731916
2065	2.19886e-10	0.10266
2066	2.26628e-10	0.0945635
2067	2.26491e-10	0.729992
2068	2.19886e-10	0.10266
2069	2.19886e-10	0.706877
2070	2.19886e-10	0.5387
2071	2.2656e-10	0.10266
2072	2.26583e-10	0.10266
2073	2.2656e-10	0.10266
2074	2.19886e-10	0.258727
2075	2.2656e-10	0.10266
2076	2.19886e-10	1
2077	2.19886e-10	0.10266
2078	2.26628e-10	0
2079	2.19886e-10	0
2080	2.19886e-10	0.54564
2081	2.26583e-10	0
2082	2.26583e-10	0
2083	2.2656e-10	0.29668
2084	1.95454e-10	0
2085	0	0.521805
2086	1.95454e-10	0.136265
2087	0	0
2088	0	0
2089	0	0
2090	0	0.3438
2091	1.95454e-10	0.286883
2092	2.26674e-10	0.192322
2093	2.26696e-10	0.740833
2094	0	0.747021
2095	2.26696e-10	0.109242
2096	2.26583e-10	0.109242
2097	2.26628e-10	0.109242
2098	2.26628e-10	0.48621
2099	2.26651e-10	0.109242
2100	2.26628e-10	0.109242
2101	2.26605e-10	0.109242
2102	2.26605e-10	0.109242
2103	2.26628e-10	0.109242
2104	2.26628e-10	0.109242
2105	2.19886e-10	0.110127
2106	2.26674e-10	0.110127
2107	2.26628e-10	0.110127
2108	2.26583e-10	0.155719
2109	2.26628e-10	0.110127
2110	2.26583e-10	0.648364
2111	2.19886e-10	0.110127
2112	2.19886e-10	0.110127
2113	2.26491e-10	0.110127
2114	2.2656e-10	0.634087
2115	2.2656e-10	0.0584129
2116	2.19886e-10	0.110127
2117	2.26491e-10	0.110127
2118	2.19886e-10	0.110127
2119	2.26491e-10	0.294728
2120	1.95454e-10	0.94457
2121	1.95454e-10	0.61548
2122	0	0.767183
2123	0	0.0817971
2124	2.26628e-10	0.0817971
2125	2.26628e-10	0.0817971
2126	2.26583e-10	0.0817971
2127	2.26605e-10	0.0817971
2128	2.26583e-10	0.0817971
2129	2.26583e-10	0.0817971
2130	2.26583e-10	0.884787
2131	2.2656e-10	0.826144
2132	2.19886e-10	0.0873827
2133	2.26605e-10	0.957144
2134	2.26605e-10	0.372646
2135	2.26628e-10	0.0873827
2136	2.26583e-10	0.67026
2137	2.26583e-10	0.0873827
2138	2.2656e-10	0.834923
2139	2.19886e-10	0.348457
2140	2.19886e-10	0.798747
2141	2.26491e-10	0.15214
2142	2.26491e-10	0.861437
2143	2.26628e-10	0.243828
2144	2.26628e-10	0.116363
2145	2.26628e-10	0.116363
2146	2.26651e-10	0.0275097
2147	2.26605e-10	0.25756
2148	2.26628e-10	0.0217948
2149	2.26628e-10	0.289956
2150	2.26628e-10	0.777268
2151	2.26583e-10	0.665882
2152	2.26605e-10	0.743575
2153	2.2656e-10	0.116363
2154	2.26583e-10	0.883799
2155	2.2656e-10	0.116363
2156	0	0.48621
2157	2.26674e-10	0.0379109
2158	2.2656e-10	0.113662
2159	2.26628e-10	0.113662
2160	2.2656e-10	0.113662
2161	2.2656e-10	0.154391
2162	2.26605e-10	0.878076
2163	2.26583e-10	0.113662
2164	2.19886e-10	0.113662
2165	2.19886e-10	0.113662
2166	2.19886e-10	0.113662
2167	2.19886e-10	0.113662
2168	2.19886e-10	0.113541
2169	1.95454e-10	0.848294
2170	1.95454e-10	0.301004
2171	2.19886e-10	0.2608
2172	2.19886e-10	0.526926
2173	2.19886e-10	0.113541
2174	2.19886e-10	0.838185
2175	2.19886e-10	0.113541
2176	2.19886e-10	0.113541
2177	1.95454e-10	0.113869
2178	1.95454e-10	0.190697
2179	1.95454e-10	0.113869
2180	1.95454e-10	0.295218
2181	2.19886e-10	0.124032
2182	1.95454e-10	0.247735
2183	2.19886e-10	0.215046
2184	2.19886e-10	0.904753
2185	2.19886e-10	0.749588
2186	0	0.0203004
2187	0	0.502042
2188	2.26651e-10	1
2189	0	0.0203004
2190	0	0.0203004
2191	2.19886e-10	0.00839311
2192	2.19886e-10	0.24486
2193	2.26651e-10	0.00839311
2194	2.26605e-10	0.00839311
2195	2.2656e-10	0.576903
2196	2.2656e-10	0.00839311
2197	2.26651e-10	0.231641
2198	2.26491e-10	0.00839311
2199	2.26491e-10	0.154319
2200	0	0.0178983
2201	2.26674e-10	0.618118
2202	2.26696e-10	0.585684
2203	2.26651e-10	0.747021
2204	2.26674e-10	0.161402
2205	2.26651e-10	0.298077
2206	2.26605e-10	0.883072
2207	2.26605e-10	0.155444
2208	2.26583e-10	0.0178983
2209	1.95454e-10	0.225576
2210	2.19886e-10	0.138591
2211	1.95454e-10	0.337864
2212	2.19886e-10	0.559244
2213	2.19886e-10	0.139982
2214	1.95454e-10	0.130895
2215	2.19886e-10	0.500539
2216	2.19886e-10	0.225576
2217	2.26491e-10	0.826144
2218	2.19886e-10	0.54031
2219	1.95454e-10	0.902379
2220	1.95454e-10	0.220519
2221	2.19886e-10	0.267055
2222	1.95454e-10	0.124032
2223	2.19886e-10	0.220519
2224	1.95454e-10	0.220519
2225	0	0.220519
2226	1.95454e-10	0.220519
2227	1.95454e-10	0.558697
2228	2.19886e-10	0.0576263
2229	0	0.220519
2230	2.26651e-10	0.318157
2231	2.26605e-10	0.629094
2232	2.26628e-10	0.318157
2233	2.26628e-10	0.0453611
2234	2.26583e-10	0.752342
2235	2.26583e-10	0.318157
2236	2.26651e-10	0.318157
2237	2.26628e-10	0.515259
2238	2.26491e-10	0.72262
2239	2.26628e-10	0.250567
2240	2.26583e-10	0.383069
2241	2.26628e-10	0.318139
2242	2.26605e-10	0.318139
2243	2.26628e-10	0
2244	2.2656e-10	0.55615
2245	2.26605e-10	0.318139
2246	2.26651e-10	0.576426
2247	2.26605e-10	0.318139
2248	2.2656e-10	0.179603
2249	2.26605e-10	0.318139
2250	2.26583e-10	0.318139
2251	2.19886e-10	0.318139
2252	2.19886e-10	0.318139
2253	2.19886e-10	0.318139
2254	2.19886e-10	0.874591
2255	2.19886e-10	0.872188
2256	2.19886e-10	0.118047
2257	2.19886e-10	0.223581
2258	2.19886e-10	0.223581
2259	2.19886e-10	0.223581
2260	2.19886e-10	0.719496
2261	2.2656e-10	0.223581
2262	2.19886e-10	0.223581
2263	1.95454e-10	0.236053
2264	2.2656e-10	0.223581
2265	1.95454e-10	0.266143
2266	2.19886e-10	0.223581
2267	2.19886e-10	0.327084
2268	2.2656e-10	0.0877661
2269	2.26605e-10	0.327084
2270	2.2656e-10	0.826144
2271	2.26491e-10	0.327084
2272	2.19886e-10	0.672368
2273	2.26605e-10	0.145852
2274	2.2656e-10	0.165104
2275	2.26491e-10	0.32952
2276	2.26674e-10	0.241097
2277	2.26651e-10	0.241097
2278	2.26696e-10	0.241097
2279	2.26605e-10	0.241097
2280	2.26583e-10	0.904753
2281	2.26583e-10	0.334705
2282	2.26651e-10	0.241097
2283	2.26605e-10	0.576426
2284	2.26605e-10	0.556802
2285	2.26583e-10	0.122883
2286	2.26583e-10	0.241097
2287	2.26491e-10	0.610975
2288	2.26491e-10	0.398591
2289	2.19886e-10	0.235615
2290	2.19886e-10	0.352144
2291	2.26583e-10	0.235615
2292	2.19886e-10	0.123741
2293	2.19886e-10	0.688712
2294	2.19886e-10	0.817119
2295	2.26491e-10	0.911944
2296	2.19886e-10	0.366193
2297	2.19886e-10	0.880305
2298	2.26628e-10	0.283313
2299	2.26491e-10	0.283313
2300	2.19886e-10	0.283313
2301	2.26583e-10	0.364794
2302	2.26491e-10	0.682702
2303	2.19886e-10	0.378021
2304	2.19886e-10	0.564775
2305	2.26583e-10	0.289956
2306	2.26583e-10	0.790254
2307	2.26583e-10	0.49496
2308	2.26583e-10	0.548634
2309	2.26491e-10	0.243828
2310	2.2656e-10	0.914236
2311	2.19886e-10	0.612242
2312	2.19886e-10	0.476164
2313	0	0.285045
2314	2.26674e-10	0.285045
2315	0	0.285045
2316	2.26628e-10	0.727714
2317	2.2656e-10	0.285045
2318	2.26491e-10	0.492094
2319	2.26583e-10	0.285045
2320	2.2656e-10	0.314371
2321	2.26583e-10	0.358622
2322	2.26583e-10	0.932467
2323	2.2656e-10	0.285045
2324	2.19886e-10	0.28608
2325	2.26628e-10	0.154319
2326	2.26605e-10	0.789167
2327	2.2656e-10	0.12292
2328	2.2656e-10	0.28608
2329	2.19886e-10	0.472013
2330	2.26628e-10	0.28608
2331	2.26628e-10	0.28608
2332	2.26491e-10	0.28608
2333	2.2656e-10	0.721123
2334	2.26583e-10	0.84692
2335	2.26696e-10	0.470679
2336	2.26628e-10	0.35201
2337	2.26651e-10	0.35201
2338	2.26583e-10	0.117283
2339	2.26651e-10	0.496962
2340	2.2656e-10	0.926235
2341	2.26605e-10	0.35201
2342	2.26628e-10	0.35201
2343	2.2656e-10	0.35201
2344	2.2656e-10	0.35201
2345	2.19886e-10	0.35201
2346	2.26491e-10	0.35201
2347	2.26605e-10	0.901186
2348	2.19886e-10	0.35201
2349	2.2656e-10	0.35201
2350	2.19886e-10	0.904105
2351	2.26491e-10	0.35201
2352	2.26628e-10	0.354001
2353	2.26628e-10	0.494252
2354	2.26583e-10	0.354001
2355	2.26628e-10	0.762415
2356	2.26583e-10	0.354001
2357	2.26605e-10	0.24486
2358	2.26651e-10	0.296394
2359	2.26628e-10	0.354001
2360	2.26583e-10	0.359982
2361	2.2656e-10	0.231641
2362	2.26605e-10	0.354001
2363	2.26674e-10	0.470679
2364	2.2656e-10	0.154319
2365	2.26628e-10	0.294747
2366	2.26651e-10	0.203961
2367	2.26605e-10	0.480661
2368	2.26696e-10	0.370752
2369	2.26651e-10	0.756353
2370	2.26628e-10	0.72245
2371	2.26583e-10	0.294747
2372	2.26583e-10	0.602246
2373	2.26628e-10	0.294747
2374	2.26605e-10	1
2375	2.26583e-10	0.294747
2376	2.26491e-10	0.294747
2377	2.2656e-10	0.294747
2378	2.26583e-10	0.294747
2379	2.26628e-10	0.334705
2380	2.26628e-10	0.334705
2381	2.26605e-10	0.334705
2382	2.2656e-10	0.488536
2383	2.26605e-10	0.334705
2384	2.26605e-10	0.942037
2385	2.2656e-10	0.476265
2386	2.26583e-10	0.811739
2387	2.26605e-10	0.556802
2388	2.2656e-10	0.334705
2389	2.26583e-10	0.334705
2390	2.26491e-10	0
2391	2.26605e-10	0.319827
2392	2.2656e-10	1
2393	2.19886e-10	0.337905
2394	2.19886e-10	0.337905
2395	2.26583e-10	0.337905
2396	2.26605e-10	0.72245
2397	1.95454e-10	0.321399
2398	1.95454e-10	0.130925
2399	2.26491e-10	0.337905
2400	2.19886e-10	0.597041
2401	2.19886e-10	0.263214
2402	2.19886e-10	0.359653
2403	2.19886e-10	0.113514
2404	2.26651e-10	0.305867
2405	2.19886e-10	0.305867
2406	2.26628e-10	0.899911
2407	2.26605e-10	0.368403
2408	2.26605e-10	0.746127
2409	2.26491e-10	0.397975
2410	2.2656e-10	0.526638
2411	2.26583e-10	0.243374
2412	2.19886e-10	0.971382
2413	2.19886e-10	0.373332
2414	2.26491e-10	0.662888
2415	2.19886e-10	0.305867
2416	1.95454e-10	0.293101
2417	2.19886e-10	0.534752
2418	1.95454e-10	0.912159
2419	2.19886e-10	0.7474
2420	2.26651e-10	0.293101
2421	2.19886e-10	0.237821
2422	2.19886e-10	0.293101
2423	2.19886e-10	0.293101
2424	2.19886e-10	0.293101
2425	2.19886e-10	0.293101
2426	2.19886e-10	0.634034
2427	2.19886e-10	0.488536
2428	2.26583e-10	0.55615
2429	2.19886e-10	0.476265
2430	2.19886e-10	0.23605
2431	2.19886e-10	0.488536
2432	1.95454e-10	1
2433	2.19886e-10	0.329781
2434	1.95454e-10	0.820415
2435	1.95454e-10	0.521805
2436	2.26628e-10	0.630135
2437	2.19886e-10	0.995398
2438	2.2656e-10	0.263866
2439	2.26605e-10	0.289693
2440	2.26583e-10	0.430623
2441	2.26491e-10	0.430623
2442	2.26491e-10	0.430623
2443	2.19886e-10	0.195013
2444	2.26605e-10	0.68028
2445	2.2656e-10	0.430623
2446	2.26583e-10	0.430623
2447	2.26491e-10	0.430623
2448	2.26605e-10	0.430623
2449	2.26583e-10	0.430623
2450	2.26605e-10	0.430623
2451	2.19886e-10	0.430623
2452	2.19886e-10	0.400353
2453	2.19886e-10	0.400353
2454	2.26628e-10	0.400353
2455	2.19886e-10	0.400353
2456	2.19886e-10	0.400353
2457	2.26628e-10	1
2458	2.19886e-10	0.905392
2459	2.19886e-10	0.398591
2460	1.95454e-10	0.637567
2461	2.19886e-10	0.293089
2462	1.95454e-10	1
2463	2.26491e-10	0.718558
2464	2.19886e-10	0.398591
2465	2.19886e-10	1
2466	2.19886e-10	0.398591
2467	1.95454e-10	1
2468	2.19886e-10	0.398591
2469	2.26605e-10	0.398591
2470	2.19886e-10	0.398591
2471	2.19886e-10	0.398591
2472	2.26583e-10	0.398591
2473	1.95454e-10	0.398591
2474	1.95454e-10	0.637567
2475	2.2656e-10	1
2476	2.26605e-10	0.435601
2477	2.26674e-10	0.435601
2478	0	0.692623
2479	2.26696e-10	0.435601
2480	2.26696e-10	0.435601
2481	2.26628e-10	0.235231
2482	2.26583e-10	0.367515
2483	2.26583e-10	1
2484	2.26674e-10	0.426248
2485	2.19886e-10	0.426248
2486	2.26651e-10	0.426248
2487	2.26651e-10	0.703769
2488	2.19886e-10	0.426248
2489	2.26605e-10	0.235231
2490	2.26583e-10	0.426248
2491	2.26696e-10	0.117283
2492	2.26628e-10	0.226155
2493	2.26605e-10	0.262282
2494	2.26628e-10	0.762415
2495	2.26583e-10	0.494252
2496	2.26605e-10	0.359982
2497	2.26651e-10	0.494252
2498	2.26628e-10	0.494252
2499	2.26583e-10	0.494252
2500	2.2656e-10	0.15216
2501	2.26628e-10	0.0514415
2502	2.26605e-10	0.846434
2503	2.26583e-10	0.538652
2504	2.26583e-10	0.348457
2505	2.26628e-10	0.914378
2506	2.26605e-10	0.372646
2507	2.26583e-10	0.566652
2508	2.26605e-10	0.209854
2509	2.26651e-10	0.250605
2510	2.26674e-10	0.566652
2511	2.26605e-10	0.566652
2512	2.26583e-10	0.320657
2513	2.26605e-10	0.566652
2514	2.26583e-10	0.566652
2515	2.26605e-10	0.566652
2516	2.2656e-10	0.566652
2517	2.2656e-10	0.330251
2518	2.26674e-10	0.569134
2519	0	0.328672
2520	0	0.611158
2521	2.26651e-10	0.155444
2522	2.26605e-10	0.201623
2523	2.26605e-10	0.593623
2524	2.26696e-10	0.570963
2525	2.26583e-10	0.570963
2526	2.26605e-10	0.570963
2527	2.26628e-10	0.570963
2528	2.26583e-10	0.229711
2529	2.26583e-10	0.84692
2530	2.26628e-10	0.886067
2531	2.2656e-10	0.78209
2532	2.2656e-10	0.904105
2533	2.26605e-10	0.846434
2534	2.26491e-10	0.745746
2535	2.2656e-10	0.227836
2536	2.2656e-10	0.68028
2537	2.2656e-10	0.0514415
2538	2.2656e-10	0.832396
2539	2.26583e-10	0.558732
2540	2.19886e-10	0.558732
2541	2.19886e-10	0.558732
2542	1.95454e-10	0.564775
2543	2.19886e-10	0.558732
2544	2.19886e-10	0.688712
2545	2.19886e-10	0.0568804
2546	2.19886e-10	0.880305
2547	2.2656e-10	0.646228
2548	1.95454e-10	0.897885
2549	2.19886e-10	0.126115
2550	1.95454e-10	0.314416
2551	1.95454e-10	0.612242
2552	2.19886e-10	0.476164
2553	0	0.698915
2554	1.95454e-10	0.291297
2555	2.19886e-10	0.476164
2556	1.95454e-10	0.476164
2557	2.19886e-10	0.672604
2558	0	0.476164
2559	2.19886e-10	0.476164
2560	2.19886e-10	0.476164
2561	2.19886e-10	0.476164
2562	0	0.464563
2563	2.26651e-10	0.333191
2564	0	0.464563
2565	2.26674e-10	0.464563
2566	2.26605e-10	0.224409
2567	2.26605e-10	0.89898
2568	2.26628e-10	0.326607
2569	2.26605e-10	0.504352
2570	2.26583e-10	1
2571	2.26583e-10	0.469299
2572	2.26583e-10	0.169744
2573	2.26583e-10	0.688821
2574	2.26605e-10	0.26019
2575	2.26583e-10	0.710495
2576	1.95454e-10	1
2577	2.19886e-10	0.564184
2578	2.26583e-10	0.353738
2579	2.19886e-10	0.882287
2580	2.19886e-10	0.564184
2581	2.26605e-10	0.564184
2582	2.19886e-10	0.709976
2583	2.26628e-10	0.564184
2584	2.26491e-10	0.564184
2585	2.19886e-10	0.564184
2586	2.19886e-10	0.564184
2587	2.19886e-10	0.347462
2588	2.19886e-10	0.470874
2589	2.26674e-10	0.470874
2590	2.19886e-10	0.470874
2591	2.26491e-10	0.470874
2592	2.26628e-10	0.172482
2593	1.95454e-10	0.95194
2594	2.19886e-10	0.96538
2595	2.26674e-10	0.470874
2596	2.26583e-10	0.470874
2597	2.19886e-10	0.0527296
2598	2.26583e-10	0.470874
2599	2.2656e-10	0.470874
2600	2.19886e-10	0.54031
2601	2.19886e-10	0.124032
2602	2.19886e-10	0.902379
2603	2.26583e-10	0.267055
2604	2.19886e-10	0.208447
2605	2.19886e-10	0.247735
2606	2.26491e-10	0.54031
2607	2.26491e-10	0.54031
2608	2.26491e-10	0.54031
2609	2.26491e-10	0.54031
2610	1.95454e-10	0.567736
2611	0	0.567736
2612	0	0
2613	1.95454e-10	0.567736
2614	1.95454e-10	0.15214
2615	1.95454e-10	0.798747
2616	0	0.65103
2617	1.95454e-10	0.613421
2618	1.95454e-10	0.54564
2619	1.95454e-10	0.348457
2620	2.19886e-10	0.914378
2621	2.26628e-10	0.23605
2622	2.26491e-10	0.476265
2623	2.19886e-10	1
2624	2.26583e-10	0.756932
2625	2.19886e-10	0.476265
2626	2.26491e-10	0.179603
2627	2.19886e-10	0.476265
2628	2.26605e-10	0.49838
2629	2.26583e-10	0.939664
2630	2.26583e-10	0.49838
2631	2.26651e-10	0.49838
2632	2.26491e-10	0.361601
2633	2.26583e-10	0.540838
2634	2.19886e-10	0.559244
2635	2.26696e-10	0.49838
2636	2.26491e-10	0.139982
2637	2.26491e-10	0.729222
2638	2.26583e-10	0.973269
2639	2.19886e-10	0.63709
2640	2.19886e-10	0.500539
2641	2.26696e-10	0.500539
2642	2.2656e-10	0.165104
2643	2.26628e-10	0.500539
2644	2.26605e-10	0.826144
2645	2.26651e-10	0.500539
2646	2.19886e-10	0.138591
2647	2.26583e-10	0.139982
2648	2.26583e-10	0.398754
2649	2.26491e-10	0.358253
2650	2.26696e-10	0.48621
2651	2.26628e-10	0.250567
2652	2.26628e-10	0.0379109
2653	2.26583e-10	0.192322
2654	2.26605e-10	0.618118
2655	2.19886e-10	0.514469
2656	2.19886e-10	0.122868
2657	2.26628e-10	0.824325
2658	2.26583e-10	0.514469
2659	2.26628e-10	0.514469
2660	2.26651e-10	0.513134
2661	2.26605e-10	0.514469
2662	2.26491e-10	0.911944
2663	2.19886e-10	0.3438
2664	0	0.899911
2665	2.26674e-10	0.521358
2666	0	0.756353
2667	2.26628e-10	0.799592
2668	2.26628e-10	0.526638
2669	2.26651e-10	0.502531
2670	2.26583e-10	0.526638
2671	2.26605e-10	0.526638
2672	2.26583e-10	0.526638
2673	2.2656e-10	0.373332
2674	2.26583e-10	0.971382
2675	2.26605e-10	0.098773
2676	2.26605e-10	0.528244
2677	2.26583e-10	0.115987
2678	2.2656e-10	0.521358
2679	2.26605e-10	0.521358
2680	2.26628e-10	0.521358
2681	2.26605e-10	0.74663
2682	2.26605e-10	0.89215
2683	2.26651e-10	0.799592
2684	2.26628e-10	0.521358
2685	2.2656e-10	0.521358
2686	2.26605e-10	0.521358
2687	2.26605e-10	0.904777
2688	2.26605e-10	0.521358
2689	2.26583e-10	0.502531
2690	2.26491e-10	0.521358
2691	2.26628e-10	1
2692	2.26674e-10	0.265717
2693	2.26696e-10	0.884787
2694	2.26628e-10	0.768834
2695	2.2656e-10	0.750822
2696	2.26628e-10	0.890335
2697	2.26605e-10	0.705696
2698	2.26583e-10	1
2699	2.2656e-10	1
2700	2.26583e-10	1
2701	2.26605e-10	0.857622
2702	2.2656e-10	1
2703	2.26674e-10	0.124736
2704	2.26628e-10	0.926235
2705	2.26628e-10	0.926235
2706	2.26651e-10	0.926235
2707	2.26583e-10	0.926235
2708	2.19886e-10	0.926235
2709	2.26491e-10	0.15216
2710	2.19886e-10	0.100654
2711	2.26491e-10	0.926235
2712	2.19886e-10	0.926235
2713	1.95454e-10	1
2714	1.95454e-10	1
2715	1.95454e-10	1
2716	0	1
2717	1.95454e-10	1
2718	1.95454e-10	1
2719	1.95454e-10	1
2720	1.95454e-10	0.765721
2721	2.19886e-10	0.602246
2722	2.19886e-10	0.370752
2723	1.95454e-10	1
2724	2.19886e-10	0.723709
2725	2.19886e-10	0.706877
2726	2.26491e-10	0.253889
2727	0	1
2728	2.26696e-10	1
2729	2.26674e-10	0.89215
2730	2.26674e-10	0.227836
2731	2.26583e-10	0.846434
2732	2.26605e-10	0.333581
2733	2.26605e-10	0.630135
2734	2.26583e-10	0.734406
2735	2.2656e-10	1
2736	2.2656e-10	0.774329
2737	2.26605e-10	1
2738	2.26583e-10	0.0514415
2739	2.26628e-10	1
2740	2.2656e-10	1
2741	2.26491e-10	0.864825
2742	2.2656e-10	1
2743	2.26583e-10	1
2744	2.26583e-10	1
2745	2.26491e-10	0.280676
2746	2.26628e-10	0.952629
2747	0	0.952629
2748	0	0.086214
2749	2.26628e-10	0.952629
2750	0	0.952629
2751	2.26583e-10	0.952629
2752	2.2656e-10	0.952629
2753	2.26605e-10	0.923922
2754	2.26674e-10	0.163886
2755	2.26651e-10	0.675628
2756	2.26628e-10	0.09707
2757	2.26583e-10	0.923922
2758	2.26651e-10	0.272197
2759	2.26605e-10	0.764651
2760	2.26605e-10	0.923922
2761	2.26628e-10	0.926632
2762	2.2656e-10	0.801115
2763	2.26583e-10	0.923922
2764	2.19886e-10	0.904105
2765	2.19886e-10	0.229711
2766	2.26605e-10	0.78209
2767	2.26583e-10	0.064613
2768	2.26583e-10	0.904105
2769	2.26491e-10	0.904105
2770	2.19886e-10	0.296394
2771	2.26491e-10	0.904105
2772	1.95454e-10	0.177618
2773	2.26605e-10	0.789167
2774	2.19886e-10	0.904105
2775	2.26583e-10	0.904105
2776	2.26491e-10	0.145933
2777	2.26583e-10	0.904105
2778	1.95454e-10	0.497948
2779	2.26651e-10	1
2780	2.26583e-10	1
2781	2.2656e-10	0.11204
2782	2.2656e-10	0.778896
2783	2.26491e-10	0.725614
2784	0	0.820415
2785	2.19886e-10	0.23605
2786	2.19886e-10	0.79367
2787	1.95454e-10	1
2788	1.95454e-10	1
2789	0	0.521805
2790	1.95454e-10	0.800513
2791	1.95454e-10	1
2792	1.95454e-10	1
2793	1.95454e-10	1
2794	2.26674e-10	0.251267
2795	2.19886e-10	0.263214
2796	2.2656e-10	0.203961
2797	2.26491e-10	0.90389
2798	2.26605e-10	0.90389
2799	2.26605e-10	0.320657
2800	2.19886e-10	0.130925
2801	2.2656e-10	0.358622
2802	2.26628e-10	0.908416
2803	2.26605e-10	0.993149
2804	2.26583e-10	0.90389
2805	2.2656e-10	0.90389
2806	2.26605e-10	0.89898
2807	2.26583e-10	0.127555
2808	2.26605e-10	0.89898
2809	2.26628e-10	0.469299
2810	2.26651e-10	0.326607
2811	2.26605e-10	0.634034
2812	2.26583e-10	0.224409
2813	2.26583e-10	0.333191
2814	2.19886e-10	0.911944
2815	2.26674e-10	0.911944
2816	2.26674e-10	0.112258
2817	2.26651e-10	0.911944
2818	2.19886e-10	0.122868
2819	2.19886e-10	0.911944
2820	2.19886e-10	0.691156
2821	2.19886e-10	0.911944
2822	2.26491e-10	0.375815
2823	2.26491e-10	0.911944
2824	1.95454e-10	0.90844
2825	0	0.90844
2826	1.95454e-10	0.90844
2827	1.95454e-10	0.90844
2828	1.95454e-10	0.90844
2829	0	0
2830	0	0
2831	1.95454e-10	0.697398
2832	1.95454e-10	0.912159
2833	0	0.90844
2834	1.95454e-10	0.7474
2835	2.26696e-10	0.502531
2836	2.26628e-10	0.894292
2837	2.19886e-10	0.894292
2838	2.26491e-10	0.752772
2839	2.26583e-10	0.894292
2840	2.19886e-10	0.157531
2841	2.26674e-10	0.0984363
2842	2.26605e-10	0.894292
2843	2.26491e-10	0.894292
2844	2.26696e-10	0.716926
2845	2.26674e-10	0.896276
2846	2.26605e-10	0.319673
2847	2.26674e-10	0.896276
2848	2.26674e-10	1
2849	2.26628e-10	0.179603
2850	2.26605e-10	0.34803
2851	2.2656e-10	0.971382
2852	2.26651e-10	0.881602
2853	2.26651e-10	0.599743
2854	0	0.881602
2855	2.26628e-10	0.881602
2856	2.2656e-10	0.172482
2857	2.26628e-10	1
2858	2.26628e-10	0.881602
2859	2.26628e-10	0.901463
2860	2.2656e-10	0.173545
2861	2.26605e-10	0.881602
2862	2.2656e-10	0.893146
2863	2.2656e-10	0.347462
2864	2.2656e-10	0.477863
2865	2.19886e-10	0.905392
2866	1.95454e-10	0.905392
2867	1.95454e-10	0.293089
2868	2.19886e-10	0.492094
2869	2.19886e-10	0.641051
2870	2.26583e-10	1
2871	1.95454e-10	0.926138
2872	2.19886e-10	0.6511
2873	2.26583e-10	0.157075
2874	2.19886e-10	1
2875	2.19886e-10	0.874591
2876	2.26491e-10	0.650578
2877	2.19886e-10	0.612242
2878	1.95454e-10	0.698915
2879	2.19886e-10	0.897885
2880	2.19886e-10	0.126115
2881	2.19886e-10	0.485991
2882	2.19886e-10	0.897885
2883	2.19886e-10	0.897885
2884	2.19886e-10	0.118047
2885	2.26491e-10	0.897885
2886	2.19886e-10	0.897824
2887	2.26583e-10	0.803382
2888	2.19886e-10	0.177237
2889	2.19886e-10	0.905936
2890	2.26583e-10	0.721123
2891	2.26583e-10	0.264955
2892	2.2656e-10	0.897824
2893	2.26651e-10	0.84692
2894	2.19886e-10	0.897824
2895	2.2656e-10	0.897824
2896	2.26605e-10	0.897824
2897	2.2656e-10	0.897824
2898	1.95454e-10	0.314893
2899	1.95454e-10	0.62443
2900	1.95454e-10	0.141138
2901	1.95454e-10	0.88771
2902	0	0.88771
2903	2.19886e-10	0.88771
2904	2.19886e-10	0.768402
2905	2.19886e-10	0.88771
2906	2.19886e-10	0.88771
2907	1.95454e-10	0.567824
2908	0	0
2909	2.26674e-10	0.892279
2910	0	0.291019
2911	2.26628e-10	0.593303
2912	2.26605e-10	0.892279
2913	2.26651e-10	0.931134
2914	2.26651e-10	0.892279
2915	0	0.892279
2916	2.26628e-10	0.834963
2917	2.2656e-10	0.54363
2918	2.26605e-10	0.892279
2919	2.26605e-10	0.280749
2920	2.26583e-10	0.688821
2921	2.26628e-10	0.710495
2922	0	0.901463
2923	0	0.901463
2924	2.26651e-10	0.547272
2925	2.26696e-10	0.54657
2926	2.26674e-10	0.260529
2927	2.26674e-10	0.469299
2928	2.26628e-10	0.922614
2929	2.26605e-10	0.893146
2930	2.2656e-10	0.922614
2931	2.19886e-10	0.922614
2932	2.19886e-10	0.922614
2933	2.26491e-10	0.922614
2934	2.19886e-10	0.347462
2935	2.19886e-10	0.718515
2936	2.19886e-10	0.890335
2937	2.19886e-10	0.890335
2938	2.26628e-10	0.890335
2939	2.26605e-10	0.750822
2940	2.26491e-10	0.265717
2941	2.19886e-10	0.733929
2942	2.19886e-10	0.931912
2943	2.19886e-10	0.890335
2944	2.26696e-10	0.372646
2945	2.26628e-10	0.834923
2946	2.26628e-10	0.663155
2947	2.26628e-10	0.957144
2948	2.26605e-10	0.300058
2949	2.26674e-10	0.26327
2950	2.26605e-10	0.15214
2951	2.26605e-10	0.734406
2952	2.2656e-10	0.576549
2953	2.26583e-10	0.576549
2954	2.2656e-10	0.576549
2955	2.2656e-10	0.576549
2956	2.26628e-10	0.861437
2957	2.26628e-10	0.26704
2958	2.26651e-10	0.26327
2959	2.2656e-10	0.300058
2960	2.26651e-10	0.578026
2961	2.26583e-10	0.578026
2962	2.26605e-10	0.578026
2963	2.26651e-10	0.645301
2964	2.26628e-10	0.192911
2965	2.26583e-10	0.374643
2966	2.26651e-10	0.645301
2967	2.26583e-10	0.645301
2968	2.26651e-10	0.645301
2969	2.26628e-10	0.645301
2970	2.26674e-10	0.645301
2971	2.26605e-10	0.645301
2972	2.2656e-10	0.866775
2973	2.26583e-10	0.645301
2974	2.2656e-10	0.645301
2975	2.26583e-10	0.645301
2976	2.26651e-10	0.648791
2977	2.26605e-10	0.0608953
2978	2.26583e-10	0.72245
2979	2.26605e-10	0.723709
2980	2.2656e-10	0.310423
2981	2.26651e-10	0.648791
2982	2.26605e-10	0.648791
2983	2.26628e-10	0.0379109
2984	2.19886e-10	0.755771
2985	2.19886e-10	0.648791
2986	2.26651e-10	0.0761767
2987	2.26651e-10	0.188291
2988	2.26583e-10	0.996754
2989	2.26583e-10	0.172482
2990	2.26605e-10	0.614447
2991	2.26491e-10	0.665742
2992	2.2656e-10	0.0527296
2993	2.19886e-10	0.614447
2994	2.19886e-10	0.614447
2995	2.26583e-10	0.6511
2996	2.2656e-10	0.6511
2997	2.26605e-10	0.6511
2998	2.19886e-10	0.6511
2999	2.26651e-10	0.6511
3000	1.95454e-10	0.350073
3001	2.19886e-10	0.314371
3002	1.95454e-10	0.100894
3003	1.95454e-10	0.6511
3004	2.19886e-10	0.6511
3005	2.19886e-10	0.6511
3006	2.26491e-10	0.932467
3007	2.26491e-10	0.358622
3008	2.26605e-10	0.593205
3009	0	0.593205
3010	2.26651e-10	0.593205
3011	2.26696e-10	0.767183
3012	2.2656e-10	0.749017
3013	2.26674e-10	0.176535
3014	2.26674e-10	0.731872
3015	2.26605e-10	0.696683
3016	2.26605e-10	0.593205
3017	2.26583e-10	0.593205
3018	2.26628e-10	0.284782
3019	2.26583e-10	0.145852
3020	2.26583e-10	0.236969
3021	2.19886e-10	0.650238
3022	2.26674e-10	0.650238
3023	2.26628e-10	0.694844
3024	2.26605e-10	0.646459
3025	2.26605e-10	0.763254
3026	2.2656e-10	0.765328
3027	2.2656e-10	0.874591
3028	2.26491e-10	0.205523
3029	2.19886e-10	0.236053
3030	2.19886e-10	0.187408
3031	2.19886e-10	0.719496
3032	2.19886e-10	0.118047
3033	2.26605e-10	0.647192
3034	2.19886e-10	0.647192
3035	2.26583e-10	0.611716
3036	2.19886e-10	0.647192
3037	2.26491e-10	0.647192
3038	2.19886e-10	0.647192
3039	1.95454e-10	0.647192
3040	1.95454e-10	0.647192
3041	2.26696e-10	0.883072
3042	2.26651e-10	0.642989
3043	2.26651e-10	0.588761
3044	2.26605e-10	0.859963
3045	2.2656e-10	0.828636
3046	2.26628e-10	0.201623
3047	2.26651e-10	0.752342
3048	2.26651e-10	0.155444
3049	2.2656e-10	0.705616
3050	2.26605e-10	0.0453611
3051	2.2656e-10	0.705616
3052	2.2656e-10	0.314893
3053	2.26583e-10	0.705616
3054	2.26628e-10	0.373943
3055	2.26583e-10	0.622109
3056	2.26605e-10	0.622109
3057	2.19886e-10	0.622109
3058	2.26651e-10	0.622109
3059	2.19886e-10	0.622109
3060	2.26491e-10	0.622109
3061	2.26491e-10	0
3062	2.26491e-10	0.179603
3063	2.19886e-10	0.749588
3064	2.19886e-10	0.622109
3065	2.19886e-10	0.246547
3066	2.19886e-10	0.622109
3067	2.26605e-10	0.599605
3068	2.26696e-10	0.597041
3069	2.26583e-10	0.599605
3070	2.26605e-10	0.601051
3071	2.26674e-10	0.561861
3072	2.26491e-10	0.359653
3073	2.2656e-10	0.599605
3074	2.26583e-10	0.599605
3075	2.2656e-10	0.599605
3076	2.26583e-10	0.599605
3077	2.26628e-10	0.765066
3078	2.26651e-10	0.629094
3079	2.26628e-10	1
3080	2.2656e-10	0.629094
3081	2.26628e-10	0.58947
3082	2.26583e-10	0.629094
3083	2.26583e-10	0.629094
3084	2.26605e-10	0.629094
3085	2.2656e-10	0.629094
3086	2.26583e-10	0.629094
3087	2.26605e-10	0.629094
3088	2.26605e-10	0.629094
3089	2.26605e-10	0.646459
3090	2.26651e-10	0.579349
3091	2.26651e-10	0.538326
3092	2.26583e-10	0.646459
3093	2.26605e-10	0.646459
3094	2.2656e-10	0.646459
3095	2.2656e-10	0.646459
3096	2.26491e-10	0.361601
3097	2.2656e-10	0.646459
3098	2.2656e-10	0.646459
3099	2.26583e-10	0.641051
3100	2.26674e-10	1
3101	1.95454e-10	0.293089
3102	1.95454e-10	0.641051
3103	1.95454e-10	0.641051
3104	2.19886e-10	0.789272
3105	2.26628e-10	1
3106	2.2656e-10	0.641051
3107	1.95454e-10	0.641051
3108	2.2656e-10	0.718558
3109	1.95454e-10	0.641051
3110	1.95454e-10	0.660197
3111	2.19886e-10	0.774329
3112	2.19886e-10	0.896871
3113	1.95454e-10	0.637975
3114	1.95454e-10	0.660197
3115	2.19886e-10	0.734406
3116	2.26605e-10	0.227836
3117	2.19886e-10	0.660197
3118	2.19886e-10	0.803382
3119	2.19886e-10	0.177237
3120	2.26491e-10	0.660197
3121	2.19886e-10	0.914378
3122	2.26491e-10	0.209854
3123	2.26491e-10	0.660197
3124	2.2656e-10	0.264955
3125	2.26651e-10	0.696683
3126	2.26628e-10	0.650453
3127	2.26651e-10	0.176535
3128	2.26628e-10	0.650453
3129	2.26605e-10	0.866775
3130	0	0.884787
3131	2.26696e-10	0.767183
3132	2.26628e-10	0.650453
3133	2.26605e-10	0.744881
3134	2.26605e-10	0.650453
3135	2.26605e-10	0.650453
3136	2.26583e-10	0.650453
3137	0	0.65103
3138	0	0.613421
3139	1.95454e-10	0.65103
3140	1.95454e-10	0.280676
3141	2.19886e-10	0.834923
3142	1.95454e-10	0.15214
3143	1.95454e-10	0.774329
3144	1.95454e-10	0.801042
3145	0	0.139929
3146	0	0
3147	2.26674e-10	0.665989
3148	2.26583e-10	0.724121
3149	2.26628e-10	0.672604
3150	2.26605e-10	0.828679
3151	2.26628e-10	0.672604
3152	2.19886e-10	0.314416
3153	2.2656e-10	0.688935
3154	2.26605e-10	0.416693
3155	2.2656e-10	0.672604
3156	2.19886e-10	0.691156
3157	2.26605e-10	0.243828
3158	2.26583e-10	0.672604
3159	2.2656e-10	0.672604
3160	2.19886e-10	0.672604
3161	0	0.698579
3162	2.19886e-10	0.883799
3163	2.19886e-10	0.730612
3164	0	0.45713
3165	2.19886e-10	0.698579
3166	2.2656e-10	0.897273
3167	2.26583e-10	1
3168	2.26583e-10	0.739203
3169	2.19886e-10	0.76959
3170	1.95454e-10	0.698579
3171	2.19886e-10	0.698579
3172	2.19886e-10	0.762006
3173	2.19886e-10	0.112221
3174	2.19886e-10	0.612035
3175	2.26583e-10	0.729162
3176	2.26583e-10	0.729162
3177	2.19886e-10	0.896477
3178	2.26605e-10	0.883526
3179	2.2656e-10	0.11204
3180	2.2656e-10	0.729162
3181	2.19886e-10	0.729162
3182	2.26605e-10	0.729162
3183	2.26491e-10	0.729162
3184	2.2656e-10	0.729162
3185	2.19886e-10	0.733929
3186	2.19886e-10	0.733929
3187	2.2656e-10	0.733929
3188	2.2656e-10	0.492096
3189	2.26491e-10	0.496977
3190	2.26605e-10	0.145852
3191	2.2656e-10	0.884787
3192	2.19886e-10	0.162785
3193	1.95454e-10	0
3194	2.26583e-10	0.921889
3195	2.19886e-10	0.734844
3196	2.26491e-10	0.734844
3197	1.95454e-10	0.734844
3198	2.19886e-10	0.734844
3199	2.19886e-10	0.734844
3200	2.26491e-10	0.734844
3201	2.26491e-10	0.840447
3202	2.19886e-10	0.075153
3203	2.19886e-10	0.670177
3204	2.19886e-10	0.872188
3205	2.19886e-10	0.266143
3206	1.95454e-10	0.697398
3207	2.19886e-10	0.730612
3208	2.19886e-10	0.359511
3209	2.19886e-10	0.812346
3210	2.26583e-10	0.897273
3211	2.19886e-10	0.730612
3212	1.95454e-10	0
3213	1.95454e-10	0.280023
3214	2.19886e-10	0.703298
3215	2.19886e-10	0.267055
3216	2.19886e-10	0.70908
3217	2.19886e-10	0.902379
3218	1.95454e-10	0.164133
3219	1.95454e-10	0.637567
3220	1.95454e-10	0.267055
3221	1.95454e-10	0.267055
3222	2.26583e-10	0.250605
3223	2.19886e-10	0.229711
3224	2.26491e-10	0.229711
3225	1.95454e-10	0.229711
3226	2.2656e-10	0.064613
3227	2.19886e-10	0.229711
3228	2.26491e-10	0.229711
3229	2.26491e-10	0.78209
3230	2.19886e-10	0.0453868
3231	2.19886e-10	0.496962
3232	1.95454e-10	0.229711
3233	1.95454e-10	0.229711
3234	2.19886e-10	0.59614
3235	2.26491e-10	0.876774
3236	2.19886e-10	0.125364
3237	2.26674e-10	0.161402
3238	2.26674e-10	0.161402
3239	0	0.298077
3240	0	0.225036
3241	2.26674e-10	0.767608
3242	2.26628e-10	0.747021
3243	2.26651e-10	0.585684
3244	2.26628e-10	0.618118
3245	2.26696e-10	0.161402
3246	2.26651e-10	0.161402
3247	2.26651e-10	0.161402
3248	0	0.225036
3249	2.26651e-10	0.713395
3250	2.26628e-10	0.298077
3251	0	0.917546
3252	2.26651e-10	0.767608
3253	2.26628e-10	0.163886
3254	2.26605e-10	0.505453
3255	2.26605e-10	0.584505
3256	2.26628e-10	0.740833
3257	2.26674e-10	0.764651
3258	2.26628e-10	0.908234
3259	2.26583e-10	0.09707
3260	2.26696e-10	0.235231
3261	2.19886e-10	0.235231
3262	0	0.235231
3263	2.26674e-10	0.136527
3264	2.26583e-10	0.0693024
3265	2.19886e-10	0.241465
3266	2.26674e-10	0.235231
3267	2.26583e-10	0.235231
3268	2.2656e-10	0.890423
3269	2.2656e-10	0.692623
3270	1.95454e-10	0.200665
3271	2.19886e-10	0.200665
3272	1.95454e-10	0.200665
3273	2.19886e-10	0.200665
3274	1.95454e-10	0.745026
3275	2.19886e-10	0.864825
3276	2.26583e-10	0.333581
3277	2.19886e-10	0.200665
3278	2.19886e-10	0.0537582
3279	2.26491e-10	0.200665
3280	2.26605e-10	0.195013
3281	2.19886e-10	0.356832
3282	2.26605e-10	0.884787
3283	2.26651e-10	0.285925
3284	2.2656e-10	0.195013
3285	2.26628e-10	0.195013
3286	2.2656e-10	0.265717
3287	2.2656e-10	0.634087
3288	2.19886e-10	0.195013
3289	2.26628e-10	0.195013
3290	2.19886e-10	0.995398
3291	2.2656e-10	0.687846
3292	2.19886e-10	0.195013
3293	1.95454e-10	0.195013
3294	2.19886e-10	0.366193
3295	1.95454e-10	0.564775
3296	2.19886e-10	0.682702
3297	2.26605e-10	0.342618
3298	2.19886e-10	0.291297
3299	2.19886e-10	0.291297
3300	2.19886e-10	0.291297
3301	2.26491e-10	0.291297
3302	2.19886e-10	0.291297
3303	2.2656e-10	0.291297
3304	2.19886e-10	0.291297
3305	2.19886e-10	0.291297
3306	2.26651e-10	0.129521
3307	2.26628e-10	0.901186
3308	2.26628e-10	0.561861
3309	0	0.902583
3310	2.26605e-10	0.263786
3311	2.2656e-10	0.263786
3312	2.26628e-10	0.263786
3313	2.26605e-10	0.263786
3314	2.26605e-10	0.263786
3315	2.26605e-10	0.124736
3316	2.26674e-10	0.26704
3317	2.26583e-10	0.26704
3318	2.26628e-10	0.26704
3319	2.26674e-10	0.26704
3320	2.26628e-10	0.26704
3321	2.26583e-10	0.0734289
3322	2.26605e-10	0.0779499
3323	2.26605e-10	0.74663
3324	2.26583e-10	0.287229
3325	2.26674e-10	0.182203
3326	2.26696e-10	0.70468
3327	2.26628e-10	0.287229
3328	2.26674e-10	0.287229
3329	2.2656e-10	0.287229
3330	2.26628e-10	0.326607
3331	2.26583e-10	0.287229
3332	2.26605e-10	0.287229
3333	0	0.144587
3334	2.26628e-10	0.144587
3335	2.26628e-10	0.144587
3336	2.26605e-10	0.54363
3337	2.26628e-10	0.144587
3338	2.26583e-10	0.834963
3339	2.26674e-10	0.833504
3340	2.2656e-10	0.859963
3341	2.26605e-10	0.642989
3342	2.26696e-10	0.576426
3343	2.26605e-10	0.179603
3344	2.2656e-10	0.942037
3345	2.19886e-10	0.179603
3346	2.26583e-10	0.587295
3347	2.26583e-10	0.353738
3348	2.26583e-10	0.822936
3349	2.2656e-10	1
3350	2.2656e-10	0.312142
3351	2.26491e-10	0.731916
3352	2.19886e-10	0.151428
3353	2.19886e-10	0.405595
3354	2.19886e-10	0.179603
3355	2.19886e-10	0.493467
3356	2.19886e-10	0.661249
3357	1.95454e-10	0.142904
3358	1.95454e-10	0.808243
3359	1.95454e-10	0.175397
3360	2.19886e-10	0.175397
3361	2.19886e-10	0.175397
3362	2.19886e-10	0.175397
3363	2.19886e-10	0.175397
3364	2.19886e-10	0.175397
3365	2.19886e-10	0.325643
3366	2.19886e-10	0.177618
3367	1.95454e-10	0.100654
3368	1.95454e-10	0.177618
3369	0	0.497948
3370	2.19886e-10	0.177618
3371	2.19886e-10	0.59614
3372	2.19886e-10	0.496962
3373	1.95454e-10	0.296394
3374	1.95454e-10	0.177618
3375	2.19886e-10	0.177618
3376	1.95454e-10	0.177618
3377	1.95454e-10	0.177618
3378	2.19886e-10	0.359982
3379	2.19886e-10	0.154343
3380	2.19886e-10	0.331805
3381	2.19886e-10	0.162785
3382	1.95454e-10	0.116342
3383	2.26605e-10	0.161217
3384	2.19886e-10	0.921889
3385	2.19886e-10	0.156792
3386	1.95454e-10	0.156792
3387	2.26491e-10	0.156792
3388	2.26491e-10	0.0584129
3389	1.95454e-10	0.697398
3390	1.95454e-10	0.94457
3391	2.19886e-10	0.12292
3392	2.19886e-10	0.472013
3393	2.19886e-10	0.12292
3394	2.26605e-10	0.12292
3395	2.19886e-10	0.12292
3396	2.2656e-10	0.12292
3397	2.19886e-10	0.12292
3398	2.19886e-10	0.12292
3399	2.19886e-10	0.12292
3400	2.26491e-10	0.12292
3401	2.26491e-10	0.12292
3402	2.26491e-10	0.12292
3403	1.95454e-10	0.558697
3404	1.95454e-10	0.988365
3405	1.95454e-10	0.113514
3406	0	0.100894
3407	1.95454e-10	0.861444
3408	2.19886e-10	0.553895
3409	2.19886e-10	0.405595
3410	1.95454e-10	0.373332
3411	2.19886e-10	0.92677
3412	1.95454e-10	0.113514
3413	2.19886e-10	0.662888
3414	2.26674e-10	0.137215
3415	0	0.918294
3416	2.26674e-10	0.137215
3417	2.26628e-10	0.0901822
3418	2.26605e-10	0.834963
3419	2.26583e-10	0.54363
3420	2.26583e-10	0.167835
3421	2.26583e-10	0.0252072
3422	0	0.113983
3423	2.26674e-10	0.113983
3424	0	0.113983
3425	2.26583e-10	0.113983
3426	2.26605e-10	0.931134
3427	2.26651e-10	0.113983
3428	2.26628e-10	0.26019
3429	2.26583e-10	0.113983
3430	2.26651e-10	0.113983
3431	2.26605e-10	0.113983
3432	2.26651e-10	0.710495
3433	1.95454e-10	0.130925
3434	1.95454e-10	0.130925
3435	1.95454e-10	0.263214
3436	1.95454e-10	0.130925
3437	2.19886e-10	0.993149
3438	1.95454e-10	0.130925
3439	2.26674e-10	0.10937
3440	2.26696e-10	0.10937
3441	2.26628e-10	0.10937
3442	2.2656e-10	0.333581
3443	2.26628e-10	0.10937
3444	2.26583e-10	0.918753
3445	2.26583e-10	0.995398
3446	2.26491e-10	0.931912
3447	2.26491e-10	0.730461
3448	2.26583e-10	0.750822
3449	2.26696e-10	0.107119
3450	2.2656e-10	0.107119
3451	2.26651e-10	0.790661
3452	2.26583e-10	0.94414
3453	2.26605e-10	0.812346
3454	2.26696e-10	0.107119
3455	2.26651e-10	0.107119
3456	2.26583e-10	0.107119
3457	0	0.802696
3458	2.26583e-10	0.107119
3459	2.26605e-10	0.107119
3460	0	0.926138
3461	1.95454e-10	0.100894
3462	1.95454e-10	0.789272
3463	2.19886e-10	0.677491
3464	0	0.558697
3465	2.19886e-10	0.100894
3466	0	0.100894
3467	1.95454e-10	0.100894
3468	1.95454e-10	0.971382
3469	1.95454e-10	0.373332
3470	0	0.100894
3471	2.26605e-10	0.0945635
3472	2.26583e-10	0.731916
3473	2.26674e-10	1
3474	2.19886e-10	0.0945635
3475	2.19886e-10	0.0945635
3476	2.2656e-10	0.0945635
3477	2.19886e-10	0.151428
3478	2.2656e-10	0.0945635
3479	2.2656e-10	0.502531
3480	2.26583e-10	0.370752
3481	2.26491e-10	0.330123
3482	2.26491e-10	0.405595
3483	1.95454e-10	0.100654
3484	1.95454e-10	0.64277
3485	1.95454e-10	0.828182
3486	1.95454e-10	0.721686
3487	2.19886e-10	0.100654
3488	0	0.100654
3489	2.19886e-10	0.100654
3490	2.19886e-10	0.100654
3491	2.19886e-10	0.100654
3492	2.19886e-10	0.100654
3493	0	1
3494	2.26696e-10	1
3495	2.26651e-10	0.136527
3496	0	0.122883
3497	2.26583e-10	0.703769
3498	2.26583e-10	1
3499	2.26583e-10	1
3500	2.26583e-10	1
3501	2.26605e-10	1
3502	2.2656e-10	0.610975
3503	1.95454e-10	0.637975
3504	2.19886e-10	0.896871
3505	1.95454e-10	0.896871
3506	2.26605e-10	0.896871
3507	2.26491e-10	0.896871
3508	2.19886e-10	0.896871
3509	2.19886e-10	1
3510	2.2656e-10	0.676469
3511	2.2656e-10	0.0877661
3512	2.19886e-10	0.672368
3513	2.19886e-10	1
3514	2.26491e-10	0.826144
3515	2.26696e-10	0.618131
3516	2.26628e-10	0.558856
3517	2.26605e-10	1
3518	2.26651e-10	0.249877
3519	2.26583e-10	0.792227
3520	2.26605e-10	0.840447
3521	2.26605e-10	0
3522	1.95454e-10	0.896477
3523	2.2656e-10	0.675232
3524	2.19886e-10	0.496977
3525	2.2656e-10	0.896477
3526	2.19886e-10	0.896477
3527	2.26491e-10	0.896477
3528	2.19886e-10	0.896477
3529	2.2656e-10	0.896477
3530	2.19886e-10	0.896477
3531	1.95454e-10	0.896477
3532	2.19886e-10	0.725614
3533	0	0.700801
3534	0	0.92677
3535	0	0.92677
3536	0	0.773267
3537	0	0
3538	1.95454e-10	0.92677
3539	1.95454e-10	0.553895
3540	1.95454e-10	0.92677
3541	1.95454e-10	0.92677
3542	1.95454e-10	0.405595
3543	2.19886e-10	0.988365
3544	1.95454e-10	0.0895606
3545	1.95454e-10	0.92677
3546	1.95454e-10	0.92677
3547	0	0.157531
3548	1.95454e-10	0.92677
3549	0	0.151428
3550	2.19886e-10	0.92677
3551	0	0.916429
3552	2.2656e-10	0.916429
3553	2.26674e-10	0.34751
3554	2.26674e-10	0.916429
3555	2.26605e-10	0.332199
3556	2.26628e-10	0.593623
3557	2.26628e-10	0.285489
3558	2.26583e-10	0.284342
3559	2.26674e-10	0.74663
3560	2.26651e-10	0.766901
3561	2.26583e-10	0.368403
3562	2.26674e-10	0.904777
3563	2.26674e-10	0.358622
3564	2.26605e-10	0.904777
3565	2.26583e-10	0.899911
3566	2.2656e-10	0.904777
3567	2.26628e-10	0.0734289
3568	2.26628e-10	0.904777
3569	2.26605e-10	0.26327
3570	2.26583e-10	0.799592
3571	2.26583e-10	0.908416
3572	2.19886e-10	0.918753
3573	2.19886e-10	0.918753
3574	2.26583e-10	0.333581
3575	2.26491e-10	0.254686
3576	2.26628e-10	0.918753
3577	1.95454e-10	0.928277
3578	2.19886e-10	0.928277
3579	2.26696e-10	0.928277
3580	1.95454e-10	0.94457
3581	2.19886e-10	0.928277
3582	2.19886e-10	0.228074
3583	2.19886e-10	0.928277
3584	2.26491e-10	0.0584129
3585	1.95454e-10	0.926138
3586	1.95454e-10	0.789272
3587	1.95454e-10	0.610975
3588	0	0.926138
3589	0	0.926138
3590	1.95454e-10	0.0576263
3591	0	0.558697
3592	1.95454e-10	0.492094
3593	0	0.926138
3594	0	0.926138
3595	2.26605e-10	0.918294
3596	2.26605e-10	0.918294
3597	2.26628e-10	0.918294
3598	2.26605e-10	0.918294
3599	2.26605e-10	0.688821
3600	2.26583e-10	0.833504
3601	2.26605e-10	0.70468
3602	2.19886e-10	0.918294
3603	2.26605e-10	0.182203
3604	2.2656e-10	0.918294
3605	2.26674e-10	0.918294
3606	2.2656e-10	0.918294
3607	2.19886e-10	1
3608	2.19886e-10	0.228669
3609	2.26583e-10	0.496512
3610	2.19886e-10	0.918294
3611	2.2656e-10	0.918294
3612	0	1
3613	1.95454e-10	0.0576263
3614	0	0.293089
3615	1.95454e-10	1
3616	0	1
3617	0	0.164133
3618	2.26651e-10	0.827498
3619	2.19886e-10	0.997508
3620	2.2656e-10	0.287137
3621	2.26628e-10	0.129521
3622	2.26583e-10	0.901186
3623	2.26651e-10	0.997508
3624	2.26605e-10	0.997508
3625	2.19886e-10	0.997508
3626	2.19886e-10	0.64277
3627	2.19886e-10	0.755771
3628	2.26491e-10	0.14639
3629	2.19886e-10	1
3630	2.19886e-10	0.997508
3631	2.19886e-10	0.64277
3632	2.19886e-10	0.943035
3633	1.95454e-10	0.943035
3634	1.95454e-10	0.943035
3635	2.19886e-10	0.15216
3636	2.19886e-10	0.943035
3637	2.19886e-10	0.943035
3638	2.19886e-10	0.943035
3639	2.26491e-10	1
3640	2.26491e-10	0.0252072
3641	2.19886e-10	0.973269
3642	2.19886e-10	0.973269
3643	0	0.973269
3644	0	0.973269
3645	2.26583e-10	0.729222
3646	2.2656e-10	0.973269
3647	2.19886e-10	0.559244
3648	2.19886e-10	0.63709
3649	2.26583e-10	0.118862
3650	2.19886e-10	0.779044
3651	2.26491e-10	0.102846
3652	2.19886e-10	0.475239
3653	2.19886e-10	0.849155
3654	2.19886e-10	0.650578
3655	2.19886e-10	0.157075
3656	2.19886e-10	0.887888
3657	1.95454e-10	0.485991
3658	2.19886e-10	1
3659	2.19886e-10	1
3660	2.19886e-10	1
3661	2.19886e-10	1
3662	2.19886e-10	1
3663	2.19886e-10	1
3664	1.95454e-10	1
3665	1.95454e-10	0.298229
3666	1.95454e-10	1
3667	0	0.823845
3668	2.19886e-10	0.778896
3669	0	0.2608
3670	0	0.672368
3671	0	0.112221
3672	1.95454e-10	0.152009
3673	1.95454e-10	1
3674	1.95454e-10	0.301004
3675	2.19886e-10	0.0811205
3676	2.19886e-10	0.96538
3677	2.19886e-10	0.95194
3678	2.2656e-10	0.262396
3679	2.26628e-10	0.96538
3680	2.26651e-10	0.621019
3681	2.26491e-10	0.96538
3682	2.2656e-10	0.96538
3683	2.19886e-10	0.96538
3684	2.19886e-10	0.96538
3685	2.2656e-10	1
3686	2.26628e-10	0.96538
3687	2.2656e-10	0.558856
3688	2.26491e-10	0.0527296
3689	2.26583e-10	0.792227
3690	2.26583e-10	0.96538
3691	2.2656e-10	0.188291
3692	2.26491e-10	0.96538
3693	2.26583e-10	0.96538
3694	2.2656e-10	0.96538
3695	0	0.330862
3696	2.26583e-10	0.631022
3697	2.26605e-10	0.0537582
3698	2.26674e-10	0.981055
3699	2.26696e-10	0.0318802
3700	2.26605e-10	0.864825
3701	2.26605e-10	0.745746
3702	2.26583e-10	0.227836
3703	2.26583e-10	0.285925
3704	2.26628e-10	0.630135
3705	2.26583e-10	0.68028
3706	2.2656e-10	0.783425
3707	2.26583e-10	0.540838
3708	2.26696e-10	0.538326
3709	2.26583e-10	0.939664
3710	2.26583e-10	0.540838
3711	2.26491e-10	0.361601
3712	2.26628e-10	0.130749
3713	2.26628e-10	0.540838
3714	2.26605e-10	0.540838
3715	2.2656e-10	0.540838
3716	2.26583e-10	0.398754
3717	2.2656e-10	0.540838
3718	2.26605e-10	0.540838
3719	2.26605e-10	0.646228
3720	0	0.55615
3721	2.26583e-10	0.55615
3722	2.26628e-10	0.811739
3723	2.2656e-10	0.756932
3724	2.26583e-10	0.329781
3725	2.19886e-10	0.548634
3726	0	0.49496
3727	2.19886e-10	0.236053
3728	2.26674e-10	0.996754
3729	2.19886e-10	0.548634
3730	2.26605e-10	0.0217948
3731	2.26605e-10	0.548634
3732	2.26628e-10	0.0749754
3733	2.2656e-10	0.719496
3734	2.2656e-10	0.548634
3735	2.2656e-10	0.548634
3736	2.26491e-10	0.548634
3737	1.95454e-10	0.534752
3738	2.19886e-10	0.615957
3739	1.95454e-10	0.534752
3740	2.19886e-10	0.534752
3741	2.26491e-10	0.376177
3742	2.19886e-10	0.209638
3743	2.19886e-10	0.117259
3744	2.19886e-10	0.939445
3745	1.95454e-10	0.61548
3746	2.19886e-10	0.59427
3747	0	0.59427
3748	2.26605e-10	0.59427
3749	2.26674e-10	0.59427
3750	2.26651e-10	0.646228
3751	2.26583e-10	0.102846
3752	2.19886e-10	0.305051
3753	2.26674e-10	0.502042
3754	2.26674e-10	0.502042
3755	2.26628e-10	0.502042
3756	2.26605e-10	0.0818421
3757	2.26605e-10	0.760182
3758	2.26628e-10	0.710495
3759	2.26628e-10	0.659605
3760	2.26628e-10	0.902583
3761	2.26674e-10	0.470679
3762	2.26651e-10	0.927576
3763	0	0.886772
3764	2.26583e-10	0.496962
3765	2.26605e-10	0.226155
3766	2.26651e-10	0.182449
3767	2.26651e-10	0.86159
3768	2.26628e-10	0.470679
3769	2.26628e-10	0.902583
3770	2.26628e-10	0.470679
3771	2.26605e-10	0.310749
3772	2.26583e-10	0.789167
3773	2.26605e-10	0.204873
3774	2.26491e-10	0.546335
3775	2.26605e-10	0.1889
3776	2.26605e-10	0.064613
3777	2.26628e-10	0.546335
3778	2.26628e-10	0.546335
3779	2.26651e-10	0.546335
3780	2.26605e-10	0.84692
3781	2.26605e-10	0.789167
3782	2.26628e-10	0.154319
3783	2.26583e-10	0.78209
3784	2.26605e-10	0.546335
3785	2.26583e-10	0.546335
3786	2.26628e-10	0.618131
3787	2.26696e-10	0.558856
3788	2.26605e-10	0.792227
3789	2.26696e-10	0.558856
3790	2.2656e-10	0
3791	2.26583e-10	0.558856
3792	2.26605e-10	0.558856
3793	2.26491e-10	0.78484
3794	2.26628e-10	0.558856
3795	2.26491e-10	0.76959
3796	2.26651e-10	0.576426
3797	2.26628e-10	0.942037
3798	2.26605e-10	0.556802
3799	2.26491e-10	0.482613
3800	2.2656e-10	0.405595
3801	2.26605e-10	0.561861
3802	2.26651e-10	0.0379109
3803	2.26651e-10	0.561861
3804	2.26605e-10	0.561861
3805	2.26605e-10	0.561861
3806	2.26583e-10	0.561861
3807	2.26605e-10	0.561861
3808	2.26583e-10	0.561861
3809	2.26583e-10	0.561861
3810	2.26583e-10	0.688935
3811	2.26605e-10	0.724121
3812	2.2656e-10	0.0382739
3813	2.19886e-10	0.78484
3814	1.95454e-10	0.228669
3815	1.95454e-10	0.375294
3816	2.19886e-10	0.642792
3817	2.2656e-10	0.566098
3818	2.26583e-10	0.665989
3819	2.19886e-10	0.0389543
3820	2.2656e-10	0.746269
3821	2.19886e-10	0.566098
3822	2.19886e-10	0.515259
3823	2.19886e-10	0.566098
3824	2.19886e-10	0.576588
3825	2.19886e-10	0.403796
3826	2.26583e-10	0.576588
3827	1.95454e-10	0.266143
3828	2.26491e-10	0.576588
3829	2.26583e-10	0.576588
3830	2.19886e-10	0.576588
3831	2.19886e-10	0.644871
3832	2.26491e-10	0.576588
3833	2.19886e-10	0.558697
3834	1.95454e-10	0.558697
3835	1.95454e-10	0.861444
3836	1.95454e-10	0.0576263
3837	2.19886e-10	0.405595
3838	2.19886e-10	0.971382
3839	1.95454e-10	0.988365
3840	2.19886e-10	0.902379
3841	2.19886e-10	0.553895
3842	0	0.559449
3843	2.26674e-10	0.559449
3844	2.26628e-10	0.0837882
3845	2.26674e-10	0.705696
3846	2.26583e-10	0.744881
3847	2.26583e-10	0.285925
3848	2.26583e-10	0.891073
3849	2.26605e-10	0.935654
3850	2.26583e-10	0.559449
3851	2.26583e-10	0
3852	2.26674e-10	1
3853	2.26605e-10	0.765066
3854	2.26651e-10	0.175127
3855	2.26674e-10	0.889679
3856	2.26605e-10	0.319827
3857	2.26628e-10	0.58947
3858	2.26605e-10	0.58947
3859	2.26628e-10	0.58947
3860	2.26583e-10	0.312142
3861	2.26674e-10	0.272197
3862	2.26605e-10	0.168784
3863	2.26583e-10	0.58947
3864	2.26583e-10	0.58947
3865	2.26583e-10	0.58947
3866	2.26583e-10	0.383069
3867	2.26651e-10	0.611716
3868	2.19886e-10	0.611716
3869	2.26651e-10	0.075153
3870	2.19886e-10	0.116342
3871	2.26583e-10	0
3872	1.95454e-10	0.142904
3873	2.19886e-10	0.611716
3874	2.19886e-10	0.661249
3875	1.95454e-10	0.319636
3876	2.19886e-10	0.118047
3877	1.95454e-10	0.140861
3878	2.19886e-10	0.14639
3879	2.19886e-10	0.611716
3880	2.19886e-10	0.729992
3881	2.19886e-10	0.599868
3882	1.95454e-10	0.599868
3883	2.26605e-10	0.599868
3884	2.19886e-10	0.599868
3885	2.26491e-10	0.834923
3886	2.19886e-10	0.280676
3887	2.19886e-10	0.798747
3888	2.19886e-10	0.861437
3889	2.19886e-10	0.0779499
3890	1.95454e-10	0.613421
3891	2.19886e-10	0.593294
3892	0	0.593294
3893	2.26605e-10	0.376177
3894	2.2656e-10	0.718515
3895	2.26674e-10	0.615957
3896	2.26696e-10	0.593294
3897	2.26628e-10	0.477863
3898	2.2656e-10	0.347462
3899	2.2656e-10	0.117259
3900	1.95454e-10	0.493467
3901	1.95454e-10	0.493467
3902	2.19886e-10	0.493467
3903	2.19886e-10	0.493467
3904	2.19886e-10	0.493467
3905	2.19886e-10	0.493467
3906	1.95454e-10	0.493467
3907	1.95454e-10	0.375294
3908	2.19886e-10	0.493467
3909	2.19886e-10	0.310423
3910	2.19886e-10	0.493467
3911	1.95454e-10	0.472013
3912	1.95454e-10	0.472013
3913	2.19886e-10	1
3914	1.95454e-10	0.472013
3915	2.19886e-10	0.154319
3916	2.19886e-10	0.480107
3917	2.19886e-10	0.24486
3918	2.19886e-10	0.22635
3919	0	0.469299
3920	0	0.127555
3921	0	0.469299
3922	2.26696e-10	0.547272
3923	1.95454e-10	0.475239
3924	1.95454e-10	0.475239
3925	1.95454e-10	0.475239
3926	2.19886e-10	0.121738
3927	2.19886e-10	0.118862
3928	2.19886e-10	0.849155
3929	2.19886e-10	0.475239
3930	2.19886e-10	0.397975
3931	2.19886e-10	0.988365
3932	2.26491e-10	0.838185
3933	2.26628e-10	0.152009
3934	2.19886e-10	0.553895
3935	2.26605e-10	0.746127
3936	1.95454e-10	0.553895
3937	2.2656e-10	0.553895
3938	2.19886e-10	0.662888
3939	2.19886e-10	0.526926
3940	2.19886e-10	0.838185
3941	2.19886e-10	0.530464
3942	2.19886e-10	0.397975
3943	2.2656e-10	0.83959
3944	1.95454e-10	0.848294
3945	2.19886e-10	0.121738
3946	2.19886e-10	0.526926
3947	2.19886e-10	0.526926
3948	2.26491e-10	0.533586
3949	2.19886e-10	0.526926
3950	2.19886e-10	0.526926
3951	1.95454e-10	0.526926
3952	2.19886e-10	0.164133
3953	2.19886e-10	0.526926
3954	2.26696e-10	0.963791
3955	2.26628e-10	0.802696
3956	2.26651e-10	0.509275
3957	2.26605e-10	0.924578
3958	2.26605e-10	0.364794
3959	2.26628e-10	0.509275
3960	2.26605e-10	0.289956
3961	2.26583e-10	0.0275097
3962	2.26605e-10	0.0217948
3963	2.26605e-10	0.509275
3964	2.2656e-10	0.883799
3965	2.19886e-10	0.515259
3966	1.95454e-10	0.515259
3967	2.19886e-10	0.515259
3968	2.26491e-10	0.0453611
3969	2.26605e-10	0.250567
3970	1.95454e-10	0.755771
3971	2.19886e-10	0.515259
3972	2.19886e-10	0.706877
3973	2.26491e-10	0.0382739
3974	2.19886e-10	0.515259
3975	2.19886e-10	0.822936
3976	0	0.585684
3977	0	0.618118
3978	0	0.584505
3979	2.26674e-10	0.704472
3980	2.26628e-10	0.528386
3981	2.26696e-10	0.587341
3982	2.26674e-10	0.587341
3983	2.26696e-10	0.587341
3984	2.26628e-10	0.225387
3985	2.26628e-10	0.724503
3986	2.26628e-10	0.236969
3987	2.2656e-10	0.744997
3988	2.26651e-10	0.584505
3989	0	0.731637
3990	0	0.528386
3991	2.26651e-10	0.917546
3992	2.26674e-10	0.618118
3993	2.26605e-10	0.584505
3994	2.26605e-10	0.584505
3995	2.19886e-10	1
3996	2.2656e-10	0.939664
3997	2.2656e-10	0.579349
3998	2.26605e-10	1
3999	2.19886e-10	1
4000	2.26491e-10	0.729222
4001	2.19886e-10	0.298282
4002	2.26491e-10	1
4003	2.2656e-10	0.650578
4004	2.19886e-10	0.154391
4005	2.19886e-10	0.314559
4006	2.26583e-10	1
4007	2.26674e-10	0.878076
4008	2.26583e-10	1
4009	1.95454e-10	1
4010	2.19886e-10	1
4011	2.19886e-10	1
4012	2.19886e-10	0.295816
4013	1.95454e-10	0.755771
4014	2.19886e-10	1
4015	2.19886e-10	0.0551893
4016	2.19886e-10	0.287137
4017	2.19886e-10	0.861444
4018	2.19886e-10	0.971382
4019	2.19886e-10	0.373332
4020	2.26491e-10	0.971382
4021	2.26674e-10	0.971382
4022	2.26491e-10	0.971382
4023	2.2656e-10	0.203961
4024	2.26583e-10	0.971382
4025	2.19886e-10	0.662888
4026	2.26491e-10	0.971382
4027	2.19886e-10	0.931912
4028	2.19886e-10	0.931912
4029	2.26605e-10	0.0769356
4030	2.19886e-10	0.931912
4031	2.26491e-10	0.931912
4032	2.19886e-10	0.931912
4033	2.19886e-10	0.956113
4034	1.95454e-10	0.931912
4035	2.19886e-10	0.152009
4036	1.95454e-10	0.2608
4037	2.2656e-10	0.750822
4038	2.19886e-10	0.94414
4039	2.26651e-10	0.790661
4040	2.26628e-10	0.824325
4041	2.19886e-10	0.812346
4042	2.26491e-10	0.94414
4043	2.19886e-10	0.94414
4044	2.26628e-10	0.0275097
4045	2.26696e-10	0.790661
4046	2.26583e-10	0.342618
4047	2.26583e-10	0.924578
4048	2.19886e-10	0.122868
4049	2.2656e-10	0.924578
4050	2.26583e-10	0.963791
4051	2.2656e-10	0.924578
4052	2.2656e-10	0.924578
4053	2.26696e-10	0.927576
4054	2.26628e-10	0.714499
4055	2.26696e-10	0.367445
4056	2.26628e-10	0.787009
4057	2.26605e-10	0.064613
4058	2.26605e-10	0.876774
4059	2.26628e-10	0.674708
4060	2.26583e-10	1
4061	2.26605e-10	0.927576
4062	2.26583e-10	0.927576
4063	2.26583e-10	0.927576
4064	1.95454e-10	0.321399
4065	2.19886e-10	0.597041
4066	2.26583e-10	0.0608953
4067	2.19886e-10	0.938606
4068	2.26583e-10	0.938606
4069	2.26605e-10	0.361601
4070	2.26651e-10	0.925722
4071	2.26583e-10	0.925722
4072	2.26628e-10	0.538326
4073	2.26491e-10	0.127786
4074	2.26491e-10	0.939664
4075	2.26605e-10	0.925722
4076	2.2656e-10	0.925722
4077	1.95454e-10	0.107377
4078	2.19886e-10	1
4079	0	0.497948
4080	1.95454e-10	0.766216
4081	2.19886e-10	0.68028
4082	2.19886e-10	1
4083	1.95454e-10	1
4084	1.95454e-10	1
4085	1.95454e-10	1
4086	1.95454e-10	1
4087	1.95454e-10	1
4088	2.19886e-10	1
4089	1.95454e-10	1
4090	1.95454e-10	1
4091	1.95454e-10	1
4092	2.19886e-10	0.075153
4093	0	0.761907
4094	1.95454e-10	1
4095	1.95454e-10	0.95194
4096	2.19886e-10	1
4097	2.26491e-10	1
4098	1.95454e-10	0.200352
4099	0	0
4100	2.19886e-10	1
4101	1.95454e-10	0.697398
4102	0	0.937094
4103	2.26583e-10	0.937094
4104	2.26674e-10	0.393389
4105	2.26651e-10	0.937094
4106	2.26583e-10	0.937094
4107	2.26651e-10	0.937094
4108	2.26583e-10	0.937094
4109	2.26651e-10	0.513134
4110	2.26674e-10	0.824325
4111	2.2656e-10	0.937094
4112	2.26491e-10	0.112258
4113	1.95454e-10	0.730853
4114	1.95454e-10	0.61548
4115	1.95454e-10	0.939445
4116	1.95454e-10	0.939445
4117	0	0
4118	1.95454e-10	0.310063
4119	1.95454e-10	0.939445
4120	1.95454e-10	0.939445
4121	1.95454e-10	0.95194
4122	0	0.761907
4123	1.95454e-10	0.237821
4124	1.95454e-10	0.939445
4125	2.26674e-10	1
4126	0	1
4127	2.26674e-10	0.727714
4128	2.26491e-10	1
4129	2.26583e-10	0.718558
4130	2.26605e-10	0.579349
4131	2.2656e-10	0.939664
4132	2.19886e-10	1
4133	2.26583e-10	1
4134	2.19886e-10	1
4135	2.19886e-10	0.688849
4136	2.2656e-10	1
4137	2.19886e-10	1
4138	2.2656e-10	1
4139	2.26491e-10	0.880305
4140	2.19886e-10	0.305051
4141	1.95454e-10	0.00614105
4142	2.19886e-10	0.817119
4143	2.19886e-10	0.397975
4144	1.95454e-10	0.530464
4145	1.95454e-10	0.988365
4146	1.95454e-10	0.350073
4147	1.95454e-10	0.988365
4148	2.19886e-10	0.988365
4149	1.95454e-10	0.902379
4150	2.26651e-10	0.284782
4151	2.19886e-10	0.284782
4152	0	0.145852
4153	2.26696e-10	0.284782
4154	2.26583e-10	0.284782
4155	2.2656e-10	0.284782
4156	2.19886e-10	0.284782
4157	2.2656e-10	0.32952
4158	1.95454e-10	0.280676
4159	2.26628e-10	0.300058
4160	2.19886e-10	0.834923
4161	2.26605e-10	0.280676
4162	2.19886e-10	0.798747
4163	1.95454e-10	0.613421
4164	2.19886e-10	0.280676
4165	2.19886e-10	0.280676
4166	2.19886e-10	0.280676
4167	2.19886e-10	0.280676
4168	2.26696e-10	0.243828
4169	2.26674e-10	0.42002
4170	2.26628e-10	0.76959
4171	2.26628e-10	0.25756
4172	2.26605e-10	0.25756
4173	2.26674e-10	0.689546
4174	2.26628e-10	0.831548
4175	2.26674e-10	0.25756
4176	2.2656e-10	0.25756
4177	2.26583e-10	0.25756
4178	2.2656e-10	0.25756
4179	1.95454e-10	0.3438
4180	1.95454e-10	0.3438
4181	1.95454e-10	0.3438
4182	1.95454e-10	0.286883
4183	1.95454e-10	0.3438
4184	1.95454e-10	0.973264
4185	1.95454e-10	0.3438
4186	2.26628e-10	0.353738
4187	2.2656e-10	0.312142
4188	2.26674e-10	0.312142
4189	2.26651e-10	0.587295
4190	2.26491e-10	0.312142
4191	2.26583e-10	0.312142
4192	2.26605e-10	0.889679
4193	2.19886e-10	0.375294
4194	2.2656e-10	0.312142
4195	2.26491e-10	0.312142
4196	2.2656e-10	0.312142
4197	2.26491e-10	0.312142
4198	2.26605e-10	0.326607
4199	2.26583e-10	0.283053
4200	2.26674e-10	0.326607
4201	2.26583e-10	0.262396
4202	2.26628e-10	0.326607
4203	2.26583e-10	1
4204	2.26605e-10	0.260529
4205	2.26583e-10	0.224409
4206	2.26605e-10	0.504352
4207	2.26605e-10	0.602246
4208	2.19886e-10	0.370752
4209	2.26674e-10	0.370752
4210	2.26605e-10	0.370752
4211	2.26583e-10	0.799592
4212	2.26628e-10	0.370752
4213	2.19886e-10	0.765721
4214	2.26491e-10	0.706877
4215	2.2656e-10	0.370752
4216	2.2656e-10	1
4217	2.26628e-10	0.314559
4218	2.26583e-10	0.154391
4219	2.19886e-10	0.228669
4220	2.26605e-10	0.833504
4221	2.19886e-10	0.314559
4222	2.19886e-10	0.314559
4223	2.26491e-10	0.314559
4224	2.19886e-10	0.72262
4225	2.26583e-10	0.314559
4226	1.95454e-10	0.241465
4227	2.19886e-10	0.241465
4228	2.2656e-10	0.241465
4229	2.19886e-10	0.367515
4230	2.26491e-10	0.703769
4231	2.19886e-10	0.272197
4232	2.26583e-10	0.241465
4233	2.19886e-10	0.340878
4234	1.95454e-10	0.258727
4235	2.19886e-10	0.602246
4236	1.95454e-10	0.765721
4237	2.19886e-10	0.491727
4238	1.95454e-10	0.140861
4239	2.19886e-10	0.502531
4240	2.19886e-10	0.258727
4241	0	0.258727
4242	2.19886e-10	0.258727
4243	1.95454e-10	0.258727
4244	1.95454e-10	0.247735
4245	1.95454e-10	0.247735
4246	1.95454e-10	0.247735
4247	0	0.247735
4248	0	0.247735
4249	1.95454e-10	0.247735
4250	1.95454e-10	0.208447
4251	2.19886e-10	0.523839
4252	1.95454e-10	0.247735
4253	2.19886e-10	0
4254	2.19886e-10	0.241896
4255	2.26583e-10	0.762415
4256	1.95454e-10	0.77241
4257	2.2656e-10	0.241896
4258	1.95454e-10	0.480107
4259	2.26605e-10	0.241896
4260	2.19886e-10	0.697398
4261	2.26491e-10	0.224409
4262	2.2656e-10	0.241896
4263	2.19886e-10	0.241896
4264	2.19886e-10	0.827737
4265	2.26491e-10	0.241896
4266	2.2656e-10	0.241896
4267	2.26605e-10	0.241896
4268	2.26491e-10	0.280749
4269	2.26674e-10	0.280749
4270	2.26674e-10	0.23776
4271	0	0.333191
4272	2.26605e-10	0.23776
4273	2.2656e-10	0.23776
4274	2.26605e-10	0.23776
4275	2.26605e-10	0.23776
4276	2.26674e-10	0.23776
4277	2.26605e-10	0.23776
4278	2.26674e-10	0.169744
4279	2.26491e-10	0.23776
4280	2.19886e-10	0.283053
4281	0	0.283053
4282	0	0.283053
4283	2.19886e-10	0.283053
4284	2.26605e-10	0.283053
4285	2.2656e-10	0.283053
4286	2.26491e-10	0.283053
4287	2.26491e-10	0.333191
4288	2.2656e-10	0.117259
4289	1.95454e-10	0.295218
4290	0	0.295218
4291	1.95454e-10	0.264052
4292	0	0.73713
4293	0	0.295218
4294	1.95454e-10	0.295218
4295	0	0
4296	1.95454e-10	0.295218
4297	0	0.295218
4298	1.95454e-10	0.293089
4299	1.95454e-10	0.350073
4300	1.95454e-10	0.637567
4301	0	0.266143
4302	1.95454e-10	0.403796
4303	1.95454e-10	0.670177
4304	0	0.236053
4305	1.95454e-10	0.0527296
4306	2.19886e-10	0.970586
4307	0	0
4308	1.95454e-10	0.266143
4309	1.95454e-10	0.782198
4310	1.95454e-10	0.266143
4311	1.95454e-10	0.266143
4312	2.19886e-10	0.209638
4313	2.26696e-10	0.586567
4314	2.19886e-10	0.137927
4315	2.26491e-10	0.310063
4316	2.19886e-10	0.19543
4317	1.95454e-10	0.310063
4318	2.19886e-10	0.310063
4319	1.95454e-10	0
4320	2.19886e-10	0.310063
4321	2.2656e-10	0.310063
4322	2.26491e-10	0.692938
4323	2.26674e-10	0.364794
4324	2.26674e-10	0.364794
4325	2.26696e-10	0.393389
4326	2.26651e-10	0.364794
4327	2.26628e-10	0.802696
4328	2.26628e-10	0.364794
4329	2.26583e-10	0.300007
4330	2.19886e-10	0.321399
4331	1.95454e-10	0.321399
4332	2.19886e-10	0.926632
4333	2.19886e-10	0.801115
4334	2.19886e-10	0.597041
4335	2.26628e-10	0.310423
4336	2.26583e-10	0.279289
4337	2.19886e-10	0.310423
4338	2.19886e-10	0.310423
4339	2.26491e-10	0.721686
4340	2.26491e-10	0.310423
4341	2.26583e-10	0.310423
4342	2.2656e-10	0.131423
4343	2.19886e-10	0.862014
4344	2.19886e-10	0.808243
4345	2.19886e-10	0.314416
4346	2.26628e-10	0.691156
4347	2.19886e-10	0.264052
4348	1.95454e-10	0.485991
4349	1.95454e-10	0.241839
4350	2.19886e-10	0.366193
4351	2.19886e-10	0.246547
4352	1.95454e-10	0.375815
4353	2.2656e-10	0.737899
4354	2.26491e-10	0.375815
4355	2.19886e-10	0.375815
4356	2.26605e-10	0.957144
4357	2.26583e-10	0.372646
4358	2.26628e-10	0.348457
4359	2.26651e-10	0.734406
4360	2.26651e-10	0.538652
4361	2.26605e-10	0.0514415
4362	2.2656e-10	0.15214
4363	2.26605e-10	0.372646
4364	2.2656e-10	0.846434
4365	2.26583e-10	0.372646
4366	2.19886e-10	0.314371
4367	2.26605e-10	0.358622
4368	2.26583e-10	0.373332
4369	2.26583e-10	0.373332
4370	2.19886e-10	0.373332
4371	2.26491e-10	0.373332
4372	2.26491e-10	0.373332
4373	2.2656e-10	0.373332
4374	2.26605e-10	0.731916
4375	2.26605e-10	0.822936
4376	2.26605e-10	0.716926
4377	2.26583e-10	1
4378	2.26605e-10	0.203961
4379	2.26628e-10	0.405595
4380	2.26583e-10	0.34803
4381	2.19886e-10	0.151428
4382	2.2656e-10	0.502531
4383	2.26491e-10	1
4384	2.19886e-10	0.246547
4385	2.26605e-10	1
4386	2.26696e-10	1
4387	2.26696e-10	0.284342
4388	2.26651e-10	0.285489
4389	2.26583e-10	0.811739
4390	2.26628e-10	0.175127
4391	2.26628e-10	0.319827
4392	2.26605e-10	0.785839
4393	0	0.996754
4394	2.26696e-10	0.914236
4395	2.26651e-10	0.996754
4396	2.26605e-10	0.42002
4397	2.26651e-10	0.996754
4398	2.26605e-10	0.996754
4399	2.2656e-10	0.939664
4400	2.26583e-10	0.939664
4401	2.19886e-10	0.939664
4402	2.26491e-10	0.939664
4403	2.2656e-10	0.939664
4404	2.2656e-10	0.579349
4405	2.19886e-10	0.956113
4406	2.26674e-10	0.956113
4407	2.26628e-10	0.746127
4408	2.26628e-10	0.956113
4409	2.26583e-10	0.956113
4410	2.19886e-10	0.152009
4411	2.26605e-10	0.0769356
4412	2.26583e-10	0.243374
4413	2.2656e-10	0.956113
4414	2.19886e-10	0.2608
4415	1.95454e-10	0.939718
4416	1.95454e-10	0.939718
4417	1.95454e-10	0.745026
4418	1.95454e-10	0.637975
4419	2.19886e-10	0.783425
4420	1.95454e-10	1
4421	0	1
4422	1.95454e-10	1
4423	1.95454e-10	0.480107
4424	1.95454e-10	0.228074
4425	0	1
4426	0	1
4427	2.26583e-10	1
4428	2.26674e-10	0.326602
4429	2.26674e-10	0.0818421
4430	2.26696e-10	0.760182
4431	0	0.659605
4432	2.26583e-10	1
4433	2.26651e-10	0.856501
4434	1.95454e-10	0.574123
4435	2.19886e-10	0.970586
4436	2.26651e-10	0.827737
4437	2.26674e-10	0.129402
4438	2.26605e-10	0.224409
4439	2.26491e-10	1
4440	2.26628e-10	0.504352
4441	2.26583e-10	1
4442	2.26696e-10	0.731916
4443	2.26605e-10	0.822936
4444	2.19886e-10	1
4445	2.2656e-10	1
4446	2.26491e-10	1
4447	2.26491e-10	1
4448	2.19886e-10	1
4449	2.19886e-10	0.993149
4450	2.26583e-10	0.201769
4451	2.26605e-10	0.932467
4452	2.26583e-10	0.993149
4453	2.2656e-10	0.993149
4454	2.26491e-10	0.249489
4455	0	0.61548
4456	0	0
4457	1.95454e-10	0.730853
4458	0	0.697398
4459	0	0.94457
4460	0	0.94457
4461	1.95454e-10	0.162785
4462	1.95454e-10	0.228074
4463	2.26651e-10	0.901186
4464	2.26583e-10	0.125364
4465	2.26583e-10	0.287137
4466	2.26628e-10	0.827498
4467	2.26583e-10	0.59614
4468	2.26605e-10	0.714499
4469	2.26605e-10	0.124736
4470	2.19886e-10	0.849155
4471	1.95454e-10	0.849155
4472	2.19886e-10	0.849155
4473	2.19886e-10	0.779044
4474	2.19886e-10	0.523839
4475	1.95454e-10	0.00614105
4476	2.26674e-10	0.682702
4477	2.26651e-10	0.393389
4478	2.26674e-10	0.802696
4479	2.2656e-10	0.963791
4480	2.26583e-10	0.0217948
4481	2.26628e-10	0.963791
4482	2.26583e-10	0.963791
4483	2.26628e-10	0.963791
4484	1.95454e-10	0.902379
4485	2.19886e-10	0.83959
4486	2.19886e-10	0.533586
4487	2.19886e-10	0.529931
4488	1.95454e-10	0.902379
4489	2.19886e-10	0.70908
4490	1.95454e-10	0.333032
4491	1.95454e-10	0.700801
4492	2.19886e-10	0.902379
4493	2.26651e-10	0.824325
4494	2.26651e-10	0.790661
4495	2.26674e-10	0.824325
4496	2.26628e-10	0.513134
4497	2.26605e-10	0.811739
4498	2.26605e-10	0.79367
4499	2.26696e-10	0.811739
4500	2.26583e-10	0.811739
4501	2.26605e-10	0.811739
4502	2.26628e-10	0.765672
4503	2.2656e-10	0.329781
4504	0	0.761907
4505	1.95454e-10	0.95194
4506	1.95454e-10	0.95194
4507	2.19886e-10	0.95194
4508	0	0.95194
4509	1.95454e-10	0.95194
4510	2.19886e-10	0.0527296
4511	2.26583e-10	0.833504
4512	2.19886e-10	0.229188
4513	2.26674e-10	0.167835
4514	2.19886e-10	0.62443
4515	2.26628e-10	0.833504
4516	2.26605e-10	0.154391
4517	2.2656e-10	0.833504
4518	2.26628e-10	0.54363
4519	2.26605e-10	0.833504
4520	2.26491e-10	0.833504
4521	2.26491e-10	0
4522	2.26583e-10	0.731916
4523	2.26628e-10	0.716926
4524	2.26605e-10	0.822936
4525	2.19886e-10	0.822936
4526	2.2656e-10	0.131423
4527	2.2656e-10	0.822936
4528	2.2656e-10	0.353738
4529	2.26491e-10	0.246547
4530	2.19886e-10	0.375294
4531	2.19886e-10	0.107377
4532	2.26628e-10	0.879254
4533	2.26605e-10	0.879254
4534	2.26583e-10	0.879254
4535	2.19886e-10	0.612035
4536	2.26491e-10	0.745746
4537	2.19886e-10	0.879254
4538	1.95454e-10	0.879254
4539	2.26491e-10	0.0984363
4540	1.95454e-10	0.879254
4541	2.19886e-10	1
4542	2.19886e-10	0.0453868
4543	2.19886e-10	0.745746
4544	2.26583e-10	0.789167
4545	2.19886e-10	0.78209
4546	2.26583e-10	0.78209
4547	2.26491e-10	0.228074
4548	1.95454e-10	0.497948
4549	2.2656e-10	0.78209
4550	2.26696e-10	0.828636
4551	2.26674e-10	0.538547
4552	2.19886e-10	0.588761
4553	2.19886e-10	0.828636
4554	2.19886e-10	0.642989
4555	2.26583e-10	0.201623
4556	2.19886e-10	0.216439
4557	1.95454e-10	0.973264
4558	2.26491e-10	0.314893
4559	2.19886e-10	0.703298
4560	1.95454e-10	0.280023
4561	2.19886e-10	0.828636
4562	2.19886e-10	0.828636
4563	1.95454e-10	0.828636
4564	0	0.857622
4565	2.26651e-10	0.857622
4566	2.26696e-10	0.857622
4567	2.26651e-10	0.705696
4568	2.26605e-10	0.265717
4569	2.26628e-10	0.857622
4570	2.26605e-10	0.857622
4571	1.95454e-10	0.801042
4572	2.19886e-10	0.801042
4573	2.19886e-10	0.730461
4574	2.19886e-10	0.801042
4575	0	0.767608
4576	0	0.767608
4577	2.26696e-10	0.767608
4578	2.26696e-10	0.767608
4579	0	0.740833
4580	2.26628e-10	0.09707
4581	2.26605e-10	0.767608
4582	2.26674e-10	0.611158
4583	2.26605e-10	0.130389
4584	2.19886e-10	0.0984363
4585	1.95454e-10	0.725614
4586	1.95454e-10	0.985394
4587	2.19886e-10	0.893487
4588	2.19886e-10	0.823845
4589	1.95454e-10	0.112221
4590	2.19886e-10	0.823845
4591	2.19886e-10	0.152009
4592	1.95454e-10	0.995398
4593	2.19886e-10	0.612035
4594	2.26491e-10	0.823845
4595	2.19886e-10	0.823845
4596	2.19886e-10	0.765721
4597	2.19886e-10	0.491727
4598	1.95454e-10	0.140861
4599	1.95454e-10	0.319636
4600	2.26491e-10	0.502531
4601	2.26674e-10	0.760865
4602	2.26605e-10	0.305523
4603	2.26583e-10	0.528244
4604	2.26583e-10	0.893487
4605	2.2656e-10	0.115987
4606	2.19886e-10	0.152009
4607	2.26583e-10	0.263866
4608	2.26491e-10	0.760865
4609	2.26583e-10	0.89215
4610	1.95454e-10	0.779044
4611	2.19886e-10	0.688849
4612	2.19886e-10	0.829474
4613	2.19886e-10	0.368092
4614	2.19886e-10	0.118862
4615	1.95454e-10	0.00614105
4616	2.19886e-10	0.102846
4617	2.2656e-10	0.729222
4618	2.19886e-10	0.834923
4619	2.2656e-10	0.834923
4620	2.19886e-10	0.834923
4621	2.19886e-10	0.15214
4622	2.26491e-10	0.300058
4623	1.95454e-10	0.138591
4624	1.95454e-10	0.337864
4625	2.19886e-10	0.138591
4626	1.95454e-10	0.138591
4627	2.19886e-10	0.138591
4628	2.19886e-10	0.826144
4629	2.26674e-10	0.418583
4630	2.26674e-10	0.676469
4631	2.26583e-10	0.826144
4632	2.26583e-10	0.750993
4633	2.2656e-10	0.0877661
4634	2.26491e-10	0.0877661
4635	0	0.161217
4636	2.26651e-10	0.161217
4637	2.26605e-10	0.322789
4638	2.26651e-10	0.331805
4639	2.2656e-10	0.730853
4640	2.2656e-10	0.161217
4641	2.26583e-10	0.687846
4642	2.26491e-10	0.19543
4643	2.26491e-10	0.670177
4644	2.19886e-10	0.0837882
4645	2.26583e-10	0.256296
4646	2.26628e-10	0.0837882
4647	2.26628e-10	0.0837882
4648	2.26605e-10	0.0837882
4649	2.19886e-10	0.0837882
4650	2.19886e-10	0.0837882
4651	2.26583e-10	0.0318802
4652	2.2656e-10	0.0837882
4653	0	0.0500934
4654	0	0
4655	2.26651e-10	0.843835
4656	2.26696e-10	0.0500934
4657	2.26628e-10	0.659605
4658	0	0.902583
4659	2.26651e-10	0.326602
4660	2.26628e-10	0.917546
4661	2.26651e-10	0.731637
4662	2.26651e-10	0.908234
4663	2.26674e-10	0.0734289
4664	2.26628e-10	0.0734289
4665	2.26651e-10	0.0734289
4666	2.2656e-10	0.0734289
4667	2.26628e-10	0.0734289
4668	2.26651e-10	0.0734289
4669	2.26605e-10	0.0734289
4670	2.26628e-10	0.0734289
4671	2.26628e-10	0.0734289
4672	2.26583e-10	0.0734289
4673	2.2656e-10	0.932467
4674	2.26491e-10	0.0734289
4675	2.26651e-10	0.538652
4676	2.26628e-10	0.0514415
4677	2.26628e-10	0.0514415
4678	2.26605e-10	0.797952
4679	2.26583e-10	0.49473
4680	2.26628e-10	0.832396
4681	2.26583e-10	0.0514415
4682	2.26583e-10	0.266942
4683	2.26583e-10	0.734406
4684	2.2656e-10	0.26327
4685	2.26491e-10	0.0514415
4686	2.19886e-10	0.745746
4687	2.19886e-10	0.107377
4688	2.26628e-10	0.107377
4689	1.95454e-10	0.107377
4690	2.19886e-10	0.228074
4691	2.19886e-10	0.107377
4692	2.26491e-10	0.107377
4693	2.19886e-10	0.107377
4694	0	0.0818421
4695	2.26605e-10	0.0818421
4696	2.26696e-10	0.760182
4697	2.26674e-10	0.710495
4698	2.2656e-10	0.169744
4699	2.26674e-10	0.72245
4700	2.2656e-10	0.131423
4701	2.26605e-10	0.0608953
4702	2.26491e-10	0.555195
4703	2.26583e-10	0.0608953
4704	2.26605e-10	0.0608953
4705	2.2656e-10	0.0608953
4706	2.2656e-10	0.0608953
4707	2.26583e-10	0.0608953
4708	2.2656e-10	0.597041
4709	2.2656e-10	0.0608953
4710	2.2656e-10	0.0379109
4711	1.95454e-10	0.121738
4712	1.95454e-10	0.121738
4713	1.95454e-10	0.848294
4714	2.19886e-10	0.734499
4715	2.19886e-10	0.533586
4716	2.19886e-10	0.523839
4717	2.19886e-10	0.0779499
4718	2.19886e-10	0.0779499
4719	2.26583e-10	0.861437
4720	2.26605e-10	0.300058
4721	2.26583e-10	0.163886
4722	2.26651e-10	0.163886
4723	2.26651e-10	0.163886
4724	2.26696e-10	0.713395
4725	2.26605e-10	0.168784
4726	2.26605e-10	0.740833
4727	2.26651e-10	0.764651
4728	2.26605e-10	0.250567
4729	2.26628e-10	0.163886
4730	2.19886e-10	0.0895606
4731	2.19886e-10	0.173571
4732	1.95454e-10	0.157531
4733	2.19886e-10	0.752772
4734	2.26491e-10	0.330123
4735	2.26491e-10	0.502531
4736	2.19886e-10	0.725614
4737	2.19886e-10	0.152009
4738	2.19886e-10	0.298229
4739	2.19886e-10	0.0895606
4740	1.95454e-10	0.700801
4741	2.2656e-10	0.899911
4742	2.19886e-10	0.827737
4743	2.26605e-10	0.129402
4744	2.19886e-10	0.129402
4745	2.19886e-10	0.0811205
4746	2.26583e-10	0.129402
4747	2.19886e-10	0.761907
4748	2.19886e-10	0.237821
4749	2.26583e-10	0.231043
4750	2.26605e-10	0.129402
4751	2.26491e-10	0.129402
4752	2.19886e-10	0.68028
4753	2.19886e-10	1
4754	2.26491e-10	0.250605
4755	1.95454e-10	0.145933
4756	2.19886e-10	0.145933
4757	2.19886e-10	0.602246
4758	1.95454e-10	0.497948
4759	2.26583e-10	0.832396
4760	2.26491e-10	0.266942
4761	2.19886e-10	0.145933
4762	0	0.155719
4763	2.2656e-10	0.133039
4764	2.19886e-10	0.294728
4765	2.2656e-10	0.22635
4766	2.26605e-10	0.0318802
4767	2.2656e-10	0.133039
4768	2.2656e-10	0.0584129
4769	2.19886e-10	0.730853
4770	2.19886e-10	0.61548
4771	0	0.145852
4772	2.26696e-10	0.145852
4773	2.26628e-10	0.801408
4774	2.26583e-10	0.165104
4775	2.26583e-10	0.32952
4776	2.26583e-10	0.826144
4777	2.26583e-10	0.884787
4778	2.26583e-10	0.768834
4779	0	0.153084
4780	2.19886e-10	0.153084
4781	2.26628e-10	0.538547
4782	2.26651e-10	0.153084
4783	2.26491e-10	0.328672
4784	2.19886e-10	0.286883
4785	2.26491e-10	0.765672
4786	1.95454e-10	0.280023
4787	2.26491e-10	0.882287
4788	2.19886e-10	0.703298
4789	2.26651e-10	0.0901822
4790	2.26674e-10	0.54363
4791	2.26651e-10	0.0901822
4792	2.26628e-10	0.834963
4793	2.26605e-10	0.704472
4794	2.19886e-10	0.0907613
4795	2.26605e-10	0.601051
4796	2.26628e-10	0.597041
4797	2.19886e-10	0.0907613
4798	2.26674e-10	0.130749
4799	2.26674e-10	0.729222
4800	2.2656e-10	0.130749
4801	2.26651e-10	0.398754
4802	2.26583e-10	0.538326
4803	2.26583e-10	0.130749
4804	0	0.130895
4805	2.19886e-10	0.130895
4806	1.95454e-10	0.130895
4807	0	0.130895
4808	1.95454e-10	0.130895
4809	1.95454e-10	0.358253
4810	1.95454e-10	0.130895
4811	1.95454e-10	0.130895
4812	0	0.130895
4813	1.95454e-10	0.130895
4814	2.26651e-10	0.287137
4815	2.26583e-10	0.295816
4816	2.26605e-10	0.129521
4817	0	0.581866
4818	2.26696e-10	1
4819	2.26583e-10	0.581866
4820	2.26651e-10	0.581866
4821	2.19886e-10	0.530464
4822	2.19886e-10	0.530464
4823	2.26605e-10	0.838185
4824	2.19886e-10	0.243374
4825	1.95454e-10	0.530464
4826	2.19886e-10	0.492094
4827	1.95454e-10	0.164133
4828	1.95454e-10	0.151428
4829	2.19886e-10	0.314416
4830	0	0.241839
4831	1.95454e-10	0.157531
4832	0	0.485991
4833	2.19886e-10	0.485991
4834	2.19886e-10	0.485991
4835	2.19886e-10	0.485991
4836	1.95454e-10	0.485991
4837	2.26628e-10	0.54363
4838	2.26583e-10	0.54363
4839	2.26605e-10	0.54363
4840	2.26605e-10	0.704472
4841	2.26605e-10	0.54363
4842	2.26605e-10	0.54363
4843	2.2656e-10	0.54363
4844	2.2656e-10	0.0252072
4845	2.26651e-10	0.513134
4846	2.26583e-10	0.112258
4847	2.2656e-10	0.682702
4848	2.19886e-10	0.122868
4849	2.19886e-10	0.513134
4850	2.26491e-10	0.688712
4851	2.26491e-10	0.604018
4852	2.19886e-10	0.513134
4853	2.19886e-10	0.513134
4854	2.26491e-10	0.342618
4855	2.19886e-10	0.533586
4856	2.26651e-10	0.529931
4857	2.19886e-10	0.533586
4858	2.26605e-10	0.83959
4859	2.19886e-10	0.533586
4860	2.26628e-10	0.533586
4861	0	0.538547
4862	2.26491e-10	0.538547
4863	2.26605e-10	0.538547
4864	2.26491e-10	0.538547
4865	2.26583e-10	0.201623
4866	2.26696e-10	0.752342
4867	0	0.536011
4868	2.26696e-10	0.192322
4869	2.26605e-10	0.536011
4870	2.26628e-10	0.536011
4871	2.26651e-10	0.536011
4872	2.26628e-10	0.536011
4873	2.26605e-10	0.536011
4874	2.26605e-10	0.130389
4875	2.26628e-10	0.299989
4876	2.26651e-10	0.878076
4877	2.26583e-10	0.593303
4878	2.26651e-10	0.593303
4879	2.26583e-10	0.593303
4880	2.2656e-10	0.593303
4881	2.26605e-10	0.593303
4882	2.26628e-10	0.588761
4883	2.26605e-10	0.588761
4884	2.26651e-10	0.588761
4885	2.26605e-10	0.588761
4886	2.19886e-10	0.973264
4887	2.19886e-10	0.286883
4888	2.26696e-10	0.630135
4889	2.26605e-10	0.630135
4890	2.26583e-10	0.630135
4891	2.26651e-10	0.630135
4892	2.26628e-10	0.333581
4893	2.26605e-10	0.630135
4894	2.26583e-10	0.630135
4895	2.26583e-10	0.68028
4896	2.26605e-10	0.227836
4897	2.2656e-10	0.783425
4898	2.26583e-10	0.792768
4899	2.26628e-10	0.630135
4900	2.26583e-10	0.750822
4901	2.26605e-10	0.285925
4902	2.2656e-10	0.0318802
4903	0	0.532522
4904	0	0.532522
4905	1.95454e-10	0.480107
4906	1.95454e-10	0.24486
4907	0	0
4908	1.95454e-10	0.532522
4909	2.19886e-10	0.523839
4910	2.19886e-10	0.523839
4911	2.26651e-10	0.529931
4912	2.2656e-10	0.70908
4913	2.19886e-10	0.523839
4914	2.26651e-10	0.496512
4915	2.26696e-10	0.496512
4916	2.26605e-10	0.70468
4917	2.26583e-10	0.688821
4918	2.26583e-10	0.59614
4919	2.26628e-10	0.496962
4920	2.26605e-10	0.496962
4921	2.26605e-10	0.496962
4922	2.26491e-10	0.250605
4923	2.19886e-10	0.492094
4924	1.95454e-10	0.350073
4925	2.2656e-10	0.492094
4926	2.19886e-10	0.243374
4927	2.26696e-10	0.477863
4928	2.26674e-10	0.893146
4929	2.26605e-10	0.137927
4930	2.26605e-10	0.477863
4931	2.26583e-10	0.376177
4932	2.26628e-10	0.347462
4933	2.2656e-10	0.144846
4934	0	0.77241
4935	1.95454e-10	0.919503
4936	2.19886e-10	0.762415
4937	1.95454e-10	0.840973
4938	1.95454e-10	0.697398
4939	1.95454e-10	0.228074
4940	0	0.480107
4941	2.19886e-10	0.24486
4942	1.95454e-10	0.480107
4943	2.19886e-10	0.480107
4944	2.19886e-10	0.480107
4945	2.26674e-10	0.496977
4946	2.26605e-10	0.496977
4947	2.26583e-10	0.496977
4948	2.19886e-10	0.112221
4949	2.26491e-10	0.496977
4950	2.2656e-10	0.767183
4951	2.26651e-10	0.687846
4952	2.26491e-10	0.762006
4953	2.26583e-10	0.634087
4954	2.26628e-10	0.496977
4955	2.2656e-10	0.496977
4956	2.26583e-10	0.322789
4957	2.26491e-10	0.496977
4958	2.26696e-10	0.322789
4959	2.26651e-10	0.648364
4960	2.26605e-10	0.644871
4961	2.26583e-10	1
4962	2.26583e-10	0.687846
4963	2.26605e-10	0.19543
4964	2.26605e-10	0.730853
4965	2.26583e-10	0.155719
4966	2.2656e-10	0.625692
4967	2.26491e-10	0.123598
4968	2.26491e-10	0.294728
4969	2.19886e-10	0.985394
4970	2.26605e-10	0.614116
4971	2.26605e-10	0.614116
4972	2.2656e-10	0.0984363
4973	2.26583e-10	0.612035
4974	2.26583e-10	0.614116
4975	2.19886e-10	0.614116
4976	2.26491e-10	0.614116
4977	2.19886e-10	0.112221
4978	2.2656e-10	0.622108
4979	2.26651e-10	0.622108
4980	2.26674e-10	0.622108
4981	2.26605e-10	0.622108
4982	2.19886e-10	0.631022
4983	2.26605e-10	0.612384
4984	2.19886e-10	0.0537582
4985	2.19886e-10	0.631022
4986	2.26583e-10	0.330862
4987	2.26491e-10	0.0318802
4988	2.19886e-10	0.697056
4989	2.19886e-10	0.405595
4990	2.26605e-10	0.373943
4991	2.19886e-10	0.482613
4992	2.26605e-10	0.482613
4993	2.26583e-10	0.122883
4994	2.26696e-10	0.49473
4995	2.26605e-10	0.320657
4996	2.26628e-10	0.49473
4997	2.26583e-10	0.799592
4998	2.26605e-10	0.602246
4999	2.26583e-10	0.49473
5000	2.26583e-10	0.203961
5001	2.26583e-10	0.49473
5002	2.26605e-10	0.49473
5003	2.26605e-10	0.49473
5004	2.2656e-10	0.49473
5005	2.2656e-10	0.49473
5006	2.19886e-10	0.49496
5007	0	0.49496
5008	2.19886e-10	0.49496
5009	2.19886e-10	0.612242
5010	2.19886e-10	0.698915
5011	2.19886e-10	0.236053
5012	2.2656e-10	0.49496
5013	1.95454e-10	0.140861
5014	2.19886e-10	0.729992
5015	2.19886e-10	0.5387
5016	2.19886e-10	0.706877
5017	2.19886e-10	0.721686
5018	2.19886e-10	0.375294
5019	2.26605e-10	0.263214
5020	2.26651e-10	0.203961
5021	2.26583e-10	0.251267
5022	2.26651e-10	0.34803
5023	2.26583e-10	0.480661
5024	2.26583e-10	0.480661
5025	2.26628e-10	0.280749
5026	2.26674e-10	0.280749
5027	2.26651e-10	0.280749
5028	2.26605e-10	0.280749
5029	2.2656e-10	0.280749
5030	2.2656e-10	0.280749
5031	2.26651e-10	0.280749
5032	2.26651e-10	0.26019
5033	2.26605e-10	0.291019
5034	2.26605e-10	0.291019
5035	0	0.337864
5036	1.95454e-10	0.337864
5037	0	0.63709
5038	0	0.848294
5039	2.26696e-10	0.249877
5040	2.26674e-10	0
5041	2.26696e-10	0.746269
5042	2.26651e-10	0.665989
5043	2.26605e-10	0.78484
5044	2.26605e-10	0.831548
5045	2.26628e-10	0.243828
5046	2.26491e-10	0.416693
5047	2.19886e-10	0.697056
5048	1.95454e-10	0.405595
5049	2.19886e-10	0.861444
5050	2.19886e-10	0.373943
5051	2.2656e-10	0.405595
5052	2.19886e-10	0.405595
5053	2.19886e-10	0.405595
5054	2.19886e-10	0.398754
5055	0	0.398754
5056	2.26605e-10	0.398754
5057	2.19886e-10	0.559244
5058	2.26674e-10	0.205523
5059	2.26583e-10	0.398754
5060	2.26491e-10	0.397975
5061	2.26696e-10	0.838185
5062	2.26583e-10	0.397975
5063	2.26605e-10	0.152009
5064	2.26583e-10	0.243374
5065	1.95454e-10	0.700801
5066	2.19886e-10	0.228669
5067	2.26674e-10	0.40882
5068	2.2656e-10	0.40882
5069	2.19886e-10	0.229188
5070	2.19886e-10	0.62443
5071	2.19886e-10	0.72262
5072	2.19886e-10	0.40882
5073	2.19886e-10	0.340878
5074	2.26651e-10	0.383069
5075	2.26696e-10	0.272197
5076	2.26583e-10	0.383069
5077	2.26491e-10	0.0693024
5078	2.26491e-10	0.34803
5079	2.19886e-10	0.384999
5080	2.2656e-10	0.889679
5081	0	0.310749
5082	2.26605e-10	0.310749
5083	2.26696e-10	0.24936
5084	2.26674e-10	0.204873
5085	2.26628e-10	0.310749
5086	2.26605e-10	0.674708
5087	2.26651e-10	0.856501
5088	2.26628e-10	0.886772
5089	1.95454e-10	0.359653
5090	2.19886e-10	0.876349
5091	2.19886e-10	0.601051
5092	2.19886e-10	0.359653
5093	2.19886e-10	0.555195
5094	2.19886e-10	0.249489
5095	2.19886e-10	0.330251
5096	2.19886e-10	0.298282
5097	2.26583e-10	0.358253
5098	1.95454e-10	0.358253
5099	2.26651e-10	0.358253
5100	2.19886e-10	0.358253
5101	2.19886e-10	0.358253
5102	2.26605e-10	0.358253
5103	2.19886e-10	0.358253
5104	2.26491e-10	0.650578
5105	2.19886e-10	0.358253
5106	2.26628e-10	0.358253
5107	2.2656e-10	0.358253
5108	2.2656e-10	0.358253
5109	2.26491e-10	0.358253
5110	2.2656e-10	0.165104
5111	2.19886e-10	0.333581
5112	2.26628e-10	0.333581
5113	2.26651e-10	0.783425
5114	2.26491e-10	0.333581
5115	2.26491e-10	0.347462
5116	2.19886e-10	0.347462
5117	2.19886e-10	0.347462
5118	2.26491e-10	0.893146
5119	2.26491e-10	0.347462
5120	0	0.375294
5121	0	0.228669
5122	1.95454e-10	0.72262
5123	0	0.375294
5124	1.95454e-10	0.78484
5125	1.95454e-10	0.375294
5126	1.95454e-10	0.5387
5127	2.19886e-10	0.0389543
5128	2.19886e-10	0.375294
5129	2.26491e-10	0.375294
5130	1.95454e-10	0.366193
5131	2.19886e-10	0.682702
5132	2.26651e-10	0.691156
5133	2.19886e-10	0.366193
5134	2.19886e-10	0.604018
5135	2.19886e-10	0.688712
5136	2.19886e-10	0.366193
5137	2.19886e-10	0.366193
5138	2.26583e-10	0.34751
5139	2.26674e-10	0.785839
5140	2.26696e-10	0.131543
5141	2.26628e-10	0.34751
5142	2.26674e-10	0.34751
5143	2.26651e-10	0.34751
5144	2.26605e-10	0.34751
5145	2.26605e-10	0.325643
5146	2.26651e-10	0.279289
5147	2.19886e-10	0.721686
5148	2.26583e-10	0.287137
5149	2.2656e-10	0.325643
5150	2.26583e-10	0.325643
5151	2.26491e-10	0.325643
5152	0	0.326602
5153	0	0.326602
5154	0	0.326602
5155	2.26651e-10	0.902583
5156	2.26605e-10	0.917546
5157	2.26651e-10	0.908234
5158	0	0.332199
5159	2.26651e-10	0.332199
5160	2.26674e-10	0.332199
5161	2.26605e-10	0.131543
5162	2.26628e-10	0.0537582
5163	2.26651e-10	0.905936
5164	2.26674e-10	0.330862
5165	2.26583e-10	0.330862
5166	2.26628e-10	0.330862
5167	2.26491e-10	1
5168	2.26651e-10	0.305523
5169	2.26628e-10	0.305523
5170	2.26605e-10	0.115987
5171	2.26583e-10	0.305523
5172	2.26605e-10	0.305523
5173	2.26583e-10	0.368403
5174	2.26583e-10	0.305523
5175	2.26605e-10	0.766901
5176	2.2656e-10	0.305523
5177	2.26605e-10	0.305523
5178	2.2656e-10	0.614942
5179	2.2656e-10	0.0769356
5180	2.19886e-10	0.126115
5181	2.26605e-10	0.691156
5182	2.2656e-10	0.314416
5183	2.2656e-10	0.314416
5184	2.26491e-10	0.314416
5185	2.26674e-10	0.319673
5186	2.26605e-10	0.942037
5187	2.26628e-10	0.319673
5188	2.26605e-10	0.319673
5189	2.26651e-10	0.319673
5190	2.26605e-10	0.122883
5191	2.26583e-10	0.34803
5192	2.2656e-10	0.367515
5193	2.26628e-10	0.319836
5194	2.26651e-10	0.064613
5195	2.26674e-10	0.787009
5196	2.26605e-10	0.1889
5197	2.26628e-10	1
5198	2.26583e-10	0.319836
5199	2.26628e-10	0.319836
5200	2.26651e-10	0.84692
5201	2.26605e-10	0.319836
5202	2.26583e-10	0.250605
5203	2.26583e-10	0.914378
5204	2.26651e-10	0.330251
5205	2.26491e-10	0.348457
5206	2.26583e-10	0.319836
5207	2.26583e-10	0.876774
5208	2.2656e-10	0.319836
5209	2.19886e-10	0.330251
5210	2.26605e-10	0.67026
5211	2.26674e-10	0.330251
5212	2.19886e-10	0.330251
5213	2.26674e-10	0.876349
5214	2.26674e-10	0.330251
5215	2.26628e-10	0.184101
5216	2.26605e-10	0.330251
5217	2.26491e-10	0.720889
5218	2.2656e-10	0.330251
5219	2.26491e-10	0.330251
5220	2.19886e-10	0.54564
5221	2.19886e-10	0.601051
5222	2.26651e-10	0.601051
5223	2.26583e-10	0.601051
5224	2.26583e-10	0.125364
5225	2.2656e-10	0.367445
5226	2.19886e-10	0.874591
5227	1.95454e-10	0.698915
5228	2.19886e-10	0.802119
5229	2.19886e-10	0.612242
5230	2.19886e-10	0.612242
5231	2.19886e-10	0.612242
5232	2.19886e-10	0.118047
5233	2.19886e-10	0.612242
5234	1.95454e-10	0.612242
5235	1.95454e-10	0.613421
5236	0	0.613421
5237	1.95454e-10	0.613421
5238	0	0
5239	2.26628e-10	0.648364
5240	2.26628e-10	0.644871
5241	2.26583e-10	0.501493
5242	2.26628e-10	0.176535
5243	2.26651e-10	0.634087
5244	2.26651e-10	0.687846
5245	2.26605e-10	0
5246	2.26583e-10	0.155719
5247	2.2656e-10	0.648364
5248	2.26605e-10	0.492096
5249	2.19886e-10	0.872188
5250	2.19886e-10	0.670177
5251	2.26628e-10	0.331805
5252	2.19886e-10	0.644871
5253	2.19886e-10	0.492096
5254	2.2656e-10	0.322789
5255	1.95454e-10	0.670177
5256	2.26583e-10	0.279289
5257	2.19886e-10	0.64277
5258	2.19886e-10	0.723709
5259	2.19886e-10	0.827498
5260	2.19886e-10	0.721686
5261	2.19886e-10	0.808243
5262	2.19886e-10	0.721686
5263	1.95454e-10	0.721686
5264	2.19886e-10	0.721686
5265	2.26696e-10	0.866775
5266	2.26605e-10	0.176535
5267	2.26651e-10	0.192911
5268	2.26628e-10	0.696683
5269	2.26628e-10	0.767183
5270	2.26583e-10	0.744881
5271	2.26605e-10	0.696683
5272	2.2656e-10	0.688712
5273	2.19886e-10	0.123741
5274	2.19886e-10	0.604018
5275	2.19886e-10	0.112258
5276	2.19886e-10	0.688712
5277	1.95454e-10	0.564775
5278	1.95454e-10	0.734499
5279	1.95454e-10	0.848294
5280	1.95454e-10	0.292071
5281	1.95454e-10	0.298229
5282	2.19886e-10	0.64277
5283	1.95454e-10	0.142904
5284	1.95454e-10	0.808243
5285	2.19886e-10	0.64277
5286	1.95454e-10	0.64277
5287	2.19886e-10	0.64277
5288	0	0.642989
5289	2.26651e-10	0.201623
5290	2.26651e-10	0.883072
5291	2.26583e-10	0.859963
5292	2.19886e-10	0.642989
5293	2.19886e-10	0.642989
5294	2.19886e-10	0
5295	2.26491e-10	0.703298
5296	0	0.661249
5297	2.19886e-10	0.661249
5298	2.19886e-10	0.78484
5299	1.95454e-10	0.661249
5300	2.19886e-10	0.808243
5301	2.26491e-10	0.0389543
5302	1.95454e-10	0.142904
5303	2.2656e-10	0.661249
5304	2.19886e-10	0.729992
5305	2.26491e-10	0.792227
5306	2.26583e-10	0.840447
5307	2.19886e-10	0.665742
5308	2.26491e-10	0.665742
5309	1.95454e-10	0.665742
5310	2.26491e-10	0.570915
5311	2.19886e-10	0.570915
5312	2.19886e-10	0.729766
5313	2.26651e-10	0.570915
5314	2.26583e-10	0
5315	2.26628e-10	0.570915
5316	2.19886e-10	0.634034
5317	0	0.169744
5318	2.26605e-10	0.576903
5319	2.26491e-10	0.7474
5320	2.2656e-10	0.250887
5321	1.95454e-10	0.589793
5322	2.19886e-10	0.589793
5323	2.26583e-10	0.646228
5324	2.19886e-10	0.378021
5325	2.26491e-10	0.579349
5326	2.19886e-10	0.589793
5327	1.95454e-10	0.768402
5328	2.19886e-10	0.831548
5329	1.95454e-10	0.815597
5330	0	0
5331	2.19886e-10	0.746269
5332	2.19886e-10	0.642792
5333	1.95454e-10	0.567824
5334	1.95454e-10	0.567824
5335	0	0.567824
5336	1.95454e-10	0.567824
5337	1.95454e-10	0.567824
5338	2.26674e-10	0.724121
5339	2.19886e-10	0.709976
5340	2.26651e-10	0.724121
5341	2.26628e-10	0.724121
5342	2.26491e-10	0.0382739
5343	2.2656e-10	0.0389543
5344	2.19886e-10	0.724121
5345	0	0.637975
5346	0	0.637975
5347	2.19886e-10	0.637975
5348	2.19886e-10	0.803382
5349	1.95454e-10	0.177237
5350	1.95454e-10	0.905936
5351	1.95454e-10	0.637975
5352	1.95454e-10	0.637975
5353	0	0.637975
5354	0	0
5355	0	0.322789
5356	2.26605e-10	1
5357	2.2656e-10	0.644871
5358	2.26583e-10	0.692938
5359	2.2656e-10	0.19543
5360	2.2656e-10	0.492096
5361	2.19886e-10	0.778896
5362	2.19886e-10	0.173571
5363	2.26491e-10	0.752772
5364	2.19886e-10	0.725614
5365	1.95454e-10	0.725614
5366	2.19886e-10	0.725614
5367	2.19886e-10	0.301004
5368	2.19886e-10	0.152009
5369	1.95454e-10	0.2608
5370	2.26491e-10	0.887888
5371	1.95454e-10	0.672368
5372	2.19886e-10	0.703298
5373	2.19886e-10	0.703298
5374	1.95454e-10	0.280023
5375	1.95454e-10	0.703298
5376	2.19886e-10	0
5377	2.19886e-10	0.703298
5378	2.26674e-10	0.799592
5379	2.26651e-10	0.203961
5380	2.26674e-10	0.908416
5381	2.26583e-10	0.602246
5382	2.26628e-10	0.756353
5383	2.26583e-10	0.756353
5384	2.26605e-10	0.756353
5385	2.26605e-10	0.756353
5386	0	0.768834
5387	2.26696e-10	0.192911
5388	2.26674e-10	0.884787
5389	2.26583e-10	0.768834
5390	2.26583e-10	0.767183
5391	2.26605e-10	0.740833
5392	2.26696e-10	0.505453
5393	2.26696e-10	0.192322
5394	2.26651e-10	0.168784
5395	0	0.747021
5396	0	0.09707
5397	2.26651e-10	0.740833
5398	2.26696e-10	0.155444
5399	2.26696e-10	0.611158
5400	2.26651e-10	0.740833
5401	2.26491e-10	0.746127
5402	2.26651e-10	0.746127
5403	2.26628e-10	0.243374
5404	2.26605e-10	0.746127
5405	2.26651e-10	0.746127
5406	2.26605e-10	0.899911
5407	2.19886e-10	0.15214
5408	2.19886e-10	0.734406
5409	2.26651e-10	0.734406
5410	2.26628e-10	0.914378
5411	2.26605e-10	0.348457
5412	2.19886e-10	0.734406
5413	2.2656e-10	0.26327
5414	2.2656e-10	0.797952
5415	2.26628e-10	0.587295
5416	2.26651e-10	0.34803
5417	2.2656e-10	0.716926
5418	2.26583e-10	0.650578
5419	2.19886e-10	0.650578
5420	2.26605e-10	0.887888
5421	2.26605e-10	0.765328
5422	2.19886e-10	0.292071
5423	2.2656e-10	0.874591
5424	2.2656e-10	0.763254
5425	2.19886e-10	0.173571
5426	2.26651e-10	0.713395
5427	2.26605e-10	0.250567
5428	0	0.764651
5429	2.26583e-10	0.713395
5430	2.26605e-10	0.713395
5431	2.26628e-10	0.713395
5432	1.95454e-10	0.672368
5433	1.95454e-10	0.672368
5434	2.19886e-10	0.676469
5435	1.95454e-10	0.301004
5436	2.26651e-10	0.720889
5437	2.19886e-10	0.720889
5438	2.19886e-10	0.54564
5439	2.26605e-10	1
5440	2.26674e-10	0.184101
5441	2.26605e-10	0.171875
5442	2.2656e-10	0.611851
5443	0	0.710495
5444	2.26696e-10	0.710495
5445	2.26651e-10	0.710495
5446	2.26696e-10	0.177294
5447	2.26651e-10	0.250887
5448	2.26674e-10	0.26019
5449	0	0.688821
5450	2.26696e-10	0.688821
5451	2.26674e-10	0.70468
5452	2.26628e-10	0.688821
5453	2.26583e-10	0.0252072
5454	2.19886e-10	0.0576263
5455	1.95454e-10	0.697056
5456	2.19886e-10	0.333032
5457	2.19886e-10	0.861444
5458	1.95454e-10	0.637567
5459	2.19886e-10	0.637567
5460	1.95454e-10	0.164133
5461	2.19886e-10	0.637567
5462	2.19886e-10	1
5463	2.19886e-10	0.802119
5464	2.19886e-10	0.874591
5465	2.19886e-10	0.698915
5466	2.19886e-10	0.765328
5467	1.95454e-10	0.378021
5468	1.95454e-10	0.564775
5469	0	0.61548
5470	1.95454e-10	0.730853
5471	0	0
5472	1.95454e-10	0.19543
5473	1.95454e-10	0.209638
5474	1.95454e-10	0.912159
5475	1.95454e-10	0.61548
5476	1.95454e-10	0.123598
5477	0	1
5478	2.26651e-10	0.689546
5479	0	0.188291
5480	2.26605e-10	0.42002
5481	2.26605e-10	0.599743
5482	2.26605e-10	0.086214
5483	2.26583e-10	0.618131
5484	2.2656e-10	0.621019
5485	2.19886e-10	0.0576263
5486	2.19886e-10	0.861444
5487	2.2656e-10	0.610975
5488	2.19886e-10	0.789272
5489	2.26583e-10	0.890423
5490	2.26605e-10	0.610975
5491	2.26491e-10	0.610975
5492	0	0.611158
5493	2.26696e-10	0.611158
5494	2.26651e-10	0.611158
5495	2.26674e-10	0.611158
5496	2.26628e-10	0.328672
5497	2.26674e-10	0.747021
5498	0	0.130389
5499	2.26605e-10	0.611158
5500	2.19886e-10	0.719809
5501	2.19886e-10	0.719809
5502	2.2656e-10	0.767183
5503	2.2656e-10	0.731872
5504	2.2656e-10	0.501493
5505	2.2656e-10	0.236969
5506	2.26583e-10	0.709976
5507	2.19886e-10	0.800513
5508	2.26583e-10	0.688935
5509	2.26628e-10	0.709976
5510	2.19886e-10	0.709976
5511	2.26583e-10	0.709976
5512	2.19886e-10	0.691156
5513	2.19886e-10	0.709976
5514	2.26696e-10	0.285925
5515	2.26696e-10	0.744881
5516	2.26628e-10	0.935654
5517	2.26583e-10	0.705696
5518	2.26583e-10	0.705696
5519	2.26583e-10	0.705696
5520	2.26583e-10	0.705696
5521	1.95454e-10	0.700801
5522	1.95454e-10	0.700801
5523	1.95454e-10	0.208447
5524	0	0
5525	1.95454e-10	0.157531
5526	2.26628e-10	0.767183
5527	2.26583e-10	0.356832
5528	2.26605e-10	0.176535
5529	2.26628e-10	0.884787
5530	2.2656e-10	0.749017
5531	2.2656e-10	0.501493
5532	2.26628e-10	0.289693
5533	2.26651e-10	0.745746
5534	2.26605e-10	0.832396
5535	2.26491e-10	0.68028
5536	2.19886e-10	0.766216
5537	2.26605e-10	0.68028
5538	1.95454e-10	0.190697
5539	0	0.73713
5540	1.95454e-10	0.773267
5541	2.19886e-10	0.73713
5542	0	0.73713
5543	2.19886e-10	0.215046
5544	1.95454e-10	0.264052
5545	2.19886e-10	0.73713
5546	1.95454e-10	0.749588
5547	1.95454e-10	0.73713
5548	2.19886e-10	0.73713
5549	1.95454e-10	0.73713
5550	2.19886e-10	0.118047
5551	2.19886e-10	0.719496
5552	2.2656e-10	0.719496
5553	2.26583e-10	0.719496
5554	2.19886e-10	0.721123
5555	2.26674e-10	0.264955
5556	2.26583e-10	0.29668
5557	2.19886e-10	0.177237
5558	2.26605e-10	0.84692
5559	2.26491e-10	0.803382
5560	2.26628e-10	0.703769
5561	2.26674e-10	0.703769
5562	2.26628e-10	0.703769
5563	2.26628e-10	0.175127
5564	2.26605e-10	0.703769
5565	2.26583e-10	0.319827
5566	2.26491e-10	0.703769
5567	2.2656e-10	0.556802
5568	0	0.704472
5569	2.26696e-10	0.704472
5570	2.26628e-10	0.834963
5571	2.26674e-10	0.618118
5572	2.26628e-10	0.931134
5573	2.26628e-10	0.704472
5574	0	0.70468
5575	2.26696e-10	0.70468
5576	2.26605e-10	1
5577	2.26674e-10	0.792227
5578	2.26491e-10	0.70468
5579	2.26583e-10	0.70468
5580	2.26674e-10	0.792768
5581	2.26628e-10	0.783425
5582	2.26696e-10	0.750822
5583	2.26583e-10	0.265717
5584	2.26605e-10	0.935654
5585	2.26605e-10	0.285925
5586	2.26628e-10	0.254686
5587	2.26696e-10	0.750822
5588	2.26651e-10	0.265717
5589	2.26628e-10	0.285925
5590	2.2656e-10	0.935654
5591	2.26628e-10	0.750822
5592	2.2656e-10	0.995398
5593	2.26583e-10	0.0769356
5594	2.26651e-10	1
5595	2.26628e-10	0.787009
5596	2.26674e-10	0.1889
5597	2.26583e-10	0.184101
5598	2.26605e-10	0.064613
5599	2.26605e-10	0.787009
5600	2.26605e-10	0.674708
5601	2.26605e-10	0.204873
5602	2.26583e-10	0.876774
5603	2.26674e-10	0.279289
5604	2.26491e-10	0.723709
5605	2.26583e-10	0.0551893
5606	2.2656e-10	0.131423
5607	2.26605e-10	0.723709
5608	2.26583e-10	0.723709
5609	2.19886e-10	0.766216
5610	2.26491e-10	0.602246
5611	2.26491e-10	0.723709
5612	2.26605e-10	0.883799
5613	2.19886e-10	0.76959
5614	2.26651e-10	0.743575
5615	2.26628e-10	0.743575
5616	2.26651e-10	0.45713
5617	2.19886e-10	0.743575
5618	2.26491e-10	1
5619	2.26583e-10	0.743575
5620	2.26491e-10	0.743575
5621	2.2656e-10	0.150502
5622	2.26628e-10	0.765672
5623	2.26628e-10	0.284342
5624	2.26583e-10	0.285489
5625	2.2656e-10	0.882287
5626	2.2656e-10	0.765672
5627	2.26628e-10	0.784869
5628	2.2656e-10	0.752342
5629	2.26605e-10	0.765672
5630	2.26651e-10	0.765328
5631	2.26674e-10	0.763254
5632	2.26628e-10	0.802119
5633	2.26628e-10	0.205523
5634	2.26491e-10	0.763254
5635	2.2656e-10	0.157075
5636	2.2656e-10	0.763254
5637	2.26583e-10	0.763254
5638	2.26491e-10	0.763254
5639	2.26491e-10	0.763254
5640	2.26491e-10	0.763254
5641	1.95454e-10	0.761907
5642	1.95454e-10	0.237821
5643	2.19886e-10	0.262396
5644	1.95454e-10	0.827737
5645	0	0
5646	1.95454e-10	0.761907
5647	1.95454e-10	0.200352
5648	0	0.697398
5649	0	0.908234
5650	0	0.908234
5651	0	0.908234
5652	2.26605e-10	0.731637
5653	2.26674e-10	0
5654	1.95454e-10	0.905936
5655	2.2656e-10	0.803382
5656	2.19886e-10	0.177237
5657	2.19886e-10	0.864825
5658	2.19886e-10	0.905936
5659	2.26491e-10	0.905936
5660	2.26583e-10	0.884787
5661	2.26583e-10	0.884787
5662	2.26605e-10	0.744881
5663	2.26605e-10	0.884787
5664	2.26651e-10	0.897273
5665	0	0.897273
5666	2.2656e-10	0.812346
5667	2.26583e-10	0.890423
5668	2.26605e-10	0.890423
5669	2.26628e-10	0.890423
5670	2.26674e-10	0.718558
5671	2.26628e-10	0.692623
5672	2.26696e-10	0.367515
5673	2.26491e-10	1
5674	2.26583e-10	0.122883
5675	2.2656e-10	0.932467
5676	0	0.889679
5677	2.26674e-10	0.319827
5678	2.26628e-10	0.889679
5679	2.26628e-10	0.889679
5680	2.26605e-10	0.756932
5681	2.26605e-10	0.889679
5682	2.26651e-10	0.889679
5683	2.26605e-10	0.587295
5684	2.26583e-10	0.889679
5685	2.26674e-10	0.675232
5686	2.26605e-10	0.492096
5687	2.26628e-10	0.750993
5688	2.26491e-10	1
5689	2.26491e-10	0.883526
5690	0	0.932467
5691	2.26605e-10	0.932467
5692	2.26628e-10	0.932467
5693	2.26674e-10	0.932467
5694	2.26628e-10	0.727714
5695	2.26583e-10	0.932467
5696	2.26605e-10	0.358622
5697	2.26605e-10	0.932467
5698	2.26674e-10	0.801115
5699	2.26605e-10	0.926632
5700	2.19886e-10	0.340878
5701	2.26583e-10	0.926632
5702	2.26628e-10	0.0379109
5703	2.26583e-10	0.926632
5704	2.26605e-10	0.926632
5705	2.26628e-10	0.501493
5706	2.26674e-10	0.692938
5707	2.26583e-10	1
5708	2.2656e-10	1
5709	2.26628e-10	0.957144
5710	2.26651e-10	0.957144
5711	2.26605e-10	0.249489
5712	2.26605e-10	0.957144
5713	2.26605e-10	0.538652
5714	2.26583e-10	0.861437
5715	2.26583e-10	0.957144
5716	2.26674e-10	0.760182
5717	2.26651e-10	0.177294
5718	2.26605e-10	0.169744
5719	2.26583e-10	0.886772
5720	2.26491e-10	0.231641
5721	2.26583e-10	0.856501
5722	2.19886e-10	0.829474
5723	2.19886e-10	0.688849
5724	2.26696e-10	0.829474
5725	2.19886e-10	0.305051
5726	2.26583e-10	0.729222
5727	2.26491e-10	0.880305
5728	2.26583e-10	0.642792
5729	2.26628e-10	0.831548
5730	2.26628e-10	0.746269
5731	2.26583e-10	0.746269
5732	2.19886e-10	0.746269
5733	2.26583e-10	0.746269
5734	2.26628e-10	0.249877
5735	2.26605e-10	0.746269
5736	2.26491e-10	0.76959
5737	2.26491e-10	0.864825
5738	2.26605e-10	0.227836
5739	2.19886e-10	0.864825
5740	2.19886e-10	0.864825
5741	2.26491e-10	0.783425
5742	1.95454e-10	0.755771
5743	1.95454e-10	0.808243
5744	2.19886e-10	0.0551893
5745	2.19886e-10	0.287137
5746	1.95454e-10	0.706877
5747	2.19886e-10	0.154391
5748	2.19886e-10	0.131423
5749	2.19886e-10	0.755771
5750	0	0.764651
5751	2.26628e-10	0.801115
5752	2.26605e-10	0.597041
5753	2.26583e-10	0.0379109
5754	1.95454e-10	0.774329
5755	2.19886e-10	0.774329
5756	1.95454e-10	0.774329
5757	2.2656e-10	0.23605
5758	2.26583e-10	0.79367
5759	2.2656e-10	0.79367
5760	2.26651e-10	0.89215
5761	2.26628e-10	0.263866
5762	2.26605e-10	0.289693
5763	2.26628e-10	0.832396
5764	2.26674e-10	0.89215
5765	2.26651e-10	0.74663
5766	2.26583e-10	0.89215
5767	2.26605e-10	0.797952
5768	2.2656e-10	0.730461
5769	2.26651e-10	0.917546
5770	2.26605e-10	0.917546
5771	0	0.917546
5772	0	0.74663
5773	2.26674e-10	0.766901
5774	0	0.74663
5775	2.26583e-10	0.74663
5776	2.26583e-10	0.266942
5777	2.26605e-10	0.74663
5778	2.26605e-10	0.74663
5779	2.26605e-10	0.330123
5780	2.19886e-10	0.752772
5781	2.19886e-10	0.157531
5782	2.19886e-10	0.752772
5783	2.26583e-10	0.887888
5784	2.26651e-10	0.11204
5785	2.2656e-10	0.729992
5786	2.2656e-10	0.126115
5787	2.26583e-10	0.778896
5788	2.26605e-10	0.418583
5789	2.26583e-10	0.675232
5790	2.26628e-10	0.750993
5791	2.26651e-10	0.826144
5792	2.26491e-10	0.750993
5793	2.19886e-10	0.744997
5794	2.26696e-10	0.744997
5795	2.19886e-10	0.744997
5796	2.26628e-10	0.110349
5797	2.26491e-10	0.784762
5798	2.26583e-10	0.744997
5799	2.26583e-10	0.731872
5800	2.26583e-10	0.744997
5801	2.19886e-10	0.919503
5802	2.19886e-10	0.919503
5803	1.95454e-10	0.919503
5804	2.2656e-10	0.919503
5805	2.19886e-10	0.919503
5806	2.19886e-10	0.919503
5807	2.26696e-10	0.320657
5808	2.26696e-10	0.908416
5809	2.26651e-10	0.908416
5810	2.26674e-10	0.797952
5811	2.26605e-10	0.266942
5812	2.26674e-10	0.266942
5813	2.26651e-10	0.832396
5814	2.26605e-10	0.832396
5815	2.26628e-10	0.832396
5816	2.26651e-10	0.843835
5817	0	0.782054
5818	2.26628e-10	0.86159
5819	2.26605e-10	0.674708
5820	2.26696e-10	0.843835
5821	2.26583e-10	0
5822	2.19886e-10	0.882287
5823	1.95454e-10	0.820415
5824	2.19886e-10	0.882287
5825	2.19886e-10	0.882287
5826	0	0.893146
5827	2.2656e-10	0.893146
5828	2.19886e-10	0.891073
5829	2.26674e-10	0.155719
5830	2.19886e-10	0.891073
5831	2.26674e-10	0
5832	2.26583e-10	0.110349
5833	2.26491e-10	0.123598
5834	2.26583e-10	0.744881
5835	2.19886e-10	0.83959
5836	2.26628e-10	0.529931
5837	2.19886e-10	0.208447
5838	2.19886e-10	0.83959
5839	2.26491e-10	0.83959
5840	2.19886e-10	0.83959
5841	2.26674e-10	0.646228
5842	2.19886e-10	0.0568804
5843	2.26583e-10	0.102846
5844	2.26491e-10	0.579349
5845	2.19886e-10	0.880305
5846	2.19886e-10	0.880305
5847	2.19886e-10	0.880305
5848	2.19886e-10	0.817119
5849	2.26696e-10	0.876774
5850	2.26583e-10	0.876774
5851	2.26583e-10	0.876774
5852	2.26696e-10	0.876774
5853	2.26583e-10	0.876774
5854	2.26674e-10	0.367445
5855	2.26605e-10	0.876774
5856	2.2656e-10	0.250605
5857	2.26605e-10	0.876774
5858	2.26674e-10	0.883072
5859	2.26674e-10	0.883072
5860	2.26651e-10	0.883072
5861	2.26605e-10	0.752342
5862	2.26583e-10	0.883072
5863	2.2656e-10	0.72262
5864	2.2656e-10	0.0453611
5865	2.19886e-10	0.985394
5866	2.26605e-10	0.0984363
5867	2.26605e-10	0.263866
5868	2.26583e-10	0.893487
5869	2.2656e-10	0.893487
5870	2.2656e-10	0.893487
5871	2.26491e-10	0.893487
5872	2.19886e-10	0.893487
5873	2.26696e-10	0.886772
5874	2.26651e-10	0.231641
5875	2.26628e-10	0.226155
5876	2.26628e-10	0.886772
5877	2.26651e-10	0.177294
5878	2.26583e-10	0.86159
5879	2.26583e-10	0.886772
5880	2.26583e-10	0.154319
5881	2.26583e-10	0.789167
5882	1.95454e-10	0.808243
5883	2.19886e-10	0.14639
5884	2.26491e-10	0.862014
5885	2.26491e-10	0.827498
5886	2.19886e-10	0.862014
5887	2.19886e-10	0.677491
5888	2.19886e-10	0.0576263
5889	2.19886e-10	0.789272
5890	2.19886e-10	0.314371
5891	2.26491e-10	0.122883
5892	1.95454e-10	0.848294
5893	0	0.301004
5894	1.95454e-10	0.292071
5895	2.26583e-10	0.62443
5896	2.26605e-10	0.154391
5897	2.26583e-10	0.72262
5898	2.26491e-10	0.859963
5899	2.2656e-10	0.0453611
5900	2.19886e-10	0.861437
5901	2.26628e-10	0.861437
5902	2.26605e-10	0.26327
5903	2.26491e-10	0.663155
5904	2.26605e-10	0.393389
5905	2.26583e-10	0.300007
5906	2.19886e-10	0.682702
5907	2.26605e-10	0.604018
5908	2.2656e-10	0.0217948
5909	2.2656e-10	0.342618
5910	2.19886e-10	0
5911	2.19886e-10	0.768402
5912	1.95454e-10	0.768402
5913	2.26605e-10	0.989523
5914	1.95454e-10	0.768402
5915	2.19886e-10	0.762006
5916	2.19886e-10	0.762006
5917	2.26583e-10	0.762006
5918	2.26491e-10	0.762006
5919	2.26605e-10	0.762006
5920	1.95454e-10	0.762006
5921	1.95454e-10	0.762006
5922	2.26491e-10	0.356832
5923	1.95454e-10	0.208447
5924	1.95454e-10	0.734499
5925	1.95454e-10	0.734499
5926	2.19886e-10	1
5927	2.19886e-10	0.0453868
5928	2.26491e-10	0.745746
5929	2.26605e-10	0.745746
5930	2.26583e-10	0.674708
5931	0	0.367445
5932	2.26674e-10	0.674708
5933	2.26628e-10	0.24936
5934	2.26674e-10	0.611851
5935	2.26674e-10	0.674708
5936	2.26605e-10	1
5937	2.26583e-10	0.714499
5938	2.19886e-10	0.782198
5939	2.19886e-10	0.782198
5940	2.19886e-10	0.0527296
5941	1.95454e-10	0.236053
5942	2.19886e-10	0.784762
5943	2.26605e-10	0.586567
5944	2.26605e-10	0.225387
5945	2.26583e-10	0.784762
5946	2.19886e-10	0.784762
5947	2.2656e-10	0.724503
5948	2.19886e-10	0.784762
5949	2.19886e-10	0.784762
5950	2.19886e-10	0.783425
5951	2.2656e-10	0.935654
5952	2.26651e-10	0.783425
5953	2.26583e-10	0.285925
5954	2.26651e-10	0.752342
5955	2.26605e-10	0.0453611
5956	2.26605e-10	0.285489
5957	2.26605e-10	0.284342
5958	2.26651e-10	0.752342
5959	2.26605e-10	0.784869
5960	2.26628e-10	0.785839
5961	2.26605e-10	0.785839
5962	2.26628e-10	0.785839
5963	2.26605e-10	0.284342
5964	2.19886e-10	0.677491
5965	2.26491e-10	0.727714
5966	2.19886e-10	0.314371
5967	2.26491e-10	0.789272
5968	2.26491e-10	0.789272
5969	2.2656e-10	0.812346
5970	2.2656e-10	0.359511
5971	2.2656e-10	0.0275097
5972	2.2656e-10	0.883799
5973	2.19886e-10	0.76959
5974	2.26628e-10	1
5975	2.26491e-10	0.76959
5976	2.26605e-10	0.689546
5977	2.2656e-10	0.42002
5978	2.19886e-10	0.76959
5979	2.2656e-10	0.249877
5980	1.95454e-10	0
5981	2.26491e-10	0.76959
5982	2.26583e-10	0.0453611
5983	2.19886e-10	0.72262
5984	2.19886e-10	0.72262
5985	2.19886e-10	0.72262
5986	2.19886e-10	0.72262
5987	2.2656e-10	0.72262
5988	2.26605e-10	0.677491
5989	2.26605e-10	0.367515
5990	2.26605e-10	0.677491
5991	2.26605e-10	0.34803
5992	2.26583e-10	0.253889
5993	2.19886e-10	0.731916
5994	2.19886e-10	0.731916
5995	2.26628e-10	0.675628
5996	2.26696e-10	0.675628
5997	2.26628e-10	0.675628
5998	2.26583e-10	0.675628
5999	2.26583e-10	0.675628
6000	2.26583e-10	0.130389
6001	0	0.659605
6002	0	0.659605
6003	0	0
6004	2.26674e-10	0.659605
6005	2.26674e-10	0.659605
6006	0	0.856501
6007	1.95454e-10	0.662888
6008	2.19886e-10	0.330123
6009	2.19886e-10	0.151428
6010	1.95454e-10	0.773267
6011	2.2656e-10	0.264955
6012	2.26651e-10	0.264955
6013	2.26628e-10	0.264955
6014	2.2656e-10	0.264955
6015	2.26583e-10	0.264955
6016	2.26583e-10	0.264955
6017	2.26605e-10	0.914378
6018	2.26583e-10	0.264955
6019	2.26674e-10	0.384999
6020	2.26628e-10	0.201769
6021	2.19886e-10	0.384999
6022	2.2656e-10	0.384999
6023	2.26651e-10	0.367515
6024	2.2656e-10	0.314371
6025	2.19886e-10	0.384999
6026	2.19886e-10	0.812346
6027	2.19886e-10	0.883799
6028	2.19886e-10	0.359511
6029	1.95454e-10	0.359511
6030	2.19886e-10	0.359511
6031	2.26628e-10	0.322789
6032	2.26605e-10	0.322789
6033	2.26491e-10	0.322789
6034	1.95454e-10	0.340878
6035	2.19886e-10	0.340878
6036	2.19886e-10	0.272197
6037	2.19886e-10	0.0693024
6038	2.26605e-10	0.287137
6039	2.2656e-10	0.279289
6040	2.2656e-10	0.279289
6041	2.26583e-10	0.254686
6042	2.2656e-10	0.263866
6043	2.2656e-10	0.995398
6044	2.19886e-10	0.237821
6045	2.19886e-10	0.262396
6046	2.26605e-10	0.231043
6047	2.26491e-10	0.262396
6048	2.26674e-10	0.287137
6049	2.2656e-10	0.287137
6050	2.26583e-10	0.236969
6051	2.26651e-10	0.236969
6052	2.26651e-10	0.724503
6053	2.26651e-10	0.731872
6054	2.26583e-10	0.176535
6055	2.26583e-10	0.236969
6056	2.19886e-10	0.237821
6057	2.2656e-10	0.231043
6058	2.19886e-10	0.237821
6059	1.95454e-10	0.236053
6060	1.95454e-10	0.118047
6061	2.19886e-10	0.874591
6062	1.95454e-10	0.872188
6063	1.95454e-10	0.0527296
6064	2.19886e-10	0.236053
6065	2.26491e-10	0.802119
6066	2.19886e-10	0.694844
6067	0	0
6068	2.19886e-10	0.172482
6069	1.95454e-10	0.187408
6070	2.26583e-10	0.266942
6071	2.26583e-10	0.985394
6072	2.26583e-10	0.289693
6073	2.26491e-10	0.995398
6074	2.26583e-10	0.227836
6075	2.26651e-10	0.299989
6076	2.26674e-10	0.295816
6077	2.26605e-10	0.931134
6078	2.26583e-10	0.0252072
6079	1.95454e-10	0.305051
6080	1.95454e-10	0.00614105
6081	1.95454e-10	0.305051
6082	2.19886e-10	0.305051
6083	2.19886e-10	0.305051
6084	2.19886e-10	0.123741
6085	2.19886e-10	0.0568804
6086	1.95454e-10	0.292071
6087	1.95454e-10	0.650456
6088	2.26628e-10	0.298282
6089	2.26583e-10	0.765328
6090	2.19886e-10	0.361601
6091	1.95454e-10	0.298282
6092	2.19886e-10	0.173571
6093	2.19886e-10	0.778896
6094	0	0.650456
6095	0	0.301004
6096	1.95454e-10	0.292071
6097	1.95454e-10	0.298229
6098	2.26605e-10	0.29668
6099	2.26674e-10	0.29668
6100	2.26605e-10	0.1889
6101	2.2656e-10	0.29668
6102	0	0.301004
6103	1.95454e-10	0.2608
6104	1.95454e-10	0.301004
6105	1.95454e-10	0.301004
6106	1.95454e-10	0.778896
6107	2.19886e-10	0.152009
6108	2.26651e-10	0.26327
6109	2.2656e-10	0.300058
6110	2.26628e-10	0.284342
6111	2.26696e-10	0.284342
6112	2.26583e-10	0.765066
6113	2.26605e-10	0.593623
6114	2.26605e-10	0.784869
6115	2.26628e-10	0.935654
6116	2.26628e-10	0.744881
6117	2.26605e-10	0.265717
6118	2.26605e-10	0.256296
6119	2.26628e-10	0.285925
6120	2.2656e-10	0.285925
6121	2.19886e-10	0.286883
6122	1.95454e-10	0.973264
6123	2.19886e-10	0.286883
6124	2.19886e-10	0.286883
6125	1.95454e-10	0.286883
6126	1.95454e-10	0.286883
6127	2.26583e-10	0.215046
6128	2.19886e-10	0.373943
6129	2.26628e-10	0.368403
6130	2.26583e-10	0.368403
6131	2.26583e-10	0.115987
6132	2.26605e-10	0.766901
6133	2.26605e-10	0.528244
6134	2.2656e-10	0.614942
6135	2.26583e-10	0.098773
6136	2.19886e-10	0.118862
6137	2.19886e-10	0.368092
6138	2.19886e-10	0.688849
6139	1.95454e-10	0.368092
6140	2.19886e-10	0.368092
6141	1.95454e-10	0.348457
6142	2.19886e-10	0.67026
6143	2.19886e-10	0.914378
6144	2.26491e-10	0.348457
6145	2.19886e-10	0.348457
6146	2.2656e-10	0.184101
6147	2.19886e-10	0.54564
6148	2.19886e-10	0.348457
6149	2.19886e-10	0.348457
6150	2.26651e-10	0.251267
6151	2.26628e-10	0.358622
6152	2.26605e-10	0.203961
6153	2.26696e-10	0.188291
6154	2.26696e-10	0.42002
6155	2.26651e-10	0.173545
6156	2.26674e-10	0.42002
6157	2.26628e-10	0.777268
6158	2.2656e-10	0.42002
6159	2.2656e-10	0.42002
6160	2.26605e-10	0.42002
6161	1.95454e-10	0.403796
6162	2.26628e-10	0.393389
6163	2.26605e-10	0.300007
6164	2.26628e-10	0.393389
6165	2.26628e-10	0.393389
6166	2.26651e-10	0.393389
6167	2.26628e-10	0.418583
6168	2.26583e-10	1
6169	2.2656e-10	0.778896
6170	1.95454e-10	0.521805
6171	1.95454e-10	0.136265
6172	1.95454e-10	0.820415
6173	1.95454e-10	0.521805
6174	1.95454e-10	0.122868
6175	2.19886e-10	0.749588
6176	1.95454e-10	0.521805
6177	2.19886e-10	0.329781
6178	1.95454e-10	0.264052
6179	1.95454e-10	0.246547
6180	0	0.54657
6181	2.26696e-10	0.54657
6182	0	0.260529
6183	2.26605e-10	0.547272
6184	2.26651e-10	1
6185	2.26674e-10	0.086214
6186	0	0.528386
6187	2.26674e-10	0.931134
6188	2.26628e-10	0.731637
6189	2.26674e-10	0.878076
6190	2.26628e-10	0.538326
6191	2.26491e-10	0.538326
6192	2.26605e-10	0.579349
6193	2.26583e-10	0.538326
6194	2.26583e-10	0.538326
6195	2.19886e-10	0.564775
6196	2.26583e-10	0.300007
6197	2.2656e-10	0.604018
6198	2.26491e-10	0.112258
6199	0	0.942037
6200	2.26696e-10	0.556802
6201	2.26605e-10	0.319827
6202	2.26605e-10	1
6203	2.26583e-10	0.556802
6204	2.2656e-10	0.556802
6205	2.19886e-10	0.612384
6206	2.26605e-10	0.256296
6207	2.19886e-10	0.0537582
6208	2.26583e-10	0.0318802
6209	2.19886e-10	0.612384
6210	2.26491e-10	0.612384
6211	2.19886e-10	0.634034
6212	1.95454e-10	0.634034
6213	0	0.333191
6214	2.19886e-10	0.127555
6215	2.26583e-10	0.634034
6216	2.26491e-10	0.231043
6217	2.19886e-10	0.634034
6218	2.19886e-10	0.729766
6219	1.95454e-10	0.912159
6220	2.19886e-10	0.117259
6221	2.26674e-10	0.646228
6222	2.26605e-10	0.646228
6223	2.26583e-10	0.646228
6224	2.26628e-10	0.102846
6225	2.2656e-10	0.646228
6226	2.2656e-10	0.579349
6227	2.2656e-10	0.579349
6228	2.26583e-10	0.102846
6229	2.19886e-10	0.576903
6230	2.26696e-10	0.262282
6231	2.2656e-10	0.762415
6232	2.19886e-10	0.729766
6233	2.26491e-10	0
6234	2.2656e-10	0.169744
6235	2.2656e-10	0.250887
6236	2.19886e-10	0.766216
6237	2.26628e-10	0.799592
6238	2.2656e-10	0.253889
6239	2.26491e-10	0.502531
6240	2.2656e-10	0.72245
6241	2.26491e-10	0.0984363
6242	0	0.593623
6243	0	0.285489
6244	2.26651e-10	0.784869
6245	2.26583e-10	0.131543
6246	2.26651e-10	0.130389
6247	2.26583e-10	0.328672
6248	2.26583e-10	0.075153
6249	2.26583e-10	0.792227
6250	2.26491e-10	0.200352
6251	2.2656e-10	0.618131
6252	2.26605e-10	0.689546
6253	1.95454e-10	0.361601
6254	1.95454e-10	0.676469
6255	1.95454e-10	0.778896
6256	2.19886e-10	0.663155
6257	2.19886e-10	0.798747
6258	2.19886e-10	0.67026
6259	2.26605e-10	0.249489
6260	2.2656e-10	0.538652
6261	0	0.665882
6262	0	0.739203
6263	2.26605e-10	0.883799
6264	2.26628e-10	0.289956
6265	2.26628e-10	0.802696
6266	2.26605e-10	0.0415224
6267	2.26605e-10	0.0389543
6268	2.2656e-10	0.665989
6269	2.26605e-10	0.665989
6270	2.26583e-10	0.665989
6271	2.2656e-10	0.665989
6272	2.2656e-10	0.675232
6273	2.26605e-10	0.826144
6274	2.19886e-10	0.778896
6275	2.19886e-10	0.676469
6276	2.19886e-10	0.615957
6277	2.26491e-10	0.615957
6278	2.26605e-10	0.376177
6279	2.19886e-10	0.209638
6280	2.26491e-10	0.225387
6281	0	0.614942
6282	2.26696e-10	0.243374
6283	2.26651e-10	0.614942
6284	2.26583e-10	0.730461
6285	2.26605e-10	0.618118
6286	2.26583e-10	0.618118
6287	0	0
6288	1.95454e-10	0.173571
6289	1.95454e-10	0.157531
6290	2.26628e-10	0.291695
6291	0	0.291695
6292	2.26583e-10	0.291695
6293	2.26651e-10	0.117259
6294	2.26605e-10	0.144846
6295	2.26605e-10	0.260529
6296	0	0.547272
6297	2.19886e-10	0.231641
6298	2.2656e-10	0.231641
6299	2.19886e-10	0.231641
6300	2.2656e-10	0.231641
6301	2.2656e-10	0.231641
6302	1.95454e-10	0.241839
6303	1.95454e-10	0.241839
6304	0	0.241839
6305	0	0
6306	1.95454e-10	0.241839
6307	2.19886e-10	0.314893
6308	2.19886e-10	0.141138
6309	2.19886e-10	0.62443
6310	2.26491e-10	0.314893
6311	1.95454e-10	0.314893
6312	2.26583e-10	0.314893
6313	2.19886e-10	0.139982
6314	2.19886e-10	0.127786
6315	2.19886e-10	0.361601
6316	2.2656e-10	0.361601
6317	2.26491e-10	0.361601
6318	2.26628e-10	0.687846
6319	2.26491e-10	0.162785
6320	2.19886e-10	0.921889
6321	2.2656e-10	0.0584129
6322	2.19886e-10	0.319636
6323	2.26491e-10	0.872188
6324	2.19886e-10	0.329781
6325	1.95454e-10	0.329781
6326	2.19886e-10	0.329781
6327	2.26674e-10	0.367515
6328	2.2656e-10	0.34803
6329	2.26583e-10	0.34803
6330	2.26583e-10	0.34803
6331	2.26605e-10	0.34803
6332	2.19886e-10	0.296394
6333	2.26628e-10	0.15216
6334	2.26651e-10	0.117283
6335	2.19886e-10	0.828182
6336	2.19886e-10	0.359982
6337	2.2656e-10	0.359982
6338	2.26605e-10	0.342618
6339	2.26696e-10	0.342618
6340	2.26583e-10	0.342618
6341	2.26491e-10	0.691156
6342	1.95454e-10	0.350073
6343	2.26605e-10	0.756932
6344	2.26583e-10	0.765066
6345	2.26605e-10	0.353738
6346	2.26583e-10	0.0382739
6347	2.2656e-10	0.353738
6348	2.2656e-10	0.353738
6349	2.26605e-10	0.353738
6350	2.26583e-10	0.253889
6351	2.26628e-10	0.131423
6352	2.26674e-10	0.72245
6353	2.26674e-10	0.26019
6354	2.26605e-10	0.749701
6355	2.26651e-10	0.177294
6356	2.26696e-10	0.250887
6357	2.26583e-10	0.250887
6358	2.26583e-10	0.250887
6359	2.19886e-10	0.256296
6360	2.26674e-10	0.256296
6361	2.19886e-10	0.256296
6362	2.26583e-10	0.256296
6363	2.26583e-10	0.256296
6364	2.26491e-10	0.256296
6365	2.19886e-10	0.904753
6366	2.26583e-10	0.215046
6367	2.26605e-10	0
6368	2.19886e-10	0.904753
6369	2.19886e-10	0.876349
6370	2.26605e-10	0.876349
6371	2.26583e-10	0.876349
6372	2.2656e-10	0.876349
6373	2.26605e-10	0.876349
6374	2.26583e-10	0.876349
6375	2.26583e-10	0.876349
6376	2.19886e-10	0.177237
6377	2.26583e-10	0.803382
6378	2.2656e-10	0.803382
6379	2.2656e-10	0.84692
6380	2.26491e-10	0.914378
6381	2.26605e-10	0.075153
6382	2.26583e-10	0
6383	2.26583e-10	0.249877
6384	2.26491e-10	0.827498
6385	2.26491e-10	0.827498
6386	2.26583e-10	0.124736
6387	2.2656e-10	0.827737
6388	2.19886e-10	0.7474
6389	2.26628e-10	0.827737
6390	2.19886e-10	0.0811205
6391	2.19886e-10	0.200352
6392	2.19886e-10	0
6393	2.19886e-10	0.15216
6394	1.95454e-10	0.827737
6395	2.26696e-10	0.886067
6396	2.26651e-10	0.886067
6397	2.26628e-10	0.84692
6398	2.26583e-10	0.886067
6399	2.2656e-10	0.886067
6400	2.19886e-10	0.118047
6401	2.19886e-10	0.921889
6402	2.26583e-10	0.872188
6403	2.19886e-10	0.872188
6404	2.26651e-10	1
6405	2.26696e-10	0.086214
6406	2.26628e-10	0.935654
6407	2.19886e-10	0.935654
6408	2.26605e-10	0.265717
6409	0	1
6410	0	0.45713
6411	2.26605e-10	0.150502
6412	2.26583e-10	0.086214
6413	2.26628e-10	0.263866
6414	2.19886e-10	0.985394
6415	2.2656e-10	0.995398
6416	1.95454e-10	0.995398
6417	0	1
6418	2.26628e-10	0.136527
6419	2.26628e-10	0.319827
6420	2.26605e-10	0.175127
6421	2.26605e-10	1
6422	2.26696e-10	0.171875
6423	2.26674e-10	0.184101
6424	2.26696e-10	1
6425	2.26674e-10	1
6426	2.26583e-10	0.064613
6427	2.26605e-10	0.204873
6428	2.26651e-10	0.266942
6429	0	0.538652
6430	2.26605e-10	0.799592
6431	2.26674e-10	0.26327
6432	2.19886e-10	0.801115
6433	2.2656e-10	0.597041
6434	2.2656e-10	0.272197
6435	2.26583e-10	0.0382739
6436	2.19886e-10	0.141138
6437	2.19886e-10	0.688935
6438	2.19886e-10	0.800513
6439	1.95454e-10	0.800513
6440	1.95454e-10	0.800513
6441	1.95454e-10	0.921889
6442	1.95454e-10	0.921889
6443	2.19886e-10	0.118047
6444	1.95454e-10	0.142904
6445	1.95454e-10	0.140861
6446	2.26696e-10	0.931134
6447	2.26674e-10	0.878076
6448	0	0.931134
6449	2.26583e-10	0.931134
6450	0	0
6451	0	0
6452	0	0.912159
6453	0	0.840973
6454	0	0.697398
6455	0	0.7474
6456	2.26696e-10	0.367515
6457	2.26674e-10	0.122883
6458	2.26628e-10	0.0693024
6459	2.2656e-10	0.0318802
6460	2.26628e-10	0.155719
6461	2.26605e-10	0.0318802
6462	2.26583e-10	0.0318802
6463	2.26583e-10	0.0318802
6464	2.26651e-10	0
6465	0	0
6466	2.26696e-10	0.782054
6467	2.26628e-10	0.902583
6468	0	0
6469	1.95454e-10	0
6470	1.95454e-10	0
6471	1.95454e-10	0.280023
6472	2.26605e-10	0.0761767
6473	0	0.599743
6474	2.26674e-10	0.188291
6475	0	0.172482
6476	2.26651e-10	0.0749754
6477	2.26605e-10	0.173545
6478	2.26583e-10	0.0453611
6479	2.26605e-10	0.0453611
6480	2.26583e-10	0.0382739
6481	2.26491e-10	0.141138
6482	2.19886e-10	0.0749754
6483	2.26696e-10	0.914236
6484	2.26583e-10	0.0749754
6485	2.26605e-10	0.0749754
6486	2.26491e-10	0.0749754
6487	0	0
6488	1.95454e-10	0.187408
6489	1.95454e-10	0.749017
6490	2.26583e-10	0
6491	2.2656e-10	0.5387
6492	2.26605e-10	0
6493	2.2656e-10	0
6494	2.2656e-10	0
6495	2.2656e-10	0.792227
6496	2.2656e-10	0.075153
6497	0	0.00614105
6498	1.95454e-10	0.00614105
6499	0	0.00614105
6500	2.19886e-10	0.00614105
6501	0	0
6502	0	0
6503	1.95454e-10	0
6504	1.95454e-10	0.162785
6505	1.95454e-10	0
6506	2.19886e-10	0.19543
6507	0	0
6508	0	0
6509	0	0
6510	1.95454e-10	0.124032
6511	0	0
6512	0	0.208447
6513	0	0
6514	1.95454e-10	0.173571
6515	2.2656e-10	0.300007
6516	2.26628e-10	0.0217948
6517	2.26628e-10	0.0217948
6518	2.26605e-10	0.0217948
6519	2.26583e-10	0.0217948
6520	2.19886e-10	0.0568804
6521	2.26696e-10	0.0568804
6522	2.19886e-10	0.0568804
6523	2.26696e-10	0.0551893
6524	2.19886e-10	0.295816
6525	2.26583e-10	0.26019
6526	2.2656e-10	0.834963
6527	2.19886e-10	0.0252072
6528	2.19886e-10	0.0252072
6529	1.95454e-10	0.0252072
6530	0	0.374643
6531	2.26651e-10	0
6532	2.26605e-10	0
6533	2.26628e-10	0
6534	2.26628e-10	0
6535	2.26628e-10	0.110349
6536	2.19886e-10	0.102846
6537	2.26628e-10	0.102846
6538	0	0.142904
6539	2.19886e-10	0.5387
6540	1.95454e-10	0.729992
6541	0	0.140861
6542	0	0.319636
6543	2.19886e-10	0.0811205
6544	2.26696e-10	0.168784
6545	2.26605e-10	0.250567
6546	2.26628e-10	0.192322
6547	2.26651e-10	0.192322
6548	1.95454e-10	0.0536218
6549	1.95454e-10	0.110223
6550	0	0.497948
6551	2.19886e-10	0.228074
6552	1.95454e-10	0.116342
6553	2.19886e-10	0.697398
6554	2.19886e-10	0.110223
6555	1.95454e-10	0.142904
6556	2.26628e-10	0.117283
6557	2.26628e-10	0.749701
6558	2.26605e-10	0.124736
6559	2.26583e-10	0.902583
6560	2.19886e-10	0.154319
6561	0	0.789167
6562	2.19886e-10	0.24486
6563	2.26628e-10	0.182203
6564	2.26583e-10	0.182203
6565	2.26628e-10	0.117283
6566	2.26651e-10	0.749701
6567	2.26605e-10	0.141138
6568	2.2656e-10	0.688935
6569	2.26583e-10	0.216439
6570	2.19886e-10	0.0453868
6571	2.26605e-10	0.789167
6572	2.19886e-10	0.0536218
6573	2.19886e-10	0.0453868
6574	1.95454e-10	0.497948
6575	2.19886e-10	0.110349
6576	2.19886e-10	0.123598
6577	2.26651e-10	0.110349
6578	2.19886e-10	0.294728
6579	2.26651e-10	0.866775
6580	2.26605e-10	0.176535
6581	2.2656e-10	0.731872
6582	2.26651e-10	0.0415224
6583	2.19886e-10	0.5387
6584	2.26605e-10	0.828679
6585	2.2656e-10	0.737899
6586	2.26491e-10	0.0389543
6587	2.19886e-10	0.0389543
6588	2.26491e-10	0.165104
6589	2.26605e-10	0.165104
6590	0	0.801408
6591	2.26605e-10	0.32952
6592	2.26674e-10	0.165104
6593	2.19886e-10	0.142904
6594	1.95454e-10	0.142904
6595	1.95454e-10	0.116342
6596	2.19886e-10	0.142904
6597	2.19886e-10	0.200352
6598	0	0.127555
6599	2.19886e-10	0.127555
6600	2.2656e-10	0.231043
6601	2.26651e-10	0.127555
6602	1.95454e-10	0.151428
6603	2.19886e-10	0.737899
6604	1.95454e-10	0.157531
6605	1.95454e-10	0.264052
6606	1.95454e-10	0.773267
6607	2.26583e-10	0.144846
6608	0	0.144846
6609	2.26696e-10	0.117259
6610	2.26651e-10	0.09707
6611	2.26628e-10	0.505453
6612	2.26651e-10	0.168784
6613	2.26674e-10	0.130389
6614	2.26605e-10	0.131543
6615	1.95454e-10	0.319636
6616	2.19886e-10	0.612035
6617	2.19886e-10	0.11204
6618	2.26491e-10	0.612035
6619	2.19886e-10	0.612035
6620	2.2656e-10	0.0984363
6621	2.26491e-10	0.330123
6622	1.95454e-10	0.612035
6623	2.26674e-10	0.599743
6624	2.26605e-10	0.172482
6625	2.26674e-10	0.599743
6626	2.26651e-10	0.599743
6627	2.26583e-10	0.599743
6628	0	0.45713
6629	0	0.739203
6630	2.26628e-10	0.45713
6631	2.2656e-10	0.492096
6632	2.26605e-10	1
6633	2.26583e-10	0.176535
6634	2.19886e-10	0.492096
6635	2.26491e-10	0.501493
6636	0	1
6637	2.26583e-10	0.200352
6638	2.2656e-10	0.504352
6639	2.26674e-10	0.505453
6640	2.26628e-10	0.250567
6641	2.26583e-10	0.611851
6642	2.26674e-10	0.611851
6643	0	0.204873
6644	2.26696e-10	0.611851
6645	2.26605e-10	0.24936
6646	2.26605e-10	0.171875
6647	2.26583e-10	0.184101
6648	2.26583e-10	0.0415224
6649	2.19886e-10	0.5387
6650	1.95454e-10	0.5387
6651	2.19886e-10	0.5387
6652	2.26674e-10	0.125364
6653	2.2656e-10	0.714499
6654	2.26491e-10	0.59614
6655	2.19886e-10	0.597041
6656	2.26583e-10	0.597041
6657	1.95454e-10	0.559244
6658	2.19886e-10	0.139982
6659	1.95454e-10	0.63709
6660	2.19886e-10	0.127786
6661	1.95454e-10	0.0536218
6662	0	0.828182
6663	0	0.497948
6664	2.19886e-10	0.497948
6665	1.95454e-10	0.497948
6666	0	0.116342
6667	1.95454e-10	0.497948
6668	2.26605e-10	0.942037
6669	2.26605e-10	0.587295
6670	1.95454e-10	0.574123
6671	1.95454e-10	0.718515
6672	2.26605e-10	0.586567
6673	2.26674e-10	0.586567
6674	2.26651e-10	0.586567
6675	2.26651e-10	0.586567
6676	2.2656e-10	0.586567
6677	2.2656e-10	0.586567
6678	2.26651e-10	0.098773
6679	2.26651e-10	0.528244
6680	2.26583e-10	0.528244
6681	2.26583e-10	0.502531
6682	2.26583e-10	0.899911
6683	2.26628e-10	0.799592
6684	2.26583e-10	0.203961
6685	2.26491e-10	0.152009
6686	2.26674e-10	0.176535
6687	2.19886e-10	0.749017
6688	2.26651e-10	0.538652
6689	2.26583e-10	0.538652
6690	2.26605e-10	0.538652
6691	2.26583e-10	0.538652
6692	1.95454e-10	0.555195
6693	2.26583e-10	0.72245
6694	2.19886e-10	0.555195
6695	2.26491e-10	0.320657
6696	2.2656e-10	0.555195
6697	2.2656e-10	0.249489
6698	0	0.547272
6699	2.26583e-10	0.529931
6700	2.26491e-10	0.529931
6701	2.26605e-10	0.529931
6702	2.19886e-10	0.208447
6703	2.19886e-10	0.54564
6704	1.95454e-10	0.54564
6705	2.2656e-10	0.54564
6706	2.26491e-10	0.54564
6707	2.19886e-10	0.54564
6708	1.95454e-10	0.378021
6709	2.19886e-10	0.564775
6710	2.19886e-10	0.112258
6711	2.19886e-10	1
6712	2.26583e-10	0.826144
6713	2.26491e-10	0.356832
6714	2.26674e-10	0.914236
6715	2.26628e-10	0.914236
6716	2.26674e-10	0.289956
6717	2.2656e-10	0.173545
6718	2.2656e-10	0.790254
6719	2.26583e-10	0.150502
6720	2.26605e-10	0.84692
6721	2.26605e-10	0.914378
6722	2.26583e-10	0.914378
6723	2.26583e-10	0.914378
6724	2.26583e-10	0.914378
6725	2.26491e-10	0.227836
6726	2.19886e-10	0.914378
6727	2.19886e-10	0.139929
6728	2.26583e-10	0.902583
6729	2.26651e-10	0.902583
6730	2.26674e-10	0.902583
6731	2.26583e-10	0.902583
6732	2.26628e-10	0.902583
6733	2.26628e-10	0.899911
6734	2.26583e-10	0.098773
6735	2.2656e-10	0.899911
6736	2.26491e-10	0.0984363
6737	0	0.912159
6738	1.95454e-10	0.7474
6739	0	0.77241
6740	1.95454e-10	0.729766
6741	1.95454e-10	0.912159
6742	1.95454e-10	0.912159
6743	2.19886e-10	0.792227
6744	2.26628e-10	1
6745	2.19886e-10	0.14639
6746	2.26583e-10	0.15216
6747	2.19886e-10	1
6748	2.19886e-10	1
6749	1.95454e-10	0.228669
6750	2.26651e-10	0.756932
6751	2.26628e-10	0.319827
6752	2.19886e-10	0.973264
6753	0	0
6754	0	0.280023
6755	1.95454e-10	0.973264
6756	0	0.815597
6757	1.95454e-10	0.973264
6758	0	0.973264
6759	2.26651e-10	1
6760	2.26628e-10	1
6761	2.26628e-10	1
6762	2.26651e-10	0.1889
6763	2.26583e-10	1
6764	2.26651e-10	0.642792
6765	2.19886e-10	0.228669
6766	2.19886e-10	0.78484
6767	2.26583e-10	0.989523
6768	2.26605e-10	0.989523
6769	2.19886e-10	0.0984363
6770	2.26491e-10	0.263866
6771	1.95454e-10	0.985394
6772	2.26605e-10	0.209854
6773	2.2656e-10	0.84692
6774	2.2656e-10	0.227836
6775	2.26674e-10	1
6776	2.26583e-10	1
6777	2.26651e-10	0.692623
6778	2.26605e-10	0.718558
6779	2.19886e-10	0.801408
6780	2.26628e-10	0.32952
6781	2.19886e-10	0.187408
6782	2.26583e-10	0.826144
6783	2.19886e-10	0.749017
6784	2.26491e-10	0.887888
6785	2.19886e-10	0.778896
6786	2.2656e-10	0.866775
6787	2.26628e-10	0.866775
6788	2.26605e-10	0.374643
6789	2.26674e-10	0.866775
6790	2.2656e-10	0.724503
6791	2.19886e-10	0.831548
6792	2.26651e-10	0.831548
6793	2.2656e-10	0.831548
6794	2.26628e-10	0.243828
6795	2.2656e-10	0.249877
6796	2.26491e-10	0.883799
6797	0	0.840973
6798	2.19886e-10	0.228074
6799	2.19886e-10	0.24486
6800	1.95454e-10	0.817119
6801	1.95454e-10	0.352144
6802	2.19886e-10	0.123741
6803	2.26651e-10	0.784869
6804	2.26583e-10	0.328672
6805	2.26605e-10	0.285489
6806	1.95454e-10	0.773267
6807	1.95454e-10	0.773267
6808	1.95454e-10	0.157531
6809	2.26628e-10	0.266942
6810	2.26605e-10	0.0984363
6811	2.26628e-10	0.209854
6812	2.19886e-10	0.826144
6813	2.26491e-10	0.826144
6814	2.26491e-10	0.249877
6815	2.26491e-10	0.14639
6816	2.19886e-10	0.78484
6817	1.95454e-10	0.0536218
6818	1.95454e-10	0.296394
6819	2.19886e-10	0.15216
6820	0	0
6821	2.19886e-10	0.815597
6822	2.19886e-10	0.815597
6823	1.95454e-10	0.815597
6824	1.95454e-10	0.808243
6825	1.95454e-10	0.808243
6826	1.95454e-10	0.808243
6827	2.26583e-10	0.86159
6828	0	0.24936
6829	0	0.86159
6830	2.26605e-10	0.86159
6831	2.26605e-10	0.86159
6832	2.26628e-10	0.714499
6833	2.26696e-10	0.737899
6834	2.26651e-10	0.0415224
6835	2.2656e-10	0.828679
6836	2.26491e-10	0.828679
6837	2.19886e-10	0.838185
6838	2.19886e-10	0.152009
6839	2.19886e-10	0.2608
6840	2.2656e-10	0.878076
6841	2.26605e-10	0.731637
6842	2.26583e-10	0.874591
6843	2.2656e-10	0.765328
6844	2.26605e-10	0.157075
6845	0	0.887888
6846	2.19886e-10	0.173571
6847	2.26605e-10	0.887888
6848	2.19886e-10	0.157531
6849	2.2656e-10	0.126115
6850	2.26491e-10	0.812346
6851	2.26583e-10	0.739203
6852	2.26583e-10	0.0275097
6853	1.95454e-10	0.164133
6854	2.19886e-10	0.70908
6855	1.95454e-10	0.164133
6856	2.26605e-10	0.188291
6857	2.26628e-10	0.188291
6858	2.26583e-10	0.188291
6859	2.26605e-10	0.188291
6860	2.26628e-10	0.184101
6861	2.26674e-10	0.171875
6862	2.26605e-10	0.184101
6863	0	0.201623
6864	2.26674e-10	0.155444
6865	2.26605e-10	0.747021
6866	2.2656e-10	0.157075
6867	2.2656e-10	0.157075
6868	2.26491e-10	0.157075
6869	2.26674e-10	0.131543
6870	2.26674e-10	0.130389
6871	2.26628e-10	0.272197
6872	2.26605e-10	0.285489
6873	2.26583e-10	0.168784
6874	0	0.204873
6875	2.26674e-10	0.204873
6876	2.26696e-10	0.204873
6877	2.26628e-10	0.204873
6878	2.26651e-10	0.1889
6879	1.95454e-10	0.78484
6880	2.19886e-10	0.642792
6881	2.26696e-10	0.0769356
6882	2.26583e-10	0.0769356
6883	2.26583e-10	0.730461
6884	2.26605e-10	0.0584129
6885	2.19886e-10	0.0584129
6886	2.26491e-10	0.0584129
6887	2.26491e-10	0.0584129
6888	1.95454e-10	0.157531
6889	1.95454e-10	0.136265
6890	2.19886e-10	0.136265
6891	2.19886e-10	0
6892	2.19886e-10	0.264052
6893	1.95454e-10	0.136265
6894	2.19886e-10	0.136265
6895	2.19886e-10	0.352144
6896	2.2656e-10	0.126115
6897	2.19886e-10	0.319636
6898	2.26583e-10	0.118047
6899	2.19886e-10	0.118047
6900	2.19886e-10	0.706877
6901	2.26583e-10	0.72245
6902	1.95454e-10	0.139929
6903	0	0.139929
6904	1.95454e-10	0.139929
6905	1.95454e-10	0.798747
6906	0	0.745026
6907	2.26628e-10	0.117259
6908	2.19886e-10	0.117259
6909	2.2656e-10	0.231043
6910	2.26696e-10	0.182449
6911	2.26628e-10	0.226155
6912	2.26605e-10	0.177294
6913	0	0.177294
6914	2.26583e-10	0.177294
6915	2.2656e-10	0.205523
6916	1.95454e-10	0.0537582
6917	2.19886e-10	0.200352
6918	2.26491e-10	0.14639
6919	0	0.086214
6920	0	0.086214
6921	0	0.173545
6922	2.26674e-10	0.150502
6923	2.26605e-10	0.086214
6924	2.19886e-10	0.215046
6925	2.26491e-10	0.124032
6926	2.26583e-10	0.251267
6927	2.26491e-10	0.203961
6928	2.26583e-10	0.72245
6929	2.26491e-10	0.263214
6930	2.19886e-10	0.749588
6931	2.19886e-10	0
6932	2.19886e-10	0.246547
6933	2.19886e-10	0.264052
6934	2.19886e-10	0.264052
6935	2.26605e-10	0.295816
6936	2.2656e-10	0.300007
6937	2.19886e-10	0.300007
6938	2.2656e-10	0.300007
6939	2.26583e-10	0.0275097
6940	2.26605e-10	0.777268
6941	2.26583e-10	0.249877
6942	0	0.192911
6943	2.26605e-10	0.192911
6944	1.95454e-10	0.208447
6945	1.95454e-10	0.62443
6946	2.19886e-10	0.229188
6947	0	0
6948	1.95454e-10	0.229188
6949	1.95454e-10	0.15214
6950	2.19886e-10	0.798747
6951	0	0.205523
6952	2.19886e-10	0.225387
6953	2.26651e-10	0.225387
6954	2.19886e-10	0.225387
6955	2.26674e-10	0.182449
6956	2.26628e-10	0.749701
6957	2.26605e-10	0.262282
6958	2.19886e-10	0.330123
6959	2.26491e-10	0.729992
6960	2.26491e-10	0.126115
6961	1.95454e-10	0.22635
6962	2.19886e-10	0.22635
6963	1.95454e-10	0.19543
6964	2.19886e-10	0.19543
6965	2.26583e-10	0.692938
6966	2.19886e-10	0.19543
6967	2.19886e-10	0.19543
6968	2.26491e-10	0.294728
6969	2.26583e-10	0.23605
6970	1.95454e-10	0.280023
6971	0	0.280023
6972	2.26674e-10	0.298077
6973	0	0.747021
6974	1.95454e-10	0.294728
6975	2.19886e-10	0.294728
6976	2.19886e-10	0.730853
6977	2.26583e-10	0.285489
6978	2.26605e-10	0.285489
6979	0	0.289956
6980	2.26628e-10	0.790254
6981	2.26583e-10	0.289956
6982	2.26605e-10	0.289956
6983	2.19886e-10	0.0536218
6984	2.26605e-10	0.789167
6985	2.19886e-10	0.296394
6986	2.26491e-10	0.296394
6987	2.26605e-10	0.173545
6988	2.26628e-10	0.150502
6989	2.26651e-10	0.782054
6990	2.26651e-10	0.24936
6991	2.26628e-10	0.782054
6992	1.95454e-10	0.77241
6993	1.95454e-10	0
6994	1.95454e-10	0.729766
6995	0	0.77241
6996	0	0.77241
6997	2.26583e-10	0.24486
6998	2.2656e-10	0.762415
6999	2.26491e-10	0.762415
7000	2.26651e-10	0.367445
7001	1.95454e-10	0.116342
7002	0	0.319636
7003	2.2656e-10	0.766901
7004	2.26583e-10	0.098773
7005	2.26628e-10	0.730461
7006	2.26583e-10	0.766901
7007	2.19886e-10	0.70908
7008	2.26651e-10	0.70908
7009	2.26651e-10	0.634087
7010	2.26628e-10	0.155719
7011	2.26583e-10	0.356832
7012	2.26583e-10	0.744881
7013	0	0.692623
7014	2.26605e-10	0.692623
7015	2.26628e-10	0.692623
7016	2.2656e-10	0.122883
7017	2.19886e-10	0.718515
7018	2.19886e-10	0.137927
7019	2.19886e-10	0.209638
7020	2.26583e-10	0.127786
7021	2.26583e-10	0.729222
7022	2.26491e-10	0.688849
7023	2.19886e-10	0.63709
7024	0	0.724503
7025	2.2656e-10	0.724503
7026	2.26628e-10	0.731872
7027	2.2656e-10	0.724503
7028	2.26491e-10	0.692938
7029	2.19886e-10	0.697398
7030	1.95454e-10	0.697398
7031	2.19886e-10	0.0536218
7032	1.95454e-10	0.697398
7033	2.19886e-10	0.116342
7034	1.95454e-10	0.697398
7035	1.95454e-10	0.162785
7036	1.95454e-10	0.7474
7037	1.95454e-10	0.688849
7038	2.26605e-10	0.689546
7039	2.19886e-10	0.688935
7040	2.26491e-10	0.688935
7041	0	0
7042	0	0
7043	0	0
7044	0	0
7045	2.26491e-10	0.0984363
7046	2.19886e-10	0.0984363
7047	2.19886e-10	0.0536218
7048	2.19886e-10	0.15216
7049	2.26583e-10	0.098773
7050	2.26583e-10	0.098773
7051	0	0.116342
7052	2.19886e-10	0.15216
7053	2.19886e-10	0.116342
7054	2.26491e-10	0.0576263
7055	1.95454e-10	0.333032
7056	2.19886e-10	0.216439
7057	2.19886e-10	0.141138
7058	2.19886e-10	0.118862
7059	2.19886e-10	0.118862
7060	2.19886e-10	0.63709
7061	2.19886e-10	0.729766
7062	1.95454e-10	0.7474
7063	2.19886e-10	0
7064	2.19886e-10	0
7065	2.19886e-10	0.749588
7066	2.19886e-10	0.246547
7067	0	0.167835
7068	2.26674e-10	0.150502
7069	0	0.150502
7070	0	0.739203
7071	2.26605e-10	0.173545
7072	2.26674e-10	0.154343
7073	2.26696e-10	0.154343
7074	2.26651e-10	0.154343
7075	2.26491e-10	0.125364
7076	2.26583e-10	0.72245
7077	2.26605e-10	0.064613
7078	2.26674e-10	0.634087
7079	2.26605e-10	0.155719
7080	2.19886e-10	0.152009
7081	1.95454e-10	0.152009
7082	2.19886e-10	0.152009
7083	2.26628e-10	0.250567
7084	2.26605e-10	0.168784
7085	2.26628e-10	0.168784
7086	2.26605e-10	0.168784
7087	2.26696e-10	0.173545
7088	0	0.749701
7089	2.26583e-10	0.0415224
7090	2.26583e-10	0.0415224
7091	2.26651e-10	0.0415224
7092	2.26605e-10	0.0379109
7093	2.26605e-10	0.250605
7094	1.95454e-10	0.24486
7095	2.26583e-10	0.789167
7096	2.19886e-10	0.15216
7097	2.2656e-10	0.200352
7098	0	0.169744
7099	0	0.169744
7100	2.26605e-10	0.169744
7101	2.26605e-10	0.26019
7102	2.26674e-10	0.333191
7103	0	0.319827
7104	1.95454e-10	0.124032
7105	2.26674e-10	0.137927
7106	2.26583e-10	0.137927
7107	2.19886e-10	0.172482
7108	2.26628e-10	0.374643
7109	2.26628e-10	0.176535
7110	2.26583e-10	0.176535
7111	2.19886e-10	0.14639
7112	2.2656e-10	0.15216
7113	1.95454e-10	0.122868
7114	1.95454e-10	0.122868
7115	2.19886e-10	0.112258
7116	2.19886e-10	0.352144
7117	2.26605e-10	0.251267
7118	2.2656e-10	0.320657
7119	2.2656e-10	0.7474
7120	2.2656e-10	0.224409
7121	2.2656e-10	0.320657
7122	2.26583e-10	0.243374
7123	2.19886e-10	0.112221
7124	2.26583e-10	0.330123
7125	2.19886e-10	0.319636
7126	2.19886e-10	0.11204
7127	2.2656e-10	0.126115
7128	2.19886e-10	0.201769
7129	2.2656e-10	0.251267
7130	2.26491e-10	0.367515
7131	0	0.1889
7132	0	0.171875
7133	2.26583e-10	0.1889
7134	2.26605e-10	0.171875
7135	1.95454e-10	0.187408
7136	2.19886e-10	0.187408
7137	1.95454e-10	0.177237
7138	2.2656e-10	0.126115
7139	2.19886e-10	0.729992
7140	2.26491e-10	0.126115
7141	2.19886e-10	0.126115
7142	2.26651e-10	0.155444
7143	2.26674e-10	0.747021
7144	2.19886e-10	0.730853
7145	2.26628e-10	0.136527
7146	2.19886e-10	0.123741
7147	1.95454e-10	0.123598
7148	2.19886e-10	0.730853
7149	2.26674e-10	0.124032
7150	0	0.367515
7151	2.19886e-10	0.127786
7152	0	0.130389
7153	2.26628e-10	0.374643
7154	2.26674e-10	0.744881
7155	2.26605e-10	0.634087
7156	2.26696e-10	0.727714
7157	0	0.745026
7158	0	0.745026
7159	2.19886e-10	0.694844
7160	2.26628e-10	0.802119
7161	2.19886e-10	0.378021
7162	2.26674e-10	0.718558
7163	2.26605e-10	0.320657
7164	2.19886e-10	0.642792
7165	2.19886e-10	0.78484
7166	2.19886e-10	0.216439
7167	1.95454e-10	0.63709
7168	2.26605e-10	0.374643
7169	2.2656e-10	0.356832
7170	1.95454e-10	0.749588
7171	1.95454e-10	0.749017
7172	2.19886e-10	0.737899
7173	2.19886e-10	0.691156
7174	2.26696e-10	0.747021
7175	2.19886e-10	0.730853
7176	2.19886e-10	0.730461
7177	2.26491e-10	0.730461
7178	2.26674e-10	0.739203
7179	0	0.739203
7180	2.19886e-10	0.246547
7181	2.19886e-10	0.789167
7182	1.95454e-10	0.2608
7183	2.26674e-10	0.243374
7184	1.95454e-10	0.209638
7185	2.19886e-10	0.209638
7186	2.26674e-10	0.209854
7187	0	0.84692
7188	0	0.32952
7189	2.26651e-10	0.32952
7190	2.26583e-10	0.250567
7191	2.2656e-10	0.249877
7192	2.26651e-10	0.24936
7193	2.26651e-10	0.856501
7194	2.19886e-10	0.224409
7195	2.26583e-10	0.333191
7196	2.26491e-10	0.729766
7197	1.95454e-10	0.729992
7198	2.19886e-10	0.249489
7199	2.26674e-10	0.249489
7200	2.26491e-10	0.262282
7201	0	0.328672
7202	2.26696e-10	0.328672
7203	2.19886e-10	0.367515
7204	2.26491e-10	0.367515
7205	2.26628e-10	0.367445
7206	2.2656e-10	0.378021
7207	2.2656e-10	0.376177
7208	1.95454e-10	0.352144
7209	2.2656e-10	0.729992
7210	2.26674e-10	0.265717
7211	2.26651e-10	0.26019
7212	2.26696e-10	0.333191
7213	2.19886e-10	0.272197
7214	2.26651e-10	0.319827
7215	1.95454e-10	0.729766
7216	2.19886e-10	0.7474
7217	2.26651e-10	0.731637
7218	2.26674e-10	0.731872
7219	0	0.731872
7220	1.95454e-10	0.820415
7221	0	0.790254
7222	2.26651e-10	0.802696
7223	2.26696e-10	0.802696
7224	0	0.802696
7225	0	0.856501
7226	0	0.856501
7227	0	0.856501
7228	2.26583e-10	0.765328
7229	1.95454e-10	0.798747
7230	0	0
