6 22 53 54 57 67 68 73 74 105 129 135 146 164 172 184 185 186 191 198 204 217 222 228 262 278 279 280 283 289 299 304 313 316 317 330 346 350 352 367 368 369 386 389 392 403 420 421 427 448 454 465 504 522 527 550 562 576 588 598 621 624 653 656 673 680 685 692 706 717 729 731 733 735 755 773 786 794 820 837 839 847 850 851 864 871 873 877 888 892 893 894 906 918 919 939 944 948 961 964 976 977 985 989 991 
1 7 19 33 34 39 42 47 54 55 62 63 66 70 72 77 79 94 95 96 109 117 132 134 137 139 142 143 147 149 150 152 154 178 182 203 206 231 233 237 238 244 247 248 253 260 262 271 274 279 308 312 318 322 326 338 350 352 361 372 373 382 388 399 415 427 453 455 456 462 478 492 494 495 503 509 518 526 528 531 538 542 549 557 560 574 581 600 601 617 621 623 625 642 643 647 655 659 672 677 690 694 695 704 711 713 714 717 719 726 728 738 745 747 748 757 758 761 767 769 782 792 793 801 805 808 816 823 824 830 835 836 840 846 848 860 863 864 866 887 893 897 898 910 914 916 919 932 941 944 952 962 968 969 984 990 994 997 
2 3 40 41 48 50 60 64 69 75 76 92 94 103 106 108 121 127 136 140 141 148 162 167 181 192 200 205 213 224 227 235 249 252 258 259 263 271 275 286 318 321 335 344 345 351 358 359 360 363 377 395 397 398 400 404 431 437 441 443 446 450 458 468 472 480 498 501 506 507 511 530 532 542 547 548 554 564 580 586 592 594 595 603 606 607 608 616 634 636 642 646 650 658 663 664 675 678 681 683 697 703 710 712 734 737 746 767 776 778 785 788 795 798 803 807 815 827 830 833 842 845 857 866 867 868 875 879 882 901 902 935 936 942 946 947 951 953 958 965 972 988 992 995 
2 3 4 10 40 48 51 56 65 76 85 89 90 97 100 103 106 108 110 114 121 122 136 140 145 153 160 162 176 177 180 188 192 200 205 209 224 230 249 250 252 258 276 296 311 319 321 325 336 359 360 377 380 381 390 398 401 404 431 443 444 446 458 469 473 479 481 487 488 507 511 517 530 532 537 540 548 556 569 580 586 592 603 604 608 610 634 636 646 651 658 674 675 678 683 687 699 703 707 712 734 737 741 756 775 776 788 789 795 798 809 815 817 827 841 842 845 853 857 867 875 878 886 889 895 901 916 917 927 930 936 940 942 947 951 953 957 965 978 982 988 
3 4 10 14 25 37 40 50 51 56 65 69 76 82 85 87 89 90 92 97 99 106 108 110 112 114 119 120 122 136 140 145 153 160 163 168 173 176 188 189 197 200 205 212 218 221 224 230 235 243 249 251 252 266 267 275 276 296 301 303 320 321 325 329 336 337 339 341 347 360 362 363 364 375 376 380 381 390 398 400 401 404 407 422 425 431 440 443 444 446 458 463 472 473 479 481 484 488 496 501 506 507 511 514 517 519 530 532 540 541 546 548 556 559 564 566 567 569 580 586 589 592 595 603 604 608 610 611 615 618 622 634 636 651 658 664 669 675 678 679 683 684 699 702 703 707 710 712 721 727 734 737 743 749 751 753 756 774 775 776 778 788 795 796 798 800 807 809 811 817 833 843 845 853 857 867 868 875 881 886 890 895 917 920 925 927 930 934 935 936 943 947 951 953 957 965 966 978 982 983 
5 13 15 17 24 25 30 32 36 37 45 51 83 87 91 93 114 118 123 138 144 151 157 158 166 183 187 189 190 195 196 199 201 214 215 219 225 232 240 241 243 245 251 254 265 268 273 278 281 284 287 290 297 300 327 342 347 353 357 362 364 375 378 379 380 391 412 418 419 422 424 433 452 461 464 473 475 482 488 489 490 491 493 512 516 517 521 529 546 555 558 561 570 572 577 578 585 590 593 605 609 610 615 633 638 640 641 657 661 662 668 679 682 684 688 693 700 701 707 750 752 753 760 762 763 766 770 772 781 790 791 806 817 826 834 855 859 872 883 891 903 905 907 908 911 923 925 929 933 934 955 963 966 967 971 979 980 981 998 
6 14 18 22 26 53 57 61 74 82 86 99 104 107 112 120 133 135 138 146 168 171 172 185 186 198 204 212 217 226 236 251 266 267 272 282 283 303 304 315 316 320 331 339 341 346 361 367 368 387 389 393 417 421 436 440 445 451 454 465 466 474 483 491 504 519 522 523 541 542 551 562 567 571 576 579 585 588 599 612 627 648 653 656 673 680 685 688 691 692 705 709 721 722 730 731 733 748 750 771 774 797 800 810 820 828 837 849 850 851 852 864 877 888 890 892 893 894 918 923 939 959 961 964 967 976 977 985 986 989 991 993 999 
1 7 8 16 29 31 34 39 44 46 55 59 72 79 96 100 101 102 125 128 134 137 142 156 165 174 178 179 202 203 210 211 223 233 244 247 248 253 260 292 294 305 306 307 310 312 314 340 348 354 356 372 383 413 414 430 434 435 439 455 462 467 470 476 487 492 495 503 505 509 510 518 520 526 535 538 549 557 573 574 584 591 600 625 629 630 632 639 645 649 654 655 660 665 666 676 694 713 714 720 724 728 738 747 754 767 768 782 783 792 801 802 808 814 816 821 835 838 861 898 910 914 916 926 932 937 941 956 968 994 997 
7 8 16 29 30 31 39 44 49 58 59 72 96 102 116 125 126 128 130 137 159 165 169 174 179 190 210 211 215 223 229 239 253 261 270 281 292 294 295 305 306 307 310 323 332 333 334 340 343 348 355 383 384 396 408 410 413 414 423 426 430 435 438 439 442 449 467 470 471 476 499 510 515 518 520 534 549 557 573 574 583 587 591 597 613 629 630 632 639 645 649 660 665 666 670 676 698 718 738 754 760 768 772 779 782 783 792 799 802 804 808 814 821 832 835 838 861 870 876 885 908 909 910 926 937 949 956 973 997 
9 16 20 21 24 27 29 30 31 32 39 42 44 49 52 54 58 63 65 67 68 84 95 100 101 105 114 116 123 125 126 128 129 130 134 142 145 151 154 157 159 160 164 169 175 178 187 190 193 201 203 214 215 218 223 225 229 230 233 248 250 258 260 262 265 270 276 277 278 279 280 281 288 289 294 295 297 299 304 306 307 309 319 321 323 326 329 333 334 336 342 343 349 350 355 362 365 366 370 372 376 377 379 380 384 386 390 392 396 401 402 403 408 409 410 415 418 420 423 426 428 429 439 447 455 457 459 460 461 463 464 468 469 471 476 479 485 486 487 492 495 496 499 500 502 505 507 510 512 515 517 518 520 524 526 534 536 537 538 546 549 557 566 570 572 573 574 577 578 587 590 591 596 597 598 610 613 617 625 626 629 630 632 637 638 641 652 657 664 665 670 674 677 679 684 690 694 698 701 704 708 715 716 718 725 729 735 737 739 741 744 751 755 759 760 772 779 780 783 789 790 793 794 796 798 799 801 802 808 813 814 816 817 823 826 827 830 832 838 839 853 854 858 864 870 871 872 873 885 889 893 896 900 903 904 908 909 910 916 918 919 924 925 934 938 947 948 949 951 954 958 960 962 971 973 979 980 983 984 997 
3 4 10 13 15 17 25 37 51 52 56 65 76 85 87 89 90 93 97 108 110 114 122 153 157 163 168 176 177 180 188 189 195 196 197 200 205 209 212 221 225 230 243 252 267 268 276 284 290 296 311 319 321 325 336 342 347 360 364 375 379 380 381 391 398 401 407 425 444 458 460 464 469 473 479 481 484 488 514 517 519 529 530 532 540 548 555 556 558 559 567 569 586 590 603 604 608 609 611 615 618 634 651 658 679 683 699 702 707 712 727 734 743 749 753 756 775 788 798 809 817 826 841 845 857 859 886 890 895 911 917 920 925 927 930 934 947 951 957 965 966 971 978 981 982 
11 24 27 30 35 43 68 80 83 98 105 113 116 118 123 130 144 151 158 159 169 183 190 193 199 201 214 215 216 219 234 239 240 241 255 257 269 270 273 285 291 297 298 307 309 324 327 333 343 349 355 357 365 378 384 385 402 406 408 410 412 416 418 419 420 424 426 428 429 438 447 452 457 459 461 471 477 485 486 493 508 510 512 515 516 533 536 543 544 552 561 565 568 570 572 577 578 587 593 598 602 614 620 626 632 633 635 638 640 641 652 657 661 668 686 689 696 698 701 708 744 759 760 762 770 772 779 780 790 791 799 812 813 818 822 834 839 854 855 858 870 872 884 885 904 905 908 909 915 931 938 945 949 950 954 955 975 979 980 998 
12 19 33 38 54 66 74 81 86 94 95 132 139 147 149 155 191 204 206 226 228 231 237 238 274 308 313 318 326 328 331 350 352 361 367 368 369 373 389 399 427 437 450 453 465 478 504 522 523 527 528 542 550 581 600 621 624 647 653 659 667 671 672 692 695 706 717 726 728 732 739 740 742 745 748 757 764 773 774 793 805 819 823 824 850 860 864 873 877 887 893 894 897 898 900 906 918 952 961 969 976 977 985 989 
5 10 13 15 17 24 25 30 32 36 37 51 52 65 83 87 91 93 97 110 114 118 122 123 144 151 153 157 176 180 183 187 188 189 190 195 196 197 199 214 221 225 230 241 243 245 252 268 273 281 284 287 290 297 300 319 325 342 347 360 362 364 375 378 379 380 390 391 401 418 419 422 433 460 461 464 469 473 475 484 488 490 512 517 529 540 546 555 556 558 559 561 577 590 593 604 605 609 610 611 615 618 641 651 657 662 679 683 684 688 699 701 702 707 753 756 760 762 763 775 781 790 809 817 826 853 859 883 886 890 895 903 905 907 911 920 925 929 930 933 934 957 963 966 971 978 979 980 981 982 
4 6 14 18 20 26 37 45 50 54 57 61 63 66 69 74 75 82 86 87 90 92 94 95 97 99 100 106 107 112 114 119 120 121 129 133 135 138 139 145 146 147 154 155 160 168 171 176 185 186 189 198 204 206 212 217 218 230 235 236 243 248 251 252 258 262 267 272 274 275 276 277 278 282 283 288 289 293 301 303 304 308 315 316 318 320 321 325 326 329 336 339 341 347 349 350 358 360 361 362 363 365 367 368 376 377 380 389 390 393 399 400 401 409 417 422 427 432 436 440 445 450 463 465 466 468 472 478 479 482 483 487 496 500 502 503 506 507 517 519 522 523 528 532 541 542 546 550 556 559 564 566 567 571 586 589 592 595 607 608 610 612 619 621 622 627 648 657 659 664 669 672 675 680 683 684 685 690 691 692 695 704 705 709 712 715 721 722 725 726 728 729 730 732 733 734 737 739 741 748 751 752 753 755 756 771 774 778 785 793 794 796 798 800 805 811 816 817 820 823 828 830 833 837 847 849 851 852 853 854 864 866 867 871 873 875 880 881 888 889 890 893 894 898 900 916 918 923 930 934 935 936 939 942 947 948 951 957 958 962 976 983 984 986 999 
5 10 13 15 17 25 30 32 37 45 51 82 87 91 93 97 112 114 118 120 123 133 138 157 168 176 187 189 197 199 212 221 225 241 243 251 265 268 273 278 284 290 297 320 325 336 347 362 364 375 376 378 379 380 391 418 419 422 425 433 461 464 473 475 482 488 489 490 491 512 517 519 521 540 546 556 558 559 561 566 567 577 585 593 610 615 618 619 622 640 641 651 657 662 679 684 688 700 701 702 707 721 750 752 753 760 762 763 766 806 817 826 883 890 891 903 905 907 911 920 923 925 934 957 963 966 967 971 978 980 981 
7 8 9 16 21 29 30 31 39 44 46 58 59 100 101 102 116 125 126 128 130 134 137 159 169 174 175 179 190 207 210 211 215 223 229 233 253 261 281 288 292 294 295 305 306 307 310 323 332 333 334 340 342 343 348 354 355 366 370 383 384 394 396 408 410 411 413 414 423 426 434 435 438 439 442 449 467 469 470 471 476 499 505 510 515 518 520 524 526 534 537 549 563 573 574 583 587 591 597 613 628 629 630 632 639 645 649 655 660 665 666 670 674 676 716 718 724 738 741 754 760 765 768 772 783 787 789 792 799 801 802 804 808 814 821 832 835 838 856 861 865 870 876 885 896 908 909 910 916 924 926 937 949 950 973 984 997 
5 10 13 15 17 25 26 32 37 45 51 82 87 91 93 97 112 114 120 123 133 138 157 168 176 187 189 197 199 212 221 225 243 251 267 268 272 278 284 290 320 325 336 347 364 375 376 379 391 393 418 422 425 433 436 461 464 473 475 482 488 489 490 491 517 519 521 540 546 556 558 559 561 566 567 585 611 615 618 619 622 640 651 657 662 679 684 688 700 702 707 721 743 749 750 753 762 763 766 806 809 817 826 883 886 890 891 903 911 920 923 925 934 957 963 966 967 971 978 980 981 
6 14 18 22 26 53 57 61 67 74 82 99 104 107 112 120 133 135 138 146 168 171 172 184 185 186 198 204 212 217 222 236 251 265 267 272 278 280 283 303 315 316 317 320 330 339 341 346 367 368 387 393 403 417 421 436 445 451 454 465 466 474 483 489 490 491 504 519 521 522 539 545 551 562 567 571 579 585 588 599 612 614 627 631 648 656 673 680 685 688 691 700 705 709 721 722 730 731 733 735 750 752 771 797 800 806 810 820 828 837 847 849 851 852 888 890 891 892 894 907 912 913 918 923 939 948 959 964 967 976 977 986 991 993 
1 12 19 33 34 38 42 47 54 55 62 63 66 70 72 77 81 86 94 95 117 129 132 135 139 142 143 147 149 150 154 155 164 178 191 206 228 231 237 238 244 247 248 262 274 279 308 312 313 318 322 326 328 350 352 361 367 369 372 373 382 388 392 399 415 427 429 453 454 456 462 478 492 495 503 509 527 528 538 542 550 560 581 600 601 621 624 625 642 643 647 653 659 667 671 672 677 690 692 694 695 704 706 711 713 714 717 726 728 729 742 745 748 757 758 764 773 793 801 805 816 819 823 824 830 836 840 844 850 860 863 864 866 871 873 877 887 893 897 898 906 914 918 919 922 932 944 948 952 969 989 994 
9 14 20 26 27 29 30 31 32 39 42 45 54 57 61 63 67 68 74 80 91 95 100 105 112 114 119 120 123 129 130 133 135 142 145 146 151 154 160 164 178 184 185 186 187 189 193 198 199 201 203 214 215 217 218 222 223 228 229 233 234 236 243 248 251 258 260 262 265 272 277 278 279 280 282 288 289 294 299 301 303 304 308 309 316 317 320 326 329 336 341 346 349 350 362 365 367 372 376 380 386 390 392 393 401 402 403 408 409 415 419 420 422 426 427 428 436 440 445 447 451 454 455 457 461 463 465 466 468 472 475 479 482 485 487 489 490 491 492 495 496 500 502 510 512 523 536 538 542 546 550 552 557 566 570 573 578 585 587 589 596 598 610 617 619 622 625 626 627 657 659 664 665 677 680 684 685 688 690 691 692 693 694 704 705 706 715 717 721 722 725 726 729 730 733 735 737 739 744 748 751 752 753 755 760 763 772 773 774 778 779 780 786 790 793 794 796 798 802 808 811 813 816 817 823 828 830 837 838 847 850 851 852 853 854 858 864 870 871 873 877 883 885 889 891 893 900 903 907 909 910 916 918 919 923 934 947 948 954 955 958 960 962 963 973 976 979 980 983 984 989 991 996 999 
9 16 21 31 39 44 46 48 56 63 71 79 84 100 101 102 103 111 116 121 124 126 128 134 140 145 152 156 160 162 170 175 177 178 180 181 182 188 192 202 203 205 207 209 210 213 224 227 229 233 250 253 258 264 271 276 281 288 295 305 306 310 311 312 314 319 321 323 332 333 334 340 342 345 351 354 355 359 360 366 370 377 380 383 390 394 396 401 411 423 426 434 435 439 441 442 449 460 462 469 471 476 479 480 487 492 498 499 505 507 510 518 524 526 532 534 537 538 549 563 573 583 584 591 594 597 610 613 628 629 630 632 636 637 639 646 649 650 654 655 660 664 670 674 676 678 681 683 687 703 716 718 719 720 724 737 741 754 765 767 783 787 789 798 801 802 808 814 815 816 821 825 827 829 830 832 838 856 861 865 874 876 878 889 896 901 902 910 916 921 924 926 930 932 937 940 942 947 951 968 972 973 974 984 988 994 997 
6 18 22 26 53 57 61 67 74 82 86 107 120 135 138 146 171 172 184 185 186 198 204 217 222 226 236 272 278 280 283 289 304 315 316 317 330 331 346 361 367 368 369 387 389 393 403 417 421 445 448 451 454 465 466 474 483 489 504 522 523 539 545 562 576 579 585 588 599 612 614 631 653 656 673 680 685 691 692 700 709 722 730 731 733 735 748 750 752 755 771 773 786 794 797 810 820 828 837 847 849 850 851 852 864 871 877 888 891 892 894 912 913 918 939 948 959 961 964 967 976 977 985 986 989 991 993 
23 24 30 36 52 65 71 83 84 93 111 116 122 126 144 157 169 175 180 183 187 190 194 195 207 214 229 230 232 245 250 254 264 276 281 287 288 290 295 297 300 302 319 323 333 334 342 353 355 366 371 379 380 384 396 423 426 438 442 449 452 460 469 471 486 515 524 525 529 534 555 558 573 583 590 591 597 605 609 613 615 637 638 641 668 670 679 682 718 741 760 765 772 781 789 799 804 832 838 855 856 859 874 885 903 908 924 925 929 933 945 949 950 966 971 973 974 981 
5 9 11 13 23 24 25 30 32 36 37 51 52 65 83 87 93 114 116 118 123 130 144 151 157 158 159 169 175 183 187 190 214 215 219 225 229 230 232 240 241 245 250 254 273 276 281 284 287 288 295 297 300 302 307 319 323 333 334 342 343 353 355 357 362 365 371 378 379 380 384 391 396 402 408 409 410 418 419 424 426 438 452 457 460 461 464 469 471 473 486 488 510 512 515 516 517 524 525 529 534 555 558 561 570 572 573 577 578 587 590 593 605 609 613 615 626 632 633 637 638 641 657 668 670 679 682 698 701 707 718 741 744 759 760 762 772 779 789 790 799 804 812 814 826 832 838 855 870 872 874 885 903 904 905 908 911 925 929 945 949 950 963 966 971 973 974 979 980 981 
4 5 10 13 15 17 24 25 30 32 36 37 51 52 65 82 83 85 87 90 91 93 97 110 112 114 118 122 123 153 157 163 168 176 180 183 187 188 189 190 195 196 197 199 212 214 221 225 230 243 245 251 252 268 281 284 287 290 300 319 320 325 336 342 347 360 362 364 375 376 379 380 381 390 391 401 418 419 422 425 433 444 460 461 464 469 473 475 484 488 490 491 512 517 519 529 540 546 555 556 558 559 561 566 567 577 590 603 604 605 608 609 610 611 615 618 641 651 657 679 683 684 688 699 702 707 712 721 727 749 753 756 760 762 763 775 809 817 826 853 857 859 883 886 890 895 903 907 911 920 925 929 930 934 957 963 966 971 978 980 981 982 
6 14 17 18 20 22 26 37 45 50 53 57 61 67 74 82 87 91 97 99 104 107 112 120 123 133 135 138 146 163 168 171 172 184 185 186 189 198 199 201 212 217 221 222 236 243 251 265 266 267 272 278 280 283 289 303 304 315 316 317 320 336 339 341 346 347 367 375 376 387 393 403 407 417 421 422 425 428 433 436 440 445 451 454 466 474 475 482 483 489 490 491 496 500 514 519 521 522 539 541 545 546 551 559 562 566 567 571 579 585 588 589 599 612 614 619 622 627 631 640 648 662 669 673 680 685 688 691 693 700 702 705 709 721 722 727 730 731 733 735 743 749 750 752 753 755 763 766 771 774 780 794 797 800 806 810 817 820 828 837 843 847 849 851 852 854 871 881 883 888 890 891 892 900 907 912 913 918 923 934 939 948 957 959 963 964 967 976 986 991 993 
9 11 20 27 32 35 43 53 67 68 80 98 105 113 123 129 144 151 158 161 164 166 184 185 187 193 199 201 208 214 215 218 219 222 225 234 239 240 241 255 257 265 269 270 273 278 280 285 289 291 297 298 299 309 317 327 346 349 357 362 365 378 385 402 403 406 410 412 418 419 420 424 428 429 447 451 457 459 461 477 485 486 489 490 493 496 508 512 516 521 536 539 543 544 545 546 552 561 565 568 570 572 577 578 585 587 593 596 598 602 614 620 626 631 633 635 638 640 652 657 661 662 684 688 689 693 698 700 701 708 729 735 744 750 752 755 760 762 763 766 770 777 779 780 790 791 794 806 812 813 818 822 826 834 839 847 854 855 869 870 871 872 873 883 891 903 904 905 907 909 912 913 915 923 931 934 945 948 954 955 962 963 979 980 991 996 998 
28 29 34 35 49 55 58 59 72 78 88 96 105 115 125 129 130 131 137 151 159 164 165 174 179 193 211 216 223 239 242 246 256 260 261 270 279 285 292 294 299 307 309 324 343 356 384 402 405 408 410 413 414 415 416 420 429 430 447 455 456 457 459 476 494 495 497 509 510 513 520 531 533 535 536 543 544 549 553 557 574 582 587 596 602 617 620 626 632 635 645 652 665 666 677 686 696 698 708 714 723 736 738 744 747 761 768 779 782 783 784 792 812 813 821 831 839 858 870 873 884 885 899 904 909 914 928 938 941 949 956 960 962 970 975 987 
7 8 9 16 20 28 29 30 31 34 39 42 49 54 55 58 59 63 72 96 100 101 105 116 125 129 130 134 137 145 151 159 160 164 165 169 178 179 187 193 203 211 214 215 216 218 223 229 233 239 247 248 253 256 258 260 261 262 270 279 285 288 292 294 295 299 306 307 309 326 333 343 349 356 362 365 372 380 384 402 403 408 409 410 414 415 420 426 428 429 435 439 447 455 456 457 463 471 476 486 487 492 494 495 502 505 509 510 512 515 518 520 526 533 534 535 536 538 544 549 553 557 570 573 574 587 591 596 598 613 617 620 625 626 629 630 632 635 645 657 660 665 666 670 676 677 694 698 704 708 714 718 725 729 735 737 738 739 744 747 751 755 759 760 761 768 772 779 780 782 783 790 792 798 799 801 802 808 812 813 814 816 821 835 838 854 858 864 870 873 884 885 889 893 899 903 904 908 909 910 914 916 918 919 928 938 941 947 949 960 962 973 975 984 994 997 
5 8 9 11 13 15 16 20 23 24 25 29 30 31 32 37 44 51 52 56 63 65 83 84 87 91 93 97 100 101 114 116 118 121 122 123 125 126 128 130 144 145 151 157 158 159 160 169 175 177 180 183 187 189 190 199 203 205 209 214 215 218 219 223 224 225 229 230 232 233 241 243 245 250 268 273 276 281 284 287 288 290 294 295 297 300 302 306 307 319 323 326 333 334 336 342 343 349 353 355 360 362 365 371 377 379 380 384 390 391 396 401 402 408 409 410 418 419 422 423 426 428 435 438 439 452 457 460 461 463 464 469 471 473 475 479 486 487 488 496 499 502 510 512 515 516 517 518 520 524 525 529 532 534 537 546 555 558 561 570 572 573 577 578 587 590 591 597 605 609 610 613 615 629 630 632 637 638 641 646 651 657 660 666 668 670 674 679 682 683 684 698 701 707 718 725 737 741 744 751 756 759 760 762 763 772 775 779 783 789 790 798 799 802 804 808 814 816 817 826 827 832 838 853 854 855 859 870 872 874 878 883 885 889 896 903 905 907 908 909 910 911 916 924 925 930 934 942 945 947 949 950 951 962 963 966 971 973 974 979 980 981 984 
7 8 9 16 20 21 29 30 31 34 39 42 44 49 55 58 59 63 72 96 100 101 102 116 125 126 128 130 134 137 145 159 160 165 169 174 175 178 179 190 193 203 210 211 215 218 223 229 233 247 248 253 258 260 261 262 270 279 281 288 292 294 295 306 307 310 326 333 334 340 342 343 348 349 354 356 362 365 366 370 372 377 380 383 384 402 408 409 410 413 414 415 423 426 430 435 439 455 457 463 467 469 470 471 476 487 492 495 499 502 505 509 510 515 518 520 526 534 535 537 538 549 557 573 574 587 591 596 597 613 617 625 629 630 632 645 649 655 660 665 666 670 674 676 677 694 698 704 714 716 718 725 737 738 741 744 747 751 754 760 768 772 779 782 783 789 792 798 799 801 802 808 813 814 816 821 832 835 838 854 858 870 873 885 889 896 908 909 910 914 916 924 926 937 941 947 949 951 956 960 962 973 984 994 997 
5 9 13 15 17 20 24 25 27 30 32 36 37 45 51 53 65 83 87 91 93 97 114 118 120 123 133 138 144 145 151 157 158 160 166 183 185 187 189 190 199 201 214 215 217 218 219 222 225 229 230 240 241 243 245 251 265 273 276 278 281 284 288 289 297 317 320 327 333 336 342 346 347 357 362 364 365 375 376 378 379 380 390 391 393 401 403 408 409 418 419 422 424 426 428 433 451 461 464 469 473 475 482 488 489 490 491 496 512 516 517 521 545 546 555 558 559 561 566 567 570 572 577 578 585 593 609 610 613 615 618 619 622 633 638 640 641 657 661 662 679 680 684 688 691 693 700 701 702 707 721 735 741 750 752 753 755 756 760 762 763 766 770 772 777 780 790 791 794 806 817 826 834 847 852 853 854 855 870 872 883 885 890 891 903 905 907 908 911 912 913 923 925 929 934 951 955 963 966 967 971 979 980 981 996 
1 12 19 33 38 42 47 55 62 66 70 73 77 81 109 117 132 139 147 149 150 164 191 206 228 231 237 238 262 308 313 322 328 338 350 352 361 369 372 373 386 388 392 399 415 429 453 456 478 495 509 527 528 550 560 575 581 600 601 621 623 624 643 647 653 667 671 672 677 695 706 717 728 740 742 745 757 758 764 773 819 824 836 840 844 860 862 863 864 887 897 898 906 919 922 944 952 969 989 
1 7 19 28 29 31 34 39 42 44 47 49 54 55 58 59 62 63 70 72 77 78 79 88 96 100 101 102 109 117 125 131 134 137 142 143 147 149 150 152 154 164 165 174 178 179 182 203 206 210 211 223 231 233 238 239 244 246 247 248 253 256 260 261 262 270 271 279 292 294 306 307 308 310 312 322 326 340 348 350 356 372 373 382 383 388 399 408 413 414 415 430 435 439 455 456 462 470 476 487 492 494 495 497 503 505 509 510 513 518 526 527 528 531 535 538 549 553 557 560 573 574 575 581 582 596 600 601 617 623 625 629 630 642 643 645 649 654 655 660 665 666 676 677 690 694 704 711 713 714 717 719 723 728 736 738 744 745 747 754 757 758 761 767 768 769 782 783 784 792 801 802 805 808 813 814 816 821 823 830 835 838 840 844 846 848 858 862 863 864 884 887 898 899 909 910 914 916 919 922 926 928 932 938 941 944 952 956 960 962 968 970 984 987 990 994 997 
11 27 28 35 43 49 58 67 68 73 80 88 98 105 113 129 151 158 159 164 184 193 201 208 216 219 234 239 242 255 256 257 269 270 280 285 291 298 299 309 324 330 343 349 357 385 402 403 405 406 416 419 420 428 429 447 456 457 459 477 485 493 494 497 508 513 516 533 536 539 543 544 552 553 565 568 570 572 578 582 598 602 614 620 626 635 640 652 686 689 696 698 701 708 723 735 770 779 780 791 812 813 818 822 831 834 839 844 854 858 869 884 904 905 909 915 928 931 938 948 954 955 960 970 975 996 998 
5 13 23 24 25 32 36 37 51 52 65 71 83 87 93 118 122 144 157 180 183 190 194 195 196 197 214 225 232 241 245 254 264 268 273 281 284 287 290 297 300 302 323 342 353 355 364 371 378 379 391 418 424 438 452 460 464 469 473 488 512 524 525 529 540 555 558 561 577 590 593 605 609 615 641 651 668 679 682 699 701 707 762 781 804 826 856 859 874 903 905 911 920 925 929 933 950 963 966 971 974 980 981 
4 5 10 13 14 15 17 24 25 26 30 32 36 37 45 50 51 52 65 82 83 85 87 90 91 93 97 99 106 107 110 112 114 118 119 120 122 123 133 138 145 153 157 160 163 168 176 180 183 187 189 190 196 197 199 212 214 218 221 225 230 243 245 251 252 267 268 272 276 278 281 284 287 288 290 295 300 303 319 320 321 323 325 329 336 339 341 342 347 360 362 364 375 376 379 380 381 390 391 393 401 407 417 418 419 422 425 433 436 444 460 461 463 464 469 473 475 479 482 484 488 491 496 512 514 517 519 529 532 540 546 555 556 558 559 561 566 567 571 577 589 590 603 604 605 608 609 610 611 613 615 618 619 622 627 641 651 657 669 679 683 684 699 702 707 712 721 727 734 737 741 743 749 753 756 760 762 763 771 775 796 798 800 809 817 826 828 853 854 857 859 881 883 886 890 895 903 907 911 920 923 925 929 930 934 947 951 957 963 966 971 978 980 981 982 986 
12 19 33 38 42 47 62 66 73 81 86 94 95 132 139 147 149 155 164 191 204 206 226 228 231 237 238 262 274 308 313 318 322 328 331 350 352 361 367 368 369 373 386 388 389 392 399 427 429 453 478 504 527 528 542 550 581 600 601 621 624 647 653 659 667 671 672 692 695 706 717 726 728 740 742 745 748 757 758 764 773 793 805 819 823 824 836 840 844 850 860 863 864 877 887 893 897 898 906 919 922 944 952 961 969 977 985 989 
1 7 8 9 16 20 21 29 31 34 39 42 44 47 49 54 55 58 59 62 63 70 72 77 79 95 96 100 101 102 116 125 129 130 134 137 142 145 149 154 156 159 160 164 165 169 174 178 179 181 182 193 203 210 211 218 223 229 233 244 247 248 253 256 258 260 261 262 270 271 277 279 288 292 294 295 306 307 310 312 322 326 340 343 348 349 350 354 356 362 365 370 372 373 377 383 388 402 408 409 413 414 415 420 426 429 430 435 439 455 456 457 462 463 467 468 470 476 480 487 492 494 495 498 502 503 505 509 510 518 520 526 534 535 538 549 557 560 573 574 584 587 591 596 600 613 617 625 628 629 630 632 643 645 649 654 655 660 664 665 666 670 674 676 677 681 690 694 698 704 708 713 714 715 717 718 719 725 728 737 738 739 741 744 747 751 754 757 760 761 767 768 779 782 783 787 789 792 798 801 802 808 813 814 816 821 823 830 835 838 840 854 858 863 864 870 873 884 885 889 893 898 899 900 909 910 914 916 919 921 926 928 932 937 938 941 942 944 947 949 951 956 958 960 962 968 972 973 984 994 997 
2 3 4 40 50 60 69 75 76 85 89 90 92 99 106 108 121 136 140 153 162 163 168 173 176 200 205 212 221 224 235 249 252 259 263 266 267 275 296 325 336 337 359 360 363 381 398 400 404 407 425 431 440 443 444 446 458 472 481 501 506 511 514 519 530 541 548 580 586 592 595 603 604 608 611 634 636 658 669 675 678 683 703 710 712 727 734 743 749 776 788 795 800 807 809 833 842 843 845 857 868 875 881 886 917 927 935 936 943 953 957 965 978 988 
2 41 48 60 63 64 75 92 103 124 127 141 142 143 148 152 154 167 182 202 203 213 220 227 258 259 263 271 286 312 318 335 344 345 351 358 359 374 382 395 397 441 462 468 480 487 492 498 506 511 526 528 538 547 554 564 594 606 607 616 625 642 644 650 663 681 697 711 713 719 746 767 769 785 795 803 805 824 829 830 842 846 848 866 867 868 879 882 887 901 902 932 942 946 958 968 990 992 995 
1 9 19 20 29 31 33 34 38 39 42 47 54 55 62 63 66 70 72 73 77 94 95 96 105 109 117 129 132 135 139 142 143 147 149 150 154 164 165 178 191 193 203 206 218 223 228 231 233 238 244 246 247 248 256 260 261 262 270 274 277 279 293 294 299 308 312 313 318 322 326 328 338 349 350 352 356 361 365 367 372 373 382 386 388 392 399 402 409 415 416 420 427 429 453 454 455 456 457 462 476 478 492 494 495 502 503 509 527 528 531 535 538 542 549 550 557 560 574 575 581 582 596 600 601 617 621 623 624 625 643 659 665 667 672 677 690 692 694 695 704 706 708 711 713 714 715 717 723 725 726 728 729 736 738 739 744 745 747 748 757 758 761 768 773 782 783 786 792 793 801 802 805 808 813 816 823 830 836 839 840 844 850 854 858 860 862 863 864 866 871 873 877 884 893 897 898 899 900 909 910 914 916 918 919 922 928 932 938 941 944 948 952 958 960 962 969 984 987 989 994 
11 27 35 43 53 68 80 98 105 113 123 144 151 158 161 166 193 199 201 208 214 215 216 219 234 240 241 255 257 269 270 273 285 291 297 298 309 317 324 327 343 357 378 384 385 405 406 410 412 418 419 424 428 447 459 461 477 485 486 489 493 508 512 516 533 536 539 543 544 552 561 565 568 570 572 577 578 587 593 598 602 614 620 626 631 633 635 638 640 652 668 686 689 693 696 698 701 708 762 766 770 777 780 790 791 806 812 818 822 834 855 869 872 904 905 912 915 931 938 945 950 954 955 975 979 980 996 998 
7 8 9 16 21 30 31 34 39 44 46 48 63 71 72 79 84 100 101 102 111 116 121 124 125 126 128 130 134 137 145 152 156 162 169 170 174 175 177 178 181 182 202 203 207 210 211 223 227 229 233 247 250 253 258 264 271 276 281 288 294 295 305 306 307 310 312 314 323 332 333 334 340 342 348 351 354 355 366 370 377 380 383 394 396 408 411 413 414 423 426 434 435 438 439 441 442 449 460 462 467 469 470 471 476 480 487 492 498 499 505 510 518 520 524 526 534 537 538 549 557 563 573 574 583 584 591 594 597 610 613 625 628 629 630 632 637 639 645 646 649 650 654 655 660 665 666 670 674 676 681 687 716 718 719 720 724 738 741 754 760 765 767 768 772 783 787 789 792 798 799 801 802 804 808 814 815 816 821 825 827 829 830 832 835 838 856 861 865 874 876 878 885 896 901 902 910 916 921 924 926 932 937 940 942 947 949 951 968 972 973 974 984 994 997 
5 14 15 17 20 26 32 37 45 50 57 61 82 87 90 91 97 99 104 107 112 114 119 120 123 133 138 146 163 168 185 186 187 189 199 201 212 217 218 221 222 243 251 265 267 272 277 278 283 284 289 301 303 304 316 320 329 336 339 341 346 347 363 375 376 391 393 401 403 417 418 422 425 428 433 436 440 445 451 461 463 466 472 475 479 482 489 490 491 496 500 519 541 545 546 559 561 566 567 571 579 585 589 599 608 619 622 627 648 657 662 669 680 684 688 691 693 700 702 705 721 722 725 727 730 733 735 739 749 750 752 753 755 762 763 771 780 794 796 797 800 811 817 826 828 837 847 849 852 853 854 881 883 890 891 900 907 918 923 934 939 957 963 967 980 986 991 
7 16 21 44 46 79 101 102 124 126 128 134 152 156 174 181 182 202 210 211 233 247 253 271 305 306 310 314 332 340 348 354 366 383 394 411 423 434 435 449 462 467 470 476 492 498 499 505 518 526 549 563 584 628 629 639 649 650 654 655 660 676 716 718 720 724 754 767 787 821 829 835 861 865 876 921 926 932 937 968 994 997 
1 19 33 34 38 39 42 47 54 55 62 63 66 70 72 77 94 95 96 109 117 132 139 142 143 147 149 150 154 164 178 191 203 206 228 231 233 238 244 247 248 260 262 274 279 308 312 313 318 322 326 328 338 350 352 361 372 373 382 388 392 399 415 427 429 453 455 456 462 478 492 494 495 503 509 527 528 531 538 542 549 550 557 560 581 596 600 601 617 621 623 624 625 643 659 672 677 690 694 695 704 711 713 714 717 726 728 742 745 747 748 757 758 761 793 801 805 808 813 816 823 830 836 840 844 858 860 863 864 866 893 897 898 910 914 916 919 922 932 941 944 952 962 969 984 994 
2 3 21 41 44 48 56 60 63 64 69 75 76 79 92 94 100 101 103 106 119 121 124 127 140 141 142 143 145 147 148 152 154 156 160 162 167 177 178 181 182 192 202 203 205 209 213 224 227 233 235 244 248 250 258 259 263 271 276 286 293 306 312 318 321 326 335 336 344 345 351 354 358 359 360 370 374 377 380 382 390 395 397 400 401 404 431 437 439 441 446 450 462 468 472 479 480 487 492 498 502 503 505 506 507 511 526 532 537 538 542 547 564 569 573 580 584 594 595 600 606 607 608 610 616 625 628 636 642 644 646 650 654 659 663 664 674 675 678 681 683 690 697 703 710 712 713 715 718 719 720 728 734 737 741 746 751 767 769 776 778 785 787 793 795 798 801 802 803 808 811 815 816 827 829 830 833 838 841 842 846 848 866 867 868 875 878 879 882 887 889 901 902 910 916 921 932 935 936 940 942 946 947 951 953 958 962 968 972 973 983 984 988 990 992 994 995 
8 9 28 29 31 34 35 39 49 55 58 59 72 78 88 96 105 125 129 130 131 137 151 159 164 165 169 174 178 179 193 211 216 223 229 239 242 246 256 260 261 270 279 285 292 294 299 307 309 324 343 349 356 365 384 402 405 408 410 413 414 415 416 420 426 429 430 447 455 456 457 459 476 494 495 497 509 510 513 520 531 533 535 536 543 544 549 553 557 573 574 582 587 596 602 617 620 626 629 632 635 645 652 660 665 666 677 686 694 696 698 708 714 723 738 744 747 760 761 768 779 782 783 784 792 799 802 812 813 814 821 831 839 858 870 873 884 885 899 904 908 909 910 914 928 938 941 949 956 960 962 970 973 975 
2 4 14 26 37 40 45 50 57 61 69 74 75 76 82 85 87 90 92 97 99 106 107 108 112 119 120 133 136 138 163 168 171 173 176 200 205 212 221 235 236 243 249 251 252 259 263 266 267 272 275 282 283 301 303 304 320 321 325 336 337 339 341 347 360 363 376 393 400 401 404 407 417 422 425 431 432 436 440 443 444 445 446 450 465 466 472 473 479 483 501 506 511 514 519 522 523 530 541 542 546 548 551 559 564 566 567 571 586 589 592 595 603 608 619 622 627 634 636 648 658 669 675 683 705 710 712 721 722 727 730 732 734 743 749 753 771 774 776 778 788 793 796 800 807 811 817 828 833 842 843 845 853 857 867 868 875 880 881 886 890 900 917 927 935 936 943 953 957 965 976 978 983 986 999 
3 4 5 10 13 15 17 24 25 30 32 36 37 51 52 56 65 76 82 83 85 87 89 90 93 97 106 108 110 112 114 118 119 122 145 153 157 163 168 176 177 180 183 187 188 189 190 195 196 197 205 209 212 214 221 225 230 243 245 250 251 252 268 276 281 284 287 288 290 295 296 300 311 319 320 321 323 325 336 342 347 360 362 364 375 376 379 380 381 390 391 398 401 418 422 425 444 458 460 464 469 473 479 481 484 488 512 514 517 519 529 532 540 546 555 556 558 559 566 567 569 586 590 603 604 605 608 609 610 611 613 615 618 634 641 651 658 679 683 684 699 702 707 712 721 727 734 741 743 749 753 756 760 763 775 789 798 809 817 826 841 845 853 857 859 886 890 895 903 911 917 920 925 927 929 930 934 947 951 957 966 971 978 980 981 982 
9 10 13 23 24 25 30 36 37 51 52 56 65 71 83 84 87 93 97 100 110 111 114 116 122 145 157 160 170 175 177 180 183 187 188 190 192 194 195 196 197 207 209 214 229 230 232 245 250 254 264 268 276 281 287 288 290 295 300 302 311 319 323 325 333 334 342 355 360 362 364 371 377 379 380 390 396 398 401 409 426 439 452 460 464 469 471 473 488 517 524 525 529 534 537 540 555 556 558 573 590 605 609 610 613 615 618 637 641 651 670 674 679 682 683 687 699 707 718 741 756 760 775 781 789 804 825 826 827 832 838 859 874 878 896 903 911 920 924 925 929 930 933 940 947 951 966 971 973 974 981 982 984 
6 18 22 26 27 32 43 53 61 67 68 73 80 82 91 98 104 105 107 120 123 129 133 135 138 146 161 166 172 184 185 186 198 199 201 208 217 219 222 234 255 265 272 278 280 283 289 291 299 309 315 316 317 320 330 346 349 367 378 386 387 392 393 403 417 419 420 421 422 428 445 448 451 454 459 461 474 475 477 482 483 485 489 490 491 508 516 521 522 536 539 545 546 552 562 565 568 576 579 585 588 598 599 612 614 631 640 656 662 673 680 685 688 689 691 693 700 706 709 729 730 731 733 735 750 752 755 762 763 766 770 771 777 780 786 791 794 797 806 810 818 820 822 828 834 837 839 847 849 850 851 852 854 864 871 877 883 888 891 892 894 907 912 913 915 923 934 939 948 954 955 959 963 964 967 980 986 991 993 996 998 
1 9 12 14 19 20 29 34 39 42 47 54 55 57 62 63 66 67 68 73 74 77 86 94 95 100 105 123 129 132 135 139 142 143 145 147 149 151 154 160 164 178 191 193 198 203 204 206 217 218 222 228 233 236 244 248 256 258 260 261 262 265 270 274 277 278 279 280 288 289 293 294 299 301 303 304 308 309 313 318 322 326 329 330 349 350 352 361 365 367 368 369 372 373 386 388 389 392 399 402 403 408 409 415 420 427 428 429 448 454 455 456 457 459 463 465 466 468 472 478 492 494 495 496 500 502 503 504 509 523 527 528 535 536 538 542 546 550 557 573 576 582 589 596 598 600 617 621 624 625 643 652 653 656 657 659 664 665 672 677 680 685 690 692 694 695 704 706 708 711 714 715 717 722 725 726 728 729 732 735 737 739 744 747 748 751 755 757 768 773 774 778 779 780 786 793 794 796 805 808 811 813 816 823 830 838 839 840 844 847 850 851 854 858 863 864 866 870 871 873 877 884 889 892 893 898 900 906 909 910 916 918 919 922 928 938 944 948 952 958 960 961 962 973 976 983 984 985 989 991 
1 7 19 28 29 31 33 34 39 42 47 49 54 55 58 59 62 63 70 72 77 78 88 96 109 117 125 131 132 137 142 147 149 150 154 164 165 174 178 179 203 206 211 223 228 233 238 239 244 246 247 248 253 256 260 261 262 270 279 292 294 307 308 312 322 326 338 350 352 356 372 373 388 392 399 413 414 415 429 430 455 456 462 476 492 494 495 497 503 509 510 513 518 527 531 535 538 549 550 553 557 560 574 575 582 596 600 601 617 623 625 643 645 665 666 676 677 690 694 704 713 714 717 723 728 736 738 744 747 757 758 761 768 782 783 784 792 801 802 808 813 816 821 823 835 836 840 844 858 860 862 863 864 884 897 898 899 909 910 914 916 919 922 928 932 938 941 944 952 956 960 962 969 970 984 987 994 997 
3 4 10 21 30 48 51 52 56 65 76 84 85 90 97 100 101 103 106 110 114 121 122 136 140 145 153 157 160 162 170 175 176 177 180 187 188 192 203 205 209 224 227 230 233 249 250 252 258 271 276 281 288 295 306 311 319 321 323 325 336 342 359 360 362 370 377 380 381 390 398 401 404 431 439 441 444 446 458 460 464 469 473 479 480 487 488 507 517 524 532 537 540 548 556 569 573 580 586 590 592 603 604 608 610 613 634 636 637 646 651 658 674 675 678 679 681 683 684 687 699 703 707 712 718 734 737 741 756 760 775 776 788 789 795 798 802 808 815 817 825 827 838 841 845 853 857 867 875 878 889 895 896 901 903 916 924 925 930 936 940 942 947 951 953 957 972 982 984 988 
6 14 18 20 22 26 45 50 54 57 61 69 74 75 82 86 91 94 95 104 106 107 112 119 120 123 129 133 135 138 146 168 171 172 185 186 191 198 204 217 218 222 226 228 235 236 243 262 265 272 274 275 277 278 279 280 282 283 289 293 301 303 304 308 315 316 318 320 321 326 329 330 331 336 341 346 349 350 352 361 363 365 367 368 369 376 386 387 389 392 393 400 402 417 420 421 422 427 432 436 440 445 448 450 451 454 465 466 468 472 479 482 483 496 500 502 504 522 523 541 542 546 550 562 564 566 576 579 588 589 595 596 608 612 619 621 622 624 627 648 653 656 659 664 673 680 685 691 692 704 705 706 709 715 717 721 722 725 726 729 730 731 732 733 735 737 739 744 748 751 752 755 771 773 774 778 786 793 794 796 797 800 811 817 820 823 828 833 837 847 849 850 851 852 853 854 864 871 873 877 880 881 883 888 890 892 893 894 900 906 918 919 923 935 936 939 948 958 961 962 964 967 976 977 983 985 986 989 991 999 
8 9 16 28 29 31 34 35 39 49 55 58 59 72 78 88 96 105 116 125 129 130 131 137 151 159 164 165 169 174 178 179 193 211 215 216 223 229 239 242 246 256 260 261 270 279 285 292 294 299 307 309 324 333 334 343 349 356 365 384 402 405 408 410 413 414 415 416 420 426 429 430 435 447 455 456 457 459 467 471 476 494 495 497 509 510 513 515 520 533 535 536 543 544 549 553 557 573 574 582 587 591 596 602 617 620 626 629 630 632 635 645 652 660 665 666 677 686 694 696 698 708 714 723 738 744 747 760 761 768 772 779 782 783 792 799 802 812 813 814 821 831 839 858 870 873 884 885 899 904 908 909 910 914 928 938 941 949 956 960 962 970 973 975 
7 8 16 28 29 31 34 39 49 55 58 59 72 78 88 96 102 109 115 116 125 130 131 137 159 165 169 174 178 179 193 210 211 216 223 239 242 246 247 253 256 260 261 270 292 294 307 343 348 356 405 408 413 414 426 430 435 455 457 467 470 476 494 495 497 509 510 513 518 520 531 533 535 544 549 553 557 573 574 591 596 617 623 625 629 630 632 635 645 660 665 666 676 677 694 698 708 714 738 744 747 754 761 768 779 782 783 784 792 801 802 808 813 814 821 831 835 858 885 899 909 910 914 928 938 941 949 956 960 973 975 987 994 997 
2 40 41 48 60 63 64 69 75 76 92 94 95 103 106 121 127 136 140 141 142 143 147 148 154 162 167 182 203 205 213 220 224 227 235 249 258 259 263 271 274 286 293 308 312 318 321 335 344 345 358 359 363 374 382 395 397 400 404 431 437 441 443 446 450 468 472 480 487 501 506 507 511 528 532 538 542 547 548 554 564 580 594 595 606 607 608 616 636 642 659 663 664 675 681 690 695 697 703 710 711 712 713 715 719 734 746 769 776 778 785 793 795 798 803 805 807 811 824 830 833 842 846 848 866 867 868 875 879 882 887 889 901 916 935 936 942 946 953 958 965 983 988 990 992 995 
6 14 18 20 22 26 45 50 53 57 61 67 74 82 91 99 104 107 112 119 120 123 133 135 138 146 168 171 172 184 185 186 198 201 212 217 222 236 251 265 267 272 277 278 280 282 283 289 301 303 304 315 316 317 320 339 341 346 363 367 368 387 393 403 417 421 422 428 436 440 445 451 454 465 466 472 474 479 482 483 489 490 491 496 500 504 519 522 523 539 541 542 545 546 551 562 566 567 571 579 585 588 589 599 612 614 619 622 627 631 648 656 669 673 680 685 688 691 693 700 705 709 721 722 730 731 733 735 750 752 753 755 771 774 780 793 794 796 797 800 810 811 820 828 837 847 849 851 852 854 871 881 883 888 890 891 892 894 900 907 912 913 918 923 939 948 959 964 967 976 983 986 991 993 999 
1 19 33 34 38 39 42 47 54 55 62 66 70 72 77 96 109 117 132 139 142 147 149 150 164 178 191 206 228 231 238 244 247 248 260 262 279 308 312 313 322 326 328 338 350 352 372 373 388 392 399 415 429 453 455 456 462 478 492 494 495 503 509 527 528 531 538 550 557 560 575 581 596 600 601 617 621 623 624 625 643 667 672 677 690 694 704 706 711 713 714 717 726 728 742 745 747 757 758 761 773 801 805 813 816 823 836 840 844 858 860 862 863 864 897 898 914 919 922 932 941 944 952 962 969 989 994 
1 9 14 19 20 21 29 30 31 34 39 41 42 44 47 48 54 55 60 63 64 69 72 74 75 79 92 94 95 100 101 103 105 106 114 116 119 121 123 127 129 134 140 142 143 145 147 149 151 152 154 156 160 162 164 167 178 181 182 202 203 206 218 220 223 224 227 229 233 238 244 247 248 258 259 260 262 265 271 274 277 278 279 288 289 293 294 295 301 303 304 306 308 312 318 321 322 326 329 335 336 345 349 350 354 358 359 360 362 365 370 372 374 376 377 380 382 388 390 392 395 399 401 402 403 408 409 415 420 426 427 428 437 439 441 450 455 457 462 463 468 469 472 476 479 480 487 492 495 496 498 500 502 503 505 506 507 510 511 518 526 528 532 534 536 538 542 546 547 549 550 557 564 566 573 574 584 589 594 595 596 598 600 606 607 608 610 613 616 617 625 628 629 642 643 646 650 657 659 663 664 665 670 674 677 681 683 684 690 692 694 695 697 703 704 710 711 713 714 715 717 718 719 720 722 725 726 728 729 734 735 737 739 741 744 748 751 755 760 767 769 774 778 779 780 783 785 787 789 793 794 795 796 798 801 802 803 805 808 811 813 814 815 816 823 824 827 829 830 838 846 848 853 854 858 864 866 867 868 870 873 875 879 882 887 889 893 898 900 901 902 909 910 914 916 918 919 921 932 935 942 947 951 958 960 962 968 972 973 983 984 990 994 997 
2 41 48 60 63 64 66 75 92 94 103 127 141 142 143 147 148 152 154 155 167 182 203 206 213 220 231 244 248 258 259 263 271 286 293 308 312 318 335 344 345 351 358 374 382 395 397 437 441 462 468 487 492 503 506 511 528 538 547 554 564 594 606 607 616 625 642 644 647 659 663 664 681 690 695 697 711 713 715 719 745 746 767 769 778 785 793 795 803 805 824 829 830 842 846 848 866 867 868 879 882 887 898 901 942 946 958 968 983 990 992 995 
3 4 9 10 13 23 24 25 30 32 36 37 51 52 56 65 71 83 84 85 87 93 97 100 110 111 114 116 121 122 145 153 157 160 170 175 176 177 180 183 187 188 189 190 192 194 195 196 197 205 207 209 214 215 218 224 225 229 230 243 245 250 252 254 264 268 276 281 284 287 288 290 295 297 300 302 311 319 321 323 325 333 334 336 342 347 355 360 362 364 365 375 377 379 380 381 390 396 398 401 408 409 426 439 444 452 458 460 461 464 469 471 473 479 488 512 515 517 524 525 529 532 534 537 540 555 556 558 559 569 573 590 604 605 608 609 610 613 615 618 637 638 641 646 651 657 670 674 678 679 682 683 684 687 699 701 707 712 718 734 741 756 760 763 772 775 781 789 790 798 809 817 825 826 827 832 838 841 853 857 859 870 874 878 885 886 890 895 896 903 911 920 924 925 930 933 934 940 942 947 950 951 957 966 971 973 974 978 980 981 982 984 
1 12 14 19 33 38 42 47 54 62 64 66 69 74 75 81 86 94 95 127 132 139 142 143 147 149 154 155 191 204 206 220 226 231 236 237 238 244 259 262 274 282 293 301 308 318 326 328 331 350 352 358 361 367 368 369 372 382 388 389 399 427 437 450 453 465 478 502 503 504 506 511 522 523 528 542 547 550 564 581 595 600 607 621 624 625 642 647 653 659 672 685 690 692 695 697 710 711 713 715 717 722 726 728 732 739 740 742 745 746 748 757 764 769 774 778 785 793 805 819 823 824 848 860 864 866 868 873 877 882 887 893 894 897 898 900 906 918 946 958 961 969 976 977 983 985 989 
9 18 20 22 26 27 35 53 54 61 67 68 73 80 91 98 105 123 129 135 151 164 172 184 185 186 193 198 199 201 217 219 222 228 234 239 255 262 265 269 270 278 279 280 289 291 299 304 309 316 317 330 346 349 350 365 367 386 392 393 402 403 415 416 419 420 428 429 447 448 451 454 456 457 459 474 482 485 489 490 494 496 508 527 536 539 544 545 546 550 552 562 565 576 578 582 585 588 596 598 599 602 614 620 626 631 635 640 652 656 657 673 677 680 686 688 689 691 692 693 696 698 700 706 708 717 729 730 731 733 735 739 744 752 755 770 771 773 777 779 780 786 791 794 797 806 810 813 820 822 837 839 844 847 849 850 851 852 854 858 864 870 871 873 877 883 884 888 891 892 893 904 907 909 912 913 915 918 919 923 928 938 944 948 954 955 960 962 964 967 979 989 991 996 
9 11 20 27 35 43 53 54 67 68 73 80 98 105 113 123 129 135 151 164 172 184 185 186 193 199 201 216 219 222 228 234 239 255 265 269 270 278 279 280 289 291 299 309 316 317 324 330 346 349 365 367 385 386 392 402 403 415 416 419 420 428 429 447 448 451 454 456 457 459 477 485 489 494 508 527 533 536 539 543 544 545 552 565 568 570 576 578 582 585 588 596 598 602 614 620 626 631 635 652 657 673 677 686 689 693 696 698 706 708 729 731 735 736 744 752 755 770 777 779 780 786 791 794 810 813 818 822 839 840 844 847 850 851 854 858 864 869 870 871 873 877 883 884 891 892 904 907 909 912 915 919 922 923 928 931 938 944 948 954 955 960 962 975 979 991 996 
2 4 14 40 48 50 57 60 63 66 69 74 75 82 86 90 92 94 95 103 106 108 112 119 127 136 139 140 143 147 148 154 155 163 167 168 173 176 200 204 206 212 235 236 249 258 259 263 274 275 277 282 293 301 303 304 308 318 321 331 336 341 350 358 359 360 361 363 367 368 389 399 400 404 427 431 432 437 440 443 445 446 450 465 466 468 472 478 479 501 502 506 507 511 523 528 532 541 542 547 554 564 566 586 589 592 595 603 607 608 616 621 622 627 636 642 647 659 664 669 672 675 685 690 692 695 697 703 705 710 712 715 721 722 726 727 728 732 734 737 746 748 751 764 774 776 778 785 788 793 795 796 798 800 803 805 807 811 823 824 828 830 833 842 866 867 868 875 879 880 881 882 893 898 900 917 918 935 936 943 946 953 958 976 983 999 
1 19 33 34 39 42 47 55 62 70 72 77 78 88 96 109 115 117 131 132 149 150 164 165 178 238 246 247 248 256 260 261 262 279 294 322 338 352 356 372 373 388 415 430 455 456 494 495 497 503 509 513 527 531 535 549 553 557 560 574 575 582 600 601 617 623 625 643 667 677 694 714 717 723 728 736 738 747 757 758 761 768 782 784 792 816 836 840 844 858 860 862 863 884 897 898 899 914 919 922 928 941 944 952 956 960 969 970 987 
21 23 36 44 52 65 71 83 84 93 101 110 111 116 122 126 128 170 175 177 180 188 190 192 194 195 196 207 209 230 232 245 250 254 264 268 276 281 287 290 295 300 302 306 311 319 323 332 333 334 342 353 355 366 370 371 379 380 394 396 398 423 426 438 439 442 449 452 460 469 471 488 524 525 529 534 537 540 555 556 558 583 590 597 605 609 613 637 651 670 674 679 682 687 699 707 716 718 741 756 765 775 781 789 804 814 825 827 832 838 856 859 874 878 896 920 924 925 929 930 933 940 950 951 966 974 981 982 
1 7 8 19 28 29 31 34 39 42 44 47 49 55 58 59 62 63 70 72 77 78 79 96 100 101 102 125 131 134 137 142 143 147 149 152 154 165 174 178 179 182 203 206 210 211 223 231 233 238 244 246 247 248 253 256 260 261 262 271 292 294 305 306 307 308 310 312 322 326 340 348 350 356 372 382 383 388 399 408 413 414 415 430 434 435 439 455 456 462 467 470 476 487 492 494 495 497 503 505 509 510 513 518 520 526 528 531 535 538 549 553 557 560 573 574 581 596 600 617 625 629 630 632 642 643 645 649 654 655 660 665 666 676 677 690 694 704 711 713 714 719 728 738 744 745 747 754 761 767 768 769 782 783 792 801 802 805 808 814 816 821 823 830 835 838 840 846 848 858 863 887 898 899 909 910 914 916 926 928 932 941 956 960 962 968 984 990 994 997 
33 35 38 42 53 54 67 68 73 77 88 105 129 132 135 150 164 172 184 186 191 193 228 234 242 256 260 262 270 279 280 299 309 313 317 324 328 330 349 350 352 367 369 373 386 389 392 399 402 403 415 416 420 427 429 447 448 454 455 456 457 459 485 494 495 504 509 527 533 536 539 550 560 575 576 582 588 596 598 601 617 621 624 635 652 653 667 673 677 686 692 694 696 704 706 708 717 723 729 731 735 736 744 747 755 758 761 773 780 784 786 813 819 822 836 839 840 844 847 850 851 858 860 863 864 871 873 877 884 892 893 899 906 909 918 919 922 928 938 944 948 952 960 961 962 969 970 985 987 989 991 996 
6 12 14 18 20 22 26 50 54 57 61 63 66 69 74 75 82 86 94 95 106 107 112 119 127 129 132 135 139 146 147 149 154 155 168 171 172 185 186 191 198 204 206 217 218 226 228 235 236 248 259 262 272 274 275 277 278 279 280 282 283 289 293 301 303 304 308 315 316 318 321 326 329 330 331 341 349 350 352 361 363 367 368 369 386 387 389 392 393 399 400 402 420 421 427 432 436 437 440 445 448 450 454 465 466 468 472 478 479 483 500 501 502 503 504 506 511 522 523 528 541 542 550 562 564 566 576 588 589 595 596 607 608 612 621 622 624 627 648 653 656 659 664 672 673 677 680 685 690 691 692 695 697 704 705 706 710 715 717 721 722 725 726 728 729 730 732 733 735 737 739 744 748 751 755 764 771 773 774 778 785 786 793 794 796 800 805 811 816 820 823 828 833 837 847 850 851 854 864 866 868 871 873 877 880 881 888 892 893 894 898 900 906 918 919 935 936 939 948 958 961 962 964 976 977 983 984 985 989 991 999 
2 14 40 41 48 50 57 60 63 64 66 69 74 75 76 86 92 94 95 103 106 119 121 127 136 139 140 141 142 143 147 148 154 155 167 182 203 204 206 213 220 231 235 236 244 248 249 258 259 262 263 271 274 275 277 282 286 293 301 303 304 308 312 318 321 326 331 335 336 341 344 345 350 358 359 360 361 363 367 368 382 389 399 400 404 427 431 432 437 440 441 443 445 446 450 465 466 468 472 478 479 480 487 501 502 503 506 507 511 523 528 532 538 542 547 548 554 564 580 586 592 595 600 606 607 608 616 621 627 636 642 647 659 663 664 672 675 681 685 690 692 695 697 703 705 710 711 712 713 715 719 722 726 728 732 734 737 745 746 748 751 764 769 774 776 778 785 793 795 796 798 803 805 807 811 816 823 824 828 830 833 842 846 848 866 867 868 875 879 880 881 882 887 889 893 898 900 901 916 918 935 936 942 946 953 958 962 965 976 983 984 992 995 999 
2 3 4 10 40 48 50 51 56 60 75 76 85 89 90 92 97 100 103 106 108 110 119 121 122 136 140 141 145 153 162 163 168 173 176 177 188 192 200 205 209 212 213 224 235 243 249 250 252 258 259 263 275 276 296 311 321 325 336 344 359 360 363 377 380 381 398 400 401 404 431 443 444 446 458 472 473 479 481 484 488 501 506 507 511 514 530 532 537 540 548 556 566 569 580 586 592 603 604 608 610 616 634 636 646 651 658 669 674 675 678 683 699 703 707 710 712 727 734 741 756 775 776 788 795 798 807 809 815 817 827 833 841 842 845 853 857 867 868 875 878 881 886 890 895 901 917 927 930 935 936 942 943 947 951 953 957 965 978 982 988 995 
1 19 33 34 39 42 47 54 55 62 70 72 73 77 78 88 96 105 109 115 117 129 131 132 149 150 164 165 178 191 228 242 246 256 260 261 262 270 279 294 299 313 322 324 338 350 352 356 372 373 386 388 392 399 415 416 429 430 455 456 494 495 497 509 513 527 531 535 549 550 553 557 560 575 582 596 601 617 623 625 643 667 677 686 694 704 706 708 714 717 723 728 736 747 757 758 761 768 773 782 784 813 831 836 839 840 844 858 860 862 863 864 884 897 899 909 914 919 922 928 938 941 944 952 960 962 969 970 987 
28 34 49 55 58 59 70 72 77 78 88 96 109 115 117 125 131 137 150 159 164 165 174 179 193 211 216 239 242 246 256 260 261 270 292 294 324 338 343 356 405 413 414 416 429 430 455 456 457 476 494 495 497 509 513 520 531 533 535 544 549 553 557 560 574 575 582 596 601 617 623 635 645 666 677 686 696 698 708 714 723 736 738 747 761 768 782 784 792 813 821 831 844 858 862 863 884 899 909 914 922 928 938 941 956 960 970 975 987 
1 7 21 34 39 44 46 48 63 72 79 96 100 101 102 124 134 137 142 152 156 174 178 181 182 202 203 210 211 233 244 247 248 253 258 271 305 306 310 312 314 340 348 354 370 372 374 377 383 395 411 434 435 439 441 462 470 476 480 487 492 495 498 503 505 518 526 538 549 557 563 574 584 594 600 625 628 629 630 639 644 649 650 654 655 660 670 674 676 681 694 713 714 716 718 719 720 724 728 738 754 767 769 782 787 792 801 802 808 814 816 821 829 830 835 846 861 865 898 902 910 914 916 921 926 932 941 942 968 972 990 994 997 
11 20 27 35 43 53 67 68 80 98 105 113 123 129 151 158 161 164 184 185 193 199 201 208 216 219 222 234 239 240 255 257 265 269 270 278 280 285 289 291 298 299 309 317 324 330 346 349 357 365 378 385 402 403 406 416 419 420 428 429 447 451 457 459 477 485 489 508 516 533 536 539 543 544 552 565 568 570 572 578 585 587 598 602 614 620 626 631 635 640 652 657 686 689 693 696 698 701 708 729 731 735 744 752 755 766 770 777 779 780 791 794 806 813 818 822 834 839 847 854 858 869 871 873 883 884 891 904 905 907 909 912 915 923 931 938 948 954 955 962 975 979 991 996 998 
12 19 33 38 66 81 86 94 95 132 139 147 149 155 191 204 206 226 231 237 238 274 308 313 318 328 331 350 352 361 368 369 373 389 399 427 450 453 465 478 504 522 523 527 528 542 550 581 600 621 624 647 653 659 667 671 672 692 695 717 726 728 732 740 742 745 748 757 764 773 793 805 819 823 824 860 887 893 894 897 898 906 952 961 969 976 977 985 989 
4 6 14 15 17 18 22 25 26 37 45 50 51 53 57 61 69 74 82 87 90 91 97 99 104 106 107 108 112 114 119 120 123 133 138 146 163 168 171 173 176 185 186 189 212 217 218 221 235 236 243 251 265 266 267 272 275 277 278 282 283 284 289 301 303 304 315 316 320 321 325 329 336 337 339 341 346 347 360 363 375 376 387 393 400 401 407 417 421 422 425 432 433 436 440 444 445 450 451 465 466 472 473 474 475 479 482 483 488 491 496 500 501 514 517 519 522 523 530 541 542 546 551 559 562 566 567 571 579 585 586 588 589 592 599 603 608 611 612 615 618 619 622 627 648 657 669 675 679 684 685 688 691 702 705 709 712 721 722 727 730 732 733 734 743 749 752 753 756 763 771 774 778 793 796 797 800 807 809 810 811 817 820 826 828 833 837 843 849 852 853 854 875 880 881 883 886 888 890 900 917 923 927 934 935 936 939 943 957 959 967 976 978 983 986 991 993 999 
5 11 13 23 24 25 30 32 36 37 51 52 65 71 83 87 93 114 116 118 123 130 144 151 157 158 166 169 175 183 187 190 194 195 196 207 214 215 219 225 229 230 232 240 241 245 250 254 264 268 273 276 281 284 285 287 288 295 297 298 300 302 319 323 327 333 334 342 343 353 355 357 362 364 371 378 379 380 384 391 396 406 410 418 419 423 424 426 438 442 452 460 461 464 469 471 473 486 488 512 515 516 517 524 525 529 534 555 558 561 570 572 573 577 578 583 587 590 591 593 597 605 609 613 615 633 637 638 641 657 661 668 670 679 682 701 707 718 741 759 760 762 765 772 781 789 790 799 804 812 826 832 838 855 856 870 872 874 885 903 905 908 911 925 929 933 945 949 950 963 966 971 973 974 979 980 981 
9 21 23 30 44 52 56 65 71 84 93 100 101 110 111 116 121 122 126 128 145 170 175 177 180 188 190 192 194 195 205 207 209 224 227 229 230 232 245 250 254 264 268 276 281 287 288 290 295 300 302 306 311 319 323 332 333 334 342 355 360 366 370 371 377 379 380 394 396 398 401 423 426 438 439 442 449 452 460 469 471 488 524 525 529 532 534 537 540 555 556 573 583 590 597 605 609 610 613 637 646 651 670 674 679 682 683 687 699 707 716 718 741 756 765 775 781 787 789 802 804 814 815 825 827 832 838 856 859 874 878 896 916 920 924 925 930 940 942 947 951 966 972 973 974 981 982 984 
3 4 10 25 37 40 50 51 56 65 76 85 87 89 90 97 99 108 110 114 122 136 140 153 163 168 173 176 188 197 200 205 212 221 224 230 243 249 252 267 268 276 290 296 311 321 325 336 360 364 381 398 401 404 407 425 431 443 444 446 458 473 479 481 484 488 501 514 517 519 530 532 540 548 556 559 569 580 586 592 603 604 608 611 615 618 634 636 651 658 669 675 678 679 683 699 702 703 707 712 727 734 743 749 756 775 776 788 798 807 809 817 841 843 845 857 875 881 886 890 895 917 920 925 927 930 936 943 947 951 953 957 965 966 978 982 988 
6 12 14 19 22 38 54 57 66 69 74 75 81 86 94 95 127 132 135 139 146 147 149 154 155 191 198 204 206 220 226 231 236 237 238 259 274 282 283 293 301 303 304 308 315 318 326 328 331 341 350 361 363 367 368 369 389 399 400 421 427 432 437 440 445 450 453 454 465 466 472 478 501 502 504 506 511 522 523 528 542 550 562 564 576 581 595 600 607 621 624 627 642 647 653 656 659 671 672 680 685 692 695 697 705 710 715 722 726 728 732 739 740 742 745 748 764 774 778 785 793 805 811 819 820 823 824 828 833 837 850 851 864 866 868 873 877 880 882 887 893 894 898 900 906 918 935 939 958 961 964 976 977 983 985 989 999 
4 5 10 13 14 15 17 24 25 26 30 32 36 37 45 50 51 52 65 82 83 85 87 90 91 93 97 99 106 107 110 112 114 118 119 120 122 123 133 138 145 151 153 157 160 163 168 176 180 183 187 189 190 196 197 199 201 212 214 218 221 225 230 243 245 251 252 265 267 268 272 276 278 281 284 287 288 290 295 300 303 319 320 321 323 325 329 336 339 341 342 347 360 362 364 365 375 376 379 380 381 390 391 393 401 407 417 418 419 422 425 428 433 436 444 460 461 463 464 469 473 475 479 482 484 488 489 490 491 496 512 514 517 519 529 540 546 555 556 558 559 561 566 567 571 577 578 585 589 590 603 604 605 608 609 610 611 613 615 618 619 622 627 641 651 657 669 679 683 684 688 699 702 707 712 721 727 734 737 741 743 749 752 753 755 756 760 762 763 771 775 790 796 800 809 817 826 828 853 854 857 859 870 881 883 886 890 891 895 903 907 911 920 923 925 929 930 934 947 951 957 963 966 971 978 979 980 981 982 986 
28 34 35 49 55 58 59 70 73 77 78 88 96 105 109 115 117 125 129 131 150 159 164 165 179 193 216 239 242 246 256 260 261 270 279 294 299 309 324 338 343 356 392 402 405 415 416 420 429 430 447 455 456 457 459 494 495 497 509 513 527 531 533 535 543 544 553 557 560 575 582 596 601 602 617 623 635 652 677 686 696 698 708 723 736 738 744 747 761 768 782 784 792 813 831 839 840 844 858 862 863 884 899 909 919 922 928 938 941 944 956 960 970 975 987 
3 4 10 40 51 76 85 89 97 99 108 136 153 163 173 176 197 200 221 249 252 266 267 296 325 360 364 381 398 407 425 431 443 444 446 458 473 481 484 488 514 530 540 548 556 559 580 586 603 604 611 618 634 658 678 702 707 727 743 749 756 788 807 809 843 845 857 886 895 917 920 927 943 957 965 978 982 
3 4 10 14 25 37 40 45 50 51 56 69 76 82 85 87 90 92 97 99 106 107 108 110 112 114 119 120 136 140 145 153 160 163 168 173 176 189 200 205 212 218 221 224 230 235 236 243 249 251 252 266 267 272 275 276 282 296 301 303 320 321 325 329 336 337 339 341 347 360 362 363 364 375 376 380 381 390 398 400 401 404 407 417 422 425 431 432 440 443 444 445 446 458 463 472 473 479 481 488 496 501 506 507 511 514 517 519 530 532 541 546 548 551 556 559 564 566 567 569 571 580 586 589 592 595 603 604 608 610 611 615 618 619 622 627 634 636 648 658 664 669 675 678 679 683 684 702 703 705 707 710 712 721 722 727 734 737 743 749 751 753 756 771 774 776 778 788 795 796 798 800 807 809 811 817 828 833 843 845 853 857 867 868 875 880 881 886 890 895 917 927 930 934 935 936 943 947 951 953 957 965 978 982 983 986 999 
5 13 15 17 20 25 26 30 32 37 45 53 57 61 67 82 87 91 97 104 112 114 118 120 123 129 133 135 138 151 157 160 166 168 185 186 187 189 198 199 201 212 217 218 221 222 225 230 240 241 243 251 265 267 272 273 278 280 284 289 297 303 304 316 317 320 329 336 341 346 347 349 362 365 367 375 376 378 380 390 391 393 401 403 417 418 419 420 422 425 428 433 436 451 454 461 463 464 473 475 482 489 490 491 496 500 512 517 519 521 536 545 546 558 559 561 566 567 571 577 578 579 585 588 589 593 598 599 610 615 618 619 622 627 640 641 657 662 679 680 684 688 691 693 700 701 702 721 725 729 730 733 735 739 750 752 753 755 760 762 763 766 770 771 777 780 790 791 794 796 797 800 806 810 817 826 828 837 847 851 852 853 854 870 871 873 883 890 891 903 905 907 911 912 913 918 923 934 948 955 957 962 963 967 971 978 979 980 986 991 996 
2 4 14 40 41 48 50 60 63 64 69 75 76 90 92 94 101 103 106 119 121 127 136 140 141 142 143 148 154 162 167 168 176 181 182 203 205 213 224 227 235 249 252 258 259 263 271 275 277 286 293 301 312 318 321 335 336 341 344 345 351 358 359 360 363 377 382 395 397 400 404 431 437 440 441 443 446 450 468 472 479 480 487 492 498 501 502 506 507 511 532 538 542 547 554 564 580 586 592 594 595 603 606 607 608 616 636 642 646 650 663 664 675 681 683 690 697 703 710 712 715 719 722 732 734 737 746 751 767 774 776 778 785 788 793 795 796 798 803 807 811 815 827 829 830 833 842 846 848 857 866 867 868 875 879 880 881 882 889 900 901 902 916 935 936 942 946 947 951 953 958 968 972 983 988 995 
5 10 13 15 17 23 24 25 30 32 36 37 51 52 65 71 83 84 87 93 97 114 118 122 144 157 175 176 180 183 187 189 190 194 195 196 197 214 225 230 232 241 243 245 254 264 268 273 281 284 287 290 295 297 300 302 323 325 333 334 342 347 353 355 364 371 375 378 379 380 391 396 418 424 438 452 460 464 469 471 473 488 512 517 524 525 529 540 555 556 558 559 561 577 590 593 605 609 613 615 618 638 641 651 668 679 682 699 701 707 756 762 763 775 781 804 817 826 855 859 874 890 903 905 911 920 925 929 933 934 950 957 963 966 971 974 978 980 981 
1 2 12 14 19 38 42 47 48 54 57 60 63 64 66 69 74 75 81 86 92 94 95 106 127 132 139 142 143 147 148 149 154 155 167 204 206 220 226 231 235 236 237 238 244 248 258 259 262 263 274 277 282 293 301 303 304 308 318 321 326 328 331 341 350 352 358 361 363 367 368 369 372 382 389 399 400 404 427 431 432 437 440 445 450 453 465 466 468 472 478 479 501 502 503 506 511 523 528 538 542 547 550 554 564 581 595 600 607 616 621 624 625 627 642 647 659 663 664 672 685 690 692 695 697 705 710 711 713 715 717 722 726 728 732 737 739 742 745 746 748 751 764 769 774 776 778 785 793 795 796 803 805 811 819 823 824 828 830 833 842 848 860 864 866 867 868 873 875 879 880 882 887 889 893 898 900 906 918 935 946 958 961 976 983 989 999 
1 9 12 14 19 20 38 39 42 47 54 57 60 63 66 69 74 75 81 86 94 95 100 106 112 119 127 129 132 135 139 142 143 145 146 147 149 154 155 160 167 178 198 203 204 206 217 218 226 228 231 233 235 236 237 238 244 248 258 259 260 262 272 274 277 279 282 288 289 293 301 303 304 308 318 321 326 328 329 331 341 349 350 352 358 361 363 365 367 368 369 372 376 382 389 390 392 393 399 400 402 409 420 427 432 436 437 440 445 450 453 454 463 465 466 468 472 478 479 492 495 496 500 502 503 504 506 507 511 522 523 528 538 542 547 550 564 566 573 581 589 595 596 600 607 608 616 619 621 622 624 625 627 642 647 659 664 672 677 680 685 690 691 692 694 695 697 704 705 706 710 711 713 715 717 722 725 726 728 729 730 732 733 737 739 742 744 745 748 751 755 764 773 774 778 785 793 794 796 798 805 808 811 816 819 823 824 828 830 833 838 850 853 854 860 864 866 867 868 871 873 877 879 880 882 887 889 893 894 898 900 906 910 916 918 919 935 936 947 948 958 961 962 973 976 977 983 984 989 999 
1 7 8 28 29 31 34 39 42 47 49 55 58 59 62 70 72 77 78 79 88 96 102 109 115 117 125 130 131 137 142 149 150 159 164 165 174 178 179 210 211 216 223 233 239 242 244 246 247 248 253 256 260 261 262 270 292 294 307 312 322 348 356 372 373 388 405 408 413 414 415 430 435 455 456 462 467 470 476 492 494 495 497 503 509 510 513 518 520 531 533 535 538 549 553 557 560 573 574 575 582 596 600 601 617 623 625 629 632 643 645 649 660 665 666 676 677 694 704 713 714 717 723 728 736 738 744 747 754 757 758 761 768 782 783 784 792 801 802 808 813 814 816 821 831 835 840 858 862 863 884 885 898 899 909 910 914 919 928 932 938 941 944 949 956 960 962 970 987 994 997 
3 4 10 13 14 15 17 25 26 30 32 37 45 50 51 52 56 65 76 82 85 87 89 90 91 93 97 99 100 103 106 107 108 110 112 114 119 120 121 122 123 133 138 145 153 157 160 163 168 173 176 177 180 187 188 189 196 197 205 209 212 214 218 221 224 225 230 235 243 249 250 251 252 258 266 267 268 272 276 278 284 288 290 296 303 311 319 320 321 325 329 336 339 341 342 347 359 360 362 363 364 375 376 377 379 380 381 390 393 398 401 407 417 422 425 433 436 444 446 458 460 461 463 464 469 472 473 475 479 481 482 484 487 488 491 496 507 512 514 517 519 529 532 537 540 546 548 555 556 558 559 564 566 567 569 571 586 589 590 592 603 604 608 609 610 611 613 615 618 619 622 627 634 641 646 651 657 658 664 669 674 675 679 683 684 699 702 703 707 712 721 727 734 737 741 743 749 751 753 756 760 763 771 775 788 789 796 798 800 809 811 817 826 827 828 841 843 845 853 854 857 859 867 875 878 881 883 886 889 890 895 903 911 916 917 920 923 925 927 930 934 935 936 942 943 947 951 953 957 966 971 978 980 981 982 983 984 986 
11 27 35 43 53 67 68 80 98 113 123 158 161 166 184 199 201 208 219 222 234 240 255 257 265 269 280 285 291 298 309 316 317 327 330 346 357 378 385 403 406 412 419 428 447 461 475 477 485 489 490 493 508 516 521 536 539 545 552 565 568 570 572 578 585 588 598 602 614 620 626 631 640 661 662 673 688 689 693 700 701 731 750 762 766 770 777 780 791 806 810 818 822 834 869 883 891 905 907 912 913 915 931 954 955 963 967 980 991 996 998 
4 6 14 18 26 37 40 45 50 61 82 85 87 89 90 97 99 104 106 107 108 112 119 120 133 138 163 168 171 173 176 200 212 221 235 243 249 251 266 267 272 275 283 301 303 315 316 320 321 325 336 337 339 341 347 360 363 375 376 387 393 400 401 404 407 417 422 425 432 436 440 443 444 445 472 473 479 481 483 491 501 514 519 530 541 546 551 559 566 567 571 579 586 589 592 603 608 611 612 618 619 622 627 648 658 669 675 702 705 709 712 721 722 727 730 734 743 749 753 771 788 796 800 807 809 811 817 828 843 845 849 853 857 875 881 886 888 890 917 923 927 936 939 943 957 965 978 986 999 
3 7 9 14 16 20 21 29 30 31 34 39 44 48 52 54 56 63 65 72 76 79 84 95 97 100 101 102 103 106 110 114 116 119 121 124 125 126 128 130 134 137 140 142 145 152 154 156 157 160 162 167 169 170 175 176 177 178 180 181 182 187 188 190 192 202 203 205 209 211 213 214 215 218 223 224 227 229 230 233 247 248 250 252 253 258 260 262 271 276 277 279 281 288 294 295 306 307 310 311 312 314 319 321 323 325 326 329 333 334 335 336 340 342 345 348 349 350 351 354 355 358 359 360 362 365 366 370 372 374 377 380 382 383 390 395 396 398 401 402 408 409 414 423 426 435 439 441 460 462 463 464 468 469 471 476 479 480 487 492 495 496 498 499 500 502 505 507 510 512 517 518 520 524 526 532 534 537 538 549 556 557 563 564 566 569 573 574 580 584 590 591 594 596 597 608 610 613 625 628 629 630 632 637 639 645 646 649 650 654 655 657 660 664 665 666 670 674 676 677 678 679 681 683 684 687 690 694 703 704 712 713 715 716 718 719 720 724 725 734 737 738 739 741 744 751 756 760 767 768 769 772 775 783 785 787 789 790 792 793 796 798 799 801 802 808 811 814 815 816 817 821 823 825 827 829 830 832 835 838 841 846 848 853 854 857 861 865 867 870 873 878 879 885 889 893 896 900 901 902 903 909 910 916 921 924 925 930 932 940 942 947 949 951 953 958 962 968 972 973 983 984 988 990 994 997 
7 9 16 21 29 30 31 34 39 44 46 48 56 63 71 72 79 84 92 100 101 102 103 111 116 121 124 126 128 134 142 145 152 154 156 160 162 167 170 175 177 178 181 182 202 203 205 207 209 210 213 223 224 227 229 233 247 248 250 253 258 260 264 271 276 281 288 295 305 306 310 312 314 321 323 326 332 333 334 335 340 342 345 348 351 354 355 358 360 362 366 370 372 374 377 380 382 383 390 394 395 396 397 401 408 409 411 423 426 434 435 439 441 442 449 460 462 463 468 469 470 471 476 479 480 487 492 495 498 499 502 505 507 510 518 524 526 532 534 537 538 549 557 563 564 573 574 583 584 591 594 597 610 613 625 628 629 630 632 637 639 644 646 649 650 654 655 660 664 665 670 674 676 681 683 687 690 694 704 713 715 716 718 719 720 724 725 737 741 744 751 754 760 765 767 769 783 785 787 789 795 798 801 802 808 814 815 816 821 825 827 829 830 832 838 846 848 861 865 867 874 876 878 879 889 896 901 902 910 916 921 924 926 932 937 940 942 947 951 958 962 968 972 973 974 984 990 992 994 997 
7 8 16 21 31 34 39 44 46 59 72 79 96 100 101 102 111 116 125 126 128 134 137 156 165 169 170 174 175 178 179 181 203 207 210 211 223 233 247 253 292 294 295 305 306 307 310 314 332 333 334 340 348 354 366 370 377 383 394 411 413 414 423 426 430 434 435 439 442 449 467 470 471 476 480 487 498 499 505 510 518 520 526 534 537 549 557 563 573 574 583 584 591 597 628 629 630 632 639 645 649 654 655 660 665 666 670 674 676 716 718 720 724 738 741 754 767 768 782 783 787 789 792 799 801 802 808 814 815 821 827 832 835 838 861 865 876 885 896 910 916 921 924 926 937 940 949 956 972 994 997 
2 3 21 41 48 56 60 63 64 69 75 76 92 97 100 101 103 106 110 119 121 127 136 140 141 142 145 148 154 160 162 167 176 177 181 182 192 203 205 209 213 224 227 235 249 250 252 258 259 263 271 276 286 312 318 321 325 335 336 344 345 351 358 359 360 370 374 377 380 382 390 395 397 400 401 404 431 441 443 446 468 472 479 480 487 492 498 501 502 506 507 511 532 537 538 547 548 554 556 564 569 580 594 595 606 607 608 610 616 636 642 644 646 650 663 664 674 675 678 681 683 697 703 710 712 715 719 734 737 741 746 751 756 767 776 778 785 795 798 803 811 815 827 829 830 833 841 842 846 848 857 866 867 868 875 878 879 882 889 901 902 916 930 935 936 940 942 946 947 951 953 958 965 968 972 983 984 988 992 995 
6 18 26 45 53 57 61 82 91 99 104 107 112 120 133 138 146 163 168 171 173 185 186 212 217 221 222 251 265 266 267 272 278 283 303 315 316 320 337 339 341 346 387 393 407 417 422 425 433 436 445 451 474 475 482 483 489 490 491 514 519 541 545 551 559 567 571 579 585 588 599 612 622 627 648 669 680 688 691 700 702 705 709 721 727 730 733 743 749 750 752 753 771 797 800 810 828 837 843 847 849 852 883 888 890 891 907 923 939 943 957 959 963 967 986 991 993 
9 11 20 27 28 29 35 42 43 49 53 54 58 63 67 68 73 77 80 88 105 123 129 130 135 150 151 159 160 164 165 172 184 185 186 193 198 199 201 215 216 218 219 222 228 229 234 239 242 255 256 260 261 262 265 269 270 278 279 280 285 288 289 291 294 298 299 304 307 309 313 316 317 324 326 330 343 346 349 350 352 362 365 367 373 385 386 392 402 403 405 408 409 410 415 416 419 420 428 429 447 448 454 455 456 457 459 461 463 477 485 489 494 495 496 497 508 509 510 516 527 533 535 536 539 543 544 546 550 552 553 560 565 570 576 578 582 587 588 596 598 602 614 617 620 626 635 652 657 673 677 680 686 689 692 693 694 696 698 701 704 706 708 717 723 725 729 731 735 736 739 744 747 755 760 761 768 770 772 773 779 780 786 790 791 794 812 813 816 822 823 838 839 840 844 847 850 851 854 858 864 870 871 873 877 884 885 891 892 893 899 904 907 909 910 912 915 916 918 919 922 928 938 944 948 952 954 955 960 962 970 973 975 979 984 989 991 996 
2 3 4 14 37 40 48 50 51 56 57 60 63 69 74 75 76 82 87 90 92 94 95 97 99 100 103 106 108 110 112 114 119 121 127 136 140 145 154 160 163 167 168 173 176 189 203 205 212 213 218 221 224 230 235 236 243 249 251 252 258 259 263 271 275 276 277 282 288 293 301 303 304 318 320 321 325 329 336 339 341 344 345 347 358 359 360 362 363 365 376 377 380 390 400 401 404 409 422 425 431 432 437 440 441 443 444 445 446 450 463 465 466 468 472 473 479 480 487 488 496 500 501 502 506 507 511 517 519 523 532 542 546 547 556 559 564 566 567 569 580 586 589 592 595 603 607 608 610 616 622 627 636 642 664 669 675 681 683 684 690 697 703 705 710 712 715 721 722 725 727 732 734 737 739 741 748 749 751 753 756 774 776 778 785 788 793 795 796 798 800 803 807 811 817 828 830 833 842 853 857 866 867 868 875 879 880 881 882 886 889 890 893 900 901 916 917 918 930 934 935 936 942 947 951 953 957 958 976 978 983 984 999 
6 14 18 22 26 37 45 50 53 57 61 74 82 87 90 97 99 104 107 112 119 120 133 138 146 163 168 171 173 185 186 198 204 212 217 236 243 251 266 267 272 275 282 283 289 301 303 304 315 316 320 336 337 339 341 346 347 363 367 368 376 387 393 400 407 417 421 422 425 432 436 440 445 451 465 466 472 474 483 491 500 501 504 514 519 522 523 541 542 546 551 559 562 566 567 571 579 585 586 588 589 592 599 608 612 619 622 627 648 656 669 685 688 691 705 709 721 722 727 730 733 743 749 752 753 771 774 797 800 807 810 811 820 828 837 843 849 852 880 881 888 890 894 900 923 939 943 957 959 964 967 976 986 991 993 999 
2 3 4 10 40 50 51 69 76 82 85 89 90 97 99 106 108 110 120 136 140 153 163 168 173 176 197 200 205 212 221 235 249 252 266 267 275 296 325 336 337 339 360 363 381 398 400 404 407 425 431 443 444 446 458 472 473 481 484 488 501 511 514 519 530 540 548 551 556 559 567 569 571 580 586 592 603 604 608 611 634 636 658 669 675 678 683 703 710 712 727 734 743 749 756 776 788 807 809 833 842 843 845 857 875 881 886 895 917 927 935 936 943 953 957 965 978 982 986 
1 33 34 42 47 55 59 62 70 77 78 88 96 109 115 117 131 132 149 150 164 165 179 191 242 246 256 261 262 270 294 313 322 324 338 352 356 372 373 388 415 416 429 430 455 456 494 495 497 509 513 527 531 535 553 557 560 575 582 601 617 623 643 667 677 714 717 723 728 736 738 747 757 758 761 768 782 784 792 831 836 840 844 858 860 862 863 884 897 899 914 919 922 928 938 941 944 952 956 960 969 970 987 
3 4 10 13 25 37 51 52 56 65 71 76 84 85 87 90 97 100 103 106 108 110 114 121 122 136 140 145 153 160 162 170 176 177 180 188 192 195 197 205 209 224 230 249 250 252 268 276 290 296 311 319 321 325 336 342 359 360 364 377 380 381 390 398 401 431 444 446 458 460 469 473 479 481 484 487 488 507 517 529 532 537 540 548 556 559 569 580 586 592 603 604 608 610 615 618 634 636 637 646 651 658 674 675 678 679 683 687 699 703 707 712 734 737 741 756 775 788 789 798 809 815 817 825 827 841 845 853 857 867 874 875 878 886 889 895 916 920 925 930 940 942 947 951 953 957 966 978 982 988 
21 23 44 52 65 71 84 101 102 111 116 122 126 128 170 175 177 180 188 195 207 250 264 276 295 302 305 306 319 323 332 334 340 354 355 366 370 377 394 396 411 423 438 439 442 449 460 469 499 518 524 525 529 534 537 583 597 613 628 629 630 637 639 646 651 670 674 687 716 718 741 765 787 789 804 814 815 825 827 832 838 856 861 865 874 876 878 896 924 925 940 951 972 974 
4 6 14 15 17 18 20 25 26 37 45 50 51 57 61 69 74 82 87 90 91 95 97 99 104 106 107 112 114 119 120 123 133 138 146 163 168 171 173 176 185 186 189 198 212 217 218 221 222 235 236 243 251 265 266 267 272 275 277 278 282 283 284 289 301 303 304 315 316 320 321 325 326 329 336 337 339 341 346 347 360 363 367 375 376 393 400 401 407 417 422 425 432 433 436 440 445 450 451 465 466 472 473 475 479 482 483 488 491 496 500 501 502 514 517 519 522 523 541 542 546 551 559 566 567 571 579 585 586 589 592 599 608 612 615 618 619 622 627 648 657 669 679 680 684 685 688 691 702 705 709 712 721 722 725 727 729 730 732 733 734 739 743 749 752 753 755 756 763 771 774 778 793 794 796 797 800 807 811 817 820 823 826 828 833 837 843 847 849 852 853 854 880 881 883 886 888 890 893 900 918 923 934 935 936 939 957 963 967 976 978 983 986 991 999 
11 27 35 43 68 80 98 113 123 144 158 161 166 183 193 199 201 208 214 215 219 234 240 241 255 257 269 273 285 291 297 298 309 327 357 378 384 385 406 412 418 419 424 428 447 459 461 477 485 486 489 490 493 508 512 516 536 539 543 544 552 561 565 568 570 572 577 578 593 598 602 614 620 626 631 633 635 640 652 661 662 668 686 689 693 696 698 701 708 762 766 770 777 780 790 791 806 812 818 822 834 855 869 872 904 905 915 931 945 950 954 955 979 980 996 998 
3 4 5 9 10 13 14 15 17 20 24 25 30 32 37 45 51 52 56 63 65 82 83 85 87 90 91 93 97 100 106 110 112 114 118 119 121 123 144 145 151 153 157 160 163 168 176 177 180 183 187 189 190 199 201 205 209 212 214 215 218 221 224 225 229 230 241 243 245 250 251 252 265 276 277 278 281 284 287 288 289 295 297 303 319 320 321 323 325 329 333 336 341 342 347 360 362 364 365 375 376 377 379 380 381 390 391 401 408 409 418 419 422 425 426 428 439 444 460 461 463 464 469 473 475 479 482 487 488 489 490 491 496 500 502 507 512 517 519 524 532 537 546 556 558 559 561 566 567 569 573 577 578 585 589 590 603 604 608 609 610 613 615 618 619 622 637 641 646 651 657 664 674 679 683 684 688 691 701 702 707 712 715 718 721 725 727 734 737 739 741 749 751 752 753 755 756 760 762 763 772 775 789 790 796 798 809 811 817 826 827 838 853 854 857 870 878 881 883 885 886 889 890 891 895 903 907 911 916 923 925 930 934 942 947 951 957 962 963 966 971 973 978 979 980 981 982 983 984 
28 59 70 77 78 88 96 109 115 117 131 150 164 165 179 216 239 242 246 256 261 270 324 338 356 405 416 429 430 455 456 494 497 513 531 533 535 544 553 560 575 582 601 623 635 686 696 708 723 736 738 747 761 782 784 792 813 831 844 858 862 863 884 899 922 928 938 941 956 960 970 975 987 
8 9 11 16 21 23 24 29 30 31 39 44 52 58 59 63 65 71 83 84 100 101 102 111 116 125 126 128 130 134 145 151 157 159 160 169 170 174 175 179 187 190 203 207 210 214 215 223 229 230 233 239 250 258 261 264 276 281 285 287 288 292 294 295 297 300 302 305 306 307 319 323 326 332 333 334 340 342 343 354 355 362 365 366 370 377 379 380 383 384 390 394 396 402 408 409 410 413 414 423 426 435 438 439 442 449 452 457 460 463 467 469 471 476 486 487 499 502 505 510 512 515 518 520 524 525 526 534 537 538 544 549 570 572 573 574 583 587 590 591 597 609 610 613 626 628 629 630 632 637 638 639 645 657 660 665 666 668 670 674 676 679 682 698 701 716 718 725 737 741 744 751 754 759 760 765 768 772 779 783 787 789 790 792 798 799 801 802 804 808 812 814 816 821 827 832 838 855 856 861 865 870 872 874 876 885 889 896 903 904 908 909 910 916 924 925 926 937 945 947 949 950 951 962 973 974 979 981 984 997 
1 19 33 34 42 47 55 62 70 77 78 88 96 109 115 117 131 132 149 150 178 191 238 242 246 248 256 262 313 322 328 338 352 356 372 373 388 415 430 453 456 494 495 497 503 509 527 531 535 560 575 582 600 601 617 623 625 643 667 677 694 714 717 723 728 736 747 757 758 761 782 784 816 836 840 844 860 862 863 897 898 899 914 919 922 928 941 944 952 969 970 987 
5 11 13 15 24 25 30 32 36 37 51 83 87 91 93 114 118 123 144 157 158 166 183 187 189 190 194 195 196 199 214 215 219 225 232 240 241 245 254 268 273 281 284 287 290 297 298 300 327 342 353 355 357 362 364 375 378 379 380 391 406 412 418 419 424 438 452 461 464 473 475 486 488 490 493 512 516 517 529 555 558 561 570 572 577 578 590 593 605 609 615 633 638 640 641 657 661 662 668 679 682 688 701 707 759 760 762 763 772 781 790 791 826 834 855 859 872 883 903 905 907 908 911 925 929 933 934 945 950 963 966 971 979 980 981 998 
4 14 20 37 45 48 50 51 57 61 63 69 74 75 76 82 87 90 92 95 97 99 100 103 106 107 112 114 119 120 121 145 146 160 163 168 173 176 189 205 212 217 218 221 230 235 236 243 249 251 252 258 266 267 272 274 275 276 277 282 283 288 289 293 301 303 304 308 318 320 321 325 326 329 336 337 339 341 347 360 362 363 365 376 377 380 390 393 400 401 404 409 417 422 425 432 436 440 444 445 446 450 463 465 466 468 472 473 479 482 487 488 496 500 501 502 506 507 511 514 517 519 523 532 541 542 546 556 559 564 566 567 571 586 589 592 595 603 607 608 610 619 622 627 648 659 664 669 675 680 683 684 691 703 705 710 712 715 721 722 725 727 729 730 732 734 737 739 741 748 749 751 753 756 771 774 776 778 785 793 794 795 796 798 800 807 811 817 823 828 833 842 843 853 857 867 868 875 880 881 886 889 890 893 900 916 917 918 930 934 935 936 939 942 947 951 953 957 958 976 978 983 984 986 999 
4 6 14 15 17 18 20 22 26 32 37 45 50 53 57 61 82 87 90 91 97 99 104 107 108 112 119 120 123 133 138 146 163 168 171 173 176 185 186 189 199 201 212 217 221 222 236 243 251 265 266 267 272 278 283 289 301 303 304 315 316 320 325 336 337 339 341 346 347 363 375 376 387 393 403 407 417 421 422 425 428 433 436 440 444 445 451 461 466 472 473 474 475 482 483 489 490 491 496 500 514 519 522 530 541 545 546 551 559 562 566 567 571 579 585 586 588 589 599 608 611 612 618 619 622 627 648 669 680 685 688 691 693 700 702 705 709 721 722 727 730 733 735 743 749 750 752 753 755 763 771 780 794 797 800 809 810 811 817 820 828 837 843 847 849 852 854 881 883 886 888 890 891 900 907 917 923 927 934 939 943 957 959 963 967 976 978 980 986 991 993 
2 3 14 21 30 40 44 48 56 60 63 65 75 76 84 92 97 100 101 103 106 110 114 119 121 136 140 141 142 145 154 156 157 160 162 167 170 176 177 180 181 182 187 188 192 203 205 209 213 218 224 227 230 233 235 248 249 250 252 258 263 271 276 286 288 295 306 311 312 319 321 325 326 329 335 336 342 344 345 351 358 359 360 362 365 366 370 377 380 382 390 395 397 398 401 404 409 431 439 441 443 446 458 460 463 464 468 469 479 480 487 492 498 502 506 507 511 517 526 532 537 538 547 548 556 564 566 569 573 580 594 595 603 606 607 608 610 613 616 634 636 637 646 650 664 674 675 678 679 681 683 684 687 690 703 712 715 716 718 719 734 737 741 751 756 760 767 775 776 778 785 787 788 789 795 796 798 802 803 808 811 815 816 817 825 827 829 830 833 838 841 842 848 853 857 867 868 875 878 879 889 896 901 902 903 910 916 930 935 936 940 942 947 951 953 958 962 968 972 973 983 984 988 995 
3 4 10 13 23 25 30 36 37 51 52 56 65 71 76 84 85 87 93 97 110 111 122 153 157 170 175 176 177 180 188 190 192 194 195 196 197 205 207 209 214 224 230 232 245 250 252 254 264 268 276 281 287 288 290 295 300 302 311 319 323 325 342 353 360 364 371 379 380 381 398 444 452 458 460 464 469 473 484 488 517 524 525 529 537 540 548 555 556 558 569 590 604 605 609 613 615 618 634 637 646 651 678 679 682 683 687 699 707 712 741 756 775 781 789 804 809 815 825 826 827 841 845 856 857 859 874 878 886 895 896 903 911 920 924 925 929 930 933 940 951 957 966 974 978 981 982 988 
5 9 11 13 15 17 20 24 25 26 27 30 32 37 43 45 53 54 57 61 63 67 68 80 82 83 87 91 97 98 105 112 113 114 118 120 123 129 130 133 135 138 144 151 157 158 159 160 164 166 168 184 185 186 187 189 190 193 198 199 201 208 214 215 217 218 219 222 225 229 230 234 240 241 243 251 255 260 265 269 270 273 278 279 280 284 288 289 291 297 298 299 303 304 309 316 317 320 326 329 336 341 342 343 346 347 349 357 362 365 367 375 376 378 379 380 386 390 391 392 393 401 402 403 406 408 409 410 412 418 419 420 422 426 428 447 451 454 457 461 463 464 473 475 477 479 482 485 486 489 490 491 496 500 512 516 517 521 536 539 543 544 545 546 552 558 559 561 565 566 568 570 572 577 578 585 587 589 593 596 598 602 610 614 615 618 619 620 622 626 631 633 635 638 640 641 657 661 662 677 679 680 684 688 689 691 693 694 698 700 701 704 708 721 725 729 730 733 735 739 744 750 752 753 755 759 760 762 763 766 770 772 777 779 780 786 790 791 794 796 806 813 816 817 818 826 828 834 837 847 851 852 853 854 855 864 870 871 872 873 883 885 890 891 893 903 904 905 907 908 909 910 912 913 916 918 923 934 945 948 954 955 962 963 967 971 973 979 980 984 991 996 998 
21 41 44 46 48 79 100 101 124 148 152 156 167 181 182 202 203 213 227 233 253 258 271 286 306 310 312 314 335 344 345 351 354 370 374 377 382 395 397 439 441 462 480 487 492 498 505 526 563 584 594 606 628 644 649 650 654 655 663 674 681 716 718 719 720 724 767 769 787 829 830 846 848 865 901 902 921 932 942 968 972 990 992 
7 8 9 16 28 29 30 31 34 39 44 49 55 58 59 72 78 88 96 100 102 116 125 128 130 131 137 159 165 169 174 178 179 193 210 211 215 216 223 229 233 239 242 246 247 253 256 260 261 270 288 292 294 295 306 307 332 333 334 340 343 348 356 384 408 410 413 414 423 426 430 435 439 455 457 467 470 471 476 494 495 497 499 509 510 513 515 518 520 533 534 535 544 549 553 557 573 574 587 591 596 597 613 617 625 629 630 632 635 645 660 665 666 670 676 677 694 698 708 714 718 738 744 747 754 760 761 768 772 779 782 783 792 799 801 802 808 813 814 816 821 831 835 838 858 870 885 899 908 909 910 914 916 928 937 938 941 949 956 960 962 973 975 984 994 997 
8 9 16 21 23 30 31 44 46 71 84 100 101 102 111 116 126 128 130 134 145 156 169 170 175 177 181 203 207 210 229 233 250 253 264 276 281 288 295 305 306 310 314 323 332 333 334 340 342 354 355 366 370 377 380 383 394 396 408 411 423 426 434 435 438 439 442 449 460 467 469 470 471 476 480 487 498 499 505 510 518 524 525 526 534 537 549 563 573 583 584 591 597 610 613 628 629 630 632 637 639 649 654 655 660 670 674 676 687 716 718 720 724 741 754 760 765 767 772 783 787 789 799 801 802 804 808 814 815 821 825 827 832 838 856 861 865 874 876 878 885 896 916 921 924 926 937 940 947 951 972 973 974 984 997 
2 41 48 60 63 64 66 69 74 75 86 92 94 95 103 106 127 139 141 142 143 147 148 154 155 167 182 203 206 220 231 235 237 244 248 258 259 263 271 274 286 293 301 308 312 318 321 335 344 345 350 358 361 382 399 400 404 427 431 437 450 453 468 472 478 501 503 506 511 523 528 538 542 547 554 564 581 595 600 606 607 616 621 625 642 647 659 663 664 672 681 690 695 697 710 711 713 715 719 722 726 728 732 745 746 748 764 769 774 776 778 785 793 795 803 805 811 823 824 830 833 842 846 848 866 867 868 875 879 880 882 887 893 898 935 946 958 983 990 992 995 
7 8 9 16 21 30 31 44 46 71 84 100 101 102 111 116 125 126 128 130 134 137 145 156 169 170 174 175 177 181 203 207 210 211 229 233 250 253 264 276 281 288 295 305 306 307 310 314 323 332 333 334 340 342 348 354 355 366 370 377 380 383 394 396 408 411 413 423 426 434 435 438 439 442 449 460 467 469 470 471 476 480 487 498 499 505 510 518 520 524 526 534 537 549 563 573 583 584 591 597 610 613 628 629 630 632 637 639 649 654 655 660 666 670 674 676 687 716 718 720 724 741 754 760 765 767 772 783 787 789 792 799 801 802 804 808 814 815 821 825 827 832 835 838 856 861 865 874 876 878 885 896 916 921 924 926 937 940 947 949 951 972 973 974 984 997 
9 14 19 20 27 28 29 35 39 42 49 53 54 57 58 63 67 68 73 74 77 80 88 91 95 105 123 129 130 132 135 147 149 150 151 159 160 164 165 184 185 186 191 193 198 199 201 215 216 217 218 222 228 229 234 239 242 248 256 260 261 262 265 270 277 278 279 280 288 289 293 294 299 303 304 307 308 309 313 316 317 324 326 329 330 346 349 350 352 362 365 367 368 369 372 373 386 389 392 399 402 403 408 409 415 416 419 420 427 428 429 447 448 451 454 455 456 457 459 461 463 465 482 485 494 495 496 497 500 502 503 504 509 510 527 533 535 536 544 546 550 552 553 557 560 565 570 576 578 582 585 587 588 589 596 598 602 617 620 621 624 626 635 652 653 656 657 659 665 677 680 685 686 690 691 692 693 694 696 698 704 706 708 715 717 722 723 725 726 728 729 731 733 735 736 739 744 747 748 751 752 755 757 760 761 768 772 773 774 779 780 786 790 794 813 816 822 823 838 839 840 844 847 850 851 854 858 864 870 871 873 877 883 884 885 891 892 893 899 900 904 906 907 909 910 916 918 919 922 923 928 934 938 944 948 952 954 955 960 961 962 970 973 975 979 980 984 985 989 991 996 
8 9 11 16 20 24 28 29 30 31 39 44 49 58 59 83 96 100 105 116 123 125 126 128 129 130 144 151 158 159 160 165 169 175 179 187 190 193 214 215 216 218 219 223 229 233 239 241 260 261 269 270 273 281 285 288 292 294 295 297 298 306 307 309 323 333 334 342 343 349 355 362 365 379 380 384 396 402 408 409 410 414 418 420 423 426 428 435 438 439 447 452 455 457 461 463 469 471 476 477 486 496 499 510 512 515 518 520 524 533 534 536 543 544 546 549 553 557 565 570 572 573 574 577 578 587 591 596 597 598 602 613 620 626 629 630 632 635 638 641 645 657 660 665 666 668 670 684 694 696 698 701 708 718 725 741 744 747 759 760 768 772 779 783 789 790 792 799 802 808 812 813 814 816 832 838 854 855 858 870 872 873 885 903 904 905 908 909 910 916 928 934 938 945 949 950 954 960 962 973 975 979 984 
28 34 49 55 58 59 70 72 77 78 88 96 109 115 117 125 131 137 150 165 174 179 211 216 239 242 246 256 261 270 292 324 338 356 405 413 414 430 455 476 494 497 509 513 520 531 533 535 549 553 557 560 574 575 582 601 623 645 666 714 723 736 738 747 761 768 782 784 792 821 831 844 862 863 899 914 922 928 938 941 956 960 970 987 
1 12 19 33 38 42 47 54 55 62 66 70 73 74 77 81 86 94 95 109 117 129 132 135 139 142 147 149 150 155 164 191 204 206 226 228 231 237 238 244 248 262 274 279 308 313 318 322 326 328 331 338 350 352 361 367 368 369 372 373 386 388 389 392 399 415 427 429 448 453 454 456 465 478 495 503 504 509 527 528 542 550 560 575 581 600 601 621 624 625 643 647 653 659 667 671 672 677 690 692 694 695 704 706 717 726 728 729 739 740 742 745 748 757 758 764 773 774 786 793 805 819 823 824 836 840 844 850 860 862 863 864 871 873 877 887 893 897 898 900 906 918 919 922 944 948 952 961 969 977 985 989 
6 14 15 17 18 20 26 32 37 45 50 53 57 61 82 87 91 97 99 104 107 112 120 123 133 138 146 163 168 171 185 186 189 199 201 212 217 221 222 236 243 251 265 266 267 272 278 283 289 303 304 315 316 317 320 336 339 341 346 347 375 376 393 403 407 417 422 425 428 433 436 440 445 451 461 466 474 475 482 483 489 490 491 496 500 514 519 521 541 545 546 551 559 566 567 571 579 585 588 589 599 612 619 622 627 640 648 662 669 680 688 691 693 700 702 705 709 721 722 727 730 733 735 743 749 750 752 753 755 763 766 770 771 777 780 794 797 800 806 810 817 828 837 843 847 849 852 854 881 883 888 890 891 900 907 912 913 923 934 939 957 959 963 967 980 986 991 993 996 
1 7 9 16 21 29 31 34 39 44 46 63 72 79 100 101 102 116 126 128 134 137 142 145 152 156 175 178 181 182 202 203 210 211 223 233 244 247 248 253 258 260 271 288 295 305 306 310 312 314 326 334 340 348 354 366 370 372 377 383 394 408 411 414 426 434 435 439 441 462 470 476 480 487 492 495 498 499 503 505 510 518 526 534 537 538 549 557 563 573 574 584 591 594 597 600 625 628 629 630 632 639 649 650 654 655 660 665 666 670 674 676 681 694 704 713 714 716 718 719 720 724 728 738 741 744 754 767 783 787 789 792 798 801 802 808 814 816 821 829 830 832 835 838 861 865 876 889 896 898 902 910 914 916 921 924 926 932 937 942 947 951 962 968 972 973 984 990 994 997 
6 14 18 19 20 22 26 42 53 54 57 61 67 68 73 74 86 91 95 105 123 129 132 135 146 147 149 164 172 184 185 186 191 193 198 201 204 217 218 222 226 228 234 236 248 262 265 277 278 279 280 283 289 299 301 303 304 308 309 313 316 317 326 329 330 346 349 350 352 361 367 368 369 372 373 386 387 389 392 393 399 402 403 415 420 427 428 429 448 451 454 457 459 465 466 472 482 485 495 496 500 502 503 504 522 523 527 536 542 546 550 562 576 588 589 596 598 621 624 652 653 656 659 673 677 680 685 690 691 692 693 694 704 706 708 717 722 725 726 728 729 730 731 733 735 739 744 748 752 755 757 773 774 778 780 786 793 794 811 813 820 823 828 837 839 840 844 847 850 851 852 854 858 864 871 873 877 883 888 891 892 893 894 900 906 907 918 919 923 939 944 948 952 954 961 962 964 976 977 983 985 989 991 996 
2 3 4 40 50 56 60 69 75 76 85 89 90 92 103 106 108 110 121 136 140 141 153 162 163 173 176 188 192 200 205 213 224 235 249 252 259 263 275 296 311 325 336 344 359 360 363 381 398 400 404 407 431 443 444 446 458 472 481 501 506 511 514 530 532 548 556 569 580 586 592 595 603 604 608 616 634 636 646 658 675 678 683 703 710 712 727 734 776 788 795 807 809 833 841 842 845 857 868 875 881 886 917 927 935 936 943 951 953 965 982 988 995 
1 7 8 16 28 29 31 34 39 44 49 55 58 59 72 78 79 96 100 102 125 128 131 134 137 142 165 174 178 179 210 211 223 233 244 246 247 248 253 260 261 292 294 305 306 307 310 312 340 348 356 372 383 413 414 430 434 435 439 455 462 467 470 476 492 495 503 509 510 513 518 520 526 531 535 538 549 553 557 573 574 591 600 625 629 630 632 639 645 649 654 655 660 665 666 676 694 713 714 728 738 747 754 768 782 783 792 801 802 808 814 816 821 835 838 861 898 910 914 916 926 932 937 941 956 960 994 997 
5 6 14 15 17 18 22 26 32 37 45 50 53 57 61 82 87 91 97 99 104 107 112 120 123 133 138 146 163 168 171 185 186 189 199 201 212 217 221 222 236 243 251 265 266 267 272 278 283 289 303 304 315 316 317 320 336 339 341 346 347 375 376 387 391 393 403 407 417 418 421 422 425 428 433 436 440 445 451 461 466 474 475 482 483 489 490 491 500 514 519 521 522 541 545 546 551 559 561 562 566 567 571 579 585 588 589 599 612 619 622 627 640 648 662 669 680 685 688 691 693 700 702 705 709 721 722 727 730 733 735 743 749 750 752 753 755 762 763 766 770 771 777 780 797 800 806 810 817 820 828 837 843 847 849 852 854 881 883 888 890 891 900 907 912 913 923 934 939 957 959 963 967 976 980 986 991 993 996 
1 12 14 19 33 38 42 47 54 62 66 69 74 75 81 86 94 95 127 132 139 142 143 147 149 154 155 191 204 206 220 226 228 231 237 238 244 262 274 293 301 308 313 318 322 326 328 331 350 352 361 367 368 369 372 373 388 389 399 427 437 450 453 465 478 502 503 504 522 523 527 528 542 550 581 600 601 607 621 624 625 642 647 653 659 667 671 672 690 692 695 697 706 711 713 715 717 722 726 728 732 739 740 742 745 748 757 758 764 769 773 774 778 793 805 819 823 824 836 840 848 850 860 863 864 866 873 877 882 887 893 894 897 898 900 906 918 919 944 952 958 961 969 976 977 983 985 989 
2 3 4 21 40 48 56 60 63 69 75 76 85 90 92 100 103 106 108 110 121 136 140 141 145 160 162 176 177 188 192 200 203 205 209 213 224 227 235 249 250 252 258 259 263 271 276 296 311 321 325 336 344 345 359 360 363 370 377 380 381 390 397 398 400 401 404 431 441 443 444 446 458 468 472 479 480 487 501 506 507 511 532 537 548 556 564 569 580 586 592 595 603 604 606 607 608 610 616 634 636 646 658 664 674 675 678 681 683 687 703 710 712 734 737 741 756 776 785 788 795 798 807 815 827 830 833 841 842 845 857 867 868 875 878 879 889 901 916 917 930 935 936 940 942 947 951 953 965 972 982 988 995 
2 41 48 60 64 75 76 92 103 121 127 136 140 141 148 162 167 213 227 235 258 259 263 286 318 335 344 345 351 358 359 374 395 397 404 431 441 443 446 468 501 506 507 511 532 547 548 554 564 580 594 595 606 607 616 636 642 644 663 675 681 697 703 710 719 746 776 785 795 803 830 833 842 846 866 867 868 875 879 882 901 935 936 946 953 958 965 988 990 992 995 
1 7 9 19 20 34 39 41 42 47 48 54 55 60 62 63 64 66 72 75 79 92 94 95 96 100 101 103 121 127 132 134 137 139 142 143 145 147 149 152 154 156 160 167 178 182 203 206 218 220 231 233 238 244 247 248 253 258 260 262 271 274 277 279 288 293 308 312 318 321 322 326 329 335 345 349 350 352 358 361 365 372 373 374 382 388 390 395 399 402 409 415 427 437 441 453 455 462 463 468 478 479 480 487 492 495 502 503 506 507 509 518 526 528 538 542 547 549 550 557 564 573 574 581 594 596 600 606 607 616 617 621 624 625 642 643 644 655 659 663 664 672 677 681 690 694 695 704 711 713 714 715 717 719 725 726 728 737 738 739 744 745 747 748 751 757 767 769 778 782 785 792 793 795 796 798 801 802 803 805 808 816 823 824 829 830 835 838 840 846 848 854 860 863 864 866 867 873 879 882 887 889 893 897 898 900 901 910 914 916 919 932 941 942 944 947 958 962 968 973 983 984 990 992 994 997 
1 19 34 41 42 47 48 54 60 63 64 66 69 72 75 92 94 95 127 139 142 143 147 149 154 155 167 178 182 203 206 220 231 238 244 247 248 258 259 262 271 274 293 308 312 318 326 335 350 358 361 372 374 382 388 395 399 427 437 450 453 462 468 478 492 495 502 503 506 511 528 538 542 547 550 564 581 594 595 600 607 616 621 625 642 647 659 663 664 672 681 690 694 695 697 704 710 711 713 714 715 717 719 726 728 737 745 746 748 751 769 778 785 793 795 801 803 805 816 823 824 829 830 846 848 864 866 867 868 879 882 887 889 893 898 900 914 916 932 946 958 962 983 984 990 994 
5 11 13 23 24 27 30 32 36 43 83 93 113 114 118 123 130 144 151 157 158 166 183 187 190 194 214 215 219 225 232 240 241 245 254 255 257 273 281 284 285 287 291 295 297 298 300 323 327 333 334 342 353 355 357 362 378 379 380 384 391 396 406 410 412 418 419 424 426 438 447 452 461 464 469 471 477 486 493 512 515 516 517 555 558 561 565 568 570 572 577 578 587 590 593 605 609 613 615 620 626 633 638 640 641 657 661 662 668 679 682 701 759 760 762 772 790 791 812 826 834 855 870 872 885 903 904 905 908 911 929 933 945 950 954 963 966 971 974 979 980 981 998 
3 4 9 14 20 21 29 30 31 32 37 39 44 48 51 52 54 56 63 65 76 84 87 90 95 97 100 101 103 106 110 114 116 119 121 126 128 134 140 142 145 151 154 156 157 160 162 168 170 175 176 177 178 180 181 182 187 188 190 192 203 205 209 214 215 218 223 224 225 227 229 230 233 243 248 250 252 258 260 262 271 276 277 279 281 288 293 295 306 311 312 318 319 321 323 325 326 329 333 334 336 340 342 349 350 354 355 359 360 362 365 366 370 372 376 377 380 390 396 398 401 402 408 409 422 426 439 441 460 461 463 464 468 469 471 473 476 479 480 487 488 492 496 498 500 502 505 507 510 512 517 518 524 526 532 534 537 538 546 549 556 559 564 566 569 573 580 584 590 596 597 608 610 613 625 628 629 630 637 646 657 664 670 674 677 678 679 681 683 684 687 690 694 703 704 712 715 716 718 719 725 734 737 739 741 744 751 756 760 767 772 774 775 778 783 785 787 789 790 793 796 798 801 802 808 811 814 815 816 817 823 825 826 827 830 832 838 841 853 854 857 867 870 873 878 885 889 890 893 896 900 901 903 910 916 921 924 925 930 934 935 940 942 947 951 953 957 958 962 972 973 980 983 984 988 997 
6 14 18 20 22 26 45 53 57 61 74 82 86 95 104 107 112 119 120 133 135 138 146 168 171 172 185 186 198 204 217 222 226 236 272 277 278 282 283 289 301 303 304 315 316 320 331 339 341 346 361 363 367 368 387 389 393 417 421 436 440 445 451 454 465 466 472 474 479 482 483 496 500 504 522 523 541 542 551 562 566 571 576 579 588 589 599 612 619 622 627 648 653 656 673 680 685 691 692 705 709 721 722 729 730 731 733 739 748 752 771 774 778 793 794 796 797 800 810 811 820 828 837 847 849 850 851 852 864 871 873 877 881 888 890 892 893 894 900 918 923 939 948 959 961 964 967 976 977 983 985 986 989 991 993 999 
1 12 14 19 33 34 38 42 47 48 54 55 60 62 63 64 66 69 72 74 75 81 86 94 95 127 129 132 135 139 142 143 147 149 154 155 167 178 182 203 204 206 220 226 228 231 237 238 244 247 248 258 259 262 271 274 277 279 293 301 303 304 308 312 318 322 326 328 331 350 352 358 361 367 368 369 372 373 382 388 389 392 399 415 427 437 450 453 454 462 465 468 478 492 495 500 502 503 506 509 511 523 528 538 542 547 550 564 581 589 595 600 607 616 621 624 625 642 643 647 659 664 672 677 681 690 692 694 695 697 704 706 710 711 713 714 715 717 719 722 725 726 728 729 732 737 739 742 745 746 748 751 757 764 769 773 774 778 785 793 801 805 816 819 823 824 830 840 846 848 850 860 863 864 866 868 871 873 877 879 882 887 889 893 897 898 900 906 914 916 918 919 932 944 946 948 952 958 961 962 969 983 984 989 990 994 
2 41 48 60 64 69 75 92 94 103 124 127 141 148 152 167 182 213 220 235 258 259 263 286 312 318 335 344 345 351 358 359 374 395 397 404 431 437 441 450 462 468 498 501 506 511 542 547 554 564 594 595 606 607 616 636 642 644 650 663 681 695 697 710 719 746 769 776 778 785 795 803 824 829 830 833 842 846 848 866 867 868 879 882 887 902 946 958 990 992 995 
1 12 19 33 34 38 39 42 47 54 55 62 63 66 70 72 74 77 81 86 94 95 96 109 117 129 132 135 139 142 143 147 149 150 154 155 164 178 191 203 206 228 231 233 237 238 244 247 248 260 262 274 277 279 293 308 312 313 318 322 326 328 350 352 361 367 372 373 382 388 392 399 415 427 429 453 454 455 456 462 478 492 494 495 502 503 509 527 528 538 542 549 550 557 560 581 596 600 601 617 621 624 625 642 643 647 659 667 672 677 690 692 694 695 704 706 711 713 714 715 717 725 726 728 729 739 742 745 747 748 757 758 761 764 773 774 793 801 805 808 813 816 819 823 824 830 836 840 844 850 858 860 863 864 866 871 873 877 887 893 897 898 900 906 910 914 916 918 919 922 932 941 944 948 952 958 962 969 984 989 994 
1 19 33 34 42 47 55 62 70 73 77 78 88 96 105 109 115 117 129 131 132 149 150 164 165 191 216 228 242 246 256 260 261 262 270 279 294 299 313 322 324 338 350 352 356 372 373 386 388 392 399 405 415 416 429 430 455 456 494 495 497 509 513 527 531 533 535 550 553 557 560 575 582 596 601 617 623 635 643 667 677 686 696 706 708 714 717 723 728 736 747 757 758 761 768 773 782 784 813 831 836 839 840 844 858 860 862 863 864 884 897 899 909 914 919 922 928 938 941 944 952 960 969 970 987 
5 9 11 13 20 24 27 28 29 30 32 35 43 49 54 58 63 67 68 80 83 87 91 105 114 116 123 129 130 144 145 151 157 158 159 160 164 169 184 185 187 189 190 193 199 201 214 215 216 217 218 219 222 225 229 234 239 240 241 243 255 260 265 269 270 273 277 278 279 280 284 285 288 289 291 294 297 298 299 304 307 309 317 326 329 333 342 343 346 349 357 362 365 376 378 379 380 384 386 390 391 392 402 403 406 408 409 410 418 419 420 422 424 426 428 429 447 451 455 457 459 461 463 464 471 477 479 482 485 486 489 490 496 500 502 510 512 515 516 520 533 536 543 544 546 552 553 561 565 568 570 572 573 577 578 585 587 589 596 598 602 610 613 619 620 626 632 633 635 638 640 641 652 657 662 668 677 680 684 688 689 691 693 694 698 701 704 708 721 725 729 735 737 739 744 751 752 755 759 760 762 763 770 772 779 780 790 791 794 796 799 812 813 816 817 822 826 838 839 847 853 854 855 858 864 870 871 872 873 883 885 891 893 903 904 905 907 908 909 910 916 918 923 928 934 938 945 947 948 949 950 954 955 960 962 963 971 973 975 979 980 984 991 996 
1 21 34 41 44 46 48 63 64 72 79 100 101 124 134 142 148 152 154 156 167 178 181 182 202 203 213 220 227 233 244 247 248 253 258 271 286 306 310 312 314 335 345 351 354 358 370 372 374 377 382 395 397 439 441 462 468 480 487 492 495 498 503 505 526 538 563 584 594 600 606 625 628 644 649 650 654 655 663 674 681 694 713 714 718 719 720 724 728 767 769 785 787 801 803 816 829 830 846 848 879 882 887 898 901 902 914 916 921 932 942 958 968 972 990 992 994 997 
3 4 10 13 25 37 40 51 56 65 76 85 87 89 90 97 108 110 114 122 136 153 163 168 176 177 180 188 192 195 196 197 200 205 209 212 221 230 243 249 250 252 267 268 276 290 296 311 319 321 325 336 360 364 381 398 401 407 425 431 444 446 458 473 479 481 484 488 514 517 519 529 530 532 540 548 555 556 559 569 580 586 603 604 608 611 615 618 634 651 658 678 679 683 687 699 702 707 712 727 734 743 749 756 775 788 798 809 817 841 845 857 859 878 886 890 895 917 920 925 927 930 947 951 957 965 966 978 982 
1 9 14 19 20 34 39 41 42 47 48 54 55 60 63 64 66 69 72 74 75 86 92 94 95 100 101 103 106 121 127 139 142 143 145 147 149 152 154 155 156 160 167 178 182 203 206 218 220 231 233 238 244 247 248 258 259 260 262 271 274 277 279 288 293 301 308 312 318 321 322 326 329 335 345 349 350 358 361 365 372 374 382 388 390 395 399 402 409 427 437 441 450 453 462 463 468 472 478 479 480 487 492 495 502 503 506 507 511 523 526 528 538 542 547 549 550 557 564 573 581 594 595 596 600 606 607 616 621 625 642 643 647 659 663 664 672 677 681 690 692 694 695 697 704 710 711 713 714 715 717 719 722 725 726 728 732 737 739 744 745 746 748 751 767 769 774 778 785 793 795 796 798 801 802 803 805 808 811 816 823 824 829 830 838 846 848 854 864 866 867 868 873 879 882 887 889 893 898 900 901 910 914 916 918 919 932 935 942 946 947 958 962 968 973 983 984 990 994 
12 14 19 38 64 66 69 74 75 81 86 94 95 127 132 139 143 147 149 154 155 191 204 206 220 226 231 236 237 238 244 259 274 282 293 301 308 318 328 331 341 350 358 361 363 367 368 369 382 389 399 400 427 432 437 440 450 453 465 472 478 501 502 504 506 511 522 523 528 542 547 550 564 581 595 600 607 621 624 642 647 653 659 672 685 692 695 697 710 711 713 715 722 726 728 732 740 742 745 746 748 764 769 774 778 785 793 805 811 819 823 824 833 848 866 868 877 880 882 887 893 894 898 900 906 935 946 958 961 976 977 983 985 989 
7 21 39 44 46 48 63 79 100 101 102 121 124 126 128 134 142 145 152 154 156 167 170 175 178 181 182 202 203 213 227 233 247 248 253 258 271 288 295 305 306 310 312 314 326 335 340 345 348 351 354 358 366 370 372 374 377 382 383 395 397 411 434 439 441 462 468 476 480 487 492 498 502 505 507 518 526 534 537 538 549 563 564 573 584 594 597 625 628 629 630 639 644 649 650 654 655 664 670 674 676 681 690 694 704 713 715 716 718 719 720 724 737 741 751 767 769 785 787 789 798 801 802 808 814 815 816 827 829 830 832 838 846 848 861 865 867 879 889 896 901 902 910 916 921 924 932 940 942 947 951 958 962 968 972 973 984 990 992 994 997 
5 9 10 13 15 17 23 24 25 30 32 36 37 51 52 56 65 83 87 91 93 97 100 114 116 118 121 122 123 144 145 151 157 158 160 175 176 177 180 183 187 189 190 196 199 205 209 214 215 218 219 224 225 229 230 232 241 243 245 250 254 268 273 276 281 284 287 288 290 295 297 300 319 323 325 329 333 334 336 342 347 353 355 360 362 364 365 375 376 377 378 379 380 390 391 396 401 408 409 410 418 419 422 424 426 439 452 460 461 463 464 469 471 473 479 486 488 496 512 515 516 517 524 529 532 534 537 540 546 555 556 558 559 561 566 570 572 573 577 578 587 590 593 605 609 610 613 615 618 633 637 638 641 646 651 657 668 670 674 679 682 683 684 701 707 718 737 741 756 759 760 762 763 772 775 789 790 796 817 826 827 832 838 853 855 859 870 872 874 878 883 885 890 903 905 907 908 911 920 925 929 930 934 942 947 950 951 957 963 966 971 973 974 978 979 980 981 984 
5 11 24 27 30 32 35 43 80 83 98 113 118 123 130 144 151 157 158 166 183 187 190 193 199 201 208 214 215 219 225 234 240 241 245 255 257 269 273 281 285 287 291 297 298 309 327 342 343 349 353 355 357 362 365 378 379 384 391 402 406 408 410 412 418 419 424 428 438 447 452 457 461 471 477 485 486 493 508 512 515 516 536 543 544 552 558 561 565 568 570 572 577 578 587 593 598 602 614 620 626 633 635 638 640 641 657 661 662 668 689 698 701 708 759 760 762 770 772 779 780 790 791 812 818 822 834 854 855 869 870 872 885 903 904 905 908 915 929 931 945 949 950 954 955 963 971 979 980 981 998 
8 9 11 16 24 28 29 30 31 35 39 49 58 59 78 88 96 105 116 123 125 129 130 151 159 164 165 169 179 187 193 214 215 216 219 223 229 233 239 242 256 260 261 269 270 279 285 288 292 294 295 297 298 299 307 309 324 333 334 343 349 362 365 380 384 402 405 408 409 410 413 414 415 416 420 426 428 429 430 435 438 447 455 456 457 459 461 467 471 476 477 486 494 495 497 510 512 513 515 520 533 534 535 536 543 544 553 557 565 570 573 574 578 582 587 591 596 602 613 617 620 626 629 630 632 635 638 645 652 657 660 665 666 670 677 686 694 696 698 708 723 738 744 747 759 760 768 772 779 783 790 792 799 802 808 812 813 814 816 821 831 838 839 854 858 870 872 873 884 885 899 903 904 908 909 910 916 928 938 945 949 950 954 956 960 962 970 973 975 979 984 
3 4 9 14 20 21 29 30 31 32 37 39 48 52 54 56 63 65 87 90 91 95 97 100 101 103 105 106 110 114 116 119 121 123 129 130 140 142 145 151 154 157 160 162 168 176 177 178 187 189 190 199 203 205 209 214 215 218 223 224 225 227 229 230 233 235 243 248 250 252 258 260 262 265 271 276 277 278 279 281 288 289 293 295 297 301 303 304 306 318 319 321 323 325 326 329 333 336 341 342 349 350 359 360 362 363 365 370 372 376 377 380 390 401 402 403 408 409 418 419 420 422 426 428 439 441 457 460 461 463 464 468 469 472 479 480 482 487 492 496 500 502 507 510 512 517 524 532 534 536 537 538 546 556 564 566 569 570 573 577 578 586 587 589 590 592 596 598 608 610 613 619 622 625 626 637 641 646 657 664 670 674 675 677 679 681 683 684 690 691 694 701 703 704 712 715 718 721 722 725 729 734 735 737 739 741 744 751 755 756 760 762 763 772 774 775 778 779 780 789 790 793 794 796 798 802 808 811 813 814 815 816 817 823 826 827 828 830 838 853 854 857 867 870 873 875 878 881 883 885 889 890 893 900 901 903 907 909 910 916 918 925 930 934 935 936 942 947 951 957 958 962 971 972 973 979 980 983 984 
27 43 53 80 98 113 161 166 184 199 201 208 219 234 255 257 291 316 317 346 378 403 475 477 489 490 493 508 516 521 539 545 552 565 568 585 588 599 614 631 640 662 673 688 689 693 700 731 750 766 770 777 780 791 806 810 818 834 869 883 891 907 912 913 915 931 954 955 959 963 967 991 996 998 
2 3 21 40 44 48 56 60 63 76 92 100 101 103 110 121 136 140 141 145 160 162 170 177 181 188 192 203 205 209 213 224 227 235 249 250 252 258 263 271 276 311 321 335 344 345 351 359 360 366 370 377 380 390 395 397 398 401 404 431 441 443 446 458 468 479 480 487 498 501 506 507 511 532 537 548 564 569 580 594 603 606 610 616 634 636 646 650 664 674 675 678 681 683 687 703 710 712 716 718 734 737 741 767 776 785 787 788 795 798 807 815 827 830 833 841 842 857 867 868 875 878 879 889 896 901 902 916 930 936 940 942 947 951 953 965 972 988 995 
4 10 25 26 37 40 45 50 51 69 76 82 85 87 89 90 97 99 104 106 107 108 112 114 119 120 133 136 138 153 163 168 173 176 200 205 212 221 235 236 243 249 251 252 266 267 272 275 282 301 320 321 325 336 337 339 341 347 360 363 364 375 381 393 400 401 404 407 417 422 425 432 436 440 443 444 445 446 472 473 479 481 483 488 491 501 511 514 517 519 530 541 548 551 556 559 566 567 571 586 592 603 604 608 611 615 618 627 634 648 658 669 675 679 683 702 705 707 709 710 712 721 722 727 734 743 749 753 756 771 788 800 807 809 817 833 843 845 853 857 875 880 881 886 890 895 917 923 927 935 936 943 953 957 965 978 982 986 999 
9 19 20 27 28 29 33 34 35 38 39 42 47 49 54 55 58 62 63 67 68 70 73 77 78 80 88 96 105 109 115 123 129 132 135 149 150 151 159 164 165 178 184 191 193 201 216 218 222 228 234 239 242 246 248 256 260 261 262 265 270 278 279 280 289 294 299 304 307 309 313 317 322 324 326 328 330 349 350 352 365 367 372 373 386 388 392 399 402 403 405 408 409 415 416 420 428 429 447 448 454 455 456 457 459 485 494 495 497 503 509 510 527 531 533 535 536 544 550 553 557 560 565 575 576 578 582 596 598 601 602 617 620 623 624 625 626 635 652 653 665 667 677 680 686 690 692 694 696 698 704 706 708 717 723 725 728 729 731 735 736 739 744 747 755 757 758 761 768 773 779 780 784 786 794 813 816 819 822 823 831 836 839 840 844 847 850 851 854 858 860 862 863 864 870 871 873 877 884 892 893 897 899 904 909 910 916 918 919 922 928 938 941 944 948 952 954 960 962 969 970 973 975 984 985 987 989 991 
7 8 28 29 31 34 39 42 49 55 58 59 70 72 77 78 88 96 102 105 109 115 125 129 130 131 137 150 159 164 165 174 178 179 193 210 211 216 223 239 242 246 247 253 256 260 261 262 270 279 292 294 299 307 322 324 343 348 356 372 402 405 408 413 414 415 416 420 429 430 435 455 456 457 467 470 476 494 495 497 509 510 513 518 520 531 533 535 544 549 553 557 560 574 575 582 596 617 623 625 629 632 635 643 645 660 665 666 676 677 686 694 696 698 708 714 723 736 738 744 747 754 761 768 779 782 783 784 792 801 802 808 813 814 821 831 835 840 858 862 863 873 884 885 899 909 914 928 938 941 949 956 960 962 970 975 987 994 997 
5 27 32 43 53 83 91 98 113 118 123 144 158 161 166 183 187 199 201 208 219 225 240 241 255 257 269 273 291 297 317 327 357 378 391 406 412 418 419 424 428 461 475 489 490 493 508 512 516 521 545 558 561 568 572 577 578 585 593 614 631 633 640 641 661 662 668 688 689 693 700 701 750 762 763 766 770 777 791 806 818 826 834 855 869 883 891 903 905 907 912 913 931 934 954 955 963 967 971 979 980 996 998 
2 41 48 60 63 64 69 75 92 94 95 100 101 103 106 121 124 127 141 142 143 147 148 152 154 156 167 178 182 202 203 213 220 227 231 233 235 244 248 258 259 263 271 274 286 293 308 312 318 321 326 335 344 345 351 358 359 374 377 382 395 397 437 439 441 450 462 468 480 487 492 498 502 503 506 507 511 526 528 532 538 542 547 554 564 594 595 600 606 607 616 625 642 644 646 650 659 663 664 681 690 695 697 703 710 711 713 715 719 728 734 737 745 746 751 767 769 776 778 785 793 795 798 803 805 815 816 824 827 829 830 833 842 846 848 866 867 868 875 879 882 887 889 898 901 902 916 935 942 946 947 951 958 962 968 983 984 990 992 995 
4 6 10 14 15 17 18 25 26 37 40 45 50 51 57 61 69 74 76 82 85 87 90 91 92 97 99 104 106 107 108 112 114 119 120 123 133 138 145 146 153 160 163 168 171 173 176 189 200 205 212 217 218 221 230 235 236 243 249 251 252 266 267 272 275 276 277 278 282 283 284 289 301 303 304 315 316 320 321 325 329 336 337 339 341 347 360 362 363 364 375 376 380 381 390 393 400 401 404 407 417 422 425 432 433 436 440 443 444 445 446 450 463 465 466 472 473 475 479 482 483 488 491 496 500 501 502 506 507 511 514 517 519 523 530 532 541 542 546 548 551 556 559 564 566 567 571 579 586 589 592 595 603 604 608 610 611 612 615 618 619 622 627 634 648 657 664 669 675 679 683 684 691 702 703 705 707 709 710 712 721 722 727 730 732 734 737 743 749 751 753 756 763 771 774 776 778 788 793 795 796 798 800 807 809 811 817 826 828 833 843 845 849 853 854 857 867 868 875 880 881 883 886 888 890 895 900 917 923 927 930 934 935 936 939 943 947 951 953 957 976 978 982 983 986 999 
8 9 11 16 23 24 29 30 31 39 44 49 58 59 83 100 102 116 125 126 128 130 151 159 169 174 175 179 187 190 207 211 214 215 223 229 239 261 264 270 281 285 287 288 292 294 295 297 300 302 306 307 323 332 333 334 340 342 343 355 362 365 366 379 380 384 396 402 408 409 410 413 414 423 426 430 435 438 439 442 449 452 457 467 469 471 476 486 499 510 512 515 518 520 524 525 534 544 570 572 573 574 583 587 590 591 597 613 626 629 630 632 638 645 657 660 665 666 670 676 682 698 701 718 738 741 744 754 759 760 765 768 772 779 783 789 790 792 799 802 804 812 814 821 832 838 856 870 872 874 885 903 904 908 909 910 916 924 937 945 949 950 956 973 974 979 984 997 
21 44 52 56 65 71 84 100 101 102 110 111 116 121 122 126 128 145 156 162 170 175 177 180 181 188 192 195 203 205 207 209 224 227 233 250 264 276 288 295 300 302 305 306 311 319 323 332 334 340 354 366 370 377 380 394 396 398 401 411 423 439 442 449 460 469 480 487 498 499 505 518 524 525 526 529 532 534 537 573 583 584 590 597 610 613 628 629 630 637 639 646 651 670 674 678 683 687 699 716 718 741 765 767 775 787 789 798 802 808 814 815 825 827 832 838 856 861 865 874 876 878 896 901 902 921 924 925 930 940 942 947 951 972 974 982 988 
6 14 18 22 26 50 57 61 74 82 99 104 107 112 120 133 138 146 168 171 198 204 212 217 236 266 267 272 282 283 303 315 316 320 337 339 341 367 368 387 393 417 421 436 440 445 465 466 474 483 504 519 522 523 541 551 562 571 579 588 612 627 648 656 669 673 685 705 709 721 722 730 733 771 797 800 820 828 837 849 881 888 890 894 939 959 964 976 986 993 999 
6 18 22 26 53 57 61 67 68 73 74 105 135 146 172 184 185 186 198 204 217 222 234 278 280 283 289 299 304 315 316 317 330 346 367 368 386 387 392 393 403 421 448 451 454 465 474 489 504 522 539 545 562 576 588 598 599 614 631 653 656 673 680 685 691 692 693 706 730 731 733 735 752 755 771 773 780 786 794 797 810 820 837 839 847 849 850 851 852 864 871 877 888 891 892 894 912 918 939 948 961 964 976 977 985 989 991 993 996 
4 40 50 69 76 82 85 89 90 97 99 104 106 107 108 112 119 120 136 163 168 173 176 200 205 212 221 235 236 249 252 266 267 272 275 282 301 320 325 336 337 339 341 360 363 400 404 407 417 425 431 432 440 443 444 445 446 472 473 479 483 501 511 514 519 530 541 548 551 559 566 567 571 586 592 603 608 611 627 634 636 648 658 669 675 683 705 709 710 712 721 722 727 734 743 749 771 776 788 800 807 809 833 842 843 845 857 875 880 881 886 890 917 927 935 936 943 953 957 965 978 986 999 
7 8 16 28 31 34 39 44 46 49 55 58 59 72 78 79 96 102 116 125 128 131 137 165 169 174 178 179 210 211 246 247 253 261 292 294 305 307 310 332 334 340 348 354 356 383 394 411 413 414 423 426 430 434 435 455 467 470 476 499 510 513 518 520 535 549 553 557 574 591 625 629 630 632 639 645 649 654 655 660 665 666 676 714 724 738 747 754 768 782 783 792 801 802 808 814 821 835 861 876 885 914 926 937 941 949 956 960 994 997 
9 16 21 23 24 30 31 44 52 56 65 71 83 84 93 100 101 102 111 116 122 126 128 130 134 145 156 157 169 170 175 177 180 181 188 190 194 195 203 207 209 214 229 230 232 233 245 250 254 264 276 281 287 288 290 295 300 302 306 319 323 332 333 334 340 342 354 355 360 366 370 371 377 379 380 394 396 401 408 411 423 426 438 439 442 449 452 460 469 471 480 487 498 499 505 510 515 518 524 525 526 529 534 537 555 573 583 584 590 591 597 605 609 610 613 628 629 630 632 637 639 651 670 674 679 682 683 687 716 718 741 756 760 765 767 772 775 781 783 787 789 799 802 804 808 814 815 825 827 832 838 856 859 861 865 874 876 878 885 896 903 916 921 924 925 930 937 940 947 950 951 972 973 974 981 984 
3 4 10 13 14 15 17 25 37 40 50 51 56 65 69 76 82 85 87 89 90 92 93 97 99 100 103 106 108 110 112 114 119 120 121 122 136 140 145 153 157 160 163 168 173 176 177 187 188 189 197 200 205 209 212 218 221 224 230 235 243 249 250 251 252 258 266 267 268 275 276 284 290 296 301 303 311 319 320 321 325 329 336 339 341 342 347 359 360 362 363 364 375 376 377 379 380 381 390 398 400 401 404 407 422 425 431 440 443 444 446 458 463 464 469 472 473 479 481 484 487 488 496 501 506 507 514 517 519 530 532 537 540 546 548 556 558 559 564 566 567 569 580 586 589 592 595 603 604 608 609 610 611 615 618 622 634 636 646 651 658 664 669 674 675 678 679 683 684 699 702 703 707 712 721 727 734 737 741 743 749 751 753 756 774 775 776 778 788 789 795 796 798 800 807 809 811 817 826 827 833 841 843 845 853 857 867 868 875 878 881 886 889 890 895 911 916 917 920 925 927 930 934 935 936 942 943 947 951 953 957 965 966 971 978 981 982 983 988 
3 10 21 30 44 48 51 52 56 65 71 76 84 97 100 101 103 110 111 114 121 122 126 128 140 145 153 157 160 162 170 175 176 177 180 181 187 188 192 195 203 205 207 209 213 224 227 230 233 250 252 258 271 276 281 288 290 295 306 311 319 321 323 325 336 342 359 360 362 366 370 377 380 381 390 398 401 439 441 458 460 464 469 473 479 480 487 488 507 517 524 529 532 534 537 540 548 556 569 573 580 590 597 608 610 613 636 637 646 651 670 674 678 679 681 683 684 687 699 703 707 712 716 718 734 737 741 756 760 775 787 789 798 802 808 814 815 817 825 827 832 838 841 853 857 867 874 878 889 895 896 901 902 903 916 920 924 925 930 940 942 947 951 953 972 982 984 988 
1 7 9 19 20 21 29 31 34 39 42 44 47 48 49 54 55 58 59 62 63 70 72 77 79 95 96 100 101 102 117 125 134 137 142 143 145 147 149 152 154 156 160 164 165 167 174 178 179 181 182 202 203 206 210 211 218 223 231 233 238 244 247 248 253 256 258 260 261 262 271 277 279 288 292 293 294 306 307 308 310 312 318 322 326 340 348 349 350 354 356 358 365 370 372 373 374 377 382 383 388 399 402 408 409 413 414 415 430 435 439 441 455 456 462 463 468 470 476 480 487 492 494 495 498 502 503 505 509 510 518 526 528 535 538 549 557 560 573 574 581 584 594 596 600 617 625 628 629 630 632 642 643 645 649 650 654 655 659 660 664 665 666 670 674 676 677 681 690 694 704 711 713 714 715 717 718 719 725 728 737 738 739 741 744 745 747 751 754 757 758 761 767 768 769 782 783 785 787 792 798 801 802 805 808 813 814 816 821 823 829 830 835 838 840 846 848 854 858 863 864 866 873 879 887 889 893 898 899 900 902 909 910 914 916 919 921 926 928 932 941 942 944 947 951 956 958 960 962 968 972 973 984 990 994 997 
7 8 16 28 29 31 34 39 49 55 58 59 72 78 88 96 102 109 115 116 125 130 131 137 159 165 169 174 178 179 193 210 211 216 223 239 242 246 247 253 256 260 261 270 292 294 307 333 334 343 348 356 384 405 408 413 414 426 430 435 455 457 467 470 476 494 495 497 509 510 513 518 520 531 533 535 544 549 553 557 573 574 591 596 617 623 625 629 630 632 635 645 660 665 666 676 677 698 708 714 738 744 747 754 761 768 779 782 783 784 792 799 801 802 808 813 814 821 831 835 858 885 899 909 910 914 928 938 941 949 956 960 973 975 987 994 997 
3 10 13 21 23 25 30 36 37 51 52 56 65 71 84 87 93 97 100 110 111 114 121 122 145 153 157 170 175 177 180 187 188 190 192 194 195 196 197 205 207 209 214 224 230 232 245 250 252 254 264 268 276 281 287 288 290 295 300 302 311 319 323 325 333 342 353 355 360 362 364 366 370 371 377 379 380 381 396 398 401 439 442 449 452 458 460 464 469 473 488 517 524 525 529 532 537 540 548 555 556 558 569 590 605 609 610 613 615 618 637 646 651 674 678 679 682 683 687 699 707 718 741 756 760 765 775 781 789 804 815 825 826 827 832 838 841 856 859 874 878 895 896 903 911 920 924 925 929 930 933 940 942 947 951 966 974 981 982 988 
2 21 39 44 46 48 63 79 92 100 101 102 103 121 124 126 128 134 145 152 156 162 170 175 177 178 181 182 202 203 213 227 233 253 258 271 288 295 305 306 310 312 314 340 344 345 351 354 359 366 370 377 383 394 395 397 411 434 439 441 462 480 487 492 498 505 507 518 526 532 534 537 538 563 573 584 594 597 606 628 629 630 639 644 646 649 650 654 655 670 674 681 716 718 719 720 724 741 767 785 787 789 795 798 801 802 808 814 815 816 827 829 830 832 838 861 865 867 876 878 879 896 901 902 910 916 921 924 932 940 942 947 951 968 972 984 992 994 997 
1 21 34 39 41 44 46 48 60 63 64 72 75 79 92 100 101 103 121 124 127 134 142 143 145 147 148 152 154 156 167 178 181 182 202 203 213 220 227 231 233 244 247 248 253 258 271 286 288 293 306 310 312 314 318 326 335 344 345 351 354 358 370 372 374 377 382 395 397 439 441 462 468 480 487 492 495 498 502 503 505 506 507 518 526 532 538 547 549 557 563 564 573 584 594 600 606 607 616 625 628 642 644 646 649 650 654 655 659 663 664 674 681 690 694 697 704 711 713 714 715 718 719 720 724 728 737 741 745 746 751 767 769 778 785 787 793 795 798 801 802 803 805 808 815 816 824 827 829 830 838 846 848 866 867 879 882 887 889 898 901 902 910 914 916 921 932 942 946 947 951 958 962 968 972 973 983 984 990 992 994 997 
5 11 13 23 24 25 30 32 36 37 51 52 65 83 87 93 113 114 118 144 157 158 166 183 187 190 194 195 196 214 215 219 225 230 232 240 241 245 254 257 268 273 281 284 285 287 290 295 297 298 300 302 323 327 333 334 342 353 355 357 362 364 371 378 379 380 384 391 396 406 410 412 418 424 438 452 461 464 469 471 473 486 488 493 512 515 516 517 524 525 529 555 558 561 570 572 577 587 590 593 605 609 613 615 633 638 641 657 661 668 679 682 701 707 759 760 762 772 781 790 799 804 812 826 834 855 859 872 874 903 905 908 911 925 929 933 945 950 963 966 971 974 980 981 998 
18 20 22 26 27 35 53 61 67 68 73 80 98 105 123 129 135 151 161 164 172 184 185 186 193 198 199 201 208 217 219 222 234 255 265 269 278 280 289 291 299 309 316 317 330 346 349 365 367 386 392 393 402 403 416 419 420 428 429 447 448 451 454 457 459 474 485 489 490 508 516 521 527 536 539 545 552 562 565 576 578 585 588 598 599 602 614 626 631 635 640 652 656 657 673 680 686 688 689 691 693 700 706 708 729 730 731 733 735 744 750 752 755 766 770 771 777 780 786 791 794 797 806 810 813 818 820 822 834 837 839 844 847 849 850 851 852 854 864 871 873 877 883 888 891 892 907 912 913 915 923 948 954 955 959 962 964 967 979 991 996 
6 14 18 20 22 26 27 32 45 53 57 61 67 68 74 80 82 91 104 105 107 112 120 123 129 133 135 138 146 151 172 184 185 186 189 198 199 201 217 218 222 234 243 251 265 267 272 277 278 280 283 289 299 303 304 315 316 317 320 329 330 341 346 349 365 367 368 376 386 387 392 393 403 417 419 420 422 428 436 445 448 451 454 461 463 465 466 474 475 482 483 485 489 490 491 496 500 504 519 522 536 539 545 546 551 552 562 566 567 571 576 578 579 585 588 589 598 599 612 614 619 622 627 631 656 657 673 680 684 685 688 691 692 693 700 706 709 721 722 725 729 730 731 733 735 739 750 752 753 755 763 770 771 774 780 786 790 791 794 796 797 800 806 810 817 820 828 837 839 847 849 850 851 852 853 854 864 871 873 877 883 888 890 891 892 893 894 900 907 912 913 918 923 934 939 948 954 955 959 961 962 963 964 967 976 979 980 986 989 991 993 996 
6 14 18 20 22 26 45 53 57 61 67 68 73 74 82 91 104 105 107 112 120 123 129 133 135 138 146 172 184 185 186 198 201 204 217 222 234 265 272 278 280 283 289 299 303 304 315 316 317 320 330 346 349 367 368 386 387 392 393 403 417 420 421 428 436 445 448 451 454 465 466 474 482 483 489 496 500 504 522 539 545 546 562 576 579 585 588 589 598 599 612 614 619 622 631 656 673 680 685 691 692 693 700 706 709 722 729 730 731 733 735 739 750 752 755 771 774 780 786 794 797 810 820 828 837 839 847 849 850 851 852 854 864 871 873 877 883 888 891 892 893 894 900 907 912 913 918 923 939 948 959 961 964 967 976 977 985 986 989 991 993 996 
5 9 13 15 17 20 23 24 25 27 29 30 32 37 45 51 52 56 65 83 87 91 93 97 100 114 116 118 121 123 130 144 145 151 157 158 159 160 166 169 176 177 180 183 187 189 190 199 201 205 209 214 215 218 219 222 224 225 229 230 240 241 243 245 250 251 265 273 276 278 281 284 287 288 289 295 297 307 319 320 323 325 329 333 336 342 343 347 349 355 360 362 364 365 375 376 377 378 379 380 384 390 391 401 402 403 408 409 410 418 419 422 426 428 433 439 451 452 457 460 461 463 464 469 471 473 475 479 482 486 488 489 490 491 496 500 510 512 515 516 517 524 532 534 536 537 546 558 559 561 566 570 572 573 577 578 585 587 589 590 593 598 609 610 613 615 618 619 622 626 632 637 638 640 641 646 651 657 662 670 674 679 683 684 688 691 693 698 701 707 718 721 725 735 737 739 741 744 751 752 753 755 756 759 760 762 763 770 772 775 779 780 789 790 791 796 798 799 814 817 826 827 838 853 854 855 870 872 873 878 883 885 889 890 891 903 905 907 908 909 910 911 916 923 925 930 934 942 947 949 950 951 955 957 962 963 966 971 973 979 980 981 984 
3 4 10 13 21 25 51 52 56 65 71 76 84 85 97 100 110 111 121 122 136 140 145 153 162 170 175 176 177 180 188 192 194 195 196 197 205 207 209 224 227 230 250 252 254 264 268 276 281 288 290 295 300 302 311 319 321 323 325 336 342 360 364 366 370 377 380 381 398 401 431 439 444 458 460 469 473 479 484 488 517 524 525 529 532 537 540 548 555 556 569 580 590 603 604 605 608 609 610 613 615 618 634 636 637 646 651 658 674 678 679 683 687 699 703 707 712 718 734 741 756 775 781 788 789 798 809 815 825 827 838 841 845 857 859 874 878 886 895 896 901 920 924 925 930 940 942 947 951 957 966 972 974 978 982 988 
4 5 10 13 14 15 17 20 25 26 30 32 37 45 51 65 82 87 90 91 93 97 106 112 114 118 119 120 123 133 138 151 157 160 168 176 185 187 189 199 201 212 214 217 218 221 222 225 230 243 251 265 267 272 278 284 289 303 320 321 325 329 336 341 342 346 347 360 362 364 365 375 376 379 380 390 391 393 401 418 419 422 425 428 433 436 451 461 464 473 475 479 482 488 489 490 491 496 512 517 519 521 545 546 556 558 559 561 566 567 577 578 585 589 608 609 610 615 618 619 622 640 641 657 662 679 680 684 688 691 700 702 707 712 721 734 735 750 752 753 755 756 760 762 763 766 790 794 796 806 817 826 847 852 853 854 870 881 883 890 891 903 907 911 923 925 934 957 963 966 967 971 978 979 980 981 
5 8 9 11 13 16 23 24 25 30 31 32 36 37 51 52 65 71 83 84 87 93 100 114 116 118 122 123 130 144 145 151 157 158 160 169 175 180 183 187 190 194 195 207 214 215 219 225 229 230 232 241 245 250 254 264 268 273 276 281 284 285 287 288 290 295 297 298 300 302 307 319 323 333 334 342 343 353 355 362 365 371 377 379 380 384 390 391 396 401 402 406 408 409 410 418 419 423 424 426 438 439 442 452 457 460 461 464 469 471 473 486 488 499 510 512 515 516 517 520 524 525 529 534 537 555 558 570 572 573 577 578 583 587 590 591 593 597 605 609 610 613 615 630 632 637 638 641 651 657 668 670 674 679 682 684 701 707 718 741 744 756 759 760 762 765 772 775 779 789 790 799 802 804 812 814 826 827 832 838 855 856 859 870 872 874 885 896 903 904 905 908 910 911 916 924 925 929 930 933 934 945 947 949 950 951 966 971 973 974 979 980 981 984 
12 19 33 38 42 47 54 57 62 66 73 74 77 81 86 109 117 129 132 135 139 149 150 155 164 191 198 204 206 226 228 231 237 238 262 274 279 308 313 322 328 331 338 350 352 361 367 368 369 373 386 388 389 392 399 415 427 429 448 453 454 456 465 478 504 509 527 550 560 575 576 581 600 601 621 624 653 656 667 671 672 677 680 685 692 706 717 726 728 729 740 742 748 757 758 764 773 786 819 836 840 844 850 851 860 862 863 864 871 873 877 893 894 897 906 918 919 922 944 948 952 961 969 977 985 989 
2 3 21 48 52 56 65 71 76 84 100 103 110 121 122 136 140 145 153 162 170 177 180 188 192 195 205 209 213 224 227 230 250 252 258 271 276 290 311 319 321 325 345 359 360 370 377 380 381 398 401 404 431 441 446 458 460 469 480 487 488 507 529 532 537 540 548 556 569 580 603 610 634 636 637 646 651 658 674 678 681 683 687 699 703 707 712 718 734 741 756 775 776 788 789 795 798 815 825 827 841 842 845 867 874 875 878 895 896 901 920 925 930 940 942 947 951 953 972 982 988 
9 11 20 27 28 29 31 35 39 42 43 49 54 58 59 67 68 73 78 80 88 105 113 123 125 129 130 135 151 158 159 164 165 179 184 193 199 201 215 216 218 219 222 223 229 234 239 242 255 256 260 261 262 265 269 270 278 279 280 285 291 294 298 299 307 309 317 324 330 343 349 357 365 384 385 386 392 402 403 405 406 408 410 415 416 419 420 426 428 429 430 447 454 455 456 457 459 461 477 485 486 494 495 496 497 508 510 513 515 516 520 527 533 535 536 543 544 546 552 553 557 565 568 570 572 573 574 577 578 582 587 596 598 602 617 620 626 632 635 652 657 665 677 686 689 693 694 696 698 701 704 708 723 729 731 735 744 747 755 759 760 762 768 770 772 779 780 783 786 790 791 802 812 813 814 822 831 839 844 847 854 858 864 870 871 872 873 884 885 892 899 904 905 907 908 909 910 915 919 928 931 938 944 945 948 949 954 955 960 962 970 973 975 979 991 996 
23 36 52 65 71 83 84 93 118 122 144 175 180 183 188 190 194 195 196 207 232 245 250 254 264 268 281 287 290 300 302 319 323 334 353 355 371 396 424 438 449 452 460 524 525 529 540 555 558 583 590 605 609 637 641 651 668 682 687 699 707 765 781 804 825 856 859 874 920 925 929 933 950 966 974 981 982 
5 10 13 23 25 36 51 52 65 71 83 84 93 110 111 118 122 153 170 175 177 180 183 188 190 192 194 195 196 197 207 209 230 232 245 250 252 254 264 268 276 281 287 290 295 300 302 311 319 323 325 333 334 342 353 355 364 366 371 379 380 381 391 396 398 418 438 442 449 452 458 460 469 473 488 524 525 529 537 540 555 556 558 583 590 605 609 615 618 637 641 651 668 679 682 687 699 707 718 741 756 765 775 781 789 804 825 832 856 859 874 878 895 896 911 920 924 925 929 930 933 940 950 951 966 971 974 981 982 
5 10 13 25 36 37 51 52 65 71 83 87 93 97 118 122 153 157 180 183 188 194 195 196 197 225 230 232 245 254 268 284 287 290 300 302 319 325 342 353 364 371 379 380 391 418 452 460 464 469 473 484 488 517 525 529 540 555 556 558 590 605 609 615 618 641 651 679 682 699 707 756 775 781 826 859 874 895 911 920 925 929 933 966 971 978 981 982 
4 10 13 15 17 25 36 37 51 52 65 85 87 89 93 97 108 110 122 153 176 180 188 195 196 197 221 225 252 268 284 290 296 319 325 342 360 364 375 381 391 398 444 458 460 469 473 481 484 488 529 540 548 555 556 558 559 590 603 604 605 609 611 615 618 634 651 658 679 683 699 702 707 743 756 775 781 788 809 826 845 857 859 886 895 911 920 925 927 930 933 957 966 971 978 981 982 
6 14 18 20 22 26 53 54 57 61 67 74 86 91 95 105 107 112 123 129 135 146 171 172 184 185 186 191 198 204 217 218 222 226 228 236 262 265 272 277 278 279 280 282 283 289 299 301 303 304 308 315 316 317 326 329 330 341 346 349 350 352 361 367 368 369 386 387 389 392 393 402 403 420 421 427 436 440 445 448 451 454 465 466 472 474 482 483 496 500 502 504 522 523 542 546 550 562 566 576 588 589 596 598 599 612 621 622 624 627 653 656 659 673 680 685 691 692 704 705 706 717 722 725 726 729 730 731 733 735 739 744 748 752 755 771 773 774 778 786 793 794 797 810 811 820 823 828 837 847 849 850 851 852 854 864 871 873 877 883 888 892 893 894 900 906 918 919 923 939 948 959 961 962 964 976 977 983 985 989 991 993 999 
5 11 13 15 17 20 25 26 27 30 32 37 43 45 53 67 68 80 87 91 98 105 113 114 118 120 123 129 133 138 151 157 158 160 161 166 184 185 187 189 193 199 201 208 214 215 217 218 219 222 225 234 240 241 243 251 255 257 265 273 278 284 289 291 297 298 309 316 317 320 327 342 346 347 349 357 362 365 376 378 379 380 390 391 393 402 403 406 412 418 419 420 422 428 433 447 451 457 461 464 475 477 482 485 489 490 491 493 496 508 512 516 517 521 536 539 545 546 552 558 561 565 568 570 572 577 578 579 585 587 588 593 598 599 610 614 615 619 622 626 631 633 640 641 657 661 662 673 679 680 684 688 689 691 693 700 701 721 729 731 735 750 752 753 755 760 762 763 766 770 777 779 780 790 791 794 797 806 810 817 818 822 826 834 847 852 853 854 869 870 871 873 883 890 891 903 905 907 911 912 913 915 923 931 934 948 954 955 959 962 963 967 971 979 980 991 996 998 
2 3 4 10 40 50 69 76 85 89 90 99 108 136 140 153 163 168 173 176 200 212 221 249 252 266 267 275 296 325 336 337 381 398 400 404 407 425 431 440 443 444 446 458 481 484 501 511 514 519 530 541 548 580 586 592 603 604 608 611 634 636 658 669 675 678 710 712 727 743 749 776 788 800 807 809 833 842 843 845 857 881 886 917 927 936 943 953 957 965 978 
5 9 11 20 26 27 32 35 43 45 53 61 67 68 80 87 91 98 105 113 114 120 123 129 133 135 138 151 158 161 164 166 184 185 186 187 189 193 199 201 208 214 215 217 218 219 222 225 234 239 240 241 243 251 255 265 269 270 273 278 280 289 291 297 298 299 309 316 317 320 330 346 349 357 362 365 376 378 386 391 392 393 402 403 406 410 412 418 419 420 422 428 429 447 451 454 457 459 461 475 477 482 485 486 489 490 491 496 508 512 516 521 536 539 543 544 545 546 552 561 565 568 570 572 577 578 585 587 588 593 596 598 599 602 614 619 620 626 631 633 635 640 652 657 661 662 680 684 688 689 691 693 698 700 701 708 721 729 730 731 733 735 744 750 752 755 760 762 763 766 770 777 779 780 786 790 791 794 806 810 813 817 818 822 826 834 837 839 847 851 852 853 854 864 870 871 872 873 883 891 892 903 904 905 907 909 912 913 915 923 931 934 945 948 954 955 962 963 967 979 980 991 996 998 
7 21 41 44 46 48 63 79 100 101 124 134 152 156 167 178 181 182 202 203 210 213 227 233 247 253 258 271 305 306 310 312 314 335 340 345 348 351 354 370 374 377 382 383 395 397 411 434 439 441 462 470 480 487 492 498 505 526 538 549 563 584 594 625 628 639 644 649 650 654 655 674 676 681 716 718 719 720 724 767 769 787 801 816 829 830 835 846 848 861 865 901 902 916 921 932 942 968 972 990 992 994 997 
1 7 9 20 21 29 30 31 34 39 41 42 44 47 48 54 55 56 60 63 64 72 75 79 92 95 100 101 102 103 106 116 121 124 126 127 128 134 140 142 143 145 147 149 152 154 156 160 162 167 170 175 177 178 181 182 202 203 205 209 213 218 220 223 224 227 229 233 244 247 248 250 253 258 260 262 271 276 277 279 286 288 293 295 306 310 312 314 318 321 322 326 329 335 340 345 348 349 350 351 354 358 359 360 362 365 366 370 372 374 377 380 382 383 388 390 395 397 401 402 408 409 426 439 441 462 463 468 469 476 479 480 487 492 495 498 502 503 505 506 507 510 518 526 532 534 537 538 547 549 557 563 564 573 574 584 594 595 596 597 600 606 607 610 613 616 625 628 629 630 639 642 643 644 646 649 650 654 655 659 663 664 665 670 674 676 677 681 683 690 694 703 704 711 713 714 715 716 718 719 720 724 725 728 734 737 739 741 744 751 760 767 769 778 783 785 787 789 793 795 796 798 801 802 803 808 814 815 816 823 827 829 830 832 838 846 848 854 861 865 866 867 870 873 875 878 879 882 887 889 893 896 898 900 901 902 910 914 916 921 924 932 935 940 942 947 951 958 962 968 972 973 983 984 990 992 994 997 
6 12 14 18 22 38 54 57 66 69 74 75 81 86 94 95 107 132 135 139 146 147 155 171 172 186 191 198 204 206 217 226 228 231 236 237 274 282 283 293 301 303 304 308 315 318 326 328 331 341 350 352 361 363 367 368 369 387 389 399 400 421 427 432 437 440 445 450 453 454 465 466 472 478 483 502 504 522 523 528 542 550 562 576 588 612 621 624 627 647 653 656 659 671 672 673 680 685 692 695 705 706 715 722 726 728 730 732 733 739 740 742 748 764 771 773 774 778 793 805 811 819 820 823 824 828 837 850 851 864 873 877 880 888 893 894 898 900 906 918 939 958 961 964 976 977 983 985 989 993 999 
2 3 4 10 21 30 40 48 50 51 56 60 65 76 84 85 90 92 97 100 101 103 106 108 110 114 119 121 122 136 140 145 153 157 160 162 163 168 170 173 176 177 180 187 188 192 203 205 209 212 213 224 227 230 233 235 243 249 250 252 258 271 275 276 288 295 296 306 311 319 321 325 336 342 344 345 359 360 362 363 370 377 380 381 390 398 400 401 404 431 439 441 443 444 446 458 460 464 469 472 473 479 480 481 487 488 501 506 507 511 517 532 537 540 548 556 564 566 569 573 580 586 592 603 604 608 610 613 616 634 636 637 646 651 658 664 669 674 675 678 679 681 683 684 687 699 703 707 712 718 727 734 737 741 756 760 775 776 785 788 789 795 798 802 807 808 809 811 815 817 825 827 833 838 841 842 845 853 857 867 868 875 878 879 881 886 889 890 895 896 901 903 916 917 930 935 936 940 942 947 951 953 957 965 972 978 982 983 984 988 
1 12 14 19 33 34 38 42 47 54 55 62 63 64 66 69 72 74 75 81 86 94 95 127 132 139 142 143 147 149 154 155 178 191 204 206 220 226 228 231 237 238 244 247 248 262 274 279 293 301 308 312 313 318 322 326 328 331 350 352 358 361 368 369 372 373 382 388 389 399 415 427 437 450 453 462 465 468 478 492 495 502 503 509 523 527 528 538 542 550 581 600 607 621 624 625 642 643 647 653 659 667 671 672 677 690 692 694 695 697 704 706 711 713 714 715 717 722 726 728 732 739 740 742 745 748 757 758 764 769 773 774 778 793 801 805 816 819 823 824 830 836 840 848 860 863 864 866 873 882 887 893 897 898 900 906 914 918 919 932 944 952 958 961 969 983 989 994 
16 21 23 44 52 65 71 83 84 101 102 111 116 122 126 128 169 170 175 177 180 188 190 194 195 207 250 254 264 276 281 287 290 295 300 302 305 306 319 323 332 333 334 340 342 354 355 366 370 371 377 394 396 411 423 426 438 439 442 449 452 460 469 471 499 518 524 525 529 534 537 555 583 590 591 597 605 613 628 629 630 637 639 651 670 674 682 687 716 718 741 765 781 787 789 799 804 814 815 825 827 832 838 856 859 861 865 874 876 878 896 924 925 937 940 950 951 972 974 
27 35 43 53 80 98 113 123 158 161 166 184 199 201 208 219 222 234 240 255 257 265 269 291 298 309 317 327 357 378 385 403 406 412 418 419 424 428 447 461 475 477 485 489 490 493 508 516 521 536 539 545 552 561 565 568 578 585 593 598 614 626 631 633 640 661 662 688 689 693 700 701 750 762 766 770 777 780 791 806 818 822 834 869 883 891 905 907 912 913 915 931 945 954 955 963 967 980 996 998 
3 10 21 30 48 51 52 56 65 71 76 84 97 100 101 103 110 114 121 122 140 145 153 157 160 162 170 175 176 177 180 187 188 192 195 203 205 209 224 227 230 233 250 252 258 271 276 281 288 290 295 306 311 319 321 323 325 336 342 359 360 362 370 377 380 381 390 398 401 431 439 441 446 458 460 464 469 473 479 480 487 488 507 517 524 529 532 537 540 548 556 569 573 580 590 608 610 613 636 637 646 651 674 678 679 681 683 684 687 699 703 707 712 718 734 737 741 756 760 775 776 789 795 798 802 808 815 817 825 827 838 841 853 857 867 874 875 878 889 895 896 901 903 916 920 924 925 930 940 942 947 951 953 972 982 984 988 
7 8 16 21 31 34 39 44 46 59 72 79 96 101 102 116 125 126 128 134 137 165 174 178 179 202 210 211 233 247 253 292 305 306 310 314 332 340 348 354 366 370 383 394 411 413 414 423 430 434 435 439 449 467 470 476 499 505 518 520 526 549 557 563 574 584 591 597 628 629 630 632 639 645 649 654 655 660 666 670 676 716 718 720 724 738 754 768 782 783 787 792 801 802 808 814 821 835 861 865 876 926 937 956 968 994 997 
7 8 16 28 29 31 34 39 44 46 49 55 58 59 72 78 79 96 100 102 125 128 131 134 137 165 169 174 178 179 210 211 223 233 246 247 253 260 261 292 294 305 306 307 310 332 340 348 354 356 383 394 411 413 414 430 434 435 439 455 467 470 476 495 510 513 518 520 526 531 535 549 553 557 573 574 591 625 629 630 632 639 645 649 654 655 660 665 666 676 694 714 724 738 747 754 768 782 783 792 801 802 808 814 816 821 835 838 861 876 910 914 916 926 932 937 941 956 960 994 997 
4 6 10 14 15 17 18 25 26 37 40 45 50 51 61 69 76 82 85 87 90 91 97 99 104 106 107 108 112 114 119 120 133 138 153 163 168 171 173 176 189 200 205 212 221 235 236 243 249 251 252 266 267 272 275 282 283 284 301 303 315 316 320 321 325 336 337 339 341 347 360 363 364 375 376 381 393 400 401 404 407 417 422 425 432 433 436 440 443 444 445 446 472 473 475 479 482 483 488 491 501 511 514 517 519 530 541 546 548 551 556 559 566 567 571 579 586 589 592 603 604 608 611 612 615 618 619 622 627 634 648 669 675 679 683 702 705 707 709 710 712 721 722 727 730 734 743 749 753 756 763 771 788 796 800 807 809 811 817 826 828 833 843 845 849 853 857 875 880 881 883 886 888 890 895 917 923 927 934 935 936 939 943 953 957 978 982 986 999 
2 21 41 48 60 64 75 76 92 100 101 103 106 121 124 136 140 141 148 152 156 162 167 177 181 182 192 202 203 205 213 224 227 235 258 259 263 271 286 321 335 344 345 351 359 360 370 374 377 395 397 404 431 439 441 443 446 480 487 492 498 501 506 507 511 526 532 537 547 548 554 564 580 584 594 595 606 607 616 636 644 646 650 663 664 674 675 678 681 683 703 710 719 720 734 737 741 767 776 785 787 795 798 803 815 827 829 830 833 842 846 867 868 875 878 879 901 902 921 935 936 940 942 946 947 951 953 965 968 972 988 990 992 995 
5 9 11 13 20 23 24 25 27 29 30 32 36 37 43 51 52 65 83 87 93 97 100 113 114 116 118 122 123 130 144 145 151 157 158 159 160 169 175 180 183 187 189 190 199 201 214 215 218 219 225 229 230 232 240 241 245 250 254 255 265 268 273 276 278 281 284 287 288 290 291 295 297 298 300 307 319 323 333 334 342 343 349 353 355 357 362 365 378 379 380 384 390 391 396 401 402 406 408 409 410 418 419 424 426 428 438 447 452 457 460 461 463 464 469 471 473 477 486 488 496 510 512 515 516 517 524 529 534 536 546 555 558 561 565 568 570 572 573 577 578 587 590 593 605 609 610 613 615 626 632 633 637 638 640 641 651 657 662 668 670 679 682 684 698 701 707 718 725 741 744 755 756 759 760 762 763 770 772 775 779 789 790 791 799 812 814 817 818 826 832 834 838 853 854 855 859 870 872 874 883 885 903 904 905 907 908 909 910 911 925 929 930 934 945 949 950 951 954 962 963 966 971 973 974 979 980 981 984 
5 8 9 11 16 20 24 27 29 30 31 32 43 58 65 83 100 105 113 114 116 118 123 125 129 130 144 145 151 157 158 159 160 169 183 187 190 193 199 201 214 215 218 219 222 223 225 229 230 239 240 241 245 255 260 265 269 270 273 276 278 281 285 287 288 291 294 295 297 298 307 309 323 333 334 342 343 349 355 357 362 365 378 379 380 384 390 391 401 402 403 406 408 409 410 418 419 420 423 424 426 428 435 438 447 452 457 461 463 464 469 471 477 486 496 499 510 512 515 516 517 520 534 536 543 544 546 558 561 565 568 570 572 573 577 578 587 590 591 593 596 597 598 602 609 610 613 615 620 626 629 630 632 633 635 638 640 641 657 660 662 666 668 670 679 684 698 701 708 725 729 735 741 744 755 759 760 762 768 770 772 779 780 783 790 791 799 802 812 813 814 818 826 834 838 853 854 855 870 872 873 883 885 903 904 905 907 908 909 910 916 925 934 945 949 950 951 954 962 963 971 973 979 980 981 984 
11 28 29 35 43 49 58 59 68 78 80 88 96 105 115 125 129 130 131 150 151 159 164 165 179 193 216 219 239 242 246 256 260 261 269 270 279 285 294 298 299 307 309 324 343 356 384 385 402 405 408 410 415 416 420 429 430 447 455 456 457 459 477 485 486 494 497 508 510 513 520 531 533 535 536 543 544 553 565 570 578 582 587 596 598 602 617 620 626 635 652 677 686 696 698 708 723 736 738 744 747 761 768 779 782 784 792 812 813 822 831 839 844 858 870 884 885 899 904 909 922 928 938 941 945 949 954 956 960 970 975 987 
6 14 18 20 22 26 32 45 53 54 57 61 67 74 82 91 95 104 107 112 119 120 123 129 133 135 138 146 151 168 171 172 184 185 186 189 198 199 201 204 217 218 222 228 236 243 251 262 265 272 277 278 279 280 282 283 289 301 303 304 308 315 316 317 320 326 329 336 341 346 349 350 363 365 367 368 376 389 392 393 402 403 417 419 420 422 427 428 436 440 445 451 454 461 463 465 466 472 474 475 479 482 483 489 490 491 496 500 502 504 522 523 536 542 545 546 550 566 576 578 579 585 588 589 596 598 599 612 619 622 627 656 657 659 673 680 684 685 688 691 692 693 700 704 705 706 709 717 721 722 725 726 729 730 731 733 735 739 744 748 752 753 755 763 771 773 774 778 780 790 793 794 796 797 800 810 811 817 820 823 828 837 847 849 850 851 852 853 854 864 871 873 877 881 883 888 890 891 892 893 894 900 907 918 919 923 934 939 948 961 962 963 964 967 976 979 980 983 986 989 991 999 
4 9 14 20 27 29 30 31 32 37 39 42 45 54 57 63 65 74 82 87 90 91 95 97 100 105 106 112 114 119 121 123 129 130 135 142 145 151 154 157 160 164 168 176 178 185 187 189 193 198 199 201 203 214 215 217 218 222 223 225 229 230 233 243 248 251 258 260 262 265 272 276 277 278 279 288 289 294 297 303 304 308 309 320 321 326 329 336 341 342 347 349 350 360 362 365 367 372 376 377 380 390 392 393 401 402 403 408 409 415 418 419 420 422 426 427 428 436 447 451 455 457 461 463 464 468 469 479 482 487 489 490 492 495 496 500 502 507 510 512 517 532 536 538 546 550 557 566 570 573 577 578 585 587 589 596 598 608 610 613 617 619 622 625 626 641 657 659 664 665 677 679 680 683 684 688 690 691 692 693 694 701 704 712 715 721 722 725 726 729 730 734 735 737 739 741 744 748 751 752 753 755 756 760 762 763 772 774 779 780 790 793 794 796 798 802 808 811 813 816 817 823 826 828 830 838 847 853 854 858 864 870 871 873 881 883 885 889 890 891 893 900 903 907 909 910 916 918 919 923 934 942 947 948 951 954 957 958 960 962 963 971 973 979 980 983 984 
5 11 24 27 30 32 35 43 53 67 68 80 83 98 105 113 118 123 130 144 151 157 158 159 161 166 183 184 187 190 193 199 201 208 214 215 216 219 222 225 234 239 240 241 255 257 265 269 270 273 278 285 291 297 298 309 317 324 327 342 343 349 357 362 365 378 379 384 385 391 402 403 406 408 410 412 416 418 419 420 424 428 429 447 457 459 461 477 485 486 489 490 493 508 512 515 516 533 536 539 543 544 546 552 558 561 565 568 570 572 577 578 587 593 598 602 614 620 626 631 633 635 638 640 641 652 657 661 662 668 684 686 689 693 696 698 701 708 735 755 759 760 762 763 766 770 772 777 779 780 790 791 806 812 813 818 822 826 834 839 854 855 858 869 870 872 883 884 885 903 904 905 907 908 909 912 915 931 934 938 945 948 950 954 955 963 971 975 979 980 996 998 
41 60 63 64 66 75 86 94 127 139 142 143 147 148 152 154 155 167 182 203 206 220 231 237 244 248 259 271 274 293 308 312 318 335 358 361 374 382 395 437 450 453 462 468 478 492 503 506 528 538 547 564 581 594 607 616 625 642 644 647 659 663 672 681 690 695 697 711 713 719 745 746 764 767 769 785 803 805 824 829 830 846 848 866 868 879 882 887 898 946 958 968 990 992 
4 10 13 15 17 25 26 37 40 45 50 51 82 85 87 89 90 91 97 99 104 106 108 112 114 119 120 133 138 153 163 168 173 176 189 197 200 212 221 243 249 251 252 266 267 268 272 284 320 321 325 336 339 341 347 360 364 375 381 393 401 407 417 422 425 433 436 444 473 475 479 481 484 488 491 514 517 519 530 540 551 556 559 566 567 571 586 592 603 604 608 611 615 618 658 669 679 683 702 707 712 721 727 734 743 749 753 756 771 800 807 809 817 826 843 845 853 857 881 886 890 895 917 920 923 927 934 943 957 966 978 982 986 
18 20 22 26 27 32 45 53 54 57 61 67 68 80 91 98 104 105 112 120 123 129 133 135 138 146 151 164 172 184 185 186 187 189 193 198 199 201 208 215 217 218 219 222 225 234 240 243 251 255 265 272 278 279 280 289 291 299 303 304 309 316 317 320 326 329 330 346 349 362 365 367 376 378 386 392 393 402 403 417 418 419 420 422 428 436 447 448 451 454 457 459 461 463 474 475 482 485 489 490 491 496 500 508 512 516 536 539 545 546 552 561 562 565 570 572 576 577 578 579 585 587 588 589 596 598 599 614 619 622 626 631 640 656 657 662 673 680 684 685 688 689 691 693 700 701 704 706 721 725 729 730 731 733 735 739 744 750 752 753 755 760 762 763 766 770 771 777 779 780 786 790 791 794 796 797 806 810 813 817 818 820 822 826 828 834 837 839 847 849 850 851 852 853 854 864 870 871 873 877 883 888 891 892 893 903 905 907 912 913 915 918 923 934 939 948 954 955 959 962 963 964 967 979 980 991 996 
7 8 9 16 20 28 29 30 31 34 39 42 44 49 55 58 59 63 72 96 100 101 102 116 125 130 134 137 145 159 160 165 169 178 179 193 203 211 215 218 223 229 233 239 247 248 253 256 258 260 261 262 270 279 288 292 294 295 306 307 326 333 340 343 349 362 365 372 384 402 408 409 410 413 414 415 426 435 439 455 457 463 471 476 487 492 494 495 502 505 509 510 515 518 520 526 534 535 538 549 553 557 573 574 587 591 596 613 617 625 629 630 632 645 660 665 666 670 676 677 694 698 704 718 725 737 738 744 747 751 760 761 768 772 779 783 792 798 799 801 802 808 813 814 816 821 835 838 854 858 870 873 885 889 899 908 909 910 916 928 938 941 947 949 960 962 973 984 994 997 
2 3 4 21 30 40 48 56 60 63 65 76 84 85 90 92 97 100 101 103 106 110 114 121 122 136 140 145 157 160 162 170 176 177 180 187 188 192 203 205 209 213 224 227 230 233 235 249 250 252 258 271 276 288 295 306 311 319 321 325 336 342 344 345 359 360 362 370 377 380 381 390 398 401 404 431 439 441 443 446 458 460 464 468 469 479 480 487 506 507 511 517 532 537 548 556 564 569 573 580 586 592 603 608 610 613 616 634 636 637 646 651 658 664 674 675 678 679 681 683 684 687 699 703 712 718 734 737 741 756 760 775 776 785 788 789 795 798 802 808 811 815 817 825 827 830 833 838 841 842 845 853 857 867 868 875 878 879 889 896 901 903 916 930 935 936 940 942 947 951 953 965 972 982 983 984 988 
5 9 10 13 15 17 24 25 27 30 32 36 37 51 65 83 87 91 93 97 114 118 123 144 145 151 157 158 160 166 183 187 189 190 196 197 199 201 214 215 218 219 222 225 229 230 232 240 241 243 245 251 254 265 268 273 276 278 281 284 287 288 290 295 297 300 323 327 333 342 347 349 353 355 357 362 364 365 375 378 379 380 390 391 401 402 408 409 418 419 422 424 426 428 433 451 452 457 461 464 469 473 475 482 488 489 490 491 496 512 516 517 536 540 546 555 556 558 559 561 570 572 577 578 585 587 590 593 605 609 610 613 615 618 626 633 638 640 641 651 657 661 662 668 679 682 684 688 693 701 702 707 741 752 753 755 756 760 762 763 770 772 779 790 791 817 826 834 853 854 855 870 872 883 885 890 891 903 905 907 908 911 920 923 925 929 934 950 951 955 963 966 971 978 979 980 981 
6 12 22 38 57 66 74 81 86 94 95 132 135 139 146 147 155 191 198 204 206 226 228 231 236 237 274 282 283 301 308 313 315 318 328 331 350 352 361 367 368 369 389 399 421 427 437 450 453 454 465 466 478 504 522 523 527 528 542 550 562 576 621 624 647 653 656 659 671 672 680 685 692 695 706 722 726 728 732 740 742 748 764 773 774 793 805 819 820 823 824 850 851 860 864 877 893 894 898 906 918 952 961 964 969 976 977 985 989 
2 21 41 44 48 56 60 63 84 92 100 101 103 121 124 140 141 145 152 156 160 162 167 170 177 181 182 188 192 202 203 205 209 213 224 227 233 250 258 263 271 276 286 288 295 306 311 312 314 319 321 335 344 345 351 354 359 360 366 370 374 377 380 390 395 397 401 431 439 441 468 469 479 480 487 492 498 505 507 511 526 532 537 538 563 564 573 584 594 606 610 613 616 628 636 637 644 646 650 654 655 664 674 678 681 683 687 703 716 718 719 720 724 734 737 741 767 776 785 787 789 795 798 802 803 808 814 815 816 825 827 829 830 838 842 867 868 878 879 889 896 901 902 916 921 930 940 942 947 951 968 972 984 988 992 995 
12 19 20 33 38 42 47 54 55 57 62 67 68 73 74 77 95 105 129 132 135 139 147 149 150 164 191 198 204 206 217 226 228 238 248 260 262 279 280 299 304 308 313 322 326 328 330 349 350 352 361 367 368 369 372 373 386 388 389 392 399 402 403 415 416 420 427 429 448 454 455 456 465 478 494 495 503 504 509 527 550 560 575 576 582 596 598 600 601 617 621 624 653 656 659 667 677 680 685 690 692 694 704 706 708 717 725 726 728 729 735 736 739 740 744 748 755 757 758 773 774 786 794 813 819 823 836 839 840 844 847 850 851 854 858 860 863 864 871 873 877 884 892 893 894 897 900 906 918 919 922 928 944 948 952 961 962 969 977 985 989 991 
8 9 16 20 21 23 24 29 30 31 32 39 44 49 52 58 63 65 83 84 100 101 105 114 116 123 125 126 128 129 130 145 151 157 159 160 169 175 187 190 193 203 214 215 218 223 225 229 230 233 239 250 258 260 270 276 279 281 285 287 288 294 295 297 306 307 319 323 326 333 334 342 343 349 355 362 365 366 370 377 379 380 384 390 396 401 402 408 409 410 418 420 423 426 428 435 439 447 452 455 457 460 461 463 464 469 471 476 479 486 487 496 499 502 510 512 515 517 518 520 524 534 536 537 538 544 546 549 557 570 572 573 574 577 578 587 590 591 596 597 598 609 610 613 620 626 629 630 632 637 638 641 657 660 665 666 670 674 677 679 684 694 698 701 704 716 718 725 737 741 744 751 759 760 768 772 779 783 789 790 798 799 802 808 812 813 814 816 826 827 832 838 853 854 870 872 873 885 889 896 903 904 908 909 910 916 924 925 934 947 949 950 951 960 962 971 973 979 980 981 984 
3 4 9 10 13 14 23 24 25 30 32 37 51 52 56 65 71 83 84 85 87 90 91 93 97 100 106 110 114 116 119 121 122 123 145 153 157 160 168 175 176 177 180 183 187 188 189 190 192 195 196 205 209 214 215 218 224 225 229 230 243 245 250 252 268 276 281 284 287 288 290 295 297 300 311 319 321 323 325 329 333 334 336 342 347 355 360 362 364 365 375 376 377 379 380 381 390 396 398 401 408 409 422 426 439 444 452 460 461 463 464 469 471 473 479 487 488 496 512 515 517 524 529 532 534 537 540 546 555 556 558 559 566 569 573 590 604 605 608 609 610 613 615 618 637 638 641 646 651 657 670 674 679 682 683 684 687 699 701 707 712 718 734 737 741 751 756 760 763 772 775 789 790 796 798 809 811 817 825 826 827 832 838 841 853 857 859 870 874 878 883 885 886 889 890 895 896 903 911 916 920 924 925 930 934 940 942 947 950 951 957 966 971 973 974 978 980 981 982 983 984 
1 12 19 33 34 38 42 47 62 64 66 72 75 81 86 94 95 127 132 139 142 143 147 149 154 155 167 178 182 191 204 206 220 226 231 237 238 244 247 248 259 262 274 293 308 312 313 318 322 328 331 350 352 358 361 369 372 373 382 388 389 399 427 437 450 453 462 465 478 492 495 503 523 528 538 542 547 550 581 600 607 621 624 625 642 643 647 653 659 667 671 672 690 694 695 697 711 713 714 715 717 719 726 728 732 740 742 745 746 748 757 758 764 769 778 793 801 805 816 819 823 824 830 836 846 848 860 866 882 887 893 897 898 906 914 932 946 952 958 961 969 983 989 990 994 
5 23 24 30 36 52 71 83 84 93 118 122 144 157 175 180 183 190 194 195 196 214 225 232 241 245 254 264 281 287 290 295 297 300 302 323 333 334 342 353 355 371 379 384 391 396 418 424 438 452 460 469 471 486 512 515 524 525 529 555 558 590 605 609 613 615 638 641 668 679 682 772 781 799 804 855 856 859 874 903 908 911 925 929 933 945 950 966 971 974 981 
1 7 9 16 20 21 29 30 31 34 39 42 44 46 47 48 54 55 56 63 72 79 95 96 100 101 102 116 121 124 125 126 128 130 134 137 142 145 149 152 154 156 159 160 167 170 175 177 178 181 182 202 203 205 209 210 211 218 223 224 227 229 233 244 247 248 250 253 258 260 262 271 276 277 279 288 294 295 306 307 310 312 314 321 322 326 334 335 340 343 345 348 349 350 351 354 358 360 362 365 366 370 372 374 377 380 382 383 388 390 395 401 402 408 409 414 415 426 435 439 441 455 457 462 463 468 469 470 476 479 480 487 492 495 498 499 502 503 505 507 509 510 518 520 526 532 534 537 538 549 557 563 564 573 574 584 587 591 594 596 597 600 610 613 617 625 628 629 630 632 639 643 645 646 649 650 654 655 660 664 665 666 670 674 676 677 681 683 690 694 698 704 713 714 715 716 718 719 720 724 725 728 737 738 739 741 744 747 751 754 760 767 768 769 779 782 783 785 787 789 792 798 801 802 808 813 814 815 816 821 823 827 829 830 832 835 838 846 848 854 858 861 865 867 870 873 878 879 885 889 893 896 898 900 901 902 909 910 914 916 921 924 926 932 940 942 947 949 951 958 962 968 972 973 984 990 994 997 
11 20 27 35 43 53 67 68 73 80 98 105 113 123 129 135 151 158 161 164 172 184 185 186 193 199 201 208 219 222 234 255 265 269 278 280 289 291 298 299 309 316 317 330 346 349 357 365 378 385 386 392 402 403 406 416 419 420 428 429 447 448 451 454 457 459 461 477 485 489 490 508 516 521 536 539 543 544 545 552 565 568 570 572 578 585 587 588 598 602 614 620 626 631 635 640 652 657 662 673 686 688 689 693 696 698 700 701 708 729 731 735 744 752 755 762 766 770 777 779 780 786 791 794 806 810 813 818 822 834 839 844 847 851 854 864 869 871 873 883 891 892 904 905 907 912 913 915 923 931 948 954 955 962 963 979 980 991 996 
2 4 14 40 48 50 57 60 69 74 75 76 82 90 92 94 95 97 99 103 106 108 112 119 121 127 136 140 141 148 160 162 163 167 168 173 176 205 212 213 224 235 243 249 252 258 259 263 275 276 277 282 301 303 304 318 321 325 329 336 339 341 344 358 359 360 363 390 400 401 404 431 432 437 440 443 444 446 450 463 468 472 473 479 501 502 506 507 511 523 532 542 547 554 556 564 566 580 586 589 592 595 603 607 608 616 622 627 636 642 664 669 675 683 697 703 710 712 715 721 722 727 732 734 737 746 748 751 756 774 776 778 785 788 793 795 796 798 800 803 807 811 817 828 830 833 842 853 857 866 867 868 875 879 880 881 882 886 890 893 900 901 917 918 930 935 936 946 947 953 957 958 983 988 995 
6 14 18 20 22 26 50 54 57 61 66 69 74 75 82 86 90 94 95 106 107 112 119 120 133 135 138 146 155 163 168 171 173 198 204 212 217 226 236 272 274 275 277 282 283 289 301 303 304 308 315 316 318 320 321 326 331 337 339 341 350 361 363 367 368 387 389 393 400 417 421 427 432 436 440 445 450 454 465 466 472 479 483 500 501 502 504 522 523 541 542 550 551 562 566 571 576 586 588 589 592 608 612 622 627 648 656 659 669 673 680 685 691 692 705 709 710 721 722 726 729 730 732 733 739 748 764 771 774 778 793 794 796 800 807 811 820 823 828 833 837 849 850 851 864 871 873 877 880 881 888 893 894 900 918 935 936 939 961 964 976 977 983 986 989 993 999 
1 12 19 33 38 66 81 86 94 95 127 132 139 147 149 155 191 204 206 220 226 231 237 238 244 274 308 313 318 328 331 350 352 361 368 369 373 389 399 427 437 450 453 465 478 522 523 528 542 550 581 600 621 624 625 642 647 653 659 667 671 672 692 695 697 711 713 717 726 728 732 740 742 745 748 757 764 769 793 805 819 823 824 848 860 866 882 887 893 894 897 898 906 952 961 969 976 977 989 
1 12 19 33 34 38 42 47 55 62 63 66 70 72 81 86 94 95 117 132 139 142 143 147 149 154 155 178 191 206 228 231 237 238 244 247 248 262 274 308 312 313 318 322 328 350 352 361 372 373 382 388 399 415 427 453 462 478 492 495 503 509 527 528 538 542 550 560 581 600 601 621 624 625 642 643 647 659 667 671 672 677 690 694 695 711 713 714 717 726 728 742 745 748 757 758 764 769 793 801 805 816 819 823 824 830 836 840 848 860 863 864 866 887 893 897 898 906 914 919 932 944 952 969 989 994 
8 11 27 28 29 34 35 49 55 58 59 67 68 78 80 88 96 105 115 116 125 129 130 131 151 159 164 165 169 179 193 201 215 216 219 223 229 239 242 246 256 260 261 269 270 279 280 285 292 294 298 299 307 309 324 333 343 349 356 384 402 405 408 410 414 415 416 420 426 428 429 430 447 455 456 457 459 471 477 485 486 494 495 497 509 510 513 515 520 531 533 535 536 543 544 553 557 565 570 574 578 582 587 596 598 602 617 620 626 632 635 645 652 665 666 677 686 696 698 708 723 736 738 744 747 759 760 761 768 772 779 780 782 783 784 792 799 812 813 822 831 839 854 858 870 884 885 899 904 908 909 910 928 938 941 945 948 949 950 954 956 960 970 973 975 979 987 
5 11 24 27 32 43 80 83 91 98 113 118 123 144 151 158 166 183 187 199 201 208 214 215 219 222 225 240 241 255 257 265 269 273 278 291 297 298 327 349 357 378 391 403 406 412 418 419 424 428 447 461 475 477 489 490 493 508 512 516 536 546 558 561 565 568 570 572 577 578 593 598 614 626 631 633 638 640 641 657 661 662 668 684 688 689 693 701 735 755 762 763 766 770 772 777 780 790 791 806 818 826 834 854 855 869 872 883 903 905 907 908 915 931 934 945 954 955 963 971 979 980 996 998 
5 11 13 15 24 27 30 32 36 43 83 91 93 113 114 118 123 130 144 151 157 158 166 183 187 190 199 201 214 215 219 225 232 240 241 245 254 255 257 273 281 284 287 291 297 298 300 327 333 342 353 355 357 362 378 379 380 384 391 406 410 412 418 419 424 426 428 447 452 461 464 475 477 486 490 493 512 515 516 517 555 558 561 565 568 570 572 577 578 587 590 593 605 609 615 633 638 640 641 657 661 662 668 679 682 688 701 759 760 762 763 770 772 790 791 818 826 834 855 870 872 883 885 903 905 907 908 911 929 934 945 950 954 963 966 971 979 980 981 998 
28 35 49 58 59 73 77 78 88 96 105 109 115 117 125 129 131 150 159 164 165 179 193 216 239 242 246 256 260 261 270 279 294 299 309 324 338 343 356 392 402 405 415 416 420 429 430 447 455 456 457 459 494 497 509 513 527 531 533 535 543 544 553 560 575 582 596 601 602 617 623 635 652 677 686 696 698 708 723 736 738 744 747 761 768 782 784 792 813 831 839 840 844 858 862 884 899 909 919 922 928 938 941 944 956 960 970 975 987 
4 5 10 13 14 15 17 20 25 26 30 32 37 45 50 51 57 65 76 82 85 87 90 91 93 97 99 106 107 112 114 119 120 123 133 138 145 151 153 157 160 163 168 176 185 187 189 199 201 205 212 217 218 221 222 225 230 235 243 249 251 252 265 267 272 276 277 278 284 289 301 303 304 320 321 325 329 336 339 341 342 347 349 360 362 363 364 365 375 376 379 380 381 390 391 393 400 401 409 417 418 419 422 425 428 433 436 440 444 446 451 461 463 464 472 473 475 479 482 488 489 490 491 496 500 502 507 512 517 519 532 536 546 556 558 559 561 564 566 567 571 577 578 585 586 589 592 603 604 608 609 610 615 618 619 622 627 651 657 664 669 675 679 680 683 684 688 691 702 703 707 712 721 722 725 727 730 734 735 737 739 749 751 752 753 755 756 760 762 763 771 774 775 790 793 794 796 798 800 809 811 817 826 828 847 853 854 857 867 870 873 875 881 883 886 890 891 895 900 903 907 911 917 923 925 930 934 935 936 947 951 953 957 962 963 966 971 978 979 980 981 982 983 986 
1 7 19 34 39 42 47 48 54 55 62 63 64 66 72 75 79 94 95 96 127 132 134 137 139 142 143 147 149 152 154 155 167 178 182 203 206 220 231 233 237 238 244 247 248 253 258 260 262 271 274 279 293 308 312 318 322 326 335 350 352 358 361 372 373 374 382 388 395 399 415 427 437 453 455 462 468 478 492 495 502 503 509 518 526 528 538 542 547 549 550 557 574 581 594 600 607 617 621 624 625 642 643 647 655 659 664 672 677 681 690 694 695 697 704 711 713 714 715 717 719 726 728 737 738 745 747 748 751 757 767 769 782 785 792 793 801 805 808 816 823 824 829 830 835 840 846 848 860 863 864 866 879 882 887 889 893 897 898 900 910 914 916 919 932 941 944 958 962 968 984 990 994 997 
5 13 23 24 25 30 32 36 37 51 52 65 71 83 84 87 93 114 118 122 144 157 158 175 180 183 187 190 194 195 196 214 215 225 230 232 241 245 254 264 268 273 281 284 287 290 295 297 300 302 323 327 333 334 342 353 355 357 362 364 371 378 379 380 384 391 396 418 424 438 452 460 461 464 469 471 473 486 488 512 515 517 524 525 529 555 558 561 572 577 590 593 605 609 613 615 633 638 641 657 668 679 682 701 707 759 760 762 772 781 790 799 804 826 855 856 859 872 874 903 905 908 911 925 929 933 945 950 963 966 971 974 980 981 
28 34 42 49 55 58 59 70 72 77 78 88 96 109 115 117 125 131 137 150 164 165 174 179 211 216 239 242 246 247 256 260 261 270 292 294 322 324 338 356 372 373 405 413 414 415 416 430 455 456 476 494 495 497 509 513 520 531 533 535 549 553 557 560 574 575 582 596 601 617 623 625 635 643 645 666 677 686 708 714 723 736 738 747 758 761 768 782 784 792 813 821 831 836 840 844 858 862 863 884 899 909 914 922 928 938 941 952 956 960 970 987 
1 7 19 29 31 34 39 42 44 46 47 55 59 62 63 70 72 79 96 100 101 102 125 134 137 142 143 147 149 152 154 156 165 174 178 179 182 202 203 206 210 211 223 231 233 238 244 246 247 248 253 260 262 271 292 294 305 306 308 310 312 314 322 326 340 348 350 354 356 372 382 383 388 399 413 414 415 430 434 435 439 455 462 470 476 487 492 495 503 505 509 510 518 526 528 531 535 538 549 557 573 574 581 584 600 617 625 628 629 630 632 642 643 645 649 654 655 660 665 666 676 677 690 694 704 711 713 714 719 720 724 728 738 745 747 754 761 767 768 769 782 783 792 801 802 805 808 814 816 821 823 829 830 835 838 846 848 861 887 898 910 914 916 926 932 941 956 962 968 984 990 994 997 
1 7 9 14 19 20 29 31 34 39 42 47 48 54 55 62 63 64 70 72 74 75 79 94 95 96 100 101 117 121 127 129 132 134 135 137 142 143 145 147 149 152 154 156 160 164 167 178 182 203 206 218 220 223 228 231 233 238 244 247 248 253 258 260 262 271 274 277 279 288 293 294 303 304 306 308 312 318 321 322 326 329 349 350 352 358 365 367 372 373 382 388 390 392 399 402 408 409 415 420 427 437 439 454 455 462 463 468 476 479 480 487 492 495 500 502 503 505 507 509 510 518 526 528 538 542 547 549 550 557 560 564 573 574 581 589 596 600 607 617 625 642 643 655 659 664 665 677 681 690 692 694 695 704 706 711 713 714 715 717 719 722 725 726 728 729 737 738 739 744 745 747 748 751 755 757 758 761 767 768 769 773 774 778 782 783 785 792 793 794 796 798 801 802 805 808 813 816 823 824 830 835 838 840 846 848 850 854 858 863 864 866 867 871 873 877 879 882 887 889 893 898 900 909 910 914 916 918 919 932 941 942 944 947 948 952 958 962 968 973 983 984 989 990 994 997 
2 3 4 40 50 56 60 69 75 76 85 89 90 92 97 99 103 106 108 110 119 121 136 140 153 162 163 168 173 176 200 205 212 221 224 235 243 249 252 259 263 266 267 275 276 296 301 321 325 336 337 341 359 360 363 381 398 400 401 404 407 425 431 432 440 443 444 446 450 458 472 473 479 481 501 506 507 511 514 519 530 532 541 542 548 556 564 566 569 580 586 592 595 603 604 608 611 634 636 658 669 675 678 683 703 710 712 727 732 734 743 749 756 774 776 778 788 795 798 800 807 809 811 817 833 842 843 845 853 857 867 868 875 880 881 886 890 917 927 930 935 936 943 947 951 953 957 965 978 982 983 988 999 
3 9 21 23 24 30 44 48 51 52 56 65 71 76 83 84 97 100 101 103 110 111 114 116 121 122 126 128 140 145 153 157 160 162 170 175 176 177 180 187 188 190 192 194 195 203 205 207 209 214 224 227 229 230 233 250 252 254 258 264 268 271 276 281 287 288 290 295 300 302 306 311 319 321 323 325 333 334 336 342 355 359 360 362 366 370 377 379 380 381 390 396 398 401 409 426 439 441 452 458 460 464 469 471 479 480 487 488 507 517 524 525 529 532 534 537 540 548 555 556 569 573 580 590 597 605 608 609 610 613 637 646 651 670 674 678 679 681 683 684 687 699 703 707 712 716 718 734 737 741 756 760 775 781 787 789 798 802 808 814 815 817 825 827 832 838 841 853 857 859 867 874 878 889 895 896 901 903 916 920 924 925 930 940 942 947 951 953 966 972 973 974 981 982 984 988 
4 5 6 14 15 17 18 20 25 26 32 37 45 50 51 61 82 87 90 91 97 99 104 106 107 112 114 119 120 123 133 138 163 168 176 185 187 189 199 201 212 217 218 221 222 225 243 251 265 266 267 272 278 283 284 289 303 315 316 320 321 325 336 339 341 346 347 360 375 376 391 393 401 403 407 417 418 422 425 428 433 436 445 451 461 473 475 479 482 483 488 489 490 491 496 500 514 517 519 521 545 546 551 559 561 566 567 571 579 585 589 599 608 611 612 615 618 619 622 627 640 648 657 662 669 679 680 684 688 691 693 700 702 709 712 721 727 730 734 735 743 749 750 752 753 755 756 762 763 766 771 780 794 796 797 800 806 817 826 828 843 847 849 852 853 854 881 883 886 888 890 891 907 923 934 939 957 963 967 978 980 986 
2 3 4 10 13 14 25 37 40 50 51 56 65 76 85 87 89 90 92 97 100 103 106 108 110 114 119 121 122 136 140 145 153 160 162 163 168 173 176 177 180 188 192 195 197 200 205 209 212 221 224 230 235 243 249 250 252 258 268 275 276 290 296 311 319 321 325 329 336 359 360 363 364 377 380 381 390 398 400 401 404 425 431 443 444 446 458 463 469 472 473 479 481 484 487 488 501 506 507 511 514 517 519 529 530 532 537 540 548 556 559 564 566 569 580 586 592 603 604 608 610 611 615 618 634 636 646 651 658 664 669 674 675 678 679 683 687 699 702 703 707 712 727 734 737 741 743 749 751 756 775 776 788 789 795 796 798 807 809 811 817 827 841 842 845 853 857 867 875 878 881 886 889 890 895 916 917 920 925 927 930 935 936 942 947 951 953 957 965 966 978 982 983 988 
1 7 8 16 21 29 31 34 39 44 46 55 59 72 79 96 100 101 102 124 125 126 128 134 137 142 152 156 165 174 178 179 181 182 202 203 210 211 223 233 244 247 248 253 260 271 292 294 305 306 310 312 314 340 348 354 366 370 372 383 411 413 414 430 434 435 439 455 462 467 470 476 487 492 495 498 503 505 509 510 518 526 538 549 557 563 573 574 584 591 600 625 628 629 630 632 639 645 649 650 654 655 660 665 666 670 676 694 713 714 716 718 720 724 728 738 747 754 767 768 782 783 787 792 801 802 808 814 816 821 829 835 838 861 865 876 898 910 914 916 921 926 932 937 941 956 968 994 997 
5 23 24 36 52 65 71 83 84 93 118 122 144 157 175 180 183 188 190 194 195 196 207 214 225 232 241 245 250 254 264 268 281 287 290 295 297 300 302 319 323 333 334 342 353 355 371 379 391 396 418 424 438 449 452 460 469 471 512 524 525 529 540 555 558 583 590 605 609 615 637 638 641 651 668 679 682 687 699 707 765 781 799 804 825 855 856 859 874 903 911 920 925 929 933 950 966 971 974 981 982 
11 27 35 43 53 67 68 80 98 105 113 123 144 151 158 161 166 184 193 199 201 208 214 215 219 222 234 240 241 255 257 265 269 273 285 291 297 298 309 316 317 327 343 346 349 357 378 385 402 403 406 410 412 418 419 420 424 428 447 457 459 461 477 485 486 489 490 493 508 512 516 521 536 539 543 544 545 552 561 565 568 570 572 577 578 585 587 588 593 598 602 614 620 626 631 633 635 638 640 652 657 661 662 673 686 688 689 693 696 698 700 701 708 731 735 750 755 762 766 770 777 779 780 790 791 806 810 812 818 822 834 854 855 869 872 883 891 904 905 907 912 913 915 931 945 948 954 955 963 979 980 991 996 998 
28 29 34 35 39 42 49 54 55 58 59 70 72 73 77 78 88 96 105 109 115 117 125 129 131 150 159 164 165 178 179 193 216 223 239 242 246 256 260 261 262 270 279 294 299 307 309 322 324 338 343 356 372 392 402 405 408 415 416 420 429 430 447 455 456 457 459 494 495 497 509 510 513 527 531 533 535 543 544 549 553 557 560 574 575 582 596 601 602 617 623 625 635 643 645 652 665 677 686 694 696 698 704 708 714 723 736 738 744 747 761 768 779 782 783 784 792 813 831 839 840 844 858 862 863 873 884 899 909 910 914 919 922 928 938 941 944 956 960 962 970 975 987 
11 27 35 43 80 98 113 144 158 161 166 183 199 208 219 240 241 255 257 269 273 285 291 297 298 327 357 378 384 385 406 412 418 419 424 447 477 486 489 490 493 508 516 521 539 552 561 565 568 570 572 578 593 602 614 620 631 633 640 661 662 668 689 693 701 762 766 770 777 791 806 812 818 822 834 855 869 872 905 915 931 945 950 954 955 996 998 
2 3 9 14 20 21 29 31 39 41 44 48 54 56 60 63 64 69 75 76 79 92 94 95 97 100 101 103 106 116 119 121 124 127 134 140 141 142 143 145 147 148 152 154 156 160 162 167 176 177 178 181 182 192 202 203 205 209 213 218 223 224 227 229 233 235 244 248 250 252 258 259 260 262 263 271 276 277 279 286 288 293 295 301 306 312 318 321 325 326 329 335 336 344 345 349 350 351 354 358 359 360 365 370 372 374 377 380 382 390 395 397 400 401 402 408 409 426 437 439 441 446 450 462 463 468 472 476 479 480 487 492 498 502 503 505 506 507 510 511 518 526 532 534 537 538 542 547 549 556 564 566 569 573 580 584 594 595 596 600 606 607 608 610 613 616 625 628 629 636 642 644 646 650 654 659 663 664 670 674 675 677 678 681 683 690 694 697 703 704 710 712 713 715 718 719 720 725 728 734 737 739 741 744 746 751 756 767 769 774 776 778 783 785 787 789 793 795 796 798 801 802 803 808 811 814 815 816 823 827 829 830 833 838 841 842 846 848 853 854 866 867 868 870 873 875 878 879 882 887 889 893 900 901 902 910 916 921 930 932 935 936 940 942 946 947 951 953 958 962 968 972 973 983 984 988 990 992 994 995 997 
2 40 41 48 50 60 63 64 66 69 74 75 76 86 92 94 95 103 106 127 136 140 141 143 147 148 154 155 167 213 220 231 235 249 258 259 263 274 275 286 293 301 308 318 321 335 344 345 351 358 359 363 374 382 395 397 400 404 431 437 443 446 450 468 472 501 506 511 523 528 542 547 548 554 564 580 586 592 595 606 607 608 616 636 642 644 647 659 663 664 675 681 690 695 697 703 710 711 713 715 719 722 732 745 746 748 769 774 776 778 785 793 795 803 805 807 811 824 830 833 842 846 848 866 867 868 875 879 880 882 887 935 936 946 953 958 965 983 990 992 995 
1 7 9 20 28 29 31 34 39 42 47 49 54 55 58 59 62 63 70 72 73 77 78 88 95 96 100 101 105 123 125 129 130 134 137 142 145 149 150 151 154 159 160 164 165 178 179 193 203 211 215 216 218 223 228 229 233 239 242 244 246 247 248 253 256 258 260 261 262 265 270 277 278 279 285 288 289 294 299 304 306 307 309 312 322 324 326 329 343 349 350 352 356 362 365 372 373 386 388 392 402 403 408 409 414 415 416 420 426 428 429 430 435 439 447 455 456 457 459 462 463 468 476 487 492 494 495 496 497 500 502 503 505 509 510 513 518 520 526 527 531 533 535 536 538 544 546 549 553 557 560 573 574 582 587 596 598 600 613 617 620 625 626 629 632 635 643 645 652 657 660 664 665 666 676 677 684 686 690 694 698 704 708 713 714 715 717 723 725 728 729 735 737 738 739 744 747 751 755 757 760 761 768 772 779 780 782 783 784 790 792 794 798 801 802 808 812 813 814 816 821 823 830 835 838 839 840 844 853 854 858 863 864 870 871 873 884 885 889 893 898 899 900 904 909 910 914 916 918 919 922 928 932 938 941 944 947 948 949 958 960 962 970 973 975 984 994 997 
8 16 28 29 31 34 39 42 49 54 55 58 59 70 72 77 78 88 96 105 109 115 116 125 129 130 131 137 150 159 164 165 169 174 178 179 193 211 216 223 239 242 246 256 260 261 262 270 279 285 292 294 299 307 309 322 324 343 356 372 384 402 405 408 410 413 414 415 416 420 426 429 430 435 447 455 456 457 476 494 495 497 509 510 513 520 531 533 535 536 543 544 549 553 557 560 573 574 575 582 587 591 596 617 620 623 625 626 629 630 632 635 643 645 660 665 666 677 686 694 696 698 704 708 714 723 736 738 744 747 761 768 779 782 783 784 792 802 812 813 814 821 831 840 858 862 863 873 884 885 899 904 909 910 914 919 928 938 941 949 956 960 962 970 973 975 987 
1 9 14 19 20 29 31 33 34 38 39 42 47 54 55 57 62 63 66 67 70 72 73 74 75 77 94 95 96 100 105 109 117 129 132 135 139 142 143 145 147 149 150 154 160 164 165 178 191 193 198 203 206 217 218 223 228 231 233 238 244 247 248 256 258 260 261 262 270 274 277 279 280 288 293 294 299 303 304 308 312 313 318 322 326 329 330 349 350 352 358 361 365 367 368 369 372 373 382 386 388 389 392 399 402 403 408 409 415 420 427 429 448 453 454 455 456 457 462 463 465 468 476 478 492 494 495 500 502 503 504 509 510 527 528 535 538 542 549 550 557 560 564 573 574 576 581 582 589 596 598 600 601 607 617 621 624 625 642 643 653 656 659 664 665 667 672 677 680 685 690 692 694 695 704 706 708 711 713 714 715 717 722 725 726 728 729 735 737 739 744 745 747 748 751 755 757 758 761 768 773 774 778 783 785 786 793 794 796 801 802 805 808 813 816 823 830 836 838 840 844 847 850 851 854 858 860 863 864 866 871 873 877 884 889 892 893 897 898 899 900 906 909 910 914 916 918 919 922 928 932 938 941 944 948 952 958 960 961 962 969 973 983 984 985 989 991 994 
2 40 41 48 50 60 64 69 75 76 92 94 103 106 121 127 136 140 141 148 162 167 213 227 235 249 258 259 263 275 286 318 335 344 345 351 358 359 363 374 395 397 400 404 431 437 441 443 446 450 468 472 501 506 507 511 532 542 547 548 554 564 580 586 592 594 595 606 607 608 616 636 642 644 663 675 681 697 703 710 719 746 776 778 785 795 803 807 824 830 833 842 846 848 866 867 868 875 879 882 901 935 936 946 953 958 965 988 990 992 995 
21 23 36 44 52 65 71 83 84 93 101 111 116 122 126 128 169 170 175 180 188 190 194 195 207 232 245 250 254 264 276 281 287 290 295 300 302 306 319 323 332 333 334 342 353 355 366 370 371 394 396 423 426 438 439 442 449 452 460 469 471 524 525 529 534 537 555 583 590 591 597 605 609 613 637 651 670 674 682 687 716 718 741 765 781 789 799 804 814 825 832 838 856 859 874 896 924 925 929 933 950 974 
5 9 15 18 20 26 27 32 45 53 54 57 61 63 67 68 80 82 87 91 98 104 105 112 114 120 123 129 133 135 138 151 160 164 184 185 186 187 189 193 198 199 201 208 214 215 217 218 219 222 225 234 240 243 251 255 260 265 267 272 278 279 280 284 289 291 297 299 303 304 309 316 317 320 326 329 330 346 347 349 362 365 367 376 378 386 391 392 393 402 403 409 417 418 419 420 422 428 433 436 447 451 454 457 459 461 463 474 475 482 485 489 490 491 496 500 508 512 516 519 521 536 539 545 546 552 561 565 567 570 571 572 577 578 579 585 587 588 589 596 598 599 614 619 622 626 631 640 657 662 673 677 680 684 688 689 691 693 694 700 701 704 721 725 729 730 731 733 735 739 744 750 752 753 755 760 762 763 766 770 771 777 779 780 786 790 791 794 796 797 806 810 813 816 817 818 822 826 828 834 837 839 847 849 851 852 853 854 864 870 871 873 883 888 890 891 892 893 903 905 907 910 912 913 915 916 918 923 934 948 954 955 962 963 967 979 980 984 986 991 996 
4 6 26 40 50 82 89 90 97 99 104 107 108 112 119 120 133 138 163 168 171 173 176 200 212 221 249 251 266 267 272 275 283 315 320 325 336 337 339 341 387 400 404 407 417 425 432 440 443 444 445 473 481 483 491 501 514 519 530 541 551 559 566 567 571 579 586 592 603 608 611 612 627 648 658 669 702 705 709 712 721 727 743 749 753 771 800 807 809 843 845 849 881 886 890 917 923 927 943 957 965 978 986 999 
4 6 10 14 17 18 26 37 40 45 50 61 82 85 87 89 90 91 97 99 104 107 108 112 119 120 133 138 153 163 168 171 173 176 185 189 200 212 221 243 249 251 265 266 267 272 275 278 283 301 303 315 316 320 325 336 337 339 341 347 363 375 376 387 393 407 417 422 425 432 433 436 440 444 445 451 472 473 475 481 482 483 484 491 514 519 530 541 546 551 559 566 567 571 579 585 586 589 603 604 608 611 612 618 619 622 627 648 658 669 688 691 702 705 709 721 722 727 730 743 749 752 753 771 788 797 800 807 809 811 828 843 845 849 852 857 881 883 886 888 890 917 923 927 939 943 957 965 967 978 986 999 
5 10 13 15 17 25 30 36 37 51 52 65 71 83 84 85 87 93 97 110 118 122 153 157 176 180 183 188 190 194 195 196 197 214 221 225 230 245 250 252 254 268 276 281 284 287 288 290 295 296 300 302 319 323 325 342 353 360 364 375 379 380 381 391 418 460 464 469 473 481 484 488 517 524 525 529 540 555 556 558 559 590 604 605 609 611 613 615 618 637 641 651 679 683 687 699 702 707 741 756 775 781 789 809 825 826 845 859 874 886 895 903 911 920 925 929 930 933 957 966 971 978 981 982 
11 27 35 43 67 68 80 98 105 113 123 130 151 158 159 166 184 193 201 208 215 216 219 234 239 240 255 257 269 270 280 285 291 298 299 309 324 327 330 343 349 357 378 385 402 405 406 408 410 412 416 419 420 424 428 429 447 457 459 477 485 486 493 508 516 533 536 539 543 544 552 565 568 570 572 578 587 598 602 614 620 626 633 635 640 652 686 689 696 698 701 708 770 779 780 791 812 813 818 822 834 839 854 858 869 872 884 904 905 909 915 931 938 945 954 955 975 979 996 998 
8 9 11 27 28 29 31 34 35 39 42 43 49 54 55 58 59 67 68 73 77 78 80 88 96 105 109 115 123 125 129 130 131 150 151 159 164 165 169 179 193 201 215 216 219 223 229 239 242 246 256 260 261 262 269 270 279 280 285 292 294 298 299 307 309 324 330 343 349 356 365 384 385 386 392 402 405 408 410 414 415 416 420 426 428 429 430 447 455 456 457 459 461 477 485 486 494 495 497 508 509 510 513 520 527 531 533 535 536 543 544 553 557 560 565 570 573 574 575 578 582 587 596 598 602 617 620 623 626 632 635 645 652 657 665 666 677 686 694 696 698 704 708 723 729 735 736 738 744 747 755 759 760 761 768 772 779 780 782 783 784 790 792 799 802 812 813 814 822 831 839 840 844 854 858 862 864 870 871 873 884 885 899 904 908 909 910 919 922 928 938 941 944 945 948 949 954 956 960 962 970 973 975 979 987 
1 2 21 34 39 41 44 46 48 56 60 63 64 72 75 79 92 100 101 103 106 121 124 127 134 140 142 143 145 147 152 154 156 160 162 167 177 178 181 182 192 202 203 205 209 213 220 224 227 233 244 247 248 250 253 258 271 276 286 288 293 306 310 312 314 318 321 326 335 344 345 351 354 358 359 360 370 372 374 377 380 382 390 395 397 401 439 441 462 468 479 480 487 492 495 498 502 503 505 506 507 518 526 532 537 538 547 549 557 563 564 573 584 594 595 600 606 607 610 616 625 628 642 644 646 649 650 654 655 659 663 664 674 678 681 683 690 694 703 704 713 714 715 718 719 720 724 728 734 737 741 751 767 769 776 778 785 787 793 795 798 801 802 803 808 814 815 816 827 829 830 838 846 848 866 867 868 875 878 879 882 887 889 898 901 902 910 914 916 921 932 935 940 942 947 951 958 962 968 972 973 983 984 988 990 992 994 997 
6 14 17 18 20 22 26 37 45 50 53 57 61 74 82 87 90 91 95 97 99 104 107 112 119 120 133 138 146 163 168 171 173 185 186 189 198 212 217 218 221 222 236 243 251 265 266 267 272 275 277 278 282 283 289 301 303 304 315 316 320 326 329 336 337 339 341 346 347 363 367 375 376 387 393 400 407 417 421 422 425 432 433 436 440 445 451 465 466 472 474 475 479 482 483 489 490 491 496 500 501 502 514 519 522 523 541 542 545 546 551 559 562 566 567 571 579 585 586 588 589 592 599 608 612 619 622 627 648 669 673 680 685 688 691 700 702 705 709 721 722 725 727 729 730 733 739 743 749 750 752 753 755 763 771 774 793 794 796 797 800 807 810 811 817 820 823 828 837 843 847 849 852 853 880 881 883 888 890 891 893 900 907 918 923 934 939 957 959 963 964 967 976 983 986 991 993 999 
5 11 13 15 24 27 30 32 36 43 83 91 93 113 118 123 130 144 151 157 158 166 183 187 190 199 201 214 215 219 225 240 241 245 255 257 273 281 284 285 287 291 297 298 327 333 342 353 355 357 362 378 379 384 391 406 410 412 418 419 424 426 428 438 447 452 461 464 471 475 477 486 490 493 512 515 516 555 558 561 565 568 570 572 577 578 587 593 615 620 626 633 638 640 641 657 661 662 668 688 701 759 760 762 763 770 772 790 791 812 818 826 834 855 870 872 883 885 903 904 905 907 908 911 929 934 945 950 954 963 966 971 979 980 981 998 
1 12 14 19 38 42 47 54 57 60 63 66 69 74 75 81 86 94 95 119 127 132 139 142 143 147 149 154 155 167 191 204 206 220 226 231 236 237 238 244 248 259 262 274 277 282 293 301 303 304 308 318 321 326 328 329 331 341 350 352 358 361 363 367 368 369 372 382 389 399 400 427 432 437 440 445 450 453 465 466 468 472 478 479 500 501 502 503 504 506 511 522 523 528 538 542 547 550 564 566 581 589 595 600 607 616 621 624 625 627 642 647 653 659 664 672 685 690 692 695 697 705 710 711 713 715 717 722 725 726 728 732 737 739 740 742 745 746 748 751 764 774 778 785 793 796 805 811 819 823 824 828 830 833 860 864 866 868 873 877 879 880 882 887 889 893 894 898 900 906 918 935 946 958 961 976 977 983 984 985 989 999 
2 4 14 40 50 57 69 74 75 76 82 90 92 99 106 107 108 112 119 136 163 168 173 176 200 205 212 235 236 249 252 259 263 266 267 272 275 282 283 301 303 304 321 336 337 339 341 360 363 400 404 431 432 440 443 445 446 450 465 466 472 479 501 506 511 514 519 522 523 541 542 564 566 571 586 589 592 595 603 608 622 627 636 648 669 675 683 705 710 712 721 722 727 732 734 749 774 776 778 788 793 800 807 811 828 833 842 843 857 867 868 875 880 881 890 900 917 935 936 943 953 957 976 983 986 999 
3 4 9 10 14 21 23 24 30 32 37 44 48 51 52 56 65 71 76 83 84 85 87 90 97 100 101 103 106 110 111 114 116 119 121 122 126 128 140 145 153 157 160 162 168 170 175 176 177 180 187 188 190 192 195 203 205 207 209 214 215 218 224 225 227 229 230 233 235 243 249 250 252 258 264 268 271 276 281 287 288 290 295 300 306 311 319 321 323 325 329 333 334 336 342 355 359 360 362 363 365 366 370 376 377 379 380 381 390 396 398 401 408 409 422 426 439 441 444 446 452 458 460 461 463 464 469 471 472 473 479 480 487 488 496 507 512 517 524 529 532 534 537 540 546 548 555 556 559 564 566 569 573 580 586 590 592 597 603 604 605 608 609 610 613 615 634 637 641 646 651 657 664 670 674 675 678 679 681 683 684 687 699 703 707 712 716 718 734 737 741 751 756 760 772 775 789 790 796 798 802 808 809 811 814 815 817 825 826 827 832 838 841 853 857 859 867 870 874 875 878 881 885 886 889 890 895 896 901 903 916 920 924 925 930 934 935 936 940 942 947 951 953 957 966 971 972 973 974 978 980 981 982 983 984 988 
9 14 20 39 42 45 54 57 61 63 69 74 75 82 92 94 95 100 106 112 114 119 129 135 142 145 146 147 149 151 154 160 168 178 185 198 203 217 218 233 235 236 243 248 258 260 262 272 274 277 278 279 282 283 288 289 293 301 303 304 308 318 321 326 329 336 341 349 350 358 360 362 363 365 367 372 376 390 393 399 400 401 402 409 420 427 436 440 445 463 465 466 468 472 479 482 492 495 496 500 502 503 506 507 523 528 532 538 542 546 550 564 566 573 589 595 596 607 608 610 619 622 625 627 657 659 664 677 680 684 690 691 692 694 704 705 715 717 721 722 725 726 728 729 730 734 737 739 744 748 751 752 755 760 771 774 778 785 793 794 796 798 800 808 811 816 817 823 828 830 833 838 847 853 854 864 866 867 870 871 873 875 881 889 890 893 900 910 916 918 919 923 935 936 939 947 948 958 962 973 976 983 984 999 
5 9 14 15 17 18 20 22 26 27 32 37 45 53 54 57 61 63 67 68 74 80 82 87 91 97 104 105 112 114 120 123 129 133 135 138 146 151 160 164 168 172 184 185 186 187 189 193 198 199 201 214 215 217 218 219 222 225 234 240 243 251 260 265 267 272 277 278 279 280 283 284 289 297 299 303 304 309 316 317 320 326 329 330 336 341 346 347 349 362 365 367 368 375 376 378 386 390 391 392 393 401 402 403 409 417 418 419 420 422 428 433 436 445 447 448 451 454 457 461 463 465 466 474 475 479 482 485 489 490 491 496 500 502 504 512 516 519 521 536 539 545 546 552 559 561 566 567 570 571 572 576 577 578 579 585 587 588 589 596 598 599 610 614 619 622 626 627 640 656 657 662 673 677 680 684 685 688 691 692 693 694 700 701 702 704 706 721 722 725 729 730 731 733 735 739 744 750 751 752 753 755 760 762 763 766 770 771 774 777 779 780 786 790 791 794 796 797 806 810 811 813 816 817 820 826 828 837 839 847 849 850 851 852 853 854 864 870 871 873 877 883 888 890 891 892 893 900 903 905 907 910 912 913 916 918 923 934 939 948 954 955 961 962 963 964 967 976 979 980 983 984 986 989 991 996 
1 9 19 20 28 29 31 34 39 42 47 49 54 55 57 58 62 63 67 68 70 73 74 77 88 95 100 105 123 129 132 135 142 145 147 149 150 151 154 159 160 164 165 178 191 193 198 203 206 216 217 218 222 223 228 229 233 239 242 244 248 256 258 260 261 262 265 270 277 278 279 280 288 289 293 294 299 304 307 308 309 313 322 324 326 329 330 349 350 352 362 365 367 368 369 372 373 386 388 389 392 399 402 403 408 409 415 416 420 427 428 429 447 448 454 455 456 457 459 463 465 468 487 492 494 495 496 497 500 502 503 504 509 510 527 533 535 536 538 544 546 550 553 557 560 573 576 582 596 598 600 601 617 620 621 624 625 626 635 643 652 653 656 657 659 664 665 677 680 684 685 686 690 692 694 698 704 706 708 714 715 717 723 725 726 728 729 735 736 737 739 744 747 748 751 755 757 758 760 761 768 773 774 779 780 786 794 798 802 808 813 816 823 830 838 839 840 844 847 850 851 853 854 858 863 864 870 871 873 877 884 889 892 893 899 900 904 906 909 910 916 918 919 922 928 938 944 947 948 952 958 960 961 962 970 973 975 984 985 989 991 
9 18 20 22 26 27 35 53 54 57 61 67 68 73 74 80 91 98 105 123 129 135 151 164 172 184 185 186 193 198 201 217 222 228 234 239 262 265 269 270 278 279 280 289 299 304 309 313 316 317 324 330 346 349 350 352 365 367 368 386 392 393 402 403 415 416 419 420 428 429 447 448 451 454 456 457 459 465 474 482 485 489 494 496 504 508 527 533 536 539 544 545 546 550 552 562 565 576 578 582 585 588 596 598 599 602 614 620 626 631 635 652 656 657 673 677 680 685 686 689 691 692 693 696 698 700 706 708 717 729 730 731 733 735 736 739 744 752 755 770 771 773 777 779 780 786 794 797 810 813 820 822 837 839 840 844 847 849 850 851 852 854 858 864 870 871 873 877 883 884 888 891 892 893 904 907 909 912 915 918 919 922 923 928 938 944 948 952 954 955 960 961 962 964 967 979 985 989 991 996 
5 8 9 13 16 21 23 24 25 30 31 32 36 37 44 51 52 56 65 71 83 84 87 93 100 101 114 116 118 122 126 128 130 144 145 157 158 160 169 175 177 180 183 187 188 190 194 195 207 209 214 215 225 229 230 232 241 245 250 254 264 268 273 276 281 284 287 288 290 295 297 300 302 306 307 319 323 333 334 342 343 353 355 360 362 365 366 370 371 377 379 380 384 390 391 396 401 408 409 410 418 423 424 426 438 439 442 449 452 460 461 464 469 471 473 486 488 499 510 512 515 517 520 524 525 529 534 537 555 558 572 573 577 583 587 590 591 593 597 605 609 610 613 615 630 632 637 638 641 651 657 668 670 674 679 682 683 684 687 701 707 716 718 741 744 756 759 760 765 772 775 781 789 790 799 802 804 814 825 826 827 832 838 855 856 859 870 872 874 878 885 896 903 905 908 910 911 916 924 925 929 930 933 934 940 945 947 949 950 951 966 971 973 974 980 981 984 
6 14 20 50 57 61 66 69 74 75 82 86 90 94 95 106 107 112 119 146 155 163 168 171 173 198 204 212 217 226 235 236 272 274 275 277 282 283 289 293 301 303 304 308 315 318 321 326 331 337 339 341 361 363 367 368 389 393 400 421 427 432 436 440 445 450 465 466 468 472 479 483 500 501 502 522 523 541 542 562 564 566 586 589 592 595 608 622 627 648 659 669 680 685 691 692 705 710 715 721 722 729 730 732 733 739 748 764 771 774 778 793 794 796 800 807 811 820 823 828 833 880 881 893 894 900 918 935 936 939 958 961 976 977 983 986 999 
6 14 18 22 26 45 50 53 57 61 74 82 86 99 104 107 112 119 120 133 135 138 146 168 171 172 185 186 198 204 212 217 226 236 251 266 267 272 275 277 278 282 283 289 301 303 304 315 316 320 331 337 339 341 346 361 363 367 368 387 389 393 400 417 421 432 436 440 445 450 451 454 465 466 472 474 479 483 491 500 504 519 522 523 541 542 551 562 566 567 571 576 579 585 588 589 599 612 622 627 648 653 656 669 673 680 685 688 691 692 705 709 721 722 730 732 733 748 771 774 793 796 797 800 810 811 820 828 837 849 850 851 852 864 877 880 881 888 890 893 894 900 918 923 939 959 961 964 967 976 977 983 985 986 989 991 993 999 
5 10 13 15 17 24 25 30 32 36 37 45 51 65 82 83 87 91 93 97 112 114 118 123 144 151 157 168 176 183 187 189 190 196 197 199 212 214 221 225 230 241 243 245 251 265 268 273 278 281 284 287 290 297 300 320 325 336 342 347 362 364 375 376 378 379 380 390 391 401 418 419 422 425 433 461 464 473 475 482 488 489 490 491 512 517 519 540 546 555 556 558 559 561 566 567 577 585 590 593 605 609 610 615 618 619 622 641 651 657 662 679 684 688 701 702 707 721 752 753 756 760 762 763 790 817 826 853 883 890 891 903 905 907 911 920 923 925 929 934 957 963 966 971 978 979 980 981 
11 27 28 29 35 43 49 58 80 83 98 105 113 116 130 144 151 158 159 169 183 190 193 215 216 219 229 239 255 257 260 261 269 270 273 285 291 294 297 298 307 309 324 333 343 355 357 384 385 402 405 406 408 410 419 424 426 438 447 452 455 457 471 477 485 486 508 510 513 515 516 520 533 536 543 544 552 553 565 568 570 572 578 587 596 602 614 620 626 632 633 635 638 652 668 686 689 696 698 701 708 744 759 760 770 772 779 791 799 812 813 818 822 831 855 858 870 872 885 904 905 908 909 910 915 928 931 938 945 949 950 954 955 960 973 975 979 
2 41 48 60 64 75 92 103 121 124 127 141 148 152 167 182 203 213 227 258 259 263 271 286 312 335 344 345 351 358 359 374 382 395 397 431 441 462 468 480 487 498 506 507 511 532 547 554 564 594 606 607 616 636 642 644 650 663 681 697 703 719 746 767 769 776 785 795 803 829 830 842 846 848 867 868 879 882 901 902 942 946 958 990 992 995 
5 13 23 24 25 30 36 37 51 52 65 71 83 84 87 93 114 116 118 122 144 157 158 169 175 180 183 187 190 194 195 196 207 214 215 225 229 230 232 241 245 250 254 264 268 273 276 281 284 287 288 290 295 297 300 302 319 323 333 334 342 353 355 362 364 371 379 380 384 391 396 401 418 423 424 426 438 442 452 460 461 464 469 471 473 486 488 512 515 517 524 525 529 534 555 558 572 573 577 583 590 591 593 597 605 609 610 613 615 637 638 641 651 668 670 679 682 701 707 718 741 756 759 760 765 772 775 781 789 790 799 804 826 832 838 855 856 859 872 874 885 903 905 908 911 924 925 929 930 933 945 950 951 966 971 973 974 980 981 
9 14 16 20 21 23 24 29 30 31 32 37 39 44 51 52 54 56 63 65 83 84 87 95 97 100 101 105 106 114 116 119 121 122 123 125 126 128 129 130 134 142 145 151 154 156 157 159 160 169 170 175 177 178 180 181 182 187 188 190 203 205 209 214 215 218 223 224 225 227 229 230 233 248 250 258 260 262 268 271 276 277 279 281 287 288 290 294 295 297 300 306 307 312 319 321 323 326 329 333 334 336 340 342 343 349 350 354 355 360 362 365 366 370 372 376 377 379 380 384 390 396 401 402 408 409 410 418 420 423 426 428 439 452 457 460 461 463 464 468 469 471 473 476 479 480 486 487 488 492 496 498 499 500 502 505 507 510 512 515 517 518 520 524 526 529 532 534 536 537 538 546 549 555 566 570 572 573 577 584 587 590 591 596 597 598 605 608 609 610 613 615 625 628 629 630 632 637 638 641 646 651 657 664 670 674 677 679 681 683 684 687 690 694 698 701 704 707 715 716 718 719 725 737 739 741 744 751 756 759 760 767 772 775 779 783 787 789 790 793 796 798 799 801 802 808 811 813 814 815 816 817 823 825 826 827 830 832 838 853 854 859 870 872 873 874 878 885 889 893 896 900 903 908 909 910 916 921 924 925 930 934 940 942 947 949 950 951 958 962 966 971 972 973 974 979 980 981 983 984 997 
9 14 20 22 26 27 32 45 53 54 57 61 63 67 68 74 80 82 91 95 105 107 112 114 119 120 123 129 133 135 138 146 151 160 164 168 172 184 185 186 187 189 198 199 201 217 218 222 234 236 243 251 260 265 272 277 278 279 280 282 283 289 299 301 303 304 316 317 320 326 329 330 336 341 346 347 349 362 363 365 367 368 376 386 390 392 393 401 402 403 409 419 420 422 428 436 440 445 448 451 454 461 463 465 466 472 475 479 482 485 489 490 491 496 500 502 504 512 523 536 542 546 552 566 576 578 585 588 589 596 598 619 622 627 656 657 673 677 680 684 685 688 691 692 693 694 704 705 706 721 722 725 729 730 731 733 735 739 744 748 751 752 753 755 760 763 771 774 778 780 786 790 793 794 796 800 811 813 816 817 820 823 828 837 847 850 851 852 853 854 864 870 871 873 877 881 883 890 891 892 893 900 907 910 916 918 923 934 939 948 954 955 961 962 963 964 976 979 980 983 984 989 991 996 999 
5 10 13 15 17 23 25 30 36 37 51 52 65 71 84 85 87 93 97 110 118 122 153 157 175 176 177 180 183 188 190 192 194 195 196 197 207 209 214 225 230 232 245 250 252 254 264 268 276 281 284 287 288 290 295 300 302 311 319 323 325 342 353 360 364 371 375 379 380 381 391 398 418 452 458 460 464 469 473 484 488 517 524 525 529 540 555 556 558 559 590 604 605 609 613 615 618 637 641 651 679 682 683 687 699 702 707 741 756 775 781 789 804 809 825 826 845 856 859 874 878 895 903 911 920 925 929 930 933 957 966 971 974 978 981 982 
11 27 35 43 53 67 68 80 98 105 113 123 144 151 158 161 166 184 193 199 201 208 214 215 219 222 234 240 241 255 257 265 269 273 285 291 297 298 309 317 327 343 349 357 378 385 402 403 406 410 412 418 419 420 424 428 447 457 459 461 477 485 486 489 493 508 512 516 536 539 543 544 552 561 565 568 570 572 577 578 587 593 598 602 614 620 626 631 633 635 638 640 652 686 689 693 696 698 701 708 735 755 762 766 770 777 779 780 790 791 806 812 818 822 834 854 855 869 872 904 905 907 912 915 931 945 948 954 955 979 980 996 998 
7 8 16 28 29 31 34 39 49 55 58 59 72 78 96 102 116 125 130 131 137 159 165 169 174 178 179 210 211 223 239 246 247 253 261 270 292 294 307 333 334 343 348 356 384 408 413 414 423 426 430 435 455 467 470 476 499 510 513 518 520 535 549 553 557 573 574 591 625 629 630 632 645 660 665 666 676 698 714 738 747 754 768 779 782 783 792 799 801 802 808 814 821 835 885 909 910 914 937 941 949 956 960 973 994 997 
14 42 48 54 57 60 63 64 66 69 74 75 86 92 94 95 106 119 127 129 139 142 143 145 147 149 154 155 160 167 178 182 203 204 206 220 231 244 248 258 259 262 271 274 277 279 282 293 301 303 304 308 312 318 321 326 329 341 350 358 361 363 368 372 382 389 390 399 400 427 432 437 440 450 463 465 468 472 478 479 492 495 500 502 503 506 507 511 523 528 538 542 547 550 564 566 589 595 600 607 616 621 625 642 659 664 672 677 681 690 692 694 695 697 704 710 711 713 715 717 719 722 725 726 728 732 737 739 745 748 751 769 774 778 785 793 795 796 798 803 805 811 816 823 824 828 830 848 864 866 867 868 873 879 880 882 887 889 893 898 900 916 918 919 935 947 958 962 983 984 
7 8 9 16 20 28 29 30 31 34 39 42 44 49 54 55 58 59 63 70 72 77 78 88 96 100 102 105 109 116 125 129 130 137 150 151 159 164 165 169 174 178 179 193 211 215 216 218 223 229 233 239 242 246 247 248 253 256 260 261 262 270 279 285 288 292 294 295 299 306 307 309 322 324 326 333 340 343 349 356 365 372 384 402 408 409 410 413 414 415 416 420 426 429 430 435 439 447 455 456 457 471 476 492 494 495 497 509 510 513 515 518 520 531 533 534 535 536 538 544 549 553 557 560 573 574 575 582 587 591 596 613 617 620 623 625 626 629 630 632 635 643 645 660 665 666 670 676 677 686 694 698 704 708 714 718 723 725 736 738 744 747 760 761 768 772 779 782 783 784 792 799 801 802 808 812 813 814 816 821 831 835 838 840 854 858 862 863 870 873 884 885 899 904 908 909 910 914 916 919 928 938 941 949 956 960 962 970 973 975 984 987 994 997 
8 9 16 21 23 24 29 30 31 37 39 44 51 52 56 63 65 71 83 84 87 93 100 101 102 111 114 116 121 122 125 126 128 130 134 144 145 156 157 159 160 169 170 175 177 180 181 183 187 188 190 195 203 205 207 209 214 215 223 224 225 227 229 230 232 233 245 250 254 258 264 268 276 281 287 288 290 294 295 297 300 302 306 307 319 323 326 332 333 334 340 342 343 353 354 355 360 362 365 366 370 371 377 379 380 384 390 394 396 401 402 408 409 410 411 423 426 435 438 439 442 449 452 460 461 463 464 467 469 471 473 476 479 480 486 487 488 498 499 502 505 510 512 515 517 518 520 524 525 526 529 532 534 537 538 549 555 558 573 583 584 587 590 591 597 605 609 610 613 615 628 629 630 632 637 638 639 641 646 651 657 660 666 668 670 674 679 682 683 684 687 698 701 707 716 718 725 737 741 744 751 756 760 765 767 772 775 779 783 787 789 790 798 799 802 804 808 814 815 816 825 826 827 832 838 855 856 859 861 865 870 872 874 876 878 885 889 896 903 908 909 910 916 921 924 925 930 937 940 942 945 947 949 950 951 962 966 971 972 973 974 980 981 984 
3 4 10 40 51 76 85 89 90 97 108 110 136 140 153 176 197 200 205 249 252 268 296 325 360 364 381 398 407 431 443 444 446 458 473 481 484 488 514 530 540 548 556 569 580 586 603 604 611 634 636 658 678 683 707 712 727 743 756 788 807 809 845 857 886 895 917 920 927 943 953 957 965 978 982 
5 9 11 13 15 23 24 27 30 32 36 43 65 83 91 93 113 114 116 118 123 130 144 151 157 158 159 160 166 169 183 187 190 199 201 214 215 218 219 225 229 230 232 240 241 245 254 255 257 265 273 278 281 284 285 287 288 291 295 297 298 300 307 323 327 333 334 342 343 349 353 355 357 362 365 378 379 380 384 391 396 402 406 408 409 410 412 418 419 424 426 428 438 447 452 457 461 464 469 471 475 477 486 490 493 496 510 512 515 516 517 534 536 546 555 558 561 565 568 570 572 573 577 578 587 590 593 605 609 610 613 615 620 626 632 633 638 640 641 657 661 662 668 670 679 682 684 688 698 701 744 755 759 760 762 763 770 772 779 790 791 799 812 814 818 826 834 838 853 854 855 870 872 883 885 903 904 905 907 908 911 925 929 934 945 949 950 954 963 966 971 973 974 979 980 981 998 
11 27 35 43 80 83 98 105 113 118 123 130 144 151 158 159 183 190 193 199 201 208 214 215 216 219 234 239 240 241 255 257 269 270 273 285 291 297 298 309 327 343 355 357 378 384 385 406 408 410 412 418 419 424 428 438 447 452 457 461 471 477 485 486 493 508 512 515 516 536 543 544 552 561 565 568 570 572 577 578 587 593 598 602 614 620 626 633 635 638 640 641 661 668 689 696 698 701 708 759 762 770 772 779 780 790 791 812 813 818 822 834 855 869 872 885 904 905 908 909 915 931 945 949 950 954 955 975 979 980 998 
9 20 27 28 29 35 42 49 53 54 58 67 68 73 77 80 88 105 123 129 135 150 151 159 164 165 172 184 185 186 193 198 201 216 222 228 234 239 242 256 260 261 262 265 269 270 278 279 280 289 294 299 304 307 309 313 316 317 324 326 330 346 349 350 352 365 367 373 386 392 402 403 408 415 416 420 428 429 447 448 454 455 456 457 459 485 494 495 497 508 509 510 527 533 535 536 539 544 550 552 553 560 565 575 576 578 582 588 596 598 601 602 614 617 620 626 635 652 673 677 680 686 689 692 693 694 696 698 704 706 708 717 723 725 729 731 735 736 739 744 747 755 758 761 768 773 779 780 784 786 794 813 822 823 839 840 844 847 850 851 854 858 863 864 870 871 873 877 884 892 893 899 904 909 910 915 918 919 922 928 938 944 948 952 954 955 960 962 970 973 975 987 989 991 996 
5 13 23 24 25 30 36 37 51 52 65 71 83 84 87 93 116 118 122 144 157 169 170 175 180 183 188 190 194 195 196 207 214 225 230 232 241 245 250 254 264 268 276 281 284 287 288 290 295 297 300 302 319 323 333 334 342 353 355 364 371 379 380 384 391 396 418 424 426 438 442 452 460 464 469 471 473 486 488 512 515 524 525 529 534 537 540 555 558 583 590 605 609 613 615 637 638 641 651 668 670 679 682 687 699 707 718 741 765 772 781 789 799 804 825 826 832 838 855 856 859 874 885 896 903 908 911 920 924 925 929 933 945 950 966 971 974 981 982 
4 14 20 45 50 54 57 61 63 66 69 74 75 82 86 90 92 94 95 99 106 107 112 119 120 127 135 139 146 147 154 155 160 163 168 173 176 198 204 206 212 217 226 235 236 243 249 258 259 267 272 274 275 277 282 283 289 293 301 303 304 308 318 320 321 326 329 331 336 337 339 341 350 358 360 361 363 367 368 376 389 390 393 399 400 401 404 417 422 427 432 436 437 440 445 450 463 465 466 468 472 478 479 482 496 500 501 502 506 507 511 519 522 523 528 532 541 542 546 550 564 566 571 586 589 592 595 607 608 619 621 622 627 647 648 659 664 669 672 675 680 685 690 691 692 695 697 705 710 712 715 721 722 725 726 728 729 730 732 733 734 737 739 748 751 764 771 774 776 778 785 793 794 796 798 800 805 807 811 817 823 824 828 830 833 842 853 864 866 867 868 871 873 875 880 881 889 890 893 894 898 900 918 935 936 939 947 953 957 958 961 976 977 983 984 986 999 
23 24 30 36 52 65 71 83 84 93 111 116 122 169 170 175 180 183 188 190 194 195 196 207 232 245 250 254 264 268 281 287 290 295 300 302 319 323 333 334 342 353 355 366 371 379 396 423 438 442 449 452 460 469 471 488 524 525 529 534 537 540 555 558 583 590 591 597 605 609 613 615 637 641 651 668 670 679 682 687 699 707 718 765 781 789 799 804 825 832 856 859 874 896 920 924 925 929 933 950 966 974 981 982 
4 6 14 18 20 26 37 45 50 54 57 61 63 69 74 75 82 86 87 90 91 94 95 97 99 104 106 107 112 114 119 120 123 129 133 135 138 146 147 160 168 171 176 185 186 189 198 204 212 217 218 222 235 236 243 248 251 262 265 267 272 274 275 277 278 282 283 289 293 301 303 304 308 315 316 318 320 321 326 329 336 339 341 346 347 349 350 360 362 363 365 367 368 376 389 390 393 400 401 403 409 417 420 422 427 428 432 436 440 445 450 451 454 463 465 466 468 472 479 482 483 491 496 500 502 503 504 519 522 523 541 542 546 550 551 559 564 566 567 571 576 579 585 589 592 599 608 612 619 622 627 648 656 657 659 664 669 680 684 685 688 690 691 692 704 705 709 712 715 721 722 725 726 729 730 732 733 734 735 737 739 748 751 752 753 755 763 771 774 778 780 793 794 796 797 798 800 811 816 817 820 823 828 833 837 847 849 850 851 852 853 854 864 871 873 877 880 881 883 888 890 893 894 900 918 923 934 935 936 939 947 948 957 958 961 962 964 967 976 983 984 986 989 991 999 
6 9 14 20 22 26 45 50 54 57 61 63 67 69 74 75 82 86 91 94 95 105 106 107 112 119 120 123 129 133 135 138 146 147 151 160 164 168 172 185 186 198 204 217 218 222 228 235 236 243 248 260 262 265 272 274 275 277 278 279 280 282 283 289 293 299 301 303 304 308 316 318 320 321 326 329 336 341 346 349 350 360 361 362 363 365 367 368 376 386 389 390 392 393 400 401 402 403 409 420 422 427 428 432 436 440 445 450 451 454 463 465 466 468 472 479 482 496 500 502 503 504 522 523 536 541 542 546 550 564 566 576 588 589 595 596 598 608 619 622 627 648 656 657 659 664 673 677 680 684 685 690 691 692 694 704 705 706 715 717 721 722 725 726 729 730 731 732 733 735 737 739 744 748 751 752 755 760 771 773 774 778 780 786 793 794 796 798 800 811 813 816 817 820 823 828 833 837 847 850 851 852 853 854 864 870 871 873 877 880 881 883 888 890 892 893 894 900 910 916 918 919 923 935 936 939 947 948 958 961 962 964 976 983 984 989 991 999 
7 8 16 21 44 46 72 79 101 102 111 116 126 128 134 137 156 170 174 181 202 207 210 211 247 253 305 306 310 314 332 334 340 348 354 366 370 383 394 411 413 423 434 435 439 442 449 467 470 476 499 505 518 549 563 584 591 597 628 629 630 632 639 649 654 655 660 666 670 676 716 718 720 724 738 754 765 787 792 821 832 835 856 861 865 876 896 921 924 926 937 956 968 994 997 
7 8 9 16 21 29 30 31 34 39 44 46 48 56 63 71 72 79 84 100 101 102 111 116 121 124 125 126 128 130 134 137 145 152 156 160 169 170 175 177 178 181 182 202 203 205 207 209 210 211 223 224 227 229 233 247 248 250 253 258 260 264 271 276 281 288 294 295 305 306 307 310 312 314 323 326 332 333 334 340 342 348 351 354 355 360 362 366 370 372 377 380 383 390 394 396 401 408 409 411 414 423 426 434 435 438 439 441 442 449 460 462 463 467 469 470 471 476 479 480 487 492 495 498 499 502 505 510 518 520 524 526 532 534 537 538 549 557 563 573 574 583 584 591 594 597 610 613 625 628 629 630 632 637 639 645 646 649 650 654 655 660 665 666 670 674 676 681 683 687 694 704 716 718 719 720 724 725 737 738 741 744 751 754 760 765 767 768 772 783 787 789 792 798 799 801 802 804 808 814 815 816 821 825 827 829 830 832 835 838 861 865 874 876 878 885 889 896 902 909 910 916 921 924 926 932 937 940 942 947 949 951 962 968 972 973 974 984 990 994 997 
7 8 9 11 16 24 28 29 30 31 34 39 44 49 55 58 59 72 96 100 102 105 116 125 128 129 130 137 151 159 164 165 169 174 178 179 187 190 193 211 214 215 216 223 229 233 239 256 260 261 270 279 281 285 288 292 294 295 297 299 306 307 309 323 332 333 334 340 343 349 355 356 362 365 380 384 402 408 409 410 413 414 420 423 426 429 430 435 438 439 447 455 457 467 471 476 486 494 495 499 509 510 512 515 518 520 533 534 535 536 544 549 553 557 570 572 573 574 587 591 596 597 613 617 620 626 629 630 632 635 638 645 657 660 665 666 670 676 677 694 698 701 708 714 718 738 744 747 754 759 760 761 768 772 779 782 783 790 792 799 801 802 808 812 813 814 816 821 835 838 858 870 872 873 885 899 903 904 908 909 910 914 916 928 937 938 941 945 949 950 956 960 962 973 975 979 984 997 
1 12 14 19 20 33 34 38 42 47 54 55 57 60 62 63 64 66 69 72 74 75 81 86 94 95 119 127 129 132 135 139 142 143 147 149 154 155 167 178 191 198 204 206 217 218 220 226 228 231 236 237 238 244 247 248 259 262 274 277 279 282 293 301 303 304 308 312 313 318 321 322 326 328 329 331 341 349 350 352 358 361 363 367 368 369 372 373 382 388 389 392 399 400 402 415 420 427 432 437 440 445 450 453 454 462 465 466 468 472 478 479 492 495 500 501 502 503 504 506 509 511 522 523 527 528 538 542 547 550 564 566 581 589 595 596 600 607 616 621 624 625 627 642 643 647 653 659 664 667 671 672 677 680 685 690 692 694 695 697 704 705 706 710 711 713 714 715 717 722 725 726 728 729 732 737 739 740 742 744 745 746 748 751 755 757 764 769 773 774 778 785 793 794 796 801 805 811 816 819 823 824 828 830 833 840 848 850 854 860 863 864 866 868 871 873 877 879 880 882 887 889 893 894 897 898 900 906 914 918 919 932 935 944 946 948 952 958 961 962 969 976 977 983 984 985 989 994 999 
9 11 20 27 28 29 35 43 49 53 54 58 67 68 73 80 88 98 105 113 123 129 130 135 151 158 159 164 184 193 199 201 208 215 216 218 219 222 234 239 242 255 256 260 261 265 269 270 278 279 280 285 291 294 298 299 307 309 317 324 330 343 349 357 365 385 386 392 402 403 405 406 408 410 415 416 419 420 428 429 447 448 454 455 456 457 459 461 477 485 486 489 494 496 497 508 510 513 516 527 533 536 539 543 544 546 552 553 565 568 570 572 578 582 587 596 598 602 614 617 620 626 631 635 640 652 657 677 686 689 693 696 698 701 708 723 729 731 735 744 755 766 770 777 779 780 786 790 791 806 812 813 818 822 831 834 839 844 847 854 858 864 869 870 871 872 873 884 892 904 905 907 909 915 919 928 931 938 944 945 948 954 955 960 962 970 975 979 991 996 
7 8 16 21 31 34 39 44 46 72 79 100 101 102 124 126 128 134 137 152 156 174 178 181 182 202 203 210 211 233 247 253 271 305 306 310 314 332 340 348 354 366 370 377 383 394 411 413 414 434 435 439 462 467 470 476 480 487 492 498 499 505 518 526 549 557 563 574 584 591 597 625 628 629 630 632 639 649 650 654 655 660 666 670 674 676 716 718 720 724 738 754 767 783 787 792 801 802 808 814 821 829 835 861 865 876 921 926 932 937 956 968 972 994 997 
3 10 21 51 52 56 65 71 76 84 85 97 100 110 121 122 136 140 145 153 162 170 176 177 180 188 192 195 205 209 224 227 230 250 252 276 290 311 319 321 325 336 342 360 370 377 380 381 398 401 431 446 458 460 469 473 479 488 517 529 532 537 540 548 556 569 580 603 604 608 610 634 636 637 646 651 658 674 678 679 683 687 699 703 707 712 718 734 741 756 775 788 789 798 815 825 827 841 845 857 874 878 895 896 901 920 925 930 940 942 947 951 953 972 982 988 
1 7 19 21 34 39 41 42 44 47 48 55 60 62 63 64 72 75 79 92 96 100 101 103 121 124 127 134 137 142 143 145 147 148 149 152 154 156 167 178 181 182 202 203 206 220 227 231 233 238 244 247 248 253 258 260 262 271 286 288 293 306 308 312 318 322 326 335 345 350 351 354 358 370 372 374 377 382 388 395 397 399 415 439 441 455 462 468 480 487 492 495 498 502 503 505 506 507 509 518 526 528 538 547 549 557 564 573 574 581 584 594 600 606 607 616 617 625 628 642 643 644 650 654 655 659 663 664 674 677 681 690 694 697 704 711 713 714 715 718 719 720 728 737 738 741 745 746 747 751 767 769 778 782 785 787 792 793 795 798 801 802 803 805 808 816 823 824 829 830 835 838 846 848 866 867 879 882 887 889 898 901 902 910 914 916 921 932 941 942 946 947 951 958 962 968 972 973 983 984 990 992 994 997 
12 19 33 38 42 47 54 62 73 77 81 105 109 117 129 132 135 139 149 150 164 191 206 226 228 231 237 238 262 279 280 299 308 313 322 328 330 331 338 350 352 361 367 368 369 373 386 388 389 392 399 415 416 427 429 448 453 454 456 478 494 504 509 527 550 560 575 576 581 582 600 601 621 624 653 656 667 671 672 677 692 706 708 717 726 728 729 736 740 742 757 758 764 773 786 813 819 836 839 840 844 850 858 860 862 863 864 871 873 877 884 893 897 906 918 919 922 928 944 948 952 961 969 977 985 989 
7 21 44 46 79 100 101 102 124 126 128 134 152 156 181 182 202 203 210 227 233 247 253 271 305 306 310 314 332 340 348 351 354 366 370 377 383 394 411 434 439 441 462 470 480 487 492 498 505 518 526 549 563 584 594 628 629 630 639 644 649 650 654 655 670 674 676 716 718 720 724 754 767 787 829 835 861 865 876 902 921 926 932 937 968 972 994 997 
6 14 18 22 26 53 57 61 74 82 86 99 104 107 112 120 133 138 146 168 171 172 185 186 198 204 212 217 226 236 251 266 267 272 282 283 303 315 316 320 331 339 341 346 361 367 368 387 389 393 417 421 436 440 445 451 465 466 474 483 491 504 519 522 523 551 562 567 571 579 585 588 599 612 627 648 656 673 685 688 691 705 709 721 722 730 731 733 748 771 797 800 810 820 828 837 849 852 888 890 892 894 923 939 959 961 964 967 976 977 986 991 993 999 
6 14 18 20 22 26 45 53 57 61 67 68 74 82 91 98 99 104 105 107 112 120 123 129 133 135 138 146 161 168 171 172 184 185 186 198 199 201 212 217 222 234 236 251 255 265 267 272 278 280 283 289 299 303 304 315 316 317 320 330 339 341 346 349 367 368 386 387 392 393 403 417 420 421 422 428 436 445 448 451 454 461 465 466 474 482 483 489 490 491 496 500 504 519 521 522 539 545 546 551 562 567 571 576 579 585 588 589 598 599 612 614 619 622 627 631 640 648 656 673 680 685 688 689 691 693 700 705 706 709 721 722 729 730 731 733 735 750 752 753 755 770 771 777 780 786 794 797 800 806 810 820 828 837 839 847 849 850 851 852 854 864 871 877 883 888 890 891 892 894 907 912 913 915 918 923 939 948 959 964 967 976 980 986 991 993 996 
18 20 22 26 27 32 43 53 61 67 68 73 80 91 98 105 123 129 133 135 138 151 161 164 166 172 184 185 186 193 198 199 201 208 217 219 222 234 255 265 278 280 289 291 299 309 316 317 330 346 349 365 367 378 386 392 393 402 403 419 420 422 428 429 448 451 454 457 459 461 474 475 477 482 485 489 490 491 496 508 516 521 536 539 545 546 552 562 565 568 576 578 579 585 588 598 599 614 631 640 652 656 657 662 673 680 688 689 691 693 700 706 708 729 730 731 733 735 744 750 752 755 762 763 766 770 771 777 780 786 791 794 797 806 810 813 818 820 822 834 837 839 847 849 850 851 852 854 864 871 873 877 883 888 891 892 907 912 913 915 923 934 948 954 955 959 962 963 964 967 979 980 991 996 998 
1 2 12 14 19 38 41 42 47 48 54 57 60 63 64 66 69 74 75 81 86 92 94 95 103 106 119 127 132 139 141 142 143 145 147 148 149 154 155 160 167 178 182 203 204 206 220 226 231 235 236 237 238 244 248 258 259 262 263 271 274 277 282 293 301 303 304 308 312 318 321 326 328 329 331 335 336 341 344 345 350 352 358 360 361 363 367 368 369 372 376 382 389 390 399 400 401 404 427 431 432 437 440 445 450 453 463 465 466 468 472 478 479 492 496 500 501 502 503 506 507 511 523 528 532 538 542 547 550 554 564 566 581 589 595 600 606 607 608 616 621 624 625 627 642 647 659 663 664 672 681 685 690 692 694 695 697 704 705 710 711 713 715 717 719 722 725 726 728 732 734 737 739 742 745 746 748 751 764 769 774 776 778 785 793 795 796 798 803 805 811 816 819 823 824 828 830 833 842 846 848 853 860 864 866 867 868 873 875 879 880 882 887 889 893 898 900 906 916 918 935 936 946 947 958 961 962 976 983 984 989 995 999 
3 9 10 13 21 23 24 25 30 37 51 52 56 65 71 83 84 87 97 100 110 111 114 116 121 122 145 153 157 160 170 175 176 177 180 187 188 190 192 194 195 196 197 205 207 209 214 224 227 229 230 250 252 254 264 268 276 281 287 288 290 295 300 302 311 319 321 323 325 333 334 336 342 355 360 362 364 370 377 379 380 381 390 396 398 401 409 426 439 452 458 460 464 469 471 473 479 488 517 524 525 529 532 534 537 540 548 555 556 569 573 590 605 608 609 610 613 615 618 637 646 651 670 674 678 679 683 684 687 699 707 712 718 734 741 756 760 775 781 789 798 815 817 825 826 827 832 838 841 853 857 859 874 878 895 896 903 920 924 925 930 940 942 947 951 966 972 973 974 981 982 984 988 
4 6 14 15 17 18 20 25 26 32 37 45 50 51 53 57 61 82 87 90 91 97 99 104 106 107 112 114 119 120 123 133 138 146 163 168 171 173 176 185 186 187 189 199 201 212 217 218 221 222 236 243 251 265 266 267 272 278 283 284 289 301 303 304 315 316 320 321 325 329 336 337 339 341 346 347 360 363 375 376 393 401 403 407 417 422 425 428 433 436 440 444 445 451 461 466 472 473 474 475 479 482 483 488 489 490 491 496 500 514 517 519 541 545 546 551 559 566 567 571 579 585 586 588 589 599 608 611 612 615 618 619 622 627 648 657 669 679 680 684 688 691 693 700 702 705 709 712 721 722 727 730 733 734 735 743 749 750 752 753 755 756 763 771 780 794 796 797 800 810 811 817 826 828 837 843 847 849 852 853 854 881 883 886 888 890 891 900 907 917 923 934 939 943 957 959 963 967 978 980 986 991 993 
2 3 4 9 10 14 21 37 48 50 51 56 57 60 63 65 69 74 75 76 82 85 87 90 92 94 95 97 99 100 101 103 106 110 112 114 119 121 127 140 142 145 153 154 160 162 163 167 168 176 177 188 189 192 203 205 209 212 213 218 221 224 227 230 233 235 236 243 248 249 250 251 252 258 259 271 274 275 276 277 282 288 293 301 303 304 308 311 318 319 320 321 325 326 329 336 339 341 344 345 347 358 359 360 362 363 365 370 376 377 380 381 390 398 400 401 404 409 422 425 432 437 439 440 441 444 445 446 450 458 463 465 466 468 469 472 473 479 480 487 488 496 500 501 502 506 507 511 517 519 523 528 532 537 538 540 542 546 547 556 559 564 566 567 569 573 580 586 589 592 595 603 604 607 608 610 616 622 627 634 636 642 646 651 659 664 669 674 675 678 681 683 684 690 697 699 703 705 707 710 712 715 721 722 725 727 732 734 737 739 741 748 749 751 753 756 774 775 776 778 785 789 793 795 796 798 800 802 803 808 809 811 815 816 817 823 827 828 830 833 838 841 842 853 857 866 867 868 875 878 879 880 881 882 886 889 890 893 895 900 901 910 916 917 918 930 934 935 936 942 947 951 953 957 958 962 972 973 976 978 982 983 984 988 999 
1 19 33 34 38 39 42 47 54 55 62 63 70 72 77 96 109 117 132 139 142 147 149 150 154 164 165 178 191 203 206 228 231 233 238 244 246 247 248 256 260 261 262 279 294 308 312 313 322 326 328 338 350 352 356 372 373 388 392 399 415 429 453 455 456 462 478 492 494 495 503 509 527 528 531 535 538 549 550 557 560 574 575 581 582 596 600 601 617 623 624 625 643 667 677 690 694 704 706 711 713 714 717 723 728 736 738 745 747 757 758 761 768 773 782 784 792 801 805 808 813 816 823 836 840 844 858 860 862 863 864 884 897 898 899 910 914 916 919 922 928 932 941 944 952 960 962 969 984 987 989 994 
8 9 16 21 23 24 30 36 37 44 51 52 56 65 71 83 84 87 93 100 101 111 114 116 122 126 128 130 144 145 157 160 169 170 175 177 180 183 187 188 190 194 195 207 209 214 215 225 229 230 232 245 250 254 264 268 276 281 287 288 290 295 297 300 302 306 307 319 323 333 334 342 343 353 355 360 362 366 370 371 377 379 380 384 390 396 401 408 409 410 423 426 438 439 442 449 452 460 461 464 469 471 473 486 488 499 510 512 515 517 520 524 525 529 534 537 555 558 573 583 587 590 591 597 605 609 610 613 615 630 632 637 638 641 651 668 670 674 679 682 683 687 701 707 716 718 741 756 760 765 772 775 781 789 790 799 802 804 814 825 826 827 832 838 855 856 859 870 872 874 878 885 896 903 908 916 924 925 929 930 933 940 945 947 949 950 951 966 971 973 974 980 981 984 
11 28 35 43 49 58 68 73 77 78 80 88 105 109 115 129 131 150 159 164 165 193 216 219 239 242 246 256 260 261 269 270 279 280 285 294 299 309 324 330 343 385 392 402 405 415 416 420 429 430 447 455 456 457 459 477 485 494 497 508 509 513 527 533 535 536 543 544 553 560 565 570 575 578 582 596 598 601 602 617 620 623 626 635 652 677 686 696 698 708 723 736 744 747 761 768 779 784 812 813 822 831 839 840 844 858 862 884 899 904 909 919 922 928 938 944 954 960 970 975 987 
3 4 10 13 14 15 17 25 37 40 50 51 52 56 65 76 82 85 87 89 90 93 97 99 100 103 106 108 110 112 114 119 120 121 122 136 140 145 153 157 160 163 168 173 176 177 180 187 188 189 192 195 196 197 200 205 209 212 221 224 230 235 243 249 250 251 252 258 266 267 268 276 284 290 296 311 319 320 321 325 329 336 339 341 342 347 359 360 363 364 375 376 377 379 380 381 390 398 401 407 422 425 431 444 446 458 460 463 464 469 472 473 479 481 484 487 488 501 507 514 517 519 529 530 532 540 546 548 555 556 558 559 564 566 567 569 580 586 590 592 603 604 608 609 610 611 615 618 634 636 651 658 664 669 675 678 679 683 684 687 699 702 703 707 712 721 727 734 737 741 743 749 751 753 756 775 788 789 796 798 800 807 809 811 817 826 841 843 845 853 857 859 867 875 878 881 886 889 890 895 911 916 917 920 925 927 930 934 935 936 942 943 947 951 953 957 965 966 971 978 981 982 983 988 
1 9 12 14 19 20 29 30 31 34 39 42 47 48 54 55 57 62 63 66 72 74 75 86 94 95 100 101 105 112 116 119 121 123 129 132 134 135 139 142 143 145 147 149 151 154 156 160 164 167 178 182 198 203 204 206 217 218 222 223 228 229 233 236 244 247 248 258 260 262 265 271 272 274 277 278 279 282 288 289 293 294 295 299 301 303 304 306 308 312 318 321 322 326 329 341 349 350 352 358 361 362 365 367 368 369 372 373 376 377 380 382 386 388 389 390 392 393 399 401 402 403 408 409 415 420 426 427 428 436 439 440 445 454 455 457 462 463 465 466 468 469 472 476 478 479 480 487 492 495 496 500 502 503 505 507 509 510 518 523 526 528 534 536 538 542 546 549 550 557 564 566 573 574 589 596 598 600 607 610 613 617 619 621 622 624 625 627 642 643 657 659 664 665 670 672 677 680 681 684 685 690 691 692 694 695 704 705 706 711 713 714 715 717 718 719 722 725 726 728 729 730 732 735 737 739 741 744 747 748 751 755 757 760 767 773 774 778 779 780 783 785 789 793 794 796 798 801 802 805 808 811 813 814 816 823 828 830 838 840 847 848 850 853 854 858 863 864 866 867 870 871 873 877 879 889 893 898 900 906 909 910 914 916 918 919 932 935 942 944 947 948 951 952 958 960 961 962 968 973 976 983 984 989 994 997 999 
5 11 27 32 43 83 98 113 118 144 158 166 183 199 208 219 225 240 241 245 255 257 269 273 291 297 298 327 353 357 378 391 406 412 418 419 424 447 452 477 489 490 493 508 512 516 558 561 565 568 570 572 577 578 593 633 640 641 661 662 668 701 762 766 770 791 806 818 834 855 869 905 929 931 945 954 963 971 980 981 998 
12 19 33 38 42 47 62 66 73 81 86 94 95 117 132 139 147 149 155 164 191 204 206 226 228 231 237 238 274 308 313 318 322 328 331 338 350 352 361 369 373 386 388 389 392 399 427 429 453 478 504 527 528 542 550 581 600 601 621 624 647 653 659 667 671 672 695 706 717 726 728 740 742 745 748 757 758 764 773 793 805 819 823 824 836 840 844 850 860 863 864 877 887 893 897 898 906 919 922 944 952 961 969 977 985 989 
4 9 14 20 37 45 54 57 63 74 82 87 90 91 95 97 100 106 112 114 119 121 123 129 135 142 145 151 154 157 160 168 176 185 187 189 198 203 217 218 222 230 235 243 248 252 258 260 262 265 272 274 276 277 278 279 288 289 293 301 303 304 308 318 320 321 325 326 329 336 341 347 349 350 360 362 363 365 367 376 377 380 390 393 401 402 409 420 422 427 428 436 451 461 463 464 468 472 479 482 487 496 500 502 507 512 517 532 536 538 542 546 550 556 564 566 573 586 589 592 596 608 610 619 622 657 659 664 675 677 680 683 684 690 691 692 694 704 712 715 721 722 725 726 729 730 734 735 737 739 741 744 748 751 752 755 756 760 774 778 790 793 794 796 798 811 816 817 823 826 828 830 838 847 853 854 864 867 870 871 873 875 881 883 889 890 893 900 910 916 918 923 930 934 935 936 942 947 948 951 957 958 962 973 983 984 
18 22 35 53 54 57 67 68 73 74 80 98 105 129 135 164 172 184 185 186 193 198 201 222 228 234 262 265 269 270 278 279 280 289 299 309 313 316 317 324 330 346 349 350 352 367 368 386 392 402 403 415 416 420 428 429 447 448 454 456 457 459 465 474 485 489 494 504 508 527 533 536 539 545 550 552 562 565 576 582 588 596 598 602 614 631 635 652 656 673 677 680 685 686 689 692 693 696 706 708 717 729 731 733 735 736 744 755 770 773 777 780 786 794 797 810 813 820 822 837 839 840 844 847 850 851 858 864 871 873 877 884 888 891 892 893 909 912 915 918 919 922 928 938 944 948 952 954 955 960 961 964 985 989 991 996 
6 12 22 38 57 66 69 74 75 81 86 94 95 132 139 146 147 155 191 204 206 226 231 236 237 274 282 283 301 308 313 315 318 328 331 350 361 367 368 369 389 399 421 427 437 450 453 465 466 478 504 522 523 528 542 550 562 581 621 624 647 653 656 659 671 672 685 692 695 722 726 728 732 740 742 745 748 764 773 774 793 805 819 820 823 824 860 877 887 893 894 898 906 961 964 969 976 977 985 989 
8 16 21 44 46 71 84 101 102 111 116 125 126 128 169 170 174 175 207 210 211 264 295 305 306 307 310 314 332 333 334 340 348 354 355 366 370 383 394 396 411 413 423 426 434 435 438 439 442 449 467 470 471 476 499 510 518 520 525 534 537 563 583 584 591 597 628 629 630 632 639 649 654 655 660 666 670 674 676 716 718 724 741 754 765 783 787 789 799 804 814 821 832 835 838 856 861 865 876 885 896 924 926 937 949 
8 9 11 16 21 23 24 29 30 31 32 44 52 58 65 71 83 84 93 100 101 102 114 116 125 126 128 130 144 145 151 157 159 160 169 175 179 180 183 187 190 195 207 214 215 223 225 229 230 232 239 241 245 250 254 264 273 276 281 285 287 288 292 294 295 297 300 302 306 307 319 323 332 333 334 342 343 353 355 362 365 366 370 371 377 379 380 384 390 396 401 402 408 409 410 413 418 423 426 435 438 439 442 449 452 457 460 461 464 467 469 471 486 499 510 512 515 517 518 520 524 525 529 534 537 544 558 570 572 573 577 583 587 590 591 597 605 609 610 613 615 626 629 630 632 637 638 641 657 660 666 668 670 674 679 682 684 698 701 716 718 741 744 759 760 765 768 772 779 783 789 790 799 802 804 812 814 826 827 832 838 855 856 870 872 874 885 896 903 904 905 908 909 910 916 924 925 934 937 945 947 949 950 951 971 973 974 979 980 981 984 
8 9 16 21 23 24 30 31 44 52 58 65 71 83 84 93 100 101 102 111 116 125 126 128 130 134 144 145 157 159 169 170 174 175 179 183 190 194 195 207 214 215 229 230 232 233 245 250 254 264 276 281 287 288 292 295 297 300 302 305 306 307 319 323 332 333 334 340 342 343 353 354 355 366 370 371 377 379 380 384 394 396 408 410 413 423 426 435 438 439 442 449 452 460 467 469 471 476 486 499 505 510 515 518 520 524 525 526 529 534 537 573 583 587 590 591 597 605 609 610 613 628 629 630 632 637 638 639 641 660 666 668 670 674 676 679 682 716 718 741 754 760 765 772 781 783 787 789 799 802 804 808 814 821 825 827 832 838 855 856 861 865 870 874 876 885 896 903 908 916 924 925 937 945 947 949 950 951 973 974 981 984 
2 41 48 60 63 64 75 92 100 101 103 121 124 127 141 142 143 148 152 154 156 162 167 182 202 203 213 220 227 233 244 258 259 263 271 286 312 318 335 344 345 351 358 359 374 377 382 395 397 439 441 462 468 480 487 492 498 506 507 511 526 528 532 538 547 554 564 594 606 607 616 625 642 644 646 650 663 664 681 697 703 711 713 719 746 767 769 776 785 795 798 803 805 815 816 824 827 829 830 842 846 848 866 867 868 875 879 882 887 889 901 902 916 942 946 947 951 958 968 990 992 995 
3 4 9 10 14 15 17 20 25 26 30 32 37 40 45 48 50 51 56 57 63 65 69 75 76 82 85 87 90 91 92 97 99 100 103 106 107 108 110 112 114 119 120 121 123 133 136 138 140 145 153 157 160 163 168 173 176 177 187 188 189 200 205 209 212 217 218 221 224 230 235 243 249 250 251 252 258 266 267 272 275 276 277 278 284 288 289 301 303 304 311 318 319 320 321 325 329 336 337 339 341 342 347 359 360 362 363 364 365 375 376 377 380 381 390 393 398 400 401 404 407 409 417 422 425 431 433 436 440 443 444 445 446 458 461 463 464 468 469 472 473 475 479 482 487 488 491 496 500 501 502 506 507 512 514 517 519 530 532 537 540 541 546 548 556 559 564 566 567 569 571 580 586 589 592 595 603 604 607 608 610 611 613 615 618 619 622 627 634 636 646 648 651 657 664 669 674 675 679 683 684 691 699 702 703 705 707 712 715 721 722 725 727 730 734 737 739 741 743 749 751 753 756 760 763 771 774 775 776 778 785 788 789 790 793 795 796 798 800 807 809 811 817 826 827 828 833 841 843 845 853 854 857 867 868 875 878 881 883 886 889 890 895 900 903 916 917 923 925 927 930 934 935 936 942 943 947 951 953 957 958 962 966 978 980 982 983 984 986 
4 40 50 82 90 99 104 107 108 112 119 120 163 168 171 173 200 212 236 249 266 267 272 275 282 283 301 320 336 337 339 341 363 400 404 407 417 425 432 440 443 444 445 483 501 514 519 530 541 551 566 567 571 586 592 603 608 627 648 669 705 709 712 721 722 727 743 749 771 800 807 843 880 881 886 890 917 927 943 957 986 999 
1 33 42 47 55 62 70 77 78 88 109 115 117 131 132 150 191 242 246 256 313 322 328 338 352 356 372 373 388 415 430 453 456 494 497 509 527 531 535 560 575 582 601 617 623 643 667 717 723 736 747 757 758 761 784 836 840 844 860 862 863 897 899 922 928 941 944 952 969 970 987 
4 6 14 18 26 37 45 50 61 82 87 90 97 99 104 106 107 108 112 119 120 133 138 146 163 168 171 173 176 212 221 235 236 243 251 266 267 272 275 282 283 301 303 315 316 320 321 325 336 337 339 341 347 360 363 376 387 393 400 401 407 417 422 425 432 436 440 444 445 466 472 473 479 483 491 501 514 519 522 530 541 546 551 559 566 567 571 579 586 589 592 603 608 611 612 619 622 627 648 669 675 685 702 705 709 712 721 722 727 730 734 743 749 753 771 796 800 807 809 811 817 828 843 849 853 875 880 881 886 888 890 917 923 927 936 939 943 957 976 978 986 999 
7 8 16 21 31 34 39 44 46 72 79 100 101 102 111 116 125 126 128 134 137 145 156 169 170 174 175 178 181 202 203 207 210 211 223 233 247 253 288 294 295 305 306 307 310 314 332 334 340 348 354 366 370 377 383 394 411 413 414 423 426 434 435 439 442 449 462 467 470 476 480 487 492 498 499 505 510 518 520 526 534 537 549 557 563 573 574 584 591 597 625 628 629 630 632 639 645 649 654 655 660 665 666 670 674 676 716 718 720 724 738 741 754 767 768 783 787 789 792 801 802 808 814 815 816 821 827 832 835 838 861 865 876 885 896 910 914 916 921 924 926 932 937 940 947 949 951 968 972 984 994 997 
4 6 14 18 20 26 37 45 50 57 61 69 74 75 82 86 87 90 91 92 94 95 97 99 104 106 107 112 114 119 120 123 133 138 146 155 160 163 168 171 173 176 185 189 198 204 212 217 218 221 235 236 243 249 251 266 267 272 274 275 277 278 282 283 289 293 301 303 304 308 315 316 318 320 321 325 326 329 336 337 339 341 347 360 362 363 367 368 376 389 390 393 400 401 404 407 417 422 425 432 436 440 445 450 463 465 466 468 472 473 479 482 483 491 496 500 501 502 506 507 511 514 519 522 523 532 541 542 546 551 559 564 566 567 571 579 586 589 592 595 603 608 612 619 622 627 648 657 659 664 669 675 680 684 685 691 692 705 709 710 712 715 721 722 725 727 729 730 732 733 734 737 739 743 748 749 751 752 753 755 763 771 774 776 778 793 794 796 798 800 807 811 817 820 823 828 833 837 842 843 847 849 852 853 854 867 868 875 880 881 883 886 888 890 893 894 900 918 923 934 935 936 939 947 953 957 958 976 978 983 986 999 
5 9 10 13 16 21 23 24 25 30 31 32 36 37 44 51 52 56 65 71 83 84 87 93 97 100 101 110 114 116 118 121 122 123 126 128 130 144 145 151 157 158 160 169 175 176 177 180 183 187 188 189 190 195 196 197 199 205 207 209 214 215 218 219 224 225 229 230 232 241 243 245 250 254 264 268 273 276 281 284 287 288 290 295 297 300 302 306 311 319 323 325 333 334 336 342 347 353 355 360 362 364 365 366 370 371 375 377 379 380 384 390 391 396 401 408 409 410 418 419 423 424 426 438 439 442 449 452 460 461 464 469 471 473 479 486 488 499 510 512 515 516 517 524 525 529 532 534 537 540 555 556 558 559 561 569 570 572 573 577 578 583 587 590 591 597 605 609 610 613 615 618 630 632 637 638 641 646 651 657 668 670 674 679 682 683 684 687 699 701 707 716 718 741 744 756 759 760 762 763 765 772 775 781 789 790 799 802 804 814 817 825 826 827 832 838 841 853 855 856 859 870 872 874 878 883 885 890 896 903 905 907 908 910 911 916 920 924 925 929 930 933 934 940 942 945 947 950 951 957 963 966 971 973 974 978 979 980 981 982 984 
8 9 11 16 24 28 29 30 31 35 39 43 49 58 59 78 83 88 105 116 123 125 130 151 158 159 165 169 179 187 190 193 214 215 216 219 223 229 233 239 242 255 256 260 261 269 270 281 285 288 291 292 294 295 297 298 307 309 323 324 333 334 343 349 355 362 365 380 384 402 405 406 408 409 410 423 426 428 430 435 438 447 452 455 457 461 471 477 486 497 499 510 512 513 515 520 533 534 535 536 543 544 553 557 565 570 572 573 578 587 591 596 597 602 613 620 626 629 630 632 635 638 652 657 660 665 666 668 670 686 694 696 698 701 708 744 747 759 760 768 772 779 783 790 799 802 808 812 813 814 816 831 838 854 855 858 870 872 873 885 903 904 908 909 910 916 928 938 945 949 950 954 960 962 973 975 979 984 
2 41 48 60 64 75 76 92 103 106 121 124 127 136 140 141 148 162 167 181 182 205 213 224 227 235 258 259 263 271 286 318 321 335 344 345 351 358 359 360 374 377 395 397 404 431 441 443 446 468 480 487 498 501 506 507 511 532 547 548 554 564 580 594 595 606 607 616 636 642 644 646 650 663 664 675 681 683 697 703 710 719 734 737 746 767 776 785 795 798 803 815 827 829 830 833 842 846 866 867 868 875 879 882 901 902 935 936 942 946 947 951 953 958 965 972 988 990 992 995 
2 21 41 48 60 63 64 75 92 100 101 103 106 121 124 127 140 141 142 148 152 154 156 162 167 181 182 192 202 203 205 213 224 227 233 258 259 263 271 286 312 318 321 335 344 345 351 358 359 360 374 377 382 395 397 431 439 441 462 468 480 487 492 498 506 507 511 526 532 538 547 554 564 594 606 607 616 636 642 644 646 650 663 664 678 681 683 697 703 719 720 734 737 746 767 769 776 785 795 798 803 815 827 829 830 842 846 848 866 867 868 875 878 879 882 889 901 902 916 921 935 940 942 946 947 951 953 958 968 972 988 990 992 995 
6 18 20 22 26 27 32 45 53 57 61 67 68 80 82 91 98 104 105 107 112 120 123 129 133 135 138 146 151 161 172 184 185 186 189 198 199 201 217 222 234 251 255 265 272 278 280 283 289 299 303 304 315 316 317 320 330 346 349 367 386 387 392 393 403 417 419 420 421 422 428 433 436 445 448 451 454 461 474 475 482 483 485 489 490 491 496 500 521 522 536 539 545 546 552 562 576 578 579 585 588 589 598 599 612 614 619 622 631 640 656 657 662 673 680 685 688 689 691 693 700 706 709 729 730 731 733 735 750 752 753 755 763 766 770 771 777 780 786 791 794 797 806 810 820 828 837 839 847 849 850 851 852 854 864 871 873 877 883 888 891 892 894 907 912 913 915 918 923 934 939 948 954 955 959 963 964 967 979 980 986 991 993 996 
4 5 10 13 14 15 17 25 26 32 37 45 50 51 65 82 87 90 91 93 97 99 106 107 112 114 119 120 123 133 138 157 163 168 176 187 189 199 212 218 221 225 230 243 251 265 267 272 278 284 289 303 320 321 325 329 336 339 341 342 347 360 364 375 376 379 380 390 391 393 401 407 417 418 422 425 433 436 461 464 473 475 479 482 488 489 490 491 496 514 517 519 546 556 558 559 566 567 571 585 589 608 609 610 611 615 618 619 622 627 657 669 679 684 688 691 702 707 712 721 727 734 743 749 752 753 756 763 771 796 800 809 817 826 828 853 854 881 883 886 890 891 903 907 911 923 925 934 957 963 966 971 978 980 981 986 
7 8 16 31 34 39 44 46 59 72 79 96 100 101 102 125 128 134 137 156 165 174 178 179 202 203 210 211 233 247 253 292 305 306 310 314 332 340 348 354 383 394 411 413 414 430 434 435 439 462 467 470 476 487 492 505 518 520 526 549 557 563 574 584 591 625 628 629 630 632 639 645 649 654 655 660 666 676 714 716 720 724 738 754 767 768 782 783 787 792 801 802 808 814 816 821 835 861 865 876 910 914 916 926 932 937 956 968 994 997 
9 11 14 20 27 29 30 31 35 39 42 49 53 54 57 58 63 67 68 73 74 80 91 95 100 105 123 129 130 135 142 145 151 154 158 159 160 164 178 184 185 186 187 193 198 199 201 203 214 215 217 218 219 222 223 225 228 229 233 234 239 240 243 248 255 258 260 262 265 269 270 277 278 279 280 288 289 291 294 297 299 303 304 307 308 309 316 317 326 329 330 343 346 349 350 362 365 367 372 376 378 380 386 390 392 402 403 408 409 410 415 419 420 422 426 427 428 429 447 451 454 455 456 457 459 461 463 468 477 479 482 485 486 487 489 492 494 495 496 500 502 508 510 512 516 527 536 538 539 543 544 546 550 552 557 565 570 572 573 577 578 582 585 587 588 589 596 598 602 610 613 614 617 619 620 625 626 635 652 657 659 664 665 677 680 684 689 690 691 692 693 694 698 701 704 706 708 715 717 721 722 725 726 729 731 735 737 739 744 748 751 752 755 759 760 762 770 772 773 774 777 779 780 786 790 791 794 796 798 802 808 813 816 817 822 823 830 838 839 844 847 850 851 853 854 858 864 870 871 872 873 877 883 884 885 889 891 892 893 900 903 904 905 907 908 909 910 912 915 916 918 919 923 928 934 938 944 945 947 948 954 955 958 960 962 973 979 980 984 989 991 996 
1 9 12 14 19 20 33 34 38 39 42 47 54 55 57 62 63 66 67 69 72 73 74 75 77 81 86 94 95 100 105 127 129 132 135 139 142 143 145 147 149 150 154 155 160 164 178 191 198 203 204 206 217 218 226 228 231 233 236 237 238 244 247 248 258 260 262 274 277 279 280 288 293 299 301 303 304 308 312 313 318 322 326 328 329 330 331 349 350 352 358 361 365 367 368 369 372 373 382 386 388 389 392 399 402 403 409 415 420 427 429 437 448 450 453 454 455 456 462 463 465 466 468 472 478 492 495 500 502 503 504 509 523 527 528 538 542 550 557 560 573 576 581 589 596 598 600 601 607 617 621 624 625 642 643 647 653 656 659 664 667 672 677 680 685 690 692 694 695 704 706 711 713 714 715 717 722 725 726 728 729 732 735 737 739 742 744 745 747 748 751 755 757 758 764 773 774 778 786 793 794 796 801 805 808 811 813 816 819 823 824 830 836 838 840 844 847 850 851 854 858 860 863 864 866 871 873 877 887 889 892 893 897 898 900 906 910 914 916 918 919 922 932 944 948 952 958 961 962 969 973 976 983 984 985 989 991 994 
2 21 41 44 48 64 92 100 101 103 121 124 141 148 152 156 162 167 181 182 202 203 213 227 233 258 259 263 271 286 306 312 314 335 344 345 351 354 359 370 374 377 382 395 397 439 441 462 480 487 492 498 505 507 526 532 547 554 584 594 606 616 628 644 646 650 654 663 674 681 718 719 720 767 769 785 787 795 798 803 815 827 829 830 846 848 867 879 901 902 921 942 946 947 951 968 972 990 992 995 
1 12 19 33 38 42 47 54 55 57 62 66 70 73 74 77 81 94 95 105 109 117 129 132 135 139 142 147 149 150 164 191 198 204 206 226 228 231 237 238 244 248 260 262 274 279 280 299 308 313 318 322 326 328 330 338 350 352 361 367 368 369 372 373 386 388 389 392 399 415 416 427 429 448 453 454 455 456 465 478 494 495 503 504 509 527 528 542 550 560 575 576 581 582 596 600 601 617 621 624 625 643 653 656 659 667 671 672 677 680 685 690 692 694 695 704 706 708 717 726 728 729 736 739 740 742 745 748 757 758 764 773 774 786 793 805 813 819 823 836 839 840 844 847 850 851 858 860 862 863 864 871 873 877 884 892 893 894 897 898 900 906 918 919 922 928 944 948 952 961 962 969 977 985 989 991 
5 23 24 30 36 71 83 93 118 122 144 157 158 180 183 190 194 195 196 214 225 232 241 245 254 264 268 273 281 287 290 295 297 300 302 323 327 333 334 342 353 355 357 371 379 384 391 396 418 424 438 452 469 471 486 512 515 525 529 555 558 590 593 605 609 613 615 633 638 641 668 679 682 772 781 799 804 855 856 859 874 903 908 911 925 929 933 945 950 966 971 974 981 
7 16 21 31 39 44 46 48 63 79 100 101 102 111 116 124 126 128 134 145 152 156 170 174 175 178 181 182 202 203 207 210 211 227 233 247 253 258 271 288 295 305 306 310 312 314 332 334 340 348 351 354 366 370 377 383 394 411 423 426 434 435 439 441 442 449 462 467 470 476 480 487 492 498 499 505 510 518 526 534 537 538 549 563 573 584 591 594 597 625 628 629 630 632 639 649 650 654 655 660 670 674 676 681 716 718 719 720 724 741 754 767 783 787 789 798 801 802 808 814 815 816 821 827 829 830 832 835 838 861 865 876 896 902 910 916 921 924 926 932 937 940 942 947 951 968 972 984 994 997 
8 9 11 16 21 23 24 30 36 44 52 65 71 83 84 93 100 101 111 116 118 126 128 130 144 145 157 158 169 175 180 183 187 190 194 195 207 214 215 225 229 230 232 241 245 250 254 264 273 276 281 285 287 288 295 297 298 300 302 306 307 319 323 332 333 334 342 343 353 355 366 370 371 377 379 380 384 396 406 408 410 418 423 424 426 435 438 439 442 449 452 460 467 469 471 486 499 510 512 515 520 524 525 529 534 537 555 558 570 572 573 577 583 587 590 591 593 597 605 609 610 613 615 630 632 637 638 641 668 670 674 679 682 701 716 718 741 759 760 765 772 781 789 790 799 802 804 812 814 827 832 838 855 856 870 872 874 885 896 903 905 908 916 924 925 929 933 945 947 949 950 951 966 971 973 974 981 984 
7 28 29 31 34 39 42 49 55 58 59 70 72 77 78 88 96 109 115 117 125 131 137 150 165 174 178 179 211 216 239 242 246 247 256 260 261 270 292 294 307 322 338 356 372 405 413 414 430 455 470 476 494 495 497 509 513 520 531 533 535 549 553 557 560 574 575 596 601 617 623 625 643 645 665 666 677 694 714 723 736 738 747 761 768 782 783 784 792 813 821 831 835 858 862 863 899 909 914 928 938 941 956 960 970 987 
5 11 24 27 32 35 43 80 83 98 113 118 123 144 151 158 166 183 193 199 201 208 214 215 219 225 234 240 241 245 255 257 269 273 285 291 297 298 309 327 353 357 378 384 385 391 406 410 412 418 419 424 428 447 452 461 477 485 486 489 490 493 508 512 516 536 543 544 552 558 561 565 568 570 572 577 578 587 593 598 602 614 620 626 631 633 635 638 640 641 661 662 668 689 693 698 701 708 759 762 766 770 772 777 780 790 791 806 812 818 822 834 855 869 872 904 905 908 915 929 931 945 950 954 955 963 971 979 980 981 996 998 
2 14 41 48 60 63 64 66 69 75 92 94 95 100 101 103 106 121 127 141 142 143 147 148 152 154 155 156 167 178 182 203 206 220 231 233 235 244 248 258 259 262 263 271 274 277 286 293 301 308 312 318 321 326 335 344 345 350 358 359 372 374 382 395 397 437 441 450 462 468 472 479 480 487 492 502 503 506 507 511 526 528 532 538 542 547 554 564 594 595 600 606 607 616 625 642 647 659 663 664 681 690 694 695 697 703 704 710 711 713 715 719 728 734 737 745 746 748 751 767 769 774 776 778 785 793 795 796 798 803 805 811 816 823 824 829 830 833 842 846 848 866 867 868 875 879 882 887 889 893 898 900 901 916 935 942 946 958 962 968 983 984 990 992 995 
2 3 21 40 41 48 56 60 63 69 75 76 92 97 100 103 106 110 121 136 140 141 145 148 160 162 167 176 177 181 192 203 205 209 213 224 227 235 249 250 252 258 259 263 271 276 286 321 325 335 336 344 345 351 358 359 360 363 370 377 380 390 395 397 400 401 404 431 441 443 446 458 468 472 479 480 487 498 501 506 507 511 532 537 547 548 554 556 564 569 580 592 594 595 603 606 607 608 610 616 634 636 646 650 664 674 675 678 681 683 703 710 712 734 737 741 756 767 776 785 788 795 798 803 807 811 815 827 830 833 841 842 857 867 868 875 878 879 889 901 902 916 930 935 936 940 942 947 951 953 958 965 972 983 988 992 995 
2 3 4 10 13 14 21 25 30 37 40 48 50 51 52 56 63 65 69 75 76 82 84 85 87 89 90 92 97 99 100 101 103 106 108 110 112 114 119 121 122 136 140 145 153 157 160 162 163 168 173 175 176 177 180 187 188 189 192 197 203 205 209 212 213 218 221 224 227 230 233 235 243 249 250 251 252 258 268 271 275 276 277 281 288 290 295 296 301 303 304 306 311 318 319 320 321 323 325 329 336 339 341 342 344 345 347 359 360 362 363 364 365 370 375 376 377 380 381 390 398 400 401 404 409 422 425 431 439 440 441 443 444 446 458 460 463 464 468 469 472 473 479 480 481 484 487 488 496 500 501 502 506 507 514 517 519 524 532 537 538 540 546 548 556 559 564 566 567 569 573 580 586 589 590 592 595 603 604 607 608 610 611 613 615 616 618 622 634 636 637 646 651 658 664 669 674 675 678 679 681 683 684 687 699 702 703 707 712 715 718 721 722 725 727 734 737 739 741 743 749 751 753 756 760 774 775 776 778 785 788 789 793 795 796 798 800 802 807 808 809 811 815 816 817 825 826 827 828 830 833 838 841 845 853 857 867 868 875 878 879 881 886 889 890 895 896 900 901 903 910 916 917 920 924 925 927 930 934 935 936 940 942 947 951 953 957 958 962 966 972 973 978 982 983 984 988 
1 6 12 14 19 22 33 38 42 47 54 57 66 69 74 75 81 86 94 95 127 132 135 139 142 143 146 147 149 154 155 191 198 204 206 220 226 228 231 236 237 238 244 262 274 282 283 293 301 304 308 313 315 318 326 328 331 350 352 361 367 368 369 372 373 389 399 421 427 437 450 453 454 465 466 472 478 502 503 504 522 523 528 542 550 562 576 581 600 607 621 624 625 642 647 653 656 659 667 671 672 680 685 690 692 695 697 706 711 713 715 717 722 726 728 732 739 740 742 745 748 757 764 773 774 778 793 805 811 819 820 823 824 850 851 860 864 866 873 877 882 887 893 894 897 898 900 906 918 952 958 961 964 969 976 977 983 985 989 
4 5 9 13 14 15 20 24 25 27 29 30 31 32 37 39 51 52 56 63 65 83 87 90 91 97 100 101 105 106 114 116 118 119 121 123 129 130 144 145 151 157 158 159 160 168 169 176 177 180 183 187 189 190 199 201 203 205 209 214 215 218 219 222 223 224 225 229 230 233 241 243 245 250 260 265 273 276 277 278 279 281 284 287 288 289 295 297 303 304 306 307 319 321 323 326 329 333 336 341 342 343 349 360 362 365 376 377 378 379 380 384 390 391 401 402 403 408 409 410 418 419 420 422 426 428 439 457 460 461 463 464 469 471 473 475 479 482 486 487 488 496 500 502 507 510 512 515 516 517 524 532 534 536 537 546 558 561 566 570 572 573 577 578 587 589 590 593 596 598 608 609 610 613 615 619 622 626 632 637 638 641 646 651 657 664 670 674 677 679 683 684 691 694 698 701 704 707 712 715 718 721 725 729 734 735 737 739 741 744 751 755 756 759 760 762 763 772 775 779 780 789 790 794 796 798 799 802 808 811 813 814 816 817 826 827 838 853 854 855 870 872 873 878 881 883 885 889 890 893 900 903 905 907 908 909 910 911 916 918 925 930 934 942 947 949 951 957 962 963 966 971 973 979 980 981 983 984 
2 4 14 40 45 50 57 60 61 69 74 75 76 82 86 90 92 94 95 97 99 106 107 108 112 119 120 136 140 146 155 160 163 168 173 176 204 205 212 217 235 236 243 249 252 259 263 267 272 274 275 276 277 282 283 289 293 301 303 304 308 318 320 321 325 329 336 337 339 341 359 360 363 376 390 393 400 401 404 417 422 431 432 436 440 443 444 445 446 450 463 465 466 468 472 473 479 482 496 500 501 502 506 507 511 519 522 523 532 541 542 546 556 564 566 571 586 589 592 595 603 607 608 619 622 627 636 648 659 664 669 675 683 691 703 705 710 712 715 721 722 727 730 732 734 737 748 751 756 771 774 776 778 785 788 793 795 796 798 800 807 811 817 828 833 842 853 857 867 868 875 880 881 886 890 893 900 917 918 930 935 936 939 947 953 957 958 976 983 986 999 
4 5 10 13 15 17 25 32 36 37 51 52 65 83 85 87 89 90 93 97 110 114 118 122 153 157 163 168 176 180 183 187 188 189 195 196 197 212 221 225 230 243 245 252 268 284 287 290 296 300 319 325 336 342 347 360 364 375 379 380 381 391 398 401 418 425 433 444 458 460 461 464 469 473 475 481 484 488 512 514 517 519 529 540 555 556 558 559 567 577 590 603 604 605 608 609 611 615 618 634 641 651 658 679 683 699 702 707 712 727 743 749 753 756 763 775 781 809 817 826 845 857 859 886 890 895 903 911 917 920 925 927 929 930 933 934 957 963 966 971 978 980 981 982 
9 11 14 20 24 27 29 30 31 32 39 42 49 54 57 58 63 65 67 68 80 87 91 95 100 105 106 114 116 119 121 123 129 130 142 145 151 154 157 158 159 160 164 169 178 184 185 187 189 190 193 199 201 203 214 215 217 218 219 222 223 225 229 230 233 234 243 248 258 260 262 265 270 276 277 278 279 280 281 288 289 294 295 297 299 303 304 307 309 317 321 326 329 333 336 342 343 349 350 360 362 365 372 376 377 379 380 384 386 390 392 401 402 403 408 409 410 415 418 419 420 422 426 428 429 439 447 451 455 457 459 461 463 464 468 469 471 479 482 485 486 487 492 495 496 500 502 507 510 512 515 517 532 534 536 538 546 552 557 566 570 572 573 577 578 585 587 589 596 598 608 610 613 617 619 625 626 632 638 641 652 657 664 665 670 677 679 680 683 684 690 691 693 694 698 701 704 708 715 718 721 722 725 729 735 737 739 741 744 751 752 755 759 760 762 763 772 774 779 780 789 790 793 794 796 798 799 802 808 811 813 814 816 817 823 826 830 838 839 847 853 854 858 864 870 871 872 873 883 885 889 891 893 900 903 904 907 908 909 910 916 918 919 923 934 938 942 945 947 948 949 951 954 955 958 960 962 971 973 979 980 983 984 991 996 
9 16 21 23 31 44 46 71 84 100 101 102 111 116 121 126 128 134 145 156 162 169 170 175 177 180 181 188 195 203 207 210 227 229 233 250 253 264 276 281 288 295 302 305 306 310 314 323 332 333 334 340 342 354 355 366 370 377 380 383 394 396 411 423 426 434 435 438 439 442 449 460 469 470 471 476 480 487 498 499 505 510 518 524 525 526 534 537 549 563 573 583 584 591 597 610 613 628 629 630 632 637 639 646 649 654 655 660 670 674 676 687 716 718 720 724 741 754 765 767 783 787 789 798 799 801 802 804 808 814 815 821 825 827 832 838 856 861 865 874 876 878 885 896 901 902 916 921 924 926 937 940 942 947 951 972 973 974 984 997 
6 12 14 18 19 20 22 26 38 42 53 54 57 61 66 67 68 69 73 74 75 86 91 94 95 105 107 112 123 129 132 135 139 146 147 149 155 164 171 172 184 185 186 191 198 204 217 218 222 226 228 236 248 262 265 272 274 277 278 279 280 282 283 289 299 301 303 304 308 313 315 316 317 318 326 329 330 331 341 346 349 350 352 361 367 368 369 372 373 386 387 389 392 393 399 402 403 415 420 421 427 436 440 445 448 450 451 454 465 466 472 478 482 483 495 496 500 502 503 504 522 523 527 542 546 550 562 566 576 588 589 596 598 612 621 622 624 627 653 656 659 672 673 677 680 685 690 691 692 694 704 705 706 717 722 725 726 728 729 730 731 732 733 735 739 740 744 748 752 755 757 764 771 773 774 778 786 793 794 811 813 819 820 823 828 837 839 840 847 850 851 852 854 858 864 871 873 877 883 888 892 893 894 900 906 918 919 923 939 944 948 952 961 962 964 976 977 983 985 989 991 999 
6 12 14 18 22 38 54 57 61 66 69 74 75 81 86 94 95 107 129 132 135 139 146 147 155 171 172 185 186 191 198 204 206 217 226 228 236 237 262 274 278 279 280 282 283 289 293 301 303 304 308 313 315 316 318 326 330 331 341 350 352 361 367 368 369 386 387 389 392 399 421 427 440 445 448 450 454 465 466 472 478 483 502 504 522 523 527 528 542 550 562 576 588 612 621 624 627 653 656 659 672 673 680 685 692 695 705 706 715 717 722 726 728 729 730 732 733 739 740 748 764 771 773 774 778 786 793 794 805 811 819 820 823 828 837 847 850 851 864 871 873 877 888 892 893 894 898 900 906 918 919 939 948 958 961 964 976 977 983 985 989 991 993 999 
12 19 22 33 38 54 57 66 73 74 81 86 94 95 129 132 135 139 147 155 191 198 204 206 226 228 231 237 262 274 279 308 313 318 326 328 331 350 352 361 367 368 369 373 386 389 392 399 421 427 437 448 450 453 454 465 478 504 522 523 527 528 542 550 562 576 601 621 624 647 653 656 659 667 671 672 680 685 692 695 706 717 726 728 729 732 739 740 742 748 757 758 764 773 774 786 793 805 819 820 823 824 836 840 850 851 860 864 871 873 877 893 894 898 900 906 918 919 944 948 952 961 964 969 976 977 985 989 
9 16 21 31 39 44 48 56 63 71 79 84 100 101 102 103 111 116 121 124 126 128 134 140 145 152 156 160 162 170 175 177 178 180 181 182 188 192 202 203 205 207 209 210 213 224 227 229 233 250 253 258 264 271 276 281 288 295 305 306 310 311 312 314 319 321 323 332 333 334 340 342 351 354 355 359 360 366 370 377 380 383 390 394 396 401 411 423 426 434 435 439 441 442 449 460 462 469 471 476 479 480 487 492 498 499 505 507 510 518 524 526 532 534 537 538 549 563 573 583 584 591 594 597 610 613 628 629 630 632 637 639 646 649 650 654 655 660 664 670 674 676 678 681 683 687 703 716 718 719 720 724 737 741 754 765 767 783 787 789 798 801 802 808 814 815 816 821 825 827 829 830 832 838 861 865 874 876 878 889 896 901 902 910 916 921 924 926 930 932 937 940 942 947 951 968 972 973 974 984 988 994 997 
23 24 30 36 52 71 83 84 93 122 175 180 183 190 194 195 196 207 232 245 254 264 281 287 290 295 300 302 323 333 334 342 353 355 371 379 396 438 442 449 452 460 469 471 524 525 529 534 555 558 583 590 605 609 613 615 641 668 682 765 781 799 804 832 856 859 874 925 929 933 950 966 974 981 
1 7 9 19 20 29 31 33 34 39 42 47 54 55 62 63 66 70 72 77 79 94 95 96 100 101 109 117 129 132 134 135 137 139 142 143 145 147 149 150 152 154 156 160 164 165 178 182 203 206 218 223 228 231 233 238 244 246 247 248 253 256 258 260 261 262 271 274 277 279 288 293 294 306 308 312 318 322 326 338 349 350 352 356 358 361 365 367 372 373 382 388 392 399 402 408 409 415 427 429 439 453 454 455 456 462 463 468 476 478 480 487 492 494 495 502 503 505 509 510 518 526 527 528 531 535 538 542 549 550 557 560 573 574 581 596 600 601 617 621 623 624 625 642 643 655 659 664 665 672 676 677 690 692 694 695 704 706 711 713 714 715 717 719 725 726 728 729 737 738 739 744 745 747 748 751 757 758 761 767 768 769 773 782 783 792 793 798 801 802 805 808 813 816 823 830 835 836 838 840 844 846 848 850 854 858 860 863 864 866 871 873 877 887 889 893 897 898 899 900 909 910 914 916 918 919 922 928 932 941 944 947 948 952 958 960 962 968 969 973 984 989 990 994 997 
1 12 19 33 34 38 39 42 47 54 55 62 70 73 77 81 96 105 109 117 129 132 135 139 142 147 149 150 164 178 191 206 228 231 237 238 244 246 248 260 262 279 299 308 313 322 326 328 338 350 352 361 367 369 372 373 386 388 389 392 399 415 416 427 429 448 453 454 455 456 478 494 495 503 504 509 527 531 550 557 560 575 581 582 596 600 601 617 621 623 624 625 643 653 659 667 672 677 690 692 694 704 706 708 714 717 723 726 728 729 736 742 747 757 758 761 764 773 786 813 816 819 823 836 839 840 844 850 858 860 862 863 864 871 873 877 884 893 897 898 899 906 918 919 922 928 941 944 948 952 961 962 969 985 987 989 
41 48 60 63 64 79 100 101 103 124 141 142 143 148 152 154 156 167 178 182 202 203 213 220 227 233 244 258 259 263 271 286 312 335 344 345 351 358 374 382 395 397 441 462 468 480 487 492 498 505 526 538 547 554 584 594 606 607 616 625 642 644 650 654 663 681 713 719 720 767 769 785 795 801 803 816 829 830 846 848 879 882 887 901 902 916 921 932 942 946 958 968 990 992 994 995 
4 5 10 13 15 17 25 26 32 37 45 51 65 82 87 90 91 93 97 99 112 114 118 120 123 133 138 157 163 168 176 187 189 197 212 221 225 230 243 251 267 268 272 278 284 290 320 325 336 342 347 360 364 375 376 379 380 390 391 393 401 407 418 422 425 433 436 461 464 473 475 482 488 490 491 512 514 517 519 540 546 556 558 559 566 567 577 585 609 610 611 615 618 619 622 641 651 657 679 684 688 702 707 721 727 743 749 753 756 763 809 817 826 853 883 886 890 903 911 920 923 925 934 957 963 966 971 978 980 981 
4 9 14 15 17 20 25 26 32 37 45 50 51 57 63 82 87 90 91 95 97 99 106 107 112 114 119 120 123 133 138 145 151 157 160 168 176 185 187 189 199 201 212 217 218 222 230 243 251 265 267 272 276 277 278 284 288 289 301 303 304 318 320 321 325 326 329 336 339 341 347 349 360 362 363 365 375 376 380 390 393 400 401 409 417 419 422 428 436 440 451 461 463 464 468 472 473 475 479 482 488 489 490 496 500 502 512 517 519 536 546 559 564 566 567 571 578 585 589 592 608 610 615 618 619 622 627 657 664 669 679 680 683 684 688 691 704 712 715 721 722 725 729 730 734 735 737 739 751 752 753 755 756 760 763 771 774 778 790 793 794 796 798 800 811 817 823 826 828 847 852 853 854 870 873 881 883 889 890 891 893 900 907 918 923 934 935 947 951 957 958 962 963 979 980 983 984 986 
2 3 9 14 21 30 31 39 44 48 52 56 63 65 76 79 84 92 97 100 101 102 103 106 110 111 114 116 119 121 124 126 128 134 140 145 152 156 157 160 162 167 170 175 176 177 178 180 181 182 187 188 190 192 202 203 205 207 209 213 218 224 227 229 230 233 250 252 258 271 276 281 288 295 306 310 311 312 314 319 321 323 325 326 329 333 334 335 336 340 342 344 345 351 354 355 359 360 362 365 366 370 377 380 383 390 394 395 396 397 398 401 409 411 426 439 441 449 460 462 463 464 468 469 471 476 479 480 487 492 498 502 505 507 510 517 518 524 526 532 534 537 538 549 556 563 564 566 569 573 580 584 590 594 597 606 608 610 613 628 629 630 632 637 639 644 646 650 654 655 664 670 674 678 679 681 683 684 687 703 712 715 716 718 719 720 724 725 734 737 741 751 756 760 767 775 783 785 787 789 795 796 798 801 802 808 811 814 815 816 817 825 827 829 830 832 838 841 853 857 861 865 867 876 878 879 889 896 901 902 903 910 916 921 924 925 930 932 935 940 942 947 951 953 962 968 972 973 983 984 988 994 997 
5 11 13 15 24 27 32 36 43 53 80 83 91 93 98 113 118 123 144 151 157 158 161 166 183 187 199 201 208 214 215 219 222 225 234 240 241 245 255 257 265 269 273 278 284 291 297 298 317 327 349 357 362 378 379 391 403 406 412 418 419 422 424 428 447 451 461 464 475 477 482 489 490 493 508 512 516 521 536 545 546 555 558 561 565 568 570 572 577 578 585 593 598 614 615 626 631 633 638 640 641 657 661 662 684 688 689 693 700 701 735 750 752 755 760 762 763 766 770 772 777 780 790 791 806 818 826 834 854 855 869 872 883 891 903 905 907 908 911 912 913 915 923 929 931 934 945 954 955 963 966 967 971 979 980 981 996 998 
5 9 10 13 15 17 23 24 25 30 32 36 37 51 52 65 71 83 84 87 93 97 114 116 118 122 123 130 144 151 157 158 169 175 176 180 183 187 189 190 195 196 199 214 215 219 225 229 230 232 241 243 245 250 254 268 273 276 281 284 287 288 290 295 297 300 302 319 323 325 333 334 342 347 353 355 362 364 365 371 375 378 379 380 384 390 391 396 401 408 409 410 418 419 424 426 438 452 460 461 464 469 471 473 486 488 512 515 516 517 524 525 529 534 540 555 556 558 559 561 570 572 573 577 578 587 590 593 605 609 610 613 615 618 633 637 638 641 651 657 668 670 679 682 684 701 707 718 741 756 759 760 762 763 772 775 781 789 790 799 804 817 826 832 838 853 855 859 870 872 874 883 885 890 903 905 907 908 911 920 925 929 930 933 934 945 950 951 957 963 966 971 973 974 978 979 980 981 
3 4 5 9 10 13 14 15 20 21 23 24 25 29 30 31 32 37 44 48 51 52 56 63 65 71 76 83 84 87 90 91 93 97 100 101 103 106 110 114 116 118 119 121 122 123 126 128 130 140 144 145 151 157 159 160 162 168 169 170 175 176 177 180 183 187 188 189 190 192 195 196 199 203 205 209 214 215 218 224 225 227 229 230 233 241 243 245 250 252 258 268 271 276 281 284 287 288 290 295 297 300 306 307 311 319 321 323 325 326 329 333 334 336 342 343 347 349 355 359 360 362 364 365 366 370 375 376 377 379 380 384 390 391 396 398 401 402 408 409 410 418 419 422 426 428 439 441 452 457 460 461 463 464 469 471 473 475 479 480 486 487 488 496 500 502 507 510 512 515 517 524 529 532 534 537 540 546 555 556 558 559 561 566 569 570 572 573 577 580 587 590 597 605 608 609 610 613 615 618 632 637 638 641 646 651 657 670 674 678 679 681 682 683 684 687 698 699 701 703 707 712 716 718 725 734 737 739 741 744 751 756 759 760 762 763 772 775 779 789 790 796 798 799 802 808 811 814 815 816 817 825 826 827 832 838 841 853 854 857 859 867 870 872 874 878 883 885 889 890 896 901 903 907 908 909 910 911 916 920 924 925 930 934 940 942 947 949 950 951 953 957 962 963 966 971 972 973 974 978 979 980 981 982 983 984 988 
3 4 10 25 37 40 51 56 65 76 85 87 89 90 97 108 110 114 122 136 140 153 163 168 176 177 180 188 192 195 197 200 205 209 212 221 224 230 243 249 250 252 268 276 290 296 311 319 321 325 336 360 364 381 398 401 407 425 431 444 446 458 473 479 481 484 488 514 517 519 529 530 532 540 548 556 559 569 580 586 592 603 604 608 611 615 618 634 636 646 651 658 675 678 679 683 687 699 702 703 707 712 727 734 743 749 756 775 788 798 809 817 841 845 857 875 878 886 890 895 917 920 925 927 930 947 951 953 957 965 966 978 982 988 
1 19 34 41 42 47 48 60 63 64 66 72 75 92 94 95 100 101 103 121 124 127 142 143 147 149 152 154 155 156 167 178 182 202 203 206 220 231 233 238 244 247 248 258 259 262 271 274 286 293 308 312 318 326 335 345 350 351 358 372 374 382 388 395 397 399 437 441 462 468 480 487 492 495 502 503 506 507 526 528 538 542 547 564 581 594 600 606 607 616 625 642 644 647 650 659 663 664 681 690 694 695 697 704 711 713 714 715 719 728 737 745 746 751 767 769 778 785 793 795 798 801 803 805 816 823 824 829 830 846 848 866 867 868 879 882 887 889 893 898 901 914 916 932 942 946 958 962 968 983 984 990 992 994 
7 8 16 21 31 34 39 44 46 72 79 100 101 102 116 126 128 134 137 156 174 178 181 202 203 210 211 233 247 253 305 306 310 314 332 340 348 354 366 370 377 383 394 411 413 414 423 434 435 439 467 470 476 480 487 492 498 499 505 518 526 549 557 563 574 584 591 597 625 628 629 630 632 639 649 654 655 660 666 670 674 676 716 718 720 724 738 754 767 783 787 792 801 802 808 814 821 835 861 865 876 921 926 932 937 968 972 994 997 
8 9 11 16 23 24 28 29 30 31 43 49 58 83 113 116 125 130 144 151 158 159 169 179 183 187 190 193 214 215 216 219 223 229 232 239 241 245 257 261 270 273 281 285 287 288 292 294 295 297 298 300 307 323 333 334 342 343 353 355 357 362 365 379 380 384 396 402 406 408 409 410 418 423 424 426 435 438 447 452 457 471 477 486 499 510 512 515 516 520 534 543 544 553 568 570 572 573 577 578 587 591 597 613 620 626 629 630 632 633 635 638 641 657 660 666 668 670 682 696 698 701 744 759 760 768 772 779 783 790 799 802 804 812 814 838 855 870 872 885 903 904 905 908 909 910 945 949 950 973 974 975 979 981 
11 27 35 43 68 80 98 105 113 193 208 216 219 234 255 257 269 270 285 291 298 309 324 357 385 405 406 416 447 459 477 485 493 508 516 533 536 539 543 544 552 565 568 570 578 598 602 614 620 626 635 640 652 686 689 696 698 708 770 780 791 818 822 834 839 869 884 904 915 931 938 954 955 975 996 998 
9 20 33 38 42 53 54 57 67 68 73 74 77 105 123 129 132 135 150 151 164 172 184 185 186 191 193 198 201 222 228 234 260 262 265 270 278 279 280 289 299 304 309 313 316 317 326 328 330 346 349 350 352 365 367 368 369 373 386 389 392 399 402 403 415 416 420 427 428 429 448 454 455 456 457 459 465 485 494 504 509 527 536 539 550 560 575 576 582 588 596 598 601 621 624 652 653 656 667 673 677 680 685 686 692 693 704 706 708 717 725 729 731 735 736 739 744 755 758 773 780 786 794 813 819 822 823 836 839 840 844 847 850 851 854 858 860 863 864 870 871 873 877 884 892 893 906 909 918 919 922 928 938 944 948 952 954 960 961 962 964 969 985 989 991 996 
6 18 22 26 53 57 61 74 82 99 104 107 120 135 138 146 171 172 185 186 198 204 236 266 267 272 283 315 316 339 346 367 368 387 417 421 445 451 465 466 474 483 504 522 551 562 571 579 588 599 612 648 656 673 680 685 705 709 730 731 733 750 771 797 800 810 820 828 837 849 851 852 888 892 894 918 939 959 964 967 976 977 986 991 993 
1 19 33 34 38 39 42 47 54 55 62 63 66 70 72 77 96 109 117 132 139 142 143 147 149 150 154 164 178 191 203 206 228 231 233 238 244 247 248 260 262 279 308 312 313 322 326 328 338 350 352 372 373 382 388 392 399 415 429 453 455 456 462 478 492 494 495 503 509 527 528 531 538 549 550 557 560 581 596 600 601 617 621 623 624 625 643 659 672 677 690 694 704 711 713 714 717 726 728 742 745 747 757 758 761 801 805 808 813 816 823 830 836 840 844 858 860 863 864 866 893 897 898 910 914 916 919 922 932 941 944 952 962 969 984 994 
6 12 14 22 38 54 57 66 69 73 74 75 81 86 94 95 129 132 135 139 146 147 155 191 198 204 206 217 226 228 231 236 237 262 274 279 282 283 293 301 303 304 308 313 315 318 326 328 331 341 350 352 361 367 368 369 373 386 389 392 399 421 427 437 440 445 448 450 453 454 465 466 472 478 502 504 522 523 527 528 542 550 562 576 621 624 627 647 653 656 659 672 680 685 692 695 705 706 715 717 722 726 728 729 732 739 740 742 748 764 773 774 778 786 793 794 805 811 819 820 823 824 828 837 850 851 864 871 873 877 893 894 898 900 906 918 919 939 944 948 952 958 961 964 976 977 983 985 989 999 
3 4 9 13 14 20 21 25 30 32 37 48 51 52 56 63 65 87 90 91 95 97 100 101 103 106 110 114 116 119 121 123 140 142 145 151 154 157 160 162 168 176 177 187 189 190 199 203 205 209 214 215 218 224 225 227 229 230 233 235 243 248 250 252 258 271 276 277 278 281 284 288 289 293 295 301 303 304 306 318 319 321 323 325 326 329 333 336 341 342 347 349 359 360 362 363 365 370 375 376 377 379 380 390 401 402 408 409 419 422 426 428 439 441 460 461 463 464 468 469 472 473 479 480 482 487 488 496 500 502 507 510 512 517 524 532 534 537 538 546 556 559 564 566 569 573 577 586 589 590 592 608 610 613 615 618 619 622 637 641 646 657 664 670 674 675 679 681 683 684 690 691 703 712 715 718 721 722 725 734 737 739 741 744 751 756 760 762 763 772 774 775 778 789 790 793 796 798 802 808 811 814 815 816 817 823 826 827 828 830 838 853 854 857 867 870 875 878 881 883 885 889 890 900 901 903 907 910 916 925 930 934 935 936 942 947 951 957 958 962 971 972 973 979 980 983 984 
5 10 13 15 17 24 25 30 32 36 37 45 51 83 87 91 93 114 118 123 138 144 151 157 158 166 183 187 189 190 195 196 197 199 201 214 215 219 225 232 240 241 243 245 251 254 265 268 273 278 281 284 287 290 297 300 327 342 347 353 357 362 364 375 378 379 380 391 418 419 422 424 433 452 461 464 473 475 482 488 489 490 491 512 516 517 521 529 540 546 555 556 558 559 561 570 572 577 578 585 590 593 605 609 610 615 618 633 638 640 641 651 657 661 662 668 679 682 684 688 693 700 701 702 707 750 752 753 760 762 763 766 770 772 781 790 791 806 817 826 834 855 859 872 883 890 891 903 905 907 908 911 920 923 925 929 933 934 955 963 966 967 971 978 979 980 981 
9 19 20 33 38 42 47 53 54 55 57 62 63 67 68 73 74 77 88 95 105 123 129 132 135 147 149 150 151 164 172 184 185 186 191 193 198 201 217 218 222 228 234 242 248 256 260 262 265 270 278 279 280 289 299 304 308 309 313 316 317 322 324 326 328 330 346 349 350 352 365 367 368 369 372 373 386 388 389 392 399 402 403 409 415 416 420 427 428 429 448 454 455 456 457 459 465 485 494 495 503 504 509 527 536 550 560 575 576 582 588 596 598 601 617 621 624 652 653 656 659 667 673 677 680 685 686 690 692 693 694 704 706 708 717 723 725 726 728 729 731 735 736 739 744 747 748 755 757 758 761 773 774 780 786 794 813 816 819 822 823 836 839 840 844 847 850 851 854 858 860 863 864 870 871 873 877 884 892 893 897 899 900 906 909 910 916 918 919 922 928 938 944 948 952 954 960 961 962 964 969 970 984 985 989 991 996 
6 14 17 18 20 22 26 32 37 45 50 53 57 61 67 74 82 87 91 95 97 99 104 107 112 119 120 123 133 135 138 146 163 168 171 172 184 185 186 189 198 199 201 212 217 218 221 222 236 243 251 265 267 272 277 278 280 282 283 289 301 303 304 315 316 317 320 326 329 336 339 341 346 347 363 367 375 376 393 403 417 422 425 428 433 436 440 445 451 454 461 463 465 466 472 474 475 479 482 483 489 490 491 496 500 502 519 523 541 542 545 546 551 559 566 567 571 579 585 588 589 599 612 619 622 627 648 657 669 673 680 685 688 691 693 700 702 705 709 721 722 725 727 729 730 731 733 735 739 749 750 752 753 755 763 771 774 780 793 794 796 797 800 810 811 817 820 823 828 837 847 849 851 852 853 854 871 881 883 888 890 891 892 893 900 907 918 923 934 939 948 957 959 963 964 967 976 980 983 986 991 993 999 
16 21 44 46 71 84 101 102 111 116 126 128 134 170 174 175 181 207 210 211 264 295 305 306 310 314 332 334 340 348 354 366 370 377 383 394 396 411 423 426 434 435 439 442 449 467 470 499 505 518 525 534 537 563 583 584 591 597 628 629 630 632 639 649 654 655 660 670 674 676 687 716 718 720 724 741 754 765 787 789 804 814 815 821 825 827 832 835 838 856 861 865 876 896 921 924 926 937 940 972 
2 41 48 60 63 64 79 92 100 101 103 121 124 141 142 143 148 152 154 156 162 167 181 182 202 203 213 220 227 233 244 258 259 263 271 286 312 335 344 345 351 358 359 374 377 382 395 397 439 441 462 468 480 487 492 498 505 507 526 532 538 547 554 564 584 594 606 607 616 625 642 644 646 650 654 663 664 681 703 713 719 720 767 769 785 795 798 803 815 816 827 829 830 846 848 867 879 882 887 889 901 902 916 921 932 942 946 947 951 958 968 972 990 992 995 
8 9 16 21 23 24 30 44 52 65 71 83 84 93 100 101 111 116 126 128 130 144 145 157 169 170 175 180 183 190 194 195 207 214 229 230 232 245 250 254 264 276 281 287 288 295 297 300 302 306 319 323 332 333 334 342 353 355 366 370 371 377 379 380 384 394 396 408 423 426 435 438 439 442 449 452 460 467 469 471 486 499 510 515 520 524 525 529 534 537 573 583 590 591 597 605 609 610 613 630 632 637 638 639 641 668 670 674 679 682 716 718 741 760 765 772 781 789 799 802 804 814 825 827 832 838 855 856 874 876 885 896 903 908 916 924 925 945 947 949 950 951 973 974 981 984 
2 41 48 60 64 92 101 103 121 124 140 141 148 152 156 162 167 181 182 202 203 213 227 258 259 263 271 286 312 335 344 345 351 358 359 374 377 382 395 397 431 441 462 480 487 492 498 507 511 526 532 547 554 594 606 607 616 636 642 644 646 650 663 681 703 719 720 767 769 776 785 795 798 803 815 827 829 830 842 846 848 867 868 879 882 901 902 921 942 946 947 951 968 972 990 992 995 
2 3 4 10 40 51 52 56 65 71 76 84 85 89 90 97 100 108 110 121 122 136 140 145 153 162 170 176 177 180 188 192 195 197 200 205 209 224 230 249 250 252 276 290 296 311 319 321 325 336 360 364 377 380 381 398 401 404 431 443 444 446 458 460 469 473 479 481 484 488 511 529 530 532 537 540 548 556 569 580 586 592 603 604 608 610 634 636 637 646 651 658 674 675 678 683 687 699 703 707 712 734 741 756 775 788 789 798 809 815 825 827 841 842 845 857 874 875 878 886 895 901 917 920 925 927 930 940 942 947 951 953 957 965 978 982 988 
1 12 14 19 33 34 38 42 47 54 55 62 63 66 69 72 73 74 75 77 81 86 94 95 127 129 132 135 139 142 143 147 149 150 154 155 164 178 191 204 206 226 228 231 237 238 244 247 248 262 274 277 279 293 301 308 312 313 318 322 326 328 331 350 352 361 367 368 369 372 373 382 386 388 389 392 399 415 427 429 437 448 450 453 454 456 462 465 478 492 495 502 503 504 509 523 527 528 538 542 550 560 581 600 601 607 621 624 625 642 643 647 653 659 667 671 672 677 690 692 694 695 704 706 711 713 714 715 717 722 725 726 728 729 732 739 740 742 745 748 757 758 764 773 774 778 786 793 801 805 816 819 823 824 830 836 840 844 850 860 863 864 866 871 873 877 887 893 897 898 900 906 914 918 919 922 932 944 948 952 958 961 962 969 983 984 985 989 994 
2 4 14 40 48 50 57 60 69 74 75 76 82 86 90 92 94 95 99 103 106 107 108 112 119 127 136 140 155 163 168 173 176 200 204 205 212 235 236 243 249 252 258 259 263 266 272 274 275 277 282 283 293 301 303 304 308 318 321 336 337 339 341 359 360 363 376 400 404 431 432 437 440 443 445 446 450 465 466 468 472 479 501 502 506 507 511 514 519 522 523 532 541 542 564 566 586 589 592 595 603 607 608 622 627 636 648 659 664 669 675 683 697 703 705 710 712 715 721 722 727 732 734 737 748 749 751 774 776 778 785 788 793 795 796 798 800 807 811 817 828 833 842 843 853 857 866 867 868 875 880 881 890 893 900 917 918 935 936 943 953 957 958 976 983 986 999 
3 4 9 10 13 14 20 21 25 30 32 37 45 48 50 51 52 56 63 65 76 82 84 85 87 90 91 97 99 100 101 103 106 110 112 114 119 121 123 140 145 153 157 160 162 163 168 170 175 176 177 180 187 188 189 190 192 203 205 209 212 214 215 218 221 224 225 227 229 230 233 235 243 249 250 251 252 258 271 276 277 278 281 284 287 288 289 295 301 303 304 306 311 318 319 320 321 323 325 326 329 333 336 339 341 342 347 359 360 362 363 364 365 370 375 376 377 379 380 381 390 398 401 408 409 422 425 426 439 441 444 446 458 460 461 463 464 468 469 472 473 479 480 482 487 488 496 500 502 507 512 517 519 524 532 537 538 540 546 548 556 559 564 566 567 569 573 580 586 589 590 592 603 604 608 609 610 613 615 618 619 622 634 637 641 646 651 657 664 669 674 675 678 679 681 683 684 687 691 699 702 703 707 712 715 718 721 722 725 727 734 737 739 741 749 751 753 756 760 763 772 774 775 778 789 790 793 796 798 800 802 808 809 811 815 816 817 825 826 827 828 838 841 853 854 857 867 870 875 878 881 883 885 886 889 890 895 896 900 901 903 910 916 917 923 924 925 930 934 935 936 940 942 947 951 953 957 958 962 966 971 972 973 978 980 981 982 983 984 988 
9 11 20 24 27 28 29 30 31 35 39 42 49 54 57 58 63 67 68 73 74 80 88 95 100 105 116 123 129 130 135 142 145 151 154 158 159 160 164 165 169 178 184 187 190 193 198 199 201 203 214 215 216 217 218 219 222 223 225 228 229 233 234 239 242 248 255 256 258 260 261 262 265 269 270 277 278 279 280 285 288 289 291 294 295 297 299 304 307 308 309 317 324 326 329 330 333 343 349 350 362 365 367 372 380 384 386 390 392 402 403 408 409 410 415 416 419 420 426 427 428 429 439 447 454 455 456 457 459 461 463 468 469 471 477 479 485 486 487 492 494 495 496 497 500 502 510 512 515 516 527 533 534 535 536 538 543 544 546 550 552 553 557 565 570 572 573 577 578 582 587 596 598 602 610 613 617 620 625 626 632 635 638 652 657 659 664 665 670 677 680 684 686 689 690 692 693 694 696 698 701 704 706 708 715 717 718 723 725 726 729 731 735 737 739 741 744 747 748 751 755 759 760 762 768 770 772 773 774 779 780 786 789 790 791 794 798 799 802 808 812 813 814 816 822 823 830 838 839 844 847 850 853 854 858 864 870 871 872 873 877 883 884 885 889 892 893 900 903 904 907 908 909 910 916 918 919 928 934 938 944 945 947 948 949 954 955 958 960 962 970 973 975 979 980 984 989 991 996 
9 18 20 22 26 27 29 32 35 45 53 54 61 63 67 68 73 80 91 98 105 120 123 129 133 135 138 151 160 161 164 172 184 185 186 187 193 198 199 201 208 215 217 218 219 222 228 234 240 251 255 260 262 265 278 279 280 289 291 299 303 304 309 316 317 320 326 330 346 349 350 362 365 367 378 386 392 393 402 403 408 409 419 420 422 428 429 447 448 451 454 457 459 461 463 474 482 485 489 490 491 496 500 508 512 516 521 527 536 539 545 546 550 552 562 565 570 572 576 577 578 585 587 588 596 598 599 602 614 626 631 635 640 652 656 657 662 673 677 680 684 688 689 691 692 693 694 700 701 704 706 708 717 725 729 730 731 733 735 739 744 752 755 760 762 763 766 770 771 773 777 779 780 786 790 791 794 797 806 810 813 816 818 820 822 834 837 839 844 847 849 850 851 852 854 864 870 871 873 877 883 888 891 892 893 905 907 909 910 912 913 915 916 918 919 923 934 944 948 954 955 962 963 964 967 973 979 980 984 989 991 996 
2 3 4 40 48 50 56 60 69 75 76 85 90 92 94 99 103 106 108 119 121 127 136 140 141 148 162 163 168 173 176 192 200 205 212 213 224 235 249 252 259 263 266 275 301 318 321 336 337 341 344 359 360 363 398 400 404 407 431 432 437 440 443 444 446 450 458 472 479 501 506 507 511 514 530 532 541 542 547 548 554 564 569 580 586 592 595 603 607 608 616 634 636 646 658 669 675 678 683 697 703 710 712 727 732 734 746 774 776 778 785 788 795 800 803 807 811 815 833 842 843 845 857 866 867 868 875 879 880 881 886 901 917 927 935 936 943 946 951 953 958 965 983 988 995 999 
28 35 43 49 58 59 78 88 96 105 115 131 150 159 164 165 179 193 216 239 242 246 256 261 269 270 285 309 324 343 356 385 405 416 429 430 447 455 456 457 459 477 494 497 508 513 531 533 535 543 544 553 565 575 582 602 620 623 635 652 686 696 698 708 723 736 738 747 761 782 784 792 812 813 822 831 839 844 858 862 884 899 909 922 928 938 941 956 960 970 975 987 
11 27 35 43 80 83 98 113 118 123 144 151 158 166 183 190 193 199 201 208 214 215 219 234 240 241 255 257 269 273 285 291 297 298 309 327 343 355 357 378 384 385 406 410 412 418 419 424 428 438 447 452 461 471 477 485 486 489 490 493 508 512 515 516 536 543 544 552 561 565 568 570 572 577 578 587 593 598 602 614 620 626 631 633 635 638 640 641 661 662 668 689 693 696 698 701 708 759 762 766 770 772 777 780 790 791 806 812 818 822 834 855 869 872 885 904 905 908 915 931 945 949 950 954 955 979 980 996 998 
4 10 26 37 40 50 82 85 87 89 90 97 99 104 107 108 112 120 133 136 138 153 163 168 173 176 200 212 221 249 251 266 267 272 296 320 325 336 337 339 341 347 375 381 404 407 417 425 431 443 444 473 481 483 484 491 501 514 519 530 541 548 551 559 567 571 586 603 604 611 618 634 648 658 669 702 709 721 727 743 749 753 771 788 800 807 809 843 845 857 886 890 917 923 927 943 957 965 978 986 
8 9 11 16 20 24 28 29 30 31 32 34 39 44 49 54 58 59 63 65 72 96 100 101 105 114 116 123 125 126 128 129 130 134 145 151 157 158 159 160 164 165 169 175 178 179 187 190 193 203 214 215 216 218 219 223 225 229 230 233 239 248 256 258 260 261 262 269 270 276 279 281 285 288 292 294 295 297 298 299 306 307 309 323 326 333 334 342 343 349 355 362 365 372 379 380 384 390 396 401 402 403 408 409 410 414 418 420 423 426 428 429 435 438 439 447 455 457 461 463 464 469 471 476 477 486 487 492 494 495 496 499 502 505 510 512 515 517 518 520 524 526 533 534 535 536 538 543 544 546 549 553 557 565 570 572 573 574 577 578 587 591 596 597 598 602 610 613 617 620 625 626 629 630 632 635 638 641 645 657 660 665 666 668 670 677 679 684 694 696 698 701 704 708 718 725 729 735 737 739 741 744 747 751 755 759 760 768 772 779 780 783 789 790 792 798 799 801 802 808 812 813 814 816 826 832 838 853 854 855 858 864 870 872 873 885 889 893 903 904 908 909 910 916 918 928 934 938 945 947 949 950 951 954 960 962 971 973 975 979 980 984 997 
9 14 20 24 29 30 31 32 39 42 52 54 63 65 95 100 101 105 106 114 116 119 121 123 129 130 142 145 151 154 157 159 160 164 169 178 187 190 203 214 215 218 223 225 229 230 233 243 248 250 258 260 262 265 276 277 278 279 281 288 289 294 295 297 303 304 306 307 319 321 323 326 329 333 336 342 343 349 350 360 362 365 372 376 377 379 380 384 390 392 401 402 403 408 409 410 415 418 420 422 426 428 439 455 457 460 461 463 464 468 469 471 479 482 486 487 492 495 496 500 502 507 510 512 515 517 524 532 534 536 537 538 546 557 566 570 572 573 577 578 587 589 590 596 598 608 610 613 617 619 625 626 632 637 638 641 657 664 665 670 674 677 679 683 684 690 691 694 698 701 704 715 718 721 725 729 735 737 739 741 744 751 755 759 760 772 779 780 789 790 793 794 796 798 799 802 808 811 813 814 816 817 823 826 827 830 838 853 854 858 864 870 872 873 883 885 889 893 900 903 908 909 910 916 918 919 925 934 942 947 949 951 958 960 962 971 973 979 980 983 984 
8 9 11 16 24 27 28 29 30 31 43 49 58 83 105 116 123 125 130 144 151 157 158 159 169 183 187 190 193 201 214 215 216 219 223 229 239 241 255 261 269 270 273 281 285 288 291 294 295 297 298 307 309 323 333 334 342 343 349 355 357 362 365 379 380 384 402 406 408 409 410 418 419 423 424 426 428 435 438 447 452 457 461 471 477 486 499 510 512 515 516 520 534 536 543 544 553 565 568 570 572 573 577 578 587 591 597 602 613 620 626 629 630 632 633 635 638 641 657 660 666 668 670 696 698 701 708 744 759 760 762 768 772 779 783 790 791 799 802 812 813 814 838 854 855 870 872 885 903 904 905 908 909 910 945 949 950 954 973 975 979 
16 21 44 46 79 101 102 111 126 128 134 156 170 174 175 181 202 207 210 211 253 295 305 306 310 314 332 340 348 354 366 370 377 383 394 411 423 434 435 439 442 449 467 470 499 505 518 534 537 563 584 597 628 629 630 639 649 654 655 660 670 674 676 716 718 720 724 741 754 765 787 789 814 815 821 827 832 835 838 856 861 865 876 896 921 924 926 937 940 968 972 994 997 
5 11 27 43 98 113 118 123 144 158 166 183 199 201 208 219 240 241 255 257 269 273 291 297 298 327 357 378 406 412 418 419 424 428 447 461 477 489 490 493 508 516 561 565 568 570 572 577 578 593 614 631 633 640 641 661 662 689 693 701 762 766 770 777 791 806 818 834 855 869 905 931 945 954 955 963 979 980 996 998 
7 8 16 28 31 34 39 44 49 55 58 59 72 78 96 102 116 125 128 131 137 159 165 169 174 178 179 210 211 223 246 247 253 261 292 294 305 307 310 332 333 334 340 348 356 383 413 414 423 426 430 434 435 455 467 470 476 499 510 513 518 520 535 549 553 557 574 591 625 629 630 632 639 645 649 660 665 666 676 714 738 747 754 768 782 783 792 799 801 802 808 814 821 835 861 876 885 914 926 937 941 949 956 960 994 997 
7 8 16 28 29 31 34 39 44 49 55 58 59 72 78 96 100 102 116 125 130 131 134 137 159 165 169 174 178 179 210 211 223 233 239 246 247 253 260 261 270 292 294 306 307 310 340 348 356 383 408 413 414 426 430 435 439 455 467 470 476 495 510 513 518 520 526 535 549 553 557 573 574 591 625 629 630 632 645 649 655 660 665 666 670 676 694 714 718 738 747 754 768 782 783 792 801 802 808 814 816 821 835 838 885 909 910 914 916 926 937 941 949 956 960 973 994 997 
1 9 19 20 28 29 31 33 34 39 42 47 49 54 55 58 62 63 67 68 70 72 73 77 88 96 105 109 117 129 132 135 142 147 149 150 159 164 165 178 191 193 206 216 218 223 228 233 238 239 242 244 246 247 248 256 260 261 262 270 279 280 294 299 308 309 312 313 322 324 326 330 338 349 350 352 365 367 372 373 386 388 392 399 402 409 415 416 420 429 447 454 455 456 457 459 462 476 492 494 495 497 503 509 527 531 533 535 536 538 544 549 550 553 557 560 574 575 582 596 598 600 601 617 624 625 635 643 652 665 667 677 686 690 692 694 698 704 706 708 713 714 717 723 725 728 729 736 739 744 747 755 757 758 761 768 773 783 786 801 802 808 813 816 823 836 839 840 844 850 854 858 860 862 863 864 871 873 877 884 893 897 898 899 909 910 914 916 918 919 922 928 932 938 941 944 948 952 960 962 969 970 975 984 989 994 
11 28 35 42 49 58 67 68 73 77 78 80 88 105 109 115 129 150 159 164 165 184 193 216 219 228 234 239 242 246 256 260 261 269 270 279 280 294 299 309 313 324 330 352 373 385 386 392 402 405 415 416 420 429 430 447 448 454 455 456 457 459 477 485 494 497 508 509 513 527 533 535 536 543 544 553 560 565 570 575 578 582 596 598 601 602 617 620 626 635 652 677 686 696 698 706 708 717 723 731 735 736 744 747 758 761 768 773 779 780 784 786 813 822 831 839 840 844 858 863 884 892 899 904 909 919 922 928 938 944 948 952 954 960 970 975 987 991 
6 14 18 22 26 37 45 50 53 57 61 82 87 90 91 97 99 104 107 112 119 120 133 138 146 163 168 171 173 185 186 212 217 221 222 236 243 251 265 266 267 272 278 283 301 303 315 316 320 336 337 339 341 346 347 363 376 387 393 407 417 421 422 425 433 436 440 445 451 466 472 474 475 482 483 489 490 491 514 519 522 541 545 546 551 559 562 566 567 571 579 585 588 589 599 608 612 619 622 627 648 669 680 685 688 691 700 702 705 709 721 722 727 730 733 743 749 750 752 753 771 797 800 810 811 820 828 837 843 847 849 852 881 883 888 890 891 907 923 939 943 957 959 963 967 976 986 991 993 999 
5 9 11 13 15 17 24 25 27 30 32 36 37 43 45 51 83 87 91 93 113 114 118 123 130 138 144 151 157 158 160 166 183 187 189 190 195 196 199 201 208 214 215 218 219 222 225 229 232 240 241 243 245 251 254 255 257 265 268 273 278 281 284 287 288 290 291 297 298 300 327 333 342 347 353 355 357 362 364 365 375 378 379 380 384 391 406 408 409 410 412 418 419 422 424 426 428 433 447 451 452 461 464 473 475 477 482 486 488 489 490 491 493 496 512 515 516 517 521 529 536 546 555 558 561 565 568 570 572 577 578 585 587 590 593 605 609 610 615 626 633 638 640 641 657 661 662 668 679 682 684 688 693 700 701 707 750 752 753 755 759 760 762 763 766 770 772 781 790 791 806 817 818 826 834 853 854 855 859 870 872 883 885 891 903 904 905 907 908 911 923 925 929 933 934 945 950 954 955 963 966 967 971 979 980 981 998 
5 11 13 15 20 24 25 27 30 32 35 37 43 53 67 68 80 83 87 91 98 105 113 114 118 123 129 144 151 157 158 160 166 184 185 187 189 190 193 199 201 208 214 215 217 218 219 222 225 234 240 241 243 255 257 265 269 273 278 280 284 285 289 291 297 298 309 317 327 342 346 349 357 362 365 376 378 379 380 390 391 402 403 406 410 412 418 419 420 422 424 428 447 451 457 461 464 475 477 482 485 486 489 490 493 496 508 512 516 517 521 536 539 543 544 545 546 552 558 561 565 568 570 572 577 578 585 587 593 598 602 610 614 615 619 620 626 631 633 635 638 640 641 657 661 662 679 680 684 688 689 691 693 698 700 701 708 721 729 735 744 750 752 755 759 760 762 763 766 770 772 777 779 780 790 791 794 806 812 817 818 822 826 834 847 853 854 855 869 870 871 872 873 883 885 891 903 904 905 907 908 912 913 915 923 931 934 945 948 954 955 962 963 967 971 979 980 991 996 998 
9 11 20 27 28 29 35 39 42 49 53 54 57 58 63 67 68 73 74 80 88 91 95 105 123 129 130 135 151 159 160 164 165 184 185 186 193 198 199 201 215 216 217 218 219 222 228 229 234 239 242 248 255 256 260 261 262 265 269 270 277 278 279 280 288 289 291 294 299 303 304 307 308 309 316 317 324 326 329 330 346 349 350 362 365 367 386 392 402 403 408 409 415 416 419 420 427 428 429 447 448 451 454 455 456 457 459 461 463 477 482 485 494 495 496 497 500 502 510 516 527 533 535 536 543 544 546 550 552 553 557 565 570 576 578 582 585 587 588 596 598 602 617 620 626 635 652 657 659 665 677 680 686 689 690 691 692 693 694 696 698 701 704 706 708 715 717 723 725 726 729 731 735 739 744 747 748 751 752 755 760 768 770 772 773 774 779 780 786 790 791 794 813 816 822 823 838 839 844 847 850 851 854 858 864 870 871 873 877 883 884 885 891 892 893 900 904 907 909 910 916 918 919 923 928 934 938 944 948 954 955 960 962 970 973 975 979 980 984 989 991 996 
6 18 22 26 53 57 61 74 82 86 107 120 138 146 171 172 186 198 204 226 236 272 282 283 315 316 331 346 361 367 368 369 387 389 417 421 440 445 465 466 474 483 504 522 523 551 562 571 576 588 612 653 656 673 685 692 705 709 722 730 731 733 748 771 797 810 820 828 837 849 851 877 888 892 894 939 959 961 964 976 977 985 986 989 991 993 999 
4 5 13 14 15 17 20 25 26 30 32 37 45 50 51 53 57 61 82 87 90 91 97 99 104 106 107 112 114 119 120 123 133 138 145 151 157 160 163 168 176 185 187 189 199 201 212 217 218 221 222 225 230 243 251 265 267 272 276 278 284 289 301 303 304 316 317 320 321 325 329 336 339 341 346 347 349 360 362 363 365 375 376 378 380 390 391 393 401 403 409 417 418 419 422 425 428 433 436 440 445 451 461 463 464 472 473 475 479 482 488 489 490 491 496 500 512 517 519 521 536 545 546 559 561 566 567 571 577 578 579 585 589 608 610 615 618 619 622 627 640 657 662 669 679 680 683 684 688 691 693 700 702 712 721 722 725 727 730 734 735 739 749 750 752 753 755 756 760 762 763 766 770 771 777 780 790 791 794 796 797 800 806 811 817 826 828 847 849 852 853 854 870 873 881 883 886 890 891 900 903 907 912 913 923 934 947 951 955 957 962 963 967 971 978 979 980 986 996 
8 9 16 21 23 30 31 44 46 71 83 84 100 101 102 111 116 125 126 128 130 169 170 174 175 190 207 210 215 229 264 281 287 288 292 295 302 305 306 307 323 332 333 334 340 342 343 354 355 366 370 383 384 394 396 408 410 411 413 423 426 434 435 438 439 442 449 452 467 469 470 471 476 499 510 515 518 520 524 525 534 537 573 583 587 591 597 613 628 629 630 632 639 660 666 670 674 676 682 716 718 724 741 754 760 765 772 783 787 789 799 802 804 814 821 832 838 856 861 865 870 876 885 896 908 916 924 926 937 949 950 973 974 984 
5 11 24 27 32 36 43 83 93 113 118 144 151 157 158 166 183 190 194 208 214 215 219 225 232 240 241 245 254 255 257 269 273 281 285 287 291 297 298 300 327 342 353 355 357 378 379 384 391 406 410 412 418 419 424 438 447 452 477 486 493 512 516 555 558 561 565 568 570 572 577 578 587 590 593 605 609 615 620 626 633 638 640 641 661 662 668 679 682 701 759 762 770 772 790 791 812 818 834 855 869 872 903 904 905 908 911 929 931 933 945 950 954 963 966 971 979 980 981 998 
4 10 15 17 25 26 37 40 45 50 51 82 85 87 89 90 91 97 99 104 106 107 108 112 114 119 120 133 138 153 163 168 173 176 189 200 212 221 243 249 251 252 266 267 272 284 320 321 325 336 337 339 341 347 360 364 375 381 393 401 407 417 422 425 433 436 444 473 475 479 481 483 484 488 491 514 517 519 530 541 551 556 559 566 567 571 586 592 603 604 608 611 615 618 648 658 669 679 683 702 707 709 712 721 727 734 743 749 753 756 771 788 800 807 809 817 826 843 845 853 857 881 886 890 895 917 923 927 934 943 957 965 978 982 986 
8 9 11 16 20 21 23 24 29 30 31 32 39 44 49 52 58 59 63 65 71 83 84 100 101 102 114 116 123 125 126 128 130 134 144 145 151 157 159 160 169 174 175 179 187 190 193 203 207 214 215 218 223 225 229 230 233 239 241 250 258 260 261 264 270 273 276 281 285 287 288 292 294 295 297 300 306 307 319 323 326 332 333 334 340 342 343 349 354 355 362 365 366 370 377 379 380 384 390 394 396 401 402 408 409 410 413 414 418 423 426 428 435 438 439 442 447 449 452 455 457 460 461 463 464 467 469 471 476 486 487 496 499 502 505 510 512 515 517 518 520 524 526 534 537 538 544 546 549 557 570 572 573 574 577 583 587 590 591 596 597 609 610 613 620 626 628 629 630 632 637 638 639 641 645 657 660 665 666 668 670 674 676 679 682 684 694 698 701 716 718 725 737 741 744 747 751 754 759 760 765 768 772 779 783 787 789 790 792 798 799 801 802 804 808 812 813 814 816 821 826 827 832 838 853 854 855 856 861 865 870 872 873 874 876 885 889 896 903 904 905 908 909 910 916 924 925 934 937 945 947 949 950 951 960 962 971 973 974 979 980 981 984 997 
1 12 14 19 20 38 42 47 54 57 63 66 69 73 74 75 81 86 94 95 127 129 132 135 139 142 143 147 149 154 155 191 198 204 206 217 218 226 228 231 236 237 238 244 248 262 274 277 279 282 293 301 303 304 308 313 318 326 328 329 331 349 350 352 361 367 368 369 372 373 386 389 392 399 402 420 427 437 448 450 453 454 465 466 472 478 500 502 503 504 522 523 527 528 542 550 576 581 589 596 600 607 621 624 625 642 647 653 656 659 671 672 677 680 685 690 692 695 704 706 711 713 715 717 722 725 726 728 729 732 739 740 742 744 745 748 755 757 764 773 774 778 786 793 794 805 811 816 819 823 824 840 850 851 854 860 864 866 871 873 877 887 893 894 898 900 906 918 919 944 948 952 958 961 962 969 976 977 983 984 985 989 
9 11 20 26 27 29 30 32 35 43 45 53 54 61 63 67 68 80 87 91 98 105 113 114 120 123 129 130 133 135 138 151 158 159 160 164 166 184 185 186 187 189 193 199 201 208 214 215 217 218 219 222 225 229 234 239 240 241 243 251 255 260 265 269 270 273 278 279 280 288 289 291 297 298 299 303 304 309 316 317 320 326 329 330 343 346 349 357 362 365 376 378 380 386 390 392 393 402 403 406 408 409 410 412 418 419 420 422 426 428 429 447 451 454 457 459 461 463 464 477 482 485 486 489 490 491 496 500 508 512 516 536 539 543 544 545 546 552 561 565 568 570 572 577 578 585 587 588 589 593 596 598 599 602 610 614 619 620 626 631 633 635 638 640 641 652 657 661 662 677 680 684 688 689 691 693 694 698 700 701 704 708 721 725 729 730 731 733 735 739 744 752 755 759 760 762 763 766 770 772 777 779 780 786 790 791 794 796 806 810 813 816 817 818 822 826 834 837 839 847 851 852 853 854 855 864 870 871 872 873 883 885 891 892 893 903 904 905 907 908 909 910 912 913 915 916 918 923 934 945 948 954 955 962 963 967 971 973 979 980 984 991 996 
9 11 19 27 28 29 33 35 38 39 42 47 49 54 55 58 62 67 68 73 77 78 80 88 105 109 115 129 132 135 149 150 151 159 164 165 184 191 193 201 216 219 228 234 239 242 256 260 261 262 269 270 279 280 294 299 307 309 313 317 322 324 328 330 349 350 352 365 372 373 386 388 392 399 402 403 405 408 415 416 420 428 429 447 448 454 455 456 457 459 477 485 494 495 497 509 510 527 533 535 536 543 544 550 553 557 560 565 570 575 578 582 596 598 601 602 617 620 624 626 635 652 653 665 667 677 686 694 696 698 704 706 708 717 723 728 729 731 735 736 744 747 755 757 758 761 768 773 779 780 784 786 813 819 822 831 836 839 840 844 847 850 854 858 860 863 864 870 871 873 877 884 892 897 899 904 909 910 919 922 928 938 944 948 952 954 960 962 969 970 973 975 985 987 989 991 
7 8 28 31 34 39 49 55 58 59 70 72 77 78 88 96 102 109 115 117 125 131 137 150 159 165 169 174 178 179 193 210 211 216 239 242 246 247 253 256 260 261 270 292 294 307 324 338 343 348 356 405 413 414 416 430 435 455 457 467 470 476 494 495 497 509 510 513 518 520 531 533 535 544 549 553 557 560 574 575 582 596 601 617 623 625 629 632 635 645 660 665 666 676 677 686 696 698 708 714 723 736 738 747 754 761 768 782 783 784 792 801 802 808 813 821 831 835 858 862 863 884 899 909 914 928 938 941 949 956 960 970 975 987 994 997 
2 3 4 40 48 50 56 60 69 75 76 85 89 90 92 94 103 106 108 110 121 127 136 140 141 148 153 162 173 176 188 192 200 205 209 213 224 227 235 249 252 259 263 275 286 296 311 318 325 336 344 345 359 360 363 381 397 398 400 404 407 431 437 441 443 444 446 450 458 472 481 501 506 507 511 514 530 532 542 547 548 554 556 564 569 580 586 592 595 603 604 606 607 608 616 634 636 646 658 675 678 683 697 703 710 712 734 746 776 778 785 788 795 803 807 809 815 833 841 842 845 857 866 867 868 875 878 879 901 917 927 935 936 943 946 951 953 958 965 982 988 995 
14 50 57 69 74 75 82 86 90 94 95 99 106 107 112 119 155 163 168 173 204 212 235 236 249 266 267 272 274 275 282 283 293 301 303 304 308 318 321 337 339 341 363 400 404 432 440 445 450 465 466 468 472 479 501 502 511 522 523 541 542 564 566 571 586 589 592 595 608 622 627 648 659 669 675 705 710 712 715 721 722 732 748 774 778 793 796 800 807 811 828 833 880 881 893 900 918 935 936 958 976 983 986 999 
5 13 15 17 25 26 32 37 45 82 87 91 97 104 112 120 133 138 168 187 189 199 212 221 225 243 251 265 267 272 278 284 320 336 346 347 364 375 391 393 417 418 422 425 433 436 451 473 475 482 489 490 491 519 521 545 546 559 561 566 567 571 579 585 599 615 618 619 622 640 662 688 691 700 702 707 721 750 752 753 762 763 766 771 797 806 817 826 852 883 890 891 907 923 934 957 963 967 978 980 986 
7 16 21 44 46 72 79 101 102 126 128 134 137 156 174 181 202 210 211 247 253 305 306 310 314 332 340 348 354 366 370 383 394 411 413 423 434 435 439 449 467 470 476 499 505 518 526 549 563 584 597 628 629 630 639 649 654 655 660 666 670 676 716 718 720 724 738 754 787 792 821 835 861 865 876 921 926 932 937 956 968 994 997 
7 8 16 21 29 30 31 34 39 44 46 58 59 72 79 96 100 101 102 116 125 126 128 130 134 137 159 165 169 174 178 179 210 211 215 223 229 233 247 253 260 261 292 294 295 305 306 307 310 332 333 334 340 343 348 354 355 366 370 383 384 394 396 408 410 411 413 414 423 426 430 434 435 438 439 442 449 467 470 471 476 495 499 510 515 518 520 526 534 549 557 563 573 574 583 587 591 597 613 628 629 630 632 639 645 649 654 655 660 665 666 670 676 694 716 718 724 738 754 760 768 772 782 783 787 792 799 801 802 804 808 814 816 821 832 835 838 861 865 870 876 885 908 909 910 916 926 937 949 956 973 994 997 
6 14 17 18 20 26 37 45 50 57 61 74 82 87 91 95 97 99 104 107 112 119 120 133 138 146 163 168 171 185 186 189 198 212 217 218 221 222 236 243 251 265 267 272 277 278 282 283 289 301 303 304 315 316 320 326 329 336 339 341 346 347 363 367 375 376 393 417 422 425 433 436 440 445 451 465 466 472 475 479 482 483 489 490 491 496 500 502 519 522 523 541 542 545 546 551 559 566 567 571 579 585 589 599 612 619 622 627 648 669 680 685 688 691 700 702 705 709 721 722 725 727 729 730 733 739 749 750 752 753 755 763 771 774 793 794 796 797 800 811 817 820 823 828 837 847 849 852 853 881 883 888 890 891 893 900 907 918 923 934 939 957 963 967 976 983 986 991 999 
2 12 48 60 63 64 66 69 74 75 86 92 94 95 106 127 139 142 143 147 148 154 155 167 204 206 220 226 231 235 237 244 248 258 259 263 274 293 301 308 318 321 331 350 358 361 369 382 389 399 400 404 427 431 437 450 453 465 468 472 478 501 503 506 511 523 528 538 542 547 554 564 581 595 600 607 616 621 642 647 659 663 664 672 690 695 697 710 711 713 715 722 726 728 732 745 746 748 764 769 774 776 778 785 793 795 803 805 811 823 824 830 833 842 848 866 867 868 875 879 880 882 887 893 898 935 946 958 961 983 
8 11 16 23 24 30 36 44 71 83 84 93 111 116 118 126 128 130 144 158 159 169 175 183 190 194 195 207 214 215 232 245 254 264 273 281 285 287 295 297 298 300 302 306 307 323 332 333 334 342 343 353 355 366 371 379 384 396 406 408 410 423 424 426 435 438 442 449 452 467 469 471 486 499 510 515 520 524 525 529 534 558 570 572 583 587 590 591 597 605 609 613 630 632 638 641 668 670 682 718 741 759 760 765 772 781 789 799 804 812 814 832 838 855 856 870 872 874 885 908 924 929 933 945 949 950 974 981 
7 8 9 16 21 29 30 31 34 39 44 48 52 56 63 65 71 72 79 84 100 101 102 111 114 116 121 124 125 126 128 130 134 137 145 152 156 157 160 167 169 170 175 177 178 180 181 182 187 188 190 202 203 205 207 209 210 211 213 223 224 227 229 230 233 247 248 250 253 258 260 264 271 276 281 288 294 295 305 306 307 310 312 314 319 321 323 326 332 333 334 335 340 342 345 348 351 354 355 360 362 365 366 370 372 377 380 383 390 394 395 396 401 402 408 409 411 414 423 426 434 435 439 441 442 449 460 462 463 464 468 469 471 476 479 480 487 492 495 498 499 502 505 507 510 517 518 520 524 526 532 534 537 538 549 557 563 564 573 574 583 584 590 591 594 597 610 613 625 628 629 630 632 637 639 645 646 649 650 654 655 660 664 665 666 670 674 676 679 681 683 684 687 694 704 716 718 719 720 724 725 737 738 741 744 751 754 756 760 765 767 768 772 775 783 785 787 789 792 798 799 801 802 808 814 815 816 821 825 827 829 830 832 835 838 861 865 867 870 874 876 878 879 885 889 896 901 902 903 909 910 916 921 924 925 926 930 932 937 940 942 947 949 951 962 968 972 973 974 984 994 997 
4 6 14 20 26 40 45 50 57 61 69 74 75 82 86 90 92 94 95 99 106 107 112 119 120 133 138 146 155 163 168 171 173 176 198 200 204 212 217 235 236 243 249 266 267 272 274 275 277 282 283 289 293 301 303 304 308 315 318 320 321 326 336 337 339 341 360 363 367 368 376 389 393 400 404 417 421 422 432 436 440 443 445 450 465 466 468 472 479 482 483 496 500 501 502 506 511 514 519 522 523 541 542 546 551 562 564 566 571 586 589 592 595 603 608 619 622 627 648 659 669 675 680 685 691 692 705 710 712 715 721 722 727 729 730 732 733 734 739 748 749 771 774 776 778 793 794 796 800 807 811 817 820 823 828 833 842 843 853 867 868 875 880 881 890 893 894 900 917 918 935 936 939 943 953 957 958 976 983 986 999 
2 21 41 44 48 56 60 63 64 75 79 92 100 101 103 106 121 124 134 140 141 142 145 148 152 154 156 160 162 167 177 178 181 182 192 202 203 205 209 213 224 227 233 250 258 263 271 276 286 306 312 314 321 335 344 345 351 354 358 359 360 370 374 377 380 382 390 395 397 401 431 439 441 462 468 479 480 487 492 498 505 506 507 511 526 532 537 538 547 554 564 584 594 606 607 610 616 625 628 636 644 646 650 654 663 664 674 678 681 683 703 718 719 720 734 737 741 767 769 776 785 787 795 798 801 803 815 816 827 829 830 842 846 848 867 868 875 878 879 889 901 902 916 921 932 935 940 942 947 951 958 968 972 988 990 992 994 995 997 
8 16 21 23 44 71 83 84 101 102 111 116 126 128 169 170 175 180 190 195 207 264 281 287 295 300 302 305 306 323 332 333 334 340 342 354 355 366 370 371 394 396 411 423 426 435 438 439 442 449 452 460 467 469 471 499 515 518 520 524 525 534 537 583 590 591 597 613 628 629 630 632 637 639 660 670 674 682 716 718 741 765 787 789 799 804 814 825 832 838 856 861 865 874 876 885 896 924 937 949 950 974 
2 3 4 40 50 60 69 75 76 85 89 90 92 99 103 106 108 121 136 140 141 162 163 168 173 176 200 205 212 213 224 235 249 252 259 263 266 275 296 336 337 344 359 360 363 398 400 404 407 431 440 443 444 446 458 472 481 501 506 511 514 530 541 548 580 586 592 595 603 608 616 634 636 658 669 675 678 683 703 710 712 727 734 776 788 795 800 807 809 833 842 843 845 857 868 875 881 886 917 927 935 936 943 953 965 988 995 
3 4 10 25 37 40 50 51 56 65 76 82 85 87 89 90 97 99 106 108 110 114 119 120 122 136 140 153 163 168 173 176 188 197 200 205 212 221 230 235 243 249 252 266 267 276 296 320 321 325 336 337 339 360 363 364 381 398 401 404 407 425 431 443 444 446 458 472 473 479 481 484 488 501 514 517 519 530 532 540 548 551 556 559 566 567 569 571 580 586 592 603 604 608 611 615 618 634 636 651 658 669 675 678 679 683 699 702 707 712 727 734 743 749 756 775 776 788 798 807 809 817 843 845 853 857 875 881 886 890 895 917 920 925 927 930 936 943 947 951 953 957 965 966 978 982 986 
6 14 18 20 22 26 45 50 53 57 61 69 74 75 82 86 90 94 95 99 104 106 107 112 119 120 133 138 146 163 168 171 173 185 186 198 204 212 217 236 251 266 267 272 274 275 277 278 282 283 289 301 303 304 308 315 316 318 320 321 326 336 337 339 341 346 363 367 368 387 389 393 400 417 421 422 432 436 440 445 450 451 465 466 472 474 479 483 491 500 501 502 504 519 522 523 541 542 551 562 566 567 571 579 585 586 588 589 592 599 608 612 622 627 648 656 669 680 685 688 691 692 705 709 721 722 729 730 732 733 739 748 752 753 771 774 778 793 794 796 797 800 807 810 811 820 823 828 837 849 852 880 881 888 890 893 894 900 918 923 935 939 957 959 964 967 976 983 986 991 993 999 
2 3 4 40 48 50 56 60 69 75 76 85 89 90 92 97 103 106 108 110 119 121 136 140 141 153 162 163 168 173 176 192 200 205 209 212 213 224 235 243 249 252 258 259 263 275 276 296 311 321 325 336 344 359 360 363 381 398 400 401 404 431 443 444 446 458 472 473 479 481 501 506 507 511 514 530 532 548 556 564 566 569 580 586 592 595 603 604 607 608 616 634 636 646 658 669 675 678 683 703 710 712 727 734 756 776 785 788 795 798 807 809 815 817 827 833 841 842 845 853 857 867 868 875 878 879 881 886 890 901 917 927 930 935 936 942 943 947 951 953 957 965 982 988 995 
9 11 20 27 28 29 35 43 49 58 67 68 73 80 88 98 105 113 123 129 130 144 151 158 159 164 184 193 199 201 208 214 215 216 218 219 222 229 234 239 240 241 242 255 256 257 260 261 265 269 270 273 278 279 280 285 291 294 297 298 299 307 309 324 327 330 343 349 357 365 378 384 385 402 403 405 406 408 410 412 415 416 418 419 420 424 426 428 429 447 455 456 457 459 461 477 485 486 489 493 494 496 497 508 510 512 513 515 516 520 527 533 536 539 543 544 546 552 553 561 565 568 570 572 577 578 582 587 593 596 598 602 614 617 620 626 631 633 635 638 640 652 657 668 677 686 689 693 696 698 701 708 723 729 735 744 755 759 760 762 766 770 772 777 779 780 790 791 806 812 813 818 822 831 834 839 844 854 855 858 869 870 872 873 883 884 885 904 905 907 908 909 910 915 928 931 934 938 944 945 948 949 950 954 955 960 962 970 973 975 979 980 996 998 
22 53 54 57 67 68 73 74 105 129 132 135 164 172 184 185 186 191 198 222 228 234 262 278 279 280 289 299 309 313 316 317 330 346 350 352 367 368 369 373 386 389 392 399 403 416 420 427 429 448 454 459 465 485 504 527 539 550 562 576 588 598 621 624 652 653 656 673 680 685 686 692 706 708 717 729 731 733 735 755 773 780 786 794 813 820 822 837 839 840 844 847 850 851 864 871 873 877 892 893 906 918 919 922 944 948 952 961 964 985 989 991 996 
8 16 21 23 44 46 71 84 101 102 111 116 126 128 169 170 175 180 194 195 207 210 254 264 281 295 302 305 306 323 332 333 334 340 342 354 355 366 370 371 377 394 396 411 423 426 434 435 438 439 442 449 460 467 469 470 471 499 518 524 525 534 537 563 583 591 597 613 628 629 630 632 637 639 660 670 674 687 716 718 724 741 754 765 781 787 789 799 804 814 815 825 827 832 838 856 861 865 874 876 885 896 924 926 937 940 972 974 
2 12 14 48 50 57 60 63 66 69 74 75 81 82 86 92 94 95 106 112 119 127 139 143 147 148 154 155 167 168 204 206 220 226 231 235 236 237 249 258 259 263 274 275 282 283 293 301 303 304 308 318 321 331 341 350 358 361 363 367 368 369 389 399 400 404 427 431 432 437 440 445 450 465 466 468 472 478 479 501 502 506 511 522 523 528 541 542 547 554 564 566 586 589 592 595 607 608 616 621 622 627 642 647 659 664 672 685 690 692 695 697 705 710 715 721 722 726 728 732 740 745 746 748 764 774 776 778 785 793 795 796 800 803 805 807 811 823 824 828 830 833 842 866 867 868 875 879 880 881 882 887 893 894 898 900 918 935 936 946 958 961 976 977 983 999 
6 18 20 22 26 27 32 45 53 57 61 67 68 80 82 91 104 107 112 120 123 129 133 135 138 146 151 172 184 185 186 187 189 198 199 201 217 218 222 225 234 243 251 265 267 272 278 280 283 289 303 304 315 316 317 320 329 346 349 365 367 376 378 387 393 403 417 418 419 420 422 428 433 436 445 451 454 461 463 474 475 482 483 485 489 490 491 496 500 512 519 536 539 545 546 552 561 562 567 571 577 578 579 585 588 589 598 599 612 614 619 622 627 631 640 657 662 673 680 684 685 688 691 693 700 709 721 725 729 730 731 733 735 739 750 752 753 755 762 763 770 771 777 780 790 791 794 796 797 800 806 810 817 820 826 828 837 847 849 851 852 853 854 871 873 883 888 890 891 892 903 907 912 913 918 923 934 939 948 954 955 959 962 963 964 967 979 980 986 991 993 996 
5 11 23 24 30 36 52 65 71 83 84 93 116 118 122 130 144 157 158 169 175 180 183 187 190 194 195 196 207 214 215 225 229 230 232 241 245 250 254 264 273 276 281 285 287 288 290 295 297 298 300 302 319 323 327 333 334 342 343 353 355 357 371 379 380 384 391 396 406 410 418 423 424 426 438 442 452 460 469 471 486 512 515 524 525 529 534 555 558 570 572 573 577 583 587 590 591 593 597 605 609 613 615 633 637 638 641 668 670 679 682 701 718 741 759 760 765 772 781 789 790 799 804 812 832 838 855 856 859 870 872 874 885 903 905 908 911 925 929 933 945 949 950 966 971 973 974 981 
1 12 19 33 38 42 47 62 66 81 86 94 95 117 127 132 139 142 143 147 149 154 155 191 204 206 220 226 231 237 238 244 262 274 308 313 318 322 328 331 338 350 352 361 369 372 373 388 389 399 427 437 453 478 503 527 528 542 550 581 600 601 621 624 625 642 647 653 659 667 671 672 690 695 697 711 713 717 726 728 740 742 745 748 757 758 764 769 773 793 805 819 823 824 836 840 848 860 863 866 882 887 893 897 898 906 944 952 961 969 989 
6 18 19 20 22 26 42 53 54 57 61 67 68 73 74 86 91 95 105 123 129 132 135 146 147 149 164 172 184 185 186 191 193 198 201 204 217 222 226 228 234 236 248 262 265 278 279 280 283 289 299 303 304 308 309 313 316 317 326 330 346 349 350 352 361 367 368 369 372 373 386 389 392 393 399 402 403 415 416 420 427 428 429 448 451 454 456 457 459 465 466 474 482 485 489 494 495 496 500 503 504 522 523 527 536 539 542 545 546 550 562 576 582 585 588 596 598 599 614 621 624 631 652 653 656 659 673 677 680 685 686 690 691 692 693 694 700 704 706 708 717 722 725 726 728 729 730 731 733 735 739 744 748 752 755 757 771 773 774 780 786 794 797 810 813 820 822 823 828 837 839 840 844 847 849 850 851 852 854 858 864 871 873 877 883 884 888 891 892 893 894 900 906 907 912 918 919 922 923 928 939 944 948 952 954 961 962 964 967 976 977 985 989 991 996 
1 7 9 20 28 29 31 34 39 42 47 49 54 55 58 59 62 63 70 72 73 77 78 88 96 105 109 115 125 129 130 131 137 142 149 150 151 159 164 165 174 178 179 193 211 216 218 223 228 229 233 239 242 244 246 247 248 253 256 260 261 262 270 279 285 292 294 299 307 309 312 322 324 326 343 349 350 352 356 365 372 373 386 388 392 402 405 408 409 413 414 415 416 420 426 429 430 447 455 456 457 459 462 476 492 494 495 497 503 509 510 513 518 520 527 531 533 535 536 538 544 549 553 557 560 573 574 575 582 587 596 598 600 601 617 620 623 625 626 629 632 635 643 645 652 660 665 666 676 677 686 690 694 698 704 708 713 714 717 723 725 728 729 735 736 738 739 744 747 755 757 760 761 768 779 782 783 784 792 801 802 808 812 813 814 816 821 823 831 835 839 840 844 854 858 862 863 864 870 871 873 884 885 893 898 899 904 909 910 914 916 918 919 922 928 932 938 941 944 948 949 956 960 962 970 973 975 984 987 994 997 
1 19 28 29 33 34 35 39 42 47 49 54 55 58 62 67 68 70 72 73 77 78 88 96 105 109 115 117 129 132 149 150 159 164 165 178 191 193 216 228 239 242 246 256 260 261 262 270 279 280 294 299 309 313 322 324 330 338 349 350 352 372 373 386 388 392 399 402 405 415 416 420 429 447 454 455 456 457 459 494 495 497 509 527 531 533 535 536 544 549 550 553 557 560 575 582 596 598 601 617 623 624 625 635 643 652 665 667 677 686 694 696 698 704 706 708 714 717 723 728 729 736 744 747 755 757 758 761 768 773 784 786 813 831 836 839 840 844 858 860 862 863 864 871 873 884 897 899 909 910 919 922 928 938 941 944 948 952 960 962 969 970 975 987 989 
9 11 20 24 27 28 29 30 31 35 39 42 49 54 58 59 63 67 68 73 78 80 88 105 116 123 125 129 130 135 151 158 159 160 164 165 169 179 184 187 190 193 199 201 214 215 216 218 219 222 223 225 229 233 234 239 242 255 256 260 261 262 265 269 270 278 279 280 285 288 291 294 297 298 299 307 309 317 324 326 330 333 343 349 362 365 380 384 386 392 402 403 405 408 409 410 415 416 419 420 426 428 429 430 447 454 455 456 457 459 461 463 471 477 485 486 494 495 496 497 510 512 513 515 516 520 527 533 535 536 543 544 546 552 553 557 565 570 572 573 574 577 578 582 587 596 598 602 613 617 620 626 632 635 638 652 657 665 677 684 686 689 693 694 696 698 701 704 708 723 725 729 731 735 739 744 747 755 759 760 762 768 770 772 779 780 783 786 790 791 799 802 808 812 813 814 816 822 831 838 839 844 847 854 858 864 870 871 872 873 883 884 885 892 893 899 903 904 907 908 909 910 916 918 919 928 934 938 944 945 948 949 954 955 960 962 970 973 975 979 980 984 991 996 
2 3 4 10 40 51 56 65 76 85 89 90 97 108 110 121 122 136 140 153 162 176 177 180 188 192 195 197 200 205 209 224 249 250 252 276 290 296 311 319 321 325 336 359 360 364 381 398 401 404 431 443 444 446 458 473 479 481 484 488 511 514 529 530 532 540 548 556 569 580 586 592 603 604 608 611 634 636 646 651 658 675 678 683 687 699 703 707 712 727 734 743 756 775 776 788 798 809 841 842 845 857 875 878 886 895 917 920 925 927 930 936 947 951 953 957 965 978 982 988 
9 11 27 28 35 43 49 53 54 58 67 68 73 80 88 105 113 129 135 151 159 164 184 193 201 216 219 222 234 239 242 255 256 260 265 269 270 279 280 291 299 309 317 324 330 349 365 385 386 392 402 403 405 415 416 420 428 429 447 448 454 455 456 457 459 477 485 494 497 508 527 533 536 539 543 544 552 553 565 568 570 578 582 596 598 602 614 617 620 626 635 652 677 686 689 696 698 706 708 723 729 731 735 736 744 755 770 779 780 786 813 818 822 839 840 844 847 854 858 864 869 870 871 873 884 892 904 909 915 919 922 928 931 938 944 948 954 955 960 962 970 975 991 996 
9 10 13 21 23 24 25 30 36 37 44 51 52 56 65 71 83 84 87 93 97 100 101 110 111 114 116 121 122 126 128 145 157 160 170 175 177 180 187 188 190 192 194 195 196 197 205 207 209 214 224 229 230 232 245 250 254 264 268 276 281 287 288 290 295 300 302 306 311 319 323 325 333 334 342 355 360 362 364 366 370 371 377 379 380 390 396 398 401 409 426 439 442 449 452 460 464 469 471 473 488 517 524 525 529 532 534 537 540 555 556 558 569 573 590 597 605 609 610 613 615 618 637 646 651 670 674 679 682 683 687 699 707 716 718 741 756 760 765 775 781 789 802 804 814 815 825 826 827 832 838 841 856 859 874 878 896 903 911 916 920 924 925 930 933 940 942 947 951 966 973 974 981 982 984 
5 9 11 13 15 17 20 24 25 27 30 32 37 43 45 53 65 83 87 91 97 98 105 113 114 118 120 123 129 130 133 138 144 145 151 157 158 159 160 166 183 185 187 189 190 193 199 201 208 214 215 217 218 219 222 225 229 230 234 240 241 243 245 251 255 265 270 273 276 278 281 284 287 288 289 291 295 297 298 309 316 317 320 323 329 333 336 342 343 346 347 349 357 362 364 365 375 376 378 379 380 390 391 393 401 402 403 406 408 409 410 412 418 419 420 422 426 428 447 451 457 461 463 464 469 473 475 477 479 482 486 489 490 491 496 500 512 516 517 521 536 545 546 558 559 561 565 566 568 570 572 577 578 585 587 589 590 593 596 598 609 610 613 614 615 618 619 622 626 631 633 638 640 641 657 661 662 679 680 684 688 689 691 693 698 700 701 707 721 725 729 735 737 739 741 744 750 751 752 753 755 759 760 762 763 766 770 772 777 779 780 790 791 794 796 806 813 817 818 826 834 847 852 853 854 855 870 871 872 873 883 885 890 891 903 904 905 907 908 909 911 912 913 923 925 934 945 947 948 951 954 955 962 963 966 967 971 973 979 980 981 984 991 996 998 
1 7 19 21 34 39 41 42 44 46 47 48 55 62 63 64 72 79 96 100 101 124 134 137 142 143 147 148 149 152 154 156 167 178 181 182 202 203 206 220 231 233 238 244 247 248 253 258 260 262 271 286 306 308 310 312 314 322 326 335 340 345 348 350 351 354 358 370 372 374 377 382 388 395 397 399 415 439 441 455 462 468 476 480 487 492 495 498 503 505 509 518 526 528 538 549 557 563 574 581 584 594 600 606 617 625 628 629 630 642 643 644 649 650 654 655 663 670 674 676 677 681 690 694 704 711 713 714 718 719 720 724 728 738 745 747 767 769 782 785 787 792 801 802 803 805 808 814 816 823 829 830 835 846 848 879 882 887 898 902 910 914 916 921 932 941 942 958 962 968 972 984 990 992 994 997 
4 9 14 20 29 30 31 37 39 45 54 63 87 90 91 95 97 100 101 105 106 114 116 119 121 123 129 130 142 145 151 154 157 160 168 176 178 185 187 203 214 215 217 218 222 223 229 230 233 235 243 248 252 258 260 262 265 276 277 278 279 288 289 293 295 301 303 304 306 318 321 325 326 329 336 341 349 350 360 362 363 365 372 376 377 380 390 393 401 402 403 408 409 420 422 426 428 439 451 457 461 463 464 468 469 472 479 482 487 492 496 500 502 507 510 512 517 532 534 536 538 546 556 564 566 570 573 578 586 587 589 592 596 598 608 610 613 619 622 625 626 657 664 670 675 677 680 683 684 690 691 694 704 712 715 718 721 722 725 729 730 734 735 737 739 741 744 751 752 755 756 760 772 774 778 779 780 789 790 793 794 796 798 802 808 811 813 814 816 817 823 826 828 830 838 847 853 854 864 867 870 873 875 881 883 885 889 890 893 900 903 909 910 916 918 923 930 934 935 936 942 947 951 957 958 962 973 979 983 984 
5 9 10 13 15 17 24 25 30 32 36 37 51 52 56 65 83 87 91 93 97 100 114 118 121 122 123 144 145 151 157 160 176 177 180 183 187 189 190 196 199 205 209 214 215 218 224 225 229 230 241 243 245 250 268 273 276 281 284 287 288 290 295 297 300 319 323 325 329 333 336 342 347 360 362 364 365 375 376 377 378 379 380 390 391 401 408 409 418 419 422 426 428 439 460 461 463 464 469 473 475 479 488 496 512 517 524 529 532 537 540 546 555 556 558 559 561 566 573 577 590 593 605 609 610 613 615 618 637 641 646 651 657 674 679 683 684 701 707 718 737 741 753 756 760 762 763 772 775 789 790 796 817 826 827 838 853 854 859 870 878 883 885 890 903 905 907 911 920 925 929 930 934 942 947 951 957 963 966 971 973 978 979 980 981 984 
6 12 14 18 20 22 50 54 57 61 66 69 74 75 81 82 86 94 95 106 107 112 119 129 132 135 139 146 147 155 168 171 172 185 186 191 198 204 206 217 226 228 231 236 237 262 272 274 275 277 278 279 280 282 283 289 293 301 303 304 308 315 316 318 321 326 330 331 341 350 352 361 363 367 368 369 386 387 389 392 393 399 400 421 427 432 436 437 440 445 448 450 454 465 466 472 478 479 483 500 502 504 522 523 528 541 542 550 562 566 576 588 589 612 621 622 624 627 647 648 653 656 659 672 673 680 685 691 692 695 705 706 715 717 721 722 726 728 729 730 732 733 739 740 748 764 771 773 774 778 786 793 794 796 800 805 811 820 823 824 828 837 847 850 851 864 871 873 877 880 881 888 892 893 894 898 900 906 918 919 935 939 948 958 961 964 976 977 983 985 989 991 999 
6 14 18 20 22 26 45 50 54 57 61 69 74 75 82 86 94 95 106 107 112 119 120 133 135 138 146 168 171 185 186 198 204 217 226 236 272 274 275 277 278 282 283 289 301 303 304 308 315 316 318 320 321 326 331 339 341 350 361 363 367 368 387 389 393 400 417 421 427 432 436 440 445 450 454 465 466 472 479 483 500 502 504 522 523 541 542 550 551 562 566 571 576 588 589 612 622 627 648 656 659 669 673 680 685 691 692 705 709 721 722 726 729 730 732 733 739 748 771 774 778 793 794 796 800 811 820 823 828 837 847 849 850 851 852 864 871 873 877 880 881 888 890 893 894 900 918 935 939 961 964 976 977 983 986 989 999 
7 8 16 31 39 44 46 58 59 72 96 102 116 125 126 128 137 159 165 169 174 179 210 211 253 292 295 305 306 307 310 332 333 334 340 348 354 355 383 394 396 411 413 414 423 426 430 434 435 438 442 449 467 470 471 476 499 510 518 520 534 549 563 574 583 591 597 629 630 632 639 645 649 660 666 670 676 716 718 724 738 754 768 782 783 792 799 802 804 808 814 821 832 835 838 861 865 876 885 926 937 949 956 997 
2 9 14 20 39 41 48 54 57 60 63 64 69 74 75 92 94 95 100 101 103 106 119 121 127 140 141 142 143 145 147 148 152 154 156 160 162 167 178 182 203 206 218 220 224 227 233 235 244 248 258 259 260 262 263 271 274 277 279 282 286 288 293 301 303 304 308 312 318 321 326 329 335 336 341 344 345 349 350 358 359 360 363 365 372 374 376 377 382 390 395 400 401 402 409 432 437 439 440 441 450 462 463 468 472 479 480 487 492 496 500 501 502 503 506 507 511 523 526 528 532 538 542 547 564 566 573 589 594 595 596 600 606 607 608 616 625 642 646 659 663 664 677 681 690 694 695 697 703 704 710 711 713 715 719 722 725 728 732 734 737 739 744 746 748 751 767 769 774 776 778 785 793 795 796 798 802 803 805 808 811 815 816 823 824 827 828 829 830 833 838 842 846 848 853 854 866 867 868 873 875 879 880 882 887 889 893 898 900 901 910 916 918 935 936 942 946 947 951 958 962 968 973 983 984 990 995 
3 9 10 13 16 21 23 24 25 30 31 32 36 37 44 51 52 56 63 65 71 83 84 87 93 97 100 101 110 111 114 116 121 122 126 128 130 144 145 157 160 169 170 175 176 177 180 183 187 188 190 192 195 196 197 203 205 207 209 214 215 218 224 225 227 229 230 232 233 245 250 252 254 264 268 276 281 287 288 290 295 297 300 302 306 311 319 321 323 325 326 333 334 336 342 353 355 360 362 364 365 366 370 371 377 379 380 390 396 398 401 402 408 409 423 426 438 439 442 449 452 460 461 463 464 469 471 473 479 480 487 488 499 502 510 512 515 517 524 525 529 532 534 537 540 555 556 558 569 573 583 590 591 597 605 608 609 610 613 615 618 630 632 637 638 641 646 651 657 668 670 674 679 682 683 684 687 699 701 707 712 716 718 725 734 737 741 744 751 756 760 765 772 775 781 789 790 798 799 802 804 808 814 815 816 817 825 826 827 832 838 841 853 855 856 857 859 870 874 878 885 889 896 903 908 910 911 916 920 924 925 929 930 933 934 940 942 947 950 951 962 966 971 972 973 974 980 981 982 984 
7 8 16 31 34 39 44 46 59 72 79 96 101 102 125 126 128 134 137 165 174 178 179 202 210 211 233 247 253 292 305 306 310 314 332 340 348 354 356 366 383 394 411 413 414 423 430 434 435 449 467 470 476 499 505 518 520 526 549 557 563 574 584 591 625 628 629 630 632 639 645 649 654 655 660 666 676 714 716 720 724 738 754 768 782 783 787 792 801 802 808 821 835 861 865 876 914 926 932 937 956 968 994 997 
8 9 11 16 21 23 24 29 30 31 44 52 58 65 71 83 84 93 100 101 102 116 125 126 128 130 144 145 151 157 158 159 169 175 183 187 190 207 214 215 223 229 230 232 239 245 250 254 264 273 276 281 285 287 288 294 295 297 298 300 302 306 307 319 323 332 333 334 342 343 353 355 362 365 366 370 371 377 379 380 384 396 402 406 408 409 410 423 426 435 438 439 442 449 452 457 460 467 469 471 486 499 510 512 515 518 520 524 525 534 537 544 558 570 572 573 583 587 590 591 597 605 609 610 613 615 626 629 630 632 637 638 641 657 660 666 668 670 674 679 682 698 701 716 718 741 744 759 760 765 768 772 779 783 789 790 799 802 804 812 814 827 832 838 855 856 870 872 874 885 896 903 904 908 909 910 916 924 925 937 945 947 949 950 951 971 973 974 979 981 984 
2 4 14 20 40 45 48 50 54 57 60 61 63 69 74 75 76 82 86 90 92 94 95 97 99 103 106 107 108 112 119 120 127 135 136 140 146 154 155 160 163 168 173 176 198 204 205 212 217 235 236 243 249 252 258 259 263 267 272 274 275 276 277 282 283 289 293 301 303 304 308 318 320 321 325 326 329 336 339 341 350 358 359 360 361 363 367 368 376 389 390 393 400 401 404 417 422 427 431 432 436 437 440 443 444 445 446 450 463 465 466 468 472 473 479 482 496 500 501 502 506 507 511 519 523 528 532 541 542 546 550 556 564 566 571 586 589 592 595 603 607 608 619 622 627 636 648 659 664 669 675 680 683 685 690 691 692 697 703 705 710 712 715 721 722 726 727 729 730 732 733 734 737 739 748 751 756 771 774 776 778 785 788 793 794 795 796 798 800 807 811 817 823 828 830 833 842 853 857 864 866 867 868 871 873 875 880 881 886 890 893 900 917 918 930 935 936 939 947 953 957 958 976 983 986 999 
3 4 5 10 13 15 17 24 25 30 32 36 37 50 51 52 56 65 76 82 83 85 87 89 90 91 93 97 99 106 108 110 112 114 118 119 120 122 123 145 153 157 163 168 173 176 177 180 183 187 188 189 190 195 196 197 205 209 212 214 221 225 230 235 243 245 249 251 252 266 267 268 276 281 284 287 288 290 295 296 300 311 319 320 321 323 325 336 339 341 342 347 360 362 363 364 375 376 379 380 381 390 391 398 401 407 418 422 425 433 444 446 458 460 461 464 469 472 473 475 479 481 484 488 512 514 517 519 529 532 540 546 548 555 556 558 559 566 567 569 586 590 592 603 604 605 608 609 610 611 613 615 618 634 641 651 657 658 669 675 679 683 684 699 702 707 712 721 727 734 741 743 749 753 756 760 763 775 788 798 800 809 817 826 841 843 845 853 857 859 875 881 883 886 890 895 903 911 917 920 925 927 929 930 934 936 943 947 951 953 957 966 971 978 980 981 982 
6 18 22 26 53 61 67 82 104 107 120 133 138 146 171 172 184 185 186 198 217 222 265 272 278 280 283 315 316 317 320 330 346 387 393 403 417 421 445 451 454 474 483 489 490 491 521 522 539 545 562 579 585 588 599 612 614 631 656 673 680 685 688 691 700 709 730 731 733 735 750 752 771 777 797 806 810 820 828 837 847 849 851 852 888 891 892 894 907 912 913 939 948 959 964 967 986 991 993 996 
5 13 15 17 20 25 26 30 32 37 45 53 82 87 91 97 98 104 112 114 118 120 123 133 138 161 166 168 185 187 189 199 201 208 212 217 221 222 225 240 241 243 251 265 267 272 273 278 284 289 297 317 320 336 346 347 362 364 375 376 378 380 391 393 417 418 419 422 425 433 436 451 461 464 473 475 482 489 490 491 496 512 516 517 519 521 545 546 558 559 561 566 567 571 577 579 585 593 599 610 615 618 619 622 640 641 657 662 679 680 684 688 691 693 700 701 702 707 721 735 750 752 753 755 760 762 763 766 770 771 777 791 794 797 806 810 817 818 826 834 847 852 854 883 890 891 903 905 907 911 912 913 923 934 955 957 959 963 967 971 978 979 980 986 996 998 
7 8 9 16 21 28 29 31 34 39 42 44 46 49 55 58 59 63 72 78 79 96 100 101 102 116 125 126 128 130 131 134 137 145 156 159 165 169 174 178 179 203 210 211 223 229 233 246 247 248 253 258 260 261 262 288 292 294 295 305 306 307 310 326 332 334 340 348 354 356 366 370 372 377 383 408 413 414 415 423 426 430 434 435 439 455 462 467 470 476 487 492 495 499 505 509 510 513 518 520 526 534 535 538 549 553 557 573 574 584 591 596 613 617 625 628 629 630 632 639 645 649 654 655 660 665 666 670 674 676 677 694 704 714 716 718 724 738 741 744 747 754 767 768 782 783 787 789 792 798 801 802 808 814 816 821 835 838 858 861 865 876 885 889 909 910 914 916 926 932 937 941 947 949 951 956 960 962 968 973 984 994 997 
11 27 35 43 53 68 80 98 105 113 123 130 144 151 158 159 161 193 199 201 208 214 215 216 219 234 239 240 241 255 257 269 270 273 285 291 297 298 309 317 324 327 343 349 357 378 384 385 402 405 406 408 410 412 416 418 419 420 424 428 429 447 457 459 461 477 485 486 489 493 508 512 515 516 533 536 539 543 544 552 561 565 568 570 572 577 578 587 593 598 602 614 620 626 631 633 635 638 640 652 668 686 689 693 696 698 701 708 759 762 766 770 772 777 779 780 790 791 806 812 813 818 822 834 839 854 855 858 869 872 884 885 904 905 908 909 912 915 931 938 945 949 950 954 955 975 979 980 996 998 
1 12 14 19 33 38 42 47 54 62 66 69 74 75 81 86 94 95 127 132 139 142 143 147 149 154 155 191 204 206 220 226 228 231 237 238 244 262 274 293 301 308 313 318 322 326 328 331 350 352 361 367 368 369 372 373 388 389 399 427 437 450 453 465 478 502 503 504 523 527 528 542 550 581 600 601 607 621 624 625 642 647 653 659 667 671 672 690 692 695 697 706 711 713 715 717 722 726 728 732 739 740 742 745 748 757 758 764 769 773 774 778 793 805 819 823 824 836 840 848 850 860 863 864 866 873 877 882 887 893 897 898 900 906 918 919 944 952 958 961 969 983 985 989 
3 4 9 10 14 20 21 30 37 45 48 50 51 56 57 61 63 65 69 74 75 76 82 85 87 90 92 94 95 97 99 100 101 103 106 110 112 114 119 121 123 140 142 145 146 151 153 154 157 160 162 163 168 173 176 177 187 188 189 203 205 209 212 217 218 221 224 227 229 230 233 235 236 243 248 249 250 251 252 258 271 272 274 275 276 277 278 282 283 288 289 293 295 301 303 304 306 308 311 318 319 320 321 325 326 329 336 339 341 342 347 349 358 359 360 362 363 365 370 376 377 380 381 390 393 398 400 401 402 404 409 422 425 432 436 439 440 441 444 445 446 450 458 461 463 464 465 466 468 469 472 473 479 480 482 487 488 496 500 501 502 506 507 512 517 519 523 528 532 537 538 540 542 546 556 559 564 566 567 569 573 586 589 592 595 603 604 607 608 610 613 619 622 627 634 646 651 657 659 664 669 674 675 679 680 681 683 684 690 691 699 703 704 705 707 712 715 718 721 722 725 727 729 730 732 734 737 739 741 744 748 749 751 753 756 760 771 774 775 776 778 785 789 790 793 794 795 796 798 800 802 807 808 809 811 815 816 817 823 826 827 828 830 833 838 841 853 854 857 866 867 868 870 873 875 878 880 881 883 886 889 890 893 895 900 901 903 910 916 917 918 930 934 935 936 939 942 947 951 953 957 958 962 972 973 976 978 982 983 984 999 
2 21 39 41 44 48 56 60 63 75 79 92 100 101 102 103 106 121 124 126 128 134 140 142 145 152 154 156 160 162 167 170 175 177 178 181 182 192 202 203 205 209 213 224 227 233 248 250 258 271 276 286 288 295 306 310 312 314 321 326 335 340 344 345 351 354 358 359 360 366 370 372 374 377 380 382 383 390 395 397 401 439 441 462 468 469 479 480 487 492 498 502 505 506 507 518 526 532 534 537 538 547 563 564 573 584 594 597 606 607 610 613 616 625 628 629 630 639 644 646 650 654 655 664 670 674 678 681 683 690 694 703 704 713 715 716 718 719 720 724 734 737 741 751 767 769 776 785 787 789 795 798 801 802 803 808 814 815 816 827 829 830 832 838 846 848 861 865 867 868 875 878 879 889 896 901 902 910 916 921 924 932 935 940 942 947 951 958 962 968 972 973 984 988 990 992 994 997 
3 4 10 40 51 76 85 89 90 97 99 108 110 136 153 163 176 197 200 205 221 249 252 266 267 268 296 325 360 364 381 398 407 425 431 443 444 446 458 473 481 484 488 514 530 540 548 556 559 569 580 586 603 604 611 618 634 658 678 683 702 707 712 727 743 749 756 788 807 809 843 845 857 886 895 917 920 927 943 957 965 978 982 
5 14 15 17 20 26 32 37 45 53 57 61 67 82 87 91 97 104 112 114 119 120 123 129 133 135 138 146 151 160 168 185 186 187 189 198 199 201 212 217 218 222 225 243 251 265 267 272 277 278 280 284 289 301 303 304 316 317 320 329 336 341 346 347 349 362 363 365 367 375 376 378 390 391 393 401 403 409 417 418 419 420 422 428 433 436 440 451 454 461 463 472 475 479 482 489 490 491 496 500 502 512 519 521 536 545 546 559 561 566 567 571 577 578 585 589 598 610 619 622 627 640 657 662 680 684 688 691 693 700 702 721 722 725 729 730 733 735 739 750 751 752 753 755 760 762 763 766 770 771 774 777 780 790 791 794 796 800 806 811 817 826 828 837 847 851 852 853 854 870 871 873 881 883 890 891 900 903 907 912 913 918 923 934 939 948 955 957 962 963 967 979 980 983 984 986 991 996 
6 14 18 22 26 50 53 57 61 74 82 99 104 107 112 120 133 138 146 163 168 171 173 185 186 198 204 212 217 236 251 266 267 272 282 283 303 315 316 320 337 339 341 346 367 368 387 393 407 417 421 425 436 440 445 451 465 466 474 483 491 504 514 519 522 523 541 551 562 567 571 579 585 588 599 612 627 648 656 669 673 685 688 691 705 709 721 722 730 733 743 749 771 797 800 810 820 828 837 843 849 852 881 888 890 894 923 939 943 959 964 967 976 986 991 993 999 
4 10 13 25 37 51 76 85 87 89 97 108 110 122 153 176 188 196 197 200 221 252 267 268 290 296 325 360 364 381 398 407 425 444 458 473 481 484 488 514 530 540 548 555 556 559 603 604 611 615 618 634 651 658 679 683 699 702 707 727 743 749 756 775 788 809 845 857 859 886 895 917 920 925 927 930 957 965 966 978 982 
9 11 20 27 35 43 53 67 68 73 80 98 105 113 123 129 135 151 158 164 184 185 193 199 201 208 216 219 222 234 239 255 265 269 270 278 280 285 289 291 298 299 309 317 324 330 346 349 357 365 385 386 392 402 403 406 416 419 420 428 429 447 448 451 454 457 459 477 485 489 508 516 533 536 539 543 544 552 565 568 570 572 578 585 587 596 598 602 614 620 626 631 635 640 652 657 686 689 693 696 698 701 708 729 731 735 744 752 755 766 770 777 779 780 786 791 794 806 813 818 822 834 839 844 847 854 858 864 869 870 871 873 883 884 891 892 904 905 907 909 912 915 923 931 938 948 954 955 962 975 979 991 996 
9 11 23 24 27 29 30 43 83 113 116 118 123 130 144 151 157 158 159 169 183 187 190 193 201 214 215 216 219 229 232 239 241 245 255 257 269 270 273 281 285 287 288 291 295 297 298 300 307 309 323 333 334 342 343 349 353 355 357 362 365 379 380 384 396 402 406 408 409 410 418 419 424 426 428 438 447 452 457 461 471 477 486 510 512 515 516 520 534 536 543 544 558 565 568 570 572 577 578 587 593 602 613 620 626 632 633 635 638 641 657 668 682 696 698 701 708 744 759 760 762 772 779 790 791 799 804 812 854 855 870 872 885 903 904 905 908 909 910 929 945 949 950 954 973 974 975 979 981 
3 7 9 14 20 21 29 30 31 34 39 41 44 48 56 60 63 64 72 75 79 92 97 100 101 102 103 106 110 114 116 119 121 124 126 128 134 140 142 145 152 154 156 160 162 167 170 175 176 177 178 181 182 192 202 203 205 209 213 218 223 224 227 229 230 233 247 248 250 252 253 258 260 271 276 279 286 288 295 306 310 312 314 321 325 326 329 335 336 340 344 345 348 349 351 354 358 359 360 362 365 366 370 372 374 377 380 382 383 390 395 397 401 402 408 409 426 439 441 462 463 468 469 476 479 480 487 492 495 498 502 505 506 507 510 517 518 526 532 534 537 538 547 549 556 557 563 564 566 569 573 574 584 594 595 596 597 606 607 608 610 613 616 625 628 629 630 632 639 644 646 650 654 655 663 664 665 670 674 676 677 678 681 683 684 690 694 703 704 712 713 715 716 718 719 720 724 725 734 737 741 744 751 756 760 767 769 778 783 785 787 789 795 796 798 801 802 803 808 811 814 815 816 817 827 829 830 832 838 846 848 853 854 857 861 865 867 870 873 875 878 879 889 896 901 902 910 916 921 924 930 932 935 940 942 947 951 958 962 968 972 973 983 984 988 990 992 994 997 
3 4 5 10 13 15 17 24 25 30 32 36 37 51 52 56 65 71 76 82 83 84 85 87 89 90 93 97 106 108 110 112 114 118 119 122 145 153 157 163 168 176 177 180 183 187 188 189 190 192 195 196 197 205 209 212 214 221 225 230 243 245 250 251 252 268 276 281 284 287 288 290 295 296 300 302 311 319 320 321 323 325 336 342 347 360 362 364 375 376 379 380 381 390 391 398 401 418 422 425 444 458 460 464 469 473 479 481 484 488 514 517 519 524 529 532 540 546 555 556 558 559 566 567 569 586 590 603 604 605 608 609 610 611 613 615 618 634 637 641 651 658 679 683 684 687 699 702 707 712 721 727 734 741 743 749 753 756 760 763 775 781 789 798 809 817 825 826 841 845 853 857 859 874 878 886 890 895 903 911 917 920 925 927 929 930 933 934 947 951 957 966 971 978 980 981 982 
5 15 17 18 20 22 26 27 32 43 45 53 61 67 68 80 87 91 98 104 105 113 114 120 123 133 138 151 161 166 172 184 185 186 187 189 199 201 208 217 218 219 222 225 234 240 243 251 255 257 265 272 278 280 284 289 291 309 316 317 320 327 330 346 347 349 357 376 378 391 393 403 406 412 417 418 419 422 428 433 436 447 451 454 461 474 475 477 482 485 489 490 491 493 496 508 512 516 521 536 539 545 546 552 561 562 565 568 577 578 579 585 588 593 598 599 614 619 622 626 631 640 657 661 662 673 680 684 688 689 691 693 700 701 721 731 735 750 752 753 755 762 763 766 770 771 777 780 790 791 794 797 806 810 817 818 820 822 826 834 837 847 849 851 852 853 854 869 883 888 890 891 892 903 905 907 912 913 915 923 931 934 948 954 955 959 963 967 979 980 991 996 998 
5 13 15 17 18 20 25 26 27 32 45 53 61 67 87 91 98 104 113 114 118 120 123 133 138 151 161 166 184 185 187 189 199 201 208 217 218 219 222 225 234 240 241 243 251 255 257 265 272 273 278 284 289 297 316 317 320 327 346 347 357 375 376 378 391 393 403 406 412 417 418 419 422 428 433 436 451 461 474 475 482 489 490 491 493 496 508 512 516 521 536 539 545 546 558 559 561 567 568 577 578 579 585 588 593 598 599 614 618 619 622 631 640 641 657 661 662 673 680 684 688 689 691 693 700 701 702 709 721 730 731 735 750 752 753 755 762 763 766 770 771 777 780 790 791 794 797 806 810 817 818 826 834 847 849 852 853 854 869 883 890 891 903 905 907 911 912 913 915 923 931 934 954 955 959 963 967 971 979 980 991 993 996 998 
5 6 15 17 18 20 25 26 32 37 45 53 61 82 87 91 97 99 104 107 112 114 120 123 133 138 163 168 185 187 189 199 201 212 217 221 222 225 243 251 265 266 267 272 278 283 284 289 303 315 316 317 320 336 339 341 346 347 375 391 393 403 407 417 418 422 425 428 433 436 445 451 461 474 475 482 483 489 490 491 496 500 514 519 521 545 546 551 559 561 566 567 571 579 585 588 589 599 612 618 619 622 627 640 648 657 662 680 684 688 691 693 700 702 709 721 727 730 735 743 749 750 752 753 755 762 763 766 770 771 777 780 794 797 800 806 810 817 826 828 843 847 849 852 854 883 888 890 891 907 912 913 923 934 939 957 959 963 967 980 986 991 996 
1 7 9 19 20 21 29 31 34 39 41 42 44 46 47 48 54 55 62 63 64 72 79 92 95 96 100 101 103 121 124 134 137 142 143 145 147 149 152 154 156 160 167 178 181 182 202 203 206 213 218 220 223 227 231 233 238 244 247 248 253 258 260 262 271 277 279 288 293 294 306 308 310 312 314 318 322 326 335 340 345 348 349 350 351 354 358 365 370 372 374 377 382 383 388 395 397 399 402 408 409 415 439 441 455 462 463 468 476 480 487 492 495 498 502 503 505 507 509 510 518 526 528 532 538 549 557 563 564 573 574 581 584 594 596 600 617 625 628 629 630 642 643 644 646 649 650 654 655 659 663 664 665 670 674 676 677 681 690 694 704 711 713 714 715 718 719 720 724 725 728 737 738 739 741 744 745 747 751 767 768 769 782 783 785 787 792 795 798 801 802 805 808 814 815 816 823 827 829 830 835 838 846 848 854 866 867 873 879 882 887 889 893 898 900 901 902 910 914 916 921 932 941 942 947 951 958 962 968 972 973 984 990 992 994 997 
5 11 27 35 43 98 113 118 144 158 161 166 183 199 208 219 240 241 255 257 269 273 291 297 298 327 357 378 385 406 412 418 419 424 447 477 489 490 493 508 516 521 539 552 561 565 568 570 572 578 593 614 631 633 640 661 662 689 693 701 762 766 770 777 791 806 818 822 834 855 869 905 915 931 945 954 955 996 998 
1 28 29 34 35 39 42 47 49 54 55 58 59 62 67 68 70 72 73 77 78 88 96 105 109 115 117 125 129 131 149 150 159 164 165 178 179 193 216 223 228 239 242 246 256 260 261 262 270 279 280 294 299 307 309 313 322 324 330 338 349 352 356 372 373 386 388 392 402 405 408 415 416 420 429 430 447 454 455 456 457 459 494 495 497 509 510 513 527 531 533 535 536 544 549 553 557 560 574 575 582 596 598 601 617 623 625 635 643 645 652 665 677 686 694 696 698 704 706 708 714 717 723 728 729 736 738 744 747 755 757 758 761 768 773 779 782 783 784 786 792 813 831 836 839 840 844 858 862 863 864 871 873 884 899 909 910 914 919 922 928 938 941 944 948 952 960 962 970 975 987 
1 7 9 19 20 28 29 31 33 34 39 42 47 49 54 55 58 59 62 63 70 72 73 77 78 79 88 95 96 100 101 105 109 117 125 129 132 134 135 137 142 143 147 149 150 152 154 159 164 165 178 179 182 193 203 206 211 218 223 228 231 233 238 239 244 246 247 248 253 256 260 261 262 270 271 277 279 293 294 299 306 307 308 312 322 326 349 350 352 356 365 367 372 373 382 388 392 399 402 408 409 414 415 420 429 430 435 439 454 455 456 457 462 476 487 492 494 495 497 502 503 505 509 510 513 518 526 527 528 531 535 538 549 550 553 557 560 573 574 575 581 582 596 600 601 617 623 625 629 632 642 643 645 655 659 660 665 666 676 677 690 692 694 698 704 706 708 711 713 714 715 717 719 723 725 726 728 729 736 738 739 744 745 747 757 758 761 767 768 769 773 779 782 783 784 792 801 802 805 808 813 814 816 821 823 830 835 836 838 840 844 846 848 850 854 858 860 862 863 864 870 871 873 877 884 887 893 897 898 899 900 909 910 914 916 918 919 922 928 932 938 941 944 948 952 958 960 962 968 969 970 973 984 987 989 990 994 997 
4 9 14 20 26 27 30 32 37 45 54 57 61 63 67 82 87 90 91 95 97 100 105 106 112 114 119 120 123 129 130 133 135 145 146 151 157 160 168 176 185 186 187 189 193 198 199 201 214 215 217 218 222 225 229 230 243 251 260 265 272 276 277 278 279 280 288 289 297 301 303 304 309 316 317 318 320 321 326 329 336 341 346 347 349 360 362 363 365 367 376 380 390 393 401 402 403 408 409 418 419 420 422 426 428 436 440 447 451 454 457 461 463 464 468 472 475 479 482 489 490 491 496 500 502 512 517 536 546 564 566 570 573 577 578 585 587 589 596 598 608 610 619 622 626 627 641 657 664 677 680 683 684 688 691 693 694 701 704 712 715 721 722 725 729 730 733 734 735 737 739 744 751 752 753 755 756 760 762 763 771 772 774 778 779 780 790 793 794 796 798 800 811 816 817 823 826 828 837 838 847 851 852 853 854 864 870 871 873 881 883 885 889 890 891 893 900 903 907 910 916 918 923 934 935 939 947 948 951 954 957 958 962 963 971 973 979 980 983 984 991 
28 34 35 49 55 58 59 70 72 77 78 88 96 105 109 115 117 125 129 131 150 159 164 165 179 193 216 239 242 246 256 260 261 270 279 294 299 309 324 338 343 356 402 405 415 416 420 429 430 447 455 456 457 459 494 495 497 509 513 531 533 535 543 544 553 557 560 574 575 582 596 601 602 617 623 635 652 677 686 696 698 708 714 723 736 738 744 747 761 768 782 784 792 813 831 839 840 844 858 862 863 884 899 909 914 922 928 938 941 956 960 970 975 987 
2 21 39 41 44 46 48 63 79 92 100 101 102 103 121 124 126 128 134 145 148 152 156 162 167 170 175 178 181 182 202 203 213 227 233 253 258 271 286 288 295 306 310 312 314 335 340 344 345 351 354 359 366 370 374 377 383 395 397 439 441 462 480 487 492 498 505 507 518 526 532 534 537 538 563 573 584 594 597 606 616 625 628 629 630 639 644 646 649 650 654 655 663 670 674 681 716 718 719 720 724 741 767 769 785 787 789 795 798 801 802 808 814 815 816 827 829 830 832 838 846 861 865 867 879 896 901 902 910 916 921 924 932 940 942 947 951 968 972 984 990 992 994 997 
8 9 16 21 30 31 44 46 100 101 102 111 116 125 126 128 130 134 169 170 174 175 190 207 210 215 229 233 281 288 292 295 305 306 307 310 323 332 333 334 340 342 343 354 355 366 370 383 384 394 396 408 410 411 413 423 426 434 435 438 439 442 449 467 469 470 471 476 499 505 510 515 518 520 524 526 534 537 549 563 573 583 587 591 597 613 628 629 630 632 639 660 666 670 674 676 716 718 724 741 754 760 765 772 783 787 789 799 801 802 804 808 814 821 832 838 856 861 865 870 876 885 896 908 916 924 926 937 949 950 973 984 997 
9 14 20 26 45 54 57 61 63 74 82 91 95 100 106 107 112 114 119 120 123 129 133 135 138 145 146 147 151 160 168 185 186 187 198 217 218 222 236 243 248 251 260 262 265 272 274 277 278 279 282 283 288 289 293 301 303 304 308 316 318 320 321 326 329 336 341 346 349 350 360 362 363 365 367 376 380 390 393 401 402 403 409 420 422 427 428 436 440 445 451 454 461 463 465 466 468 472 479 482 491 496 500 502 503 512 523 536 542 546 550 564 566 573 585 589 596 598 608 610 619 622 627 657 659 664 677 680 684 685 688 690 691 692 694 704 705 715 721 722 725 726 729 730 733 735 737 739 744 748 751 752 755 760 771 774 778 780 790 793 794 796 798 800 811 816 817 823 828 837 838 847 851 852 853 854 864 870 871 873 881 883 889 890 893 900 910 916 918 923 934 935 939 947 948 958 962 973 976 983 984 991 999 
2 4 40 50 60 69 74 75 76 82 85 86 90 92 94 99 103 106 107 108 112 119 127 136 140 141 148 155 162 163 168 173 176 200 205 212 213 235 236 249 252 259 263 266 272 274 275 282 301 308 318 321 325 336 337 339 341 344 359 360 363 400 404 407 431 432 437 440 443 444 445 446 450 468 472 479 501 506 511 514 519 523 530 541 542 547 548 554 564 566 580 586 592 595 603 607 608 616 627 634 636 648 658 669 675 683 697 703 705 710 712 721 722 727 732 734 746 748 749 774 776 778 785 788 793 795 800 803 807 811 833 842 843 845 857 866 867 868 875 880 881 886 890 917 927 935 936 943 946 953 957 958 965 983 986 988 995 999 
9 14 20 29 30 31 39 42 48 54 57 63 66 69 74 75 86 92 94 95 100 101 103 106 112 114 116 119 121 129 135 139 142 143 145 147 149 151 154 155 156 160 167 168 178 182 198 203 204 206 217 218 223 229 233 235 236 243 244 248 258 260 262 271 272 274 277 278 279 282 288 289 293 295 301 303 304 306 308 312 318 321 326 329 336 341 349 350 358 360 361 362 363 365 367 368 372 376 377 380 382 389 390 393 399 400 401 402 408 409 420 426 427 432 436 439 440 445 450 463 465 466 468 469 472 478 479 480 482 487 492 495 496 500 502 503 506 507 510 523 526 528 532 534 538 542 546 550 564 566 573 589 595 596 600 607 608 610 613 619 621 622 625 627 642 657 659 664 670 672 677 680 681 683 684 690 691 692 694 695 704 705 713 715 717 718 719 721 722 725 726 728 729 730 732 734 737 739 741 744 748 751 755 760 767 774 778 785 789 793 794 796 798 802 805 808 811 814 816 817 823 828 830 833 838 847 848 853 854 864 866 867 870 871 873 875 879 880 881 889 890 893 898 900 910 916 918 919 935 936 942 947 948 951 958 962 973 976 983 984 999 
1 7 14 19 34 39 42 47 48 54 55 62 63 64 66 70 72 74 75 79 94 95 96 117 127 129 132 134 135 137 139 142 143 147 149 152 154 164 167 178 182 203 206 220 228 231 233 238 244 247 248 253 258 260 262 271 274 277 279 293 303 304 308 312 318 322 326 350 352 358 361 367 372 373 382 388 392 399 415 427 437 453 454 455 462 468 478 492 495 500 502 503 509 518 526 528 538 542 547 549 550 557 560 564 574 581 589 596 600 607 617 621 624 625 642 643 655 659 664 672 677 681 690 692 694 695 704 706 711 713 714 715 717 719 722 725 726 728 729 737 738 739 745 747 748 751 757 758 761 767 769 773 774 778 782 785 792 793 801 805 808 813 816 823 824 830 835 840 846 848 850 858 863 864 866 871 873 877 879 882 887 889 893 898 900 910 914 916 918 919 932 941 944 948 952 958 962 968 983 984 989 990 994 997 
6 12 18 22 38 54 57 61 66 73 74 81 86 95 107 129 132 135 139 146 155 171 172 185 186 191 198 204 217 226 228 236 262 274 278 279 280 283 289 303 304 308 313 315 316 328 330 331 350 352 361 367 368 369 373 386 387 389 392 399 421 427 445 448 454 465 466 478 483 504 522 523 527 542 550 562 576 588 612 621 624 653 656 671 672 673 680 685 692 705 706 717 722 726 729 730 731 732 733 739 740 742 748 764 771 773 774 786 793 794 819 820 828 837 847 850 851 864 871 873 877 888 892 893 894 900 906 918 919 939 944 948 952 961 964 976 977 985 989 991 993 
7 9 16 21 29 31 34 39 44 46 48 63 72 79 100 101 102 116 124 126 128 134 145 152 156 170 175 178 181 182 202 203 210 223 227 233 247 248 253 258 260 271 288 295 305 306 310 312 314 326 334 340 348 351 354 366 370 372 374 377 383 394 395 408 411 426 434 439 441 462 470 476 480 487 492 495 498 499 505 510 518 526 534 537 538 549 557 563 573 574 584 591 594 597 625 628 629 630 632 639 644 649 650 654 655 660 665 670 674 676 681 694 704 716 718 719 720 724 741 744 767 769 783 787 789 798 801 802 808 814 815 816 827 829 830 832 835 838 846 861 865 876 889 896 902 910 914 916 921 924 926 932 937 940 942 947 951 962 968 972 973 984 990 994 997 
2 4 14 40 41 48 50 60 63 64 66 69 74 75 76 86 90 92 94 95 103 106 119 121 127 136 140 141 142 143 147 148 154 155 162 167 168 176 182 203 205 213 220 224 235 249 252 258 259 263 271 274 275 277 286 293 301 308 312 318 321 335 336 341 344 345 358 359 360 363 382 400 404 431 437 440 441 443 446 450 468 472 479 480 487 501 502 506 507 511 523 528 532 538 542 547 554 564 580 586 592 595 603 606 607 608 616 636 642 659 663 664 675 681 683 690 695 697 703 710 711 712 713 715 719 722 732 734 737 746 748 751 769 774 776 778 785 788 793 795 796 798 803 805 807 811 824 830 833 842 846 848 857 866 867 868 875 879 880 881 882 887 889 900 901 916 935 936 942 946 953 958 983 988 995 
2 3 4 9 14 21 48 56 60 63 69 75 76 90 92 95 97 100 101 103 106 110 114 119 121 140 141 142 145 154 156 160 162 167 168 176 177 181 182 192 203 205 209 213 218 224 227 233 235 243 248 249 250 252 258 263 271 276 277 286 288 293 301 312 318 321 325 326 329 335 336 341 344 345 351 358 359 360 362 363 365 370 377 380 382 390 395 397 400 401 404 409 431 439 441 446 463 468 472 479 480 487 492 498 502 506 507 511 526 532 537 538 547 556 564 566 569 573 580 586 592 594 595 603 606 607 608 610 616 636 646 650 664 674 675 678 681 683 684 690 703 712 715 719 722 725 734 737 739 741 751 756 767 774 776 778 785 793 795 796 798 802 803 808 811 815 816 817 823 827 829 830 833 838 841 842 848 853 857 867 868 875 878 879 881 889 890 900 901 902 910 916 930 935 936 940 942 947 951 953 957 958 962 968 972 973 983 984 988 995 
11 27 35 43 53 67 68 80 98 105 113 158 161 166 184 193 199 201 208 216 219 222 234 240 255 257 265 269 270 280 285 291 298 299 309 317 324 327 330 349 357 378 385 403 405 406 412 416 419 428 447 459 477 485 489 490 493 508 516 533 536 539 543 544 552 565 568 570 572 578 598 602 614 620 626 631 635 640 652 661 662 686 689 693 696 698 701 708 755 766 770 777 780 791 806 818 822 834 839 869 884 904 905 912 915 931 938 945 954 955 975 996 998 
1 7 19 28 29 31 33 34 39 42 47 49 54 55 58 59 62 70 72 73 77 78 88 96 105 109 117 125 129 131 132 137 142 147 149 150 164 165 178 179 191 206 223 228 233 238 239 242 244 246 247 248 253 256 260 261 262 270 279 294 299 307 308 312 313 322 324 326 338 350 352 356 372 373 386 388 392 399 415 416 429 430 455 456 462 476 492 494 495 497 503 509 510 513 518 527 531 535 538 549 550 553 557 560 574 575 582 596 600 601 617 623 625 643 645 665 667 676 677 686 690 694 704 706 708 713 714 717 723 728 736 738 744 747 757 758 761 768 773 782 783 784 792 801 802 808 813 816 823 835 836 839 840 844 858 860 862 863 864 873 884 897 898 899 909 910 914 919 922 928 932 938 941 944 952 960 962 969 970 987 994 997 
7 8 9 11 16 20 21 24 28 29 30 31 34 39 44 49 55 58 59 63 72 96 100 101 102 105 116 125 126 128 129 130 134 137 145 151 159 160 164 165 169 174 175 178 179 187 190 193 203 211 214 215 216 218 223 229 233 239 247 248 253 256 258 260 261 262 270 279 281 285 288 292 294 295 297 299 306 307 309 323 326 332 333 334 340 342 343 349 354 355 362 365 366 370 372 377 380 384 390 396 402 408 409 410 413 414 420 423 426 429 430 435 438 439 447 455 457 463 467 469 471 476 486 487 492 494 495 499 502 505 509 510 512 515 518 520 524 526 533 534 535 536 537 538 544 549 553 557 570 572 573 574 587 591 596 597 610 613 617 620 625 626 629 630 632 635 638 645 657 660 665 666 670 674 676 677 694 698 701 704 708 716 718 725 737 738 741 744 747 751 754 759 760 761 768 772 779 783 789 790 792 798 799 801 802 808 812 813 814 816 821 832 835 838 854 858 870 872 873 885 889 896 899 903 904 908 909 910 916 924 928 937 938 941 945 947 949 950 951 956 960 962 973 975 979 984 994 997 
2 3 4 40 41 48 50 60 63 64 66 69 74 75 76 86 90 92 94 95 103 106 108 119 121 127 136 140 141 143 147 148 154 155 162 163 167 168 173 200 205 212 213 224 227 235 249 252 258 259 263 274 275 286 293 301 308 318 321 335 341 344 345 358 359 363 397 398 400 404 431 432 437 440 441 443 446 450 458 468 472 501 506 507 511 523 528 530 532 541 542 547 548 554 564 580 586 592 595 603 606 607 608 616 634 636 642 658 659 663 664 669 675 678 690 695 697 703 710 712 715 722 727 732 734 746 748 774 776 778 785 788 793 795 800 803 805 807 811 824 830 833 842 845 857 866 867 868 875 879 880 881 882 901 917 935 936 943 946 953 958 965 983 988 992 995 999 
5 9 11 13 15 20 24 25 27 29 30 32 36 37 43 51 65 83 87 91 93 97 100 113 114 116 118 123 130 144 145 151 157 158 159 160 166 169 183 187 189 190 199 201 214 215 218 219 222 225 229 230 232 240 241 243 245 254 255 265 273 276 278 281 284 287 288 289 291 295 297 298 300 307 323 327 329 333 336 342 343 349 353 355 357 362 364 365 375 376 378 379 380 384 390 391 401 402 403 406 408 409 410 418 419 422 424 426 428 447 451 452 457 461 463 464 469 471 473 475 477 479 482 486 489 490 496 500 510 512 515 516 517 534 536 546 555 558 561 565 566 568 570 572 573 577 578 585 587 589 590 593 598 605 609 610 613 615 619 626 632 633 638 640 641 657 661 662 668 670 679 682 684 688 691 693 698 701 707 721 725 735 737 739 741 744 751 752 755 759 760 762 763 770 772 779 780 790 791 796 799 814 817 818 826 834 838 853 854 855 870 872 873 883 885 891 903 904 905 907 908 909 910 911 923 925 929 934 945 947 949 950 951 954 955 962 963 966 971 973 979 980 981 984 
28 34 35 49 55 58 59 70 72 77 78 88 96 109 115 125 131 137 150 159 165 174 179 193 211 216 239 242 246 256 260 261 270 285 292 294 309 324 343 356 405 413 414 416 430 447 455 457 476 494 495 497 509 513 520 531 533 535 543 544 549 553 557 560 574 575 582 596 602 617 620 623 635 645 652 666 677 686 696 698 708 714 723 736 738 747 761 768 782 784 792 812 813 821 831 839 858 862 884 899 909 914 928 938 941 956 960 970 975 987 
4 10 26 37 40 50 51 76 82 85 87 89 90 97 99 104 107 108 112 119 120 133 136 138 153 163 168 173 176 200 212 221 249 251 252 266 267 272 275 296 320 325 336 337 339 341 347 360 364 375 381 400 404 407 417 425 431 440 443 444 446 458 473 481 483 484 488 491 501 514 519 530 541 548 551 556 559 566 567 571 586 592 603 604 608 611 618 634 648 658 669 675 683 702 709 712 721 727 743 749 753 756 771 788 800 807 809 843 845 857 881 886 890 895 917 923 927 936 943 953 957 965 978 982 986 
8 9 11 16 23 24 29 30 31 58 65 83 116 125 130 144 151 157 158 159 169 175 183 187 190 193 214 215 219 223 229 230 232 239 241 245 273 281 285 287 288 294 295 297 298 300 307 323 333 334 342 343 353 355 362 365 379 380 384 396 402 406 408 409 410 418 423 426 435 438 442 447 452 457 469 471 477 486 499 510 512 515 520 524 534 544 558 570 572 573 577 578 583 587 590 591 597 609 613 615 620 626 629 630 632 638 641 657 660 666 668 670 679 682 698 701 718 741 744 759 760 768 772 779 783 789 790 799 802 804 812 814 832 838 855 870 872 874 885 903 904 905 908 909 910 925 945 949 950 971 973 974 979 981 
5 11 24 27 30 32 35 43 53 80 83 98 105 113 118 123 144 151 157 158 161 166 183 184 187 190 193 199 201 208 214 215 219 222 225 234 240 241 255 257 265 269 273 278 285 291 297 298 309 317 327 342 349 357 362 378 379 384 385 391 402 403 406 410 412 418 419 420 424 428 447 457 461 475 477 485 486 489 490 493 508 512 516 521 536 539 543 544 545 546 552 558 561 565 568 570 572 577 578 585 587 593 598 602 614 620 626 631 633 635 638 640 641 657 661 662 668 684 688 689 693 698 700 701 708 735 750 755 759 760 762 763 766 770 772 777 780 790 791 806 812 818 822 826 834 854 855 869 870 872 883 885 891 903 904 905 907 908 912 913 915 931 934 945 950 954 955 963 967 971 979 980 996 998 
3 4 5 9 10 13 14 15 17 24 25 30 32 37 51 52 56 65 82 83 85 87 90 91 93 97 100 106 110 112 114 118 119 121 122 123 144 145 153 157 160 163 168 176 177 180 183 187 188 189 190 196 199 205 209 212 214 215 218 221 224 225 229 230 241 243 245 250 251 252 268 276 281 284 287 288 290 295 297 311 319 320 321 323 325 329 333 336 342 347 360 362 364 365 375 376 377 379 380 381 390 391 401 408 409 418 419 422 425 426 439 444 460 461 463 464 469 473 475 479 487 488 496 512 517 519 524 529 532 537 540 546 555 556 558 559 561 566 567 569 573 577 590 603 604 605 608 609 610 613 615 618 637 641 646 651 657 674 679 683 684 699 701 702 707 712 718 721 727 734 737 741 749 751 753 756 760 762 763 772 775 789 790 796 798 809 811 817 826 827 838 841 853 857 859 870 878 883 885 886 889 890 895 903 907 911 916 920 925 930 934 942 947 951 957 963 966 971 973 978 980 981 982 983 984 
1 7 8 9 16 21 29 30 31 34 39 44 46 55 59 63 72 79 96 100 101 102 111 116 125 126 128 130 134 137 142 145 156 165 169 170 174 175 178 179 181 182 203 207 210 211 223 229 233 244 247 248 253 258 260 271 288 292 294 295 305 306 307 310 312 314 326 332 333 334 340 348 354 366 370 372 377 383 394 408 411 413 414 423 426 430 434 435 439 442 449 455 462 467 470 471 476 480 487 492 495 498 499 503 505 509 510 518 520 526 534 537 538 549 557 563 573 574 584 591 597 600 613 625 628 629 630 632 639 645 649 654 655 660 665 666 670 674 676 681 694 704 713 714 716 718 719 720 724 728 738 741 744 747 754 760 767 768 772 782 783 787 789 792 798 799 801 802 808 814 815 816 821 827 830 832 835 838 861 865 876 885 889 896 898 909 910 914 916 921 924 926 932 937 940 942 947 949 951 956 962 968 972 973 984 994 997 
4 6 10 14 15 17 18 25 26 37 40 45 50 51 61 82 85 87 90 91 97 99 104 106 107 108 112 114 119 120 133 138 153 163 168 171 173 176 185 189 200 212 221 243 249 251 252 265 266 267 272 275 278 283 284 301 303 315 316 320 321 325 336 337 339 341 347 360 363 364 375 376 381 393 400 401 407 417 422 425 433 436 440 444 445 451 472 473 475 479 482 483 488 491 501 514 517 519 530 541 546 551 556 559 566 567 571 579 585 586 589 592 603 604 608 611 612 615 618 619 622 627 648 669 679 683 688 691 702 705 707 709 712 721 722 727 730 734 743 749 752 753 756 763 771 796 797 800 807 809 811 817 826 828 843 845 849 852 853 857 881 883 886 888 890 895 917 923 927 934 939 943 957 967 978 982 986 
7 8 9 16 28 29 30 31 39 44 49 58 59 72 78 96 100 102 116 125 128 130 131 137 151 159 165 169 174 179 190 193 210 211 215 216 223 229 233 239 246 260 261 270 281 285 288 292 294 295 306 307 323 332 333 334 340 343 348 355 356 384 396 408 410 413 414 423 426 430 435 438 439 442 447 455 457 467 470 471 476 486 499 510 513 515 518 520 533 534 535 544 549 553 557 573 574 583 587 591 596 597 613 620 626 629 630 632 635 645 660 665 666 670 676 694 698 708 718 738 744 747 754 760 768 772 779 782 783 792 799 802 804 808 812 813 814 816 821 832 835 838 858 870 885 904 908 909 910 916 928 937 938 945 949 950 956 960 962 973 975 984 997 
5 15 17 18 26 27 32 53 91 98 123 133 138 161 166 184 189 199 201 208 234 251 255 257 265 278 316 317 346 378 391 403 418 419 422 433 461 474 475 482 489 490 491 493 516 521 539 545 546 561 579 585 588 599 614 631 640 662 688 689 693 700 750 752 753 762 763 766 770 777 780 791 797 806 810 818 834 849 852 869 883 891 907 912 913 915 923 934 954 955 959 963 967 980 993 996 998 
6 12 14 18 22 26 50 53 57 61 66 74 81 82 86 95 107 112 120 135 138 139 146 155 171 172 185 186 198 204 217 226 236 237 272 274 275 282 283 301 303 304 308 315 316 331 339 341 346 361 363 367 368 369 387 389 400 417 421 427 432 436 440 445 450 454 465 466 474 483 504 522 523 541 542 551 562 571 576 588 612 621 627 648 653 656 672 673 680 685 692 705 709 722 730 731 732 733 740 748 764 771 774 793 797 800 810 811 820 828 837 849 850 851 864 877 880 881 888 892 893 894 900 906 918 939 959 961 964 976 977 985 986 989 991 993 999 
6 12 14 20 22 50 54 57 61 66 69 74 75 81 82 86 94 95 106 107 112 119 127 135 139 146 147 154 155 168 171 198 204 206 217 226 231 235 236 237 259 272 274 275 277 282 283 289 293 301 303 304 308 315 318 321 326 331 341 350 361 363 367 368 369 389 393 399 400 421 427 432 436 437 440 445 450 454 465 466 468 472 478 479 483 500 501 502 504 506 511 522 523 528 541 542 550 562 564 566 576 589 592 595 607 608 621 622 624 627 647 648 653 656 659 672 680 685 691 692 695 697 705 710 715 721 722 726 728 729 730 732 733 739 740 748 764 771 774 778 785 793 794 796 800 805 811 820 823 824 828 833 837 850 851 864 866 868 871 873 877 880 881 893 894 898 900 906 918 935 936 939 958 961 964 976 977 983 985 989 999 
9 16 21 23 24 30 36 44 52 56 65 71 83 84 93 100 101 111 114 116 122 126 128 130 145 157 160 169 170 175 177 180 183 187 188 190 194 195 207 209 214 229 230 232 245 250 254 264 268 276 281 287 288 290 295 300 302 306 319 323 333 334 342 355 360 362 366 370 371 377 379 380 390 396 401 408 409 423 426 438 439 442 449 452 460 464 469 471 488 499 510 515 517 524 525 529 534 537 555 558 573 583 590 591 597 605 609 610 613 615 630 632 637 641 651 670 674 679 682 683 687 707 716 718 741 756 760 765 772 775 781 789 799 802 804 814 825 827 832 838 856 859 874 878 885 896 903 916 924 925 929 930 933 940 947 950 951 966 971 973 974 981 984 
23 24 30 36 52 65 71 83 84 93 111 116 122 126 169 170 175 180 183 188 190 194 195 196 207 232 245 250 254 264 268 281 287 290 295 300 302 319 323 332 333 334 342 353 355 366 371 379 394 396 423 438 442 449 452 460 469 471 524 525 529 534 537 540 555 558 583 590 591 597 605 609 613 637 641 651 670 682 687 699 707 718 765 781 789 799 804 825 832 856 859 874 896 920 924 925 929 933 950 966 974 981 982 
1 7 9 16 21 29 31 34 39 41 44 46 48 63 72 79 100 101 102 116 121 124 126 128 134 137 142 145 152 154 156 167 170 175 178 181 182 202 203 210 211 213 223 227 233 244 247 248 253 258 260 271 288 295 306 310 312 314 326 334 335 340 345 348 351 354 358 366 370 372 374 377 382 383 395 397 408 414 426 434 435 439 441 462 468 470 476 480 487 492 495 498 499 502 503 505 507 510 518 526 534 537 538 549 557 563 564 573 574 584 591 594 597 600 625 628 629 630 632 639 644 649 650 654 655 660 664 665 666 670 674 676 681 690 694 704 713 714 715 716 718 719 720 724 728 737 738 741 744 751 754 767 769 783 785 787 789 792 798 801 802 808 814 815 816 821 827 829 830 832 835 838 846 848 861 865 867 879 889 896 898 901 902 910 914 916 921 924 926 932 940 942 947 951 958 962 968 972 973 984 990 992 994 997 
12 19 33 34 38 42 47 54 55 62 67 68 70 73 77 81 88 105 109 117 129 132 135 139 149 150 164 184 191 193 206 226 228 238 242 256 260 262 270 279 280 299 308 309 313 322 324 328 330 338 349 350 352 367 368 369 372 373 386 388 389 392 399 402 403 415 416 420 427 429 447 448 453 454 455 456 457 459 478 494 495 504 509 527 536 550 560 575 576 582 596 598 601 617 621 624 635 652 653 656 667 671 677 686 692 694 704 706 708 717 723 726 728 729 731 735 736 740 742 744 747 755 757 758 761 773 784 786 813 819 836 839 840 844 847 850 851 858 860 862 863 864 871 873 877 884 892 893 897 899 906 909 918 919 922 928 938 944 948 952 960 961 962 969 970 977 985 987 989 991 
1 12 14 19 33 34 38 41 42 47 54 60 62 63 64 66 69 72 74 75 81 86 94 95 127 132 139 142 143 147 149 154 155 167 178 204 206 220 226 231 237 238 244 247 248 259 262 274 277 293 301 308 312 318 321 322 326 328 331 335 350 352 358 361 368 369 372 382 388 389 399 427 437 450 453 462 465 468 472 478 479 492 495 502 503 506 511 523 528 538 542 547 550 564 581 595 600 607 616 621 624 625 642 643 647 659 663 664 672 690 692 694 695 697 710 711 713 714 715 717 719 722 726 728 732 737 739 742 745 746 748 751 757 764 769 774 778 785 793 796 801 805 811 816 819 823 824 830 846 848 860 864 866 868 873 879 882 887 889 893 897 898 900 906 914 918 932 935 946 958 961 969 983 989 994 
5 10 13 23 24 25 30 36 37 51 52 65 71 83 84 87 93 97 110 111 118 122 153 157 170 175 177 180 183 188 190 192 194 195 196 197 207 209 214 230 232 245 250 252 254 264 268 276 281 287 288 290 295 300 302 311 319 323 325 333 334 342 353 355 364 371 379 380 381 391 396 398 418 438 452 458 460 464 469 473 488 517 524 525 529 537 540 555 556 558 583 590 605 609 613 615 618 637 641 651 668 679 682 687 699 707 718 741 756 775 781 789 804 825 826 832 856 859 874 878 895 896 903 911 920 924 925 929 930 933 940 950 951 966 971 974 981 982 
2 3 4 10 40 50 76 82 85 89 90 99 108 120 136 153 163 168 173 176 200 212 221 249 252 266 267 296 325 336 337 339 381 398 404 407 425 431 443 444 446 458 481 484 501 511 514 519 530 548 551 559 567 571 580 586 592 603 604 608 611 634 636 658 669 675 678 712 727 743 749 788 807 809 842 843 845 857 886 917 927 936 943 953 957 965 978 986 
1 28 34 42 47 49 55 59 62 70 72 77 78 88 96 109 115 117 131 137 150 164 165 179 211 216 239 242 246 247 256 260 261 270 294 322 338 356 372 373 388 405 415 430 455 456 494 495 497 509 513 531 533 535 553 557 560 574 575 582 596 601 617 623 625 643 677 714 723 736 738 747 758 761 768 782 784 792 813 831 836 840 844 858 862 863 884 899 909 914 922 928 938 941 952 956 960 970 987 
2 3 4 10 14 21 30 37 48 51 56 60 63 65 69 75 76 84 85 90 92 97 100 101 103 106 110 114 119 121 136 140 141 145 153 157 160 162 167 168 170 176 177 180 181 182 187 188 192 203 205 209 213 218 224 227 230 233 235 243 249 250 252 258 263 271 276 277 286 288 295 301 306 311 318 319 321 325 329 335 336 341 342 344 345 351 358 359 360 362 363 365 370 377 380 381 390 395 397 398 400 401 404 409 431 439 441 444 446 458 460 463 464 468 469 472 473 479 480 487 488 492 498 502 506 507 511 517 532 537 538 540 547 548 556 559 564 566 569 573 580 586 592 594 595 603 604 606 607 608 610 613 616 634 636 637 646 650 651 664 674 675 678 679 681 683 684 687 699 703 707 712 715 718 719 722 734 737 741 751 756 760 767 774 775 776 778 785 788 789 793 795 796 798 802 803 808 809 811 815 816 817 825 827 829 830 833 838 841 842 853 857 867 868 875 878 879 881 886 889 890 895 896 900 901 902 903 910 916 930 935 936 940 942 947 951 953 957 958 962 968 972 973 978 982 983 984 988 995 
11 28 29 35 43 49 58 59 68 73 78 80 88 96 105 115 125 129 130 131 150 151 159 164 165 179 193 216 219 239 242 246 256 260 261 269 270 279 280 285 294 299 307 309 324 330 343 356 385 402 405 408 415 416 420 429 430 447 455 456 457 459 477 485 494 497 508 510 513 520 531 533 535 536 543 544 553 565 570 575 578 582 587 596 598 602 617 620 623 626 635 652 677 686 696 698 708 723 736 738 744 747 761 768 779 782 784 792 812 813 822 831 839 844 858 862 870 884 899 904 909 922 928 938 941 949 954 956 960 970 975 987 
8 9 16 21 23 24 29 30 31 39 44 52 63 65 71 83 84 100 101 102 111 116 125 126 128 130 134 145 156 157 159 160 169 170 175 177 181 187 190 203 207 214 215 223 229 230 233 250 258 264 276 281 287 288 294 295 297 300 302 306 307 319 323 326 332 333 334 340 342 343 354 355 362 365 366 370 371 377 379 380 384 390 394 396 402 408 409 410 411 423 426 435 438 439 442 449 452 460 463 467 469 471 476 480 486 487 498 499 502 505 510 512 515 518 520 524 525 526 534 537 538 549 573 583 584 587 590 591 597 609 610 613 628 629 630 632 637 638 639 657 660 666 668 670 674 679 682 687 698 716 718 725 737 741 744 751 760 765 767 772 779 783 787 789 790 798 799 802 804 808 814 815 816 825 827 832 838 855 856 861 865 870 872 874 876 878 885 889 896 903 908 909 910 916 921 924 925 937 940 945 947 949 950 951 962 972 973 974 981 984 
7 28 29 31 34 39 42 49 54 55 58 59 70 72 77 78 88 96 105 109 115 117 125 129 131 137 150 159 164 165 174 178 179 193 211 216 223 239 242 246 247 256 260 261 262 270 279 292 294 299 307 322 324 338 343 356 372 402 405 408 413 414 415 416 420 429 430 455 456 457 476 494 495 497 509 510 513 520 531 533 535 544 549 553 557 560 574 575 582 596 601 617 623 625 635 643 645 665 666 677 686 694 696 698 704 708 714 723 736 738 744 747 761 768 779 782 783 784 792 813 821 831 835 840 844 858 862 863 873 884 899 909 910 914 919 922 928 938 941 956 960 962 970 975 987 
9 11 20 27 28 29 35 43 49 53 54 58 63 67 68 73 80 91 98 105 113 123 129 130 135 151 158 159 160 164 184 185 187 193 199 201 208 214 215 216 217 218 219 222 225 229 234 239 240 243 255 260 261 265 269 270 278 279 280 285 288 289 291 294 297 298 299 304 307 309 317 324 326 329 330 343 346 349 357 362 365 376 378 385 386 392 402 403 406 408 409 410 415 416 418 419 420 422 428 429 447 451 454 455 456 457 459 461 463 477 482 485 486 489 490 494 496 500 508 510 512 516 527 533 536 539 543 544 546 552 553 565 568 570 572 577 578 582 585 587 589 596 598 602 614 619 620 626 631 635 640 652 657 662 677 680 684 686 689 691 693 694 696 698 701 704 708 721 725 729 731 735 739 744 752 755 759 760 762 766 770 772 777 779 780 786 790 791 794 796 806 812 813 816 817 818 822 834 838 839 844 847 853 854 858 864 870 871 872 873 883 884 885 891 892 893 903 904 905 907 908 909 910 912 915 916 918 919 923 928 931 934 938 944 945 948 954 955 960 962 963 973 975 979 980 984 991 996 
3 9 16 21 30 31 44 48 52 56 65 71 76 84 97 100 101 102 103 110 111 114 116 121 122 126 128 134 140 145 156 157 160 162 170 175 176 177 180 181 187 188 190 192 195 203 205 207 209 213 224 227 229 230 233 250 252 258 264 271 276 281 288 295 300 302 306 311 319 321 323 332 333 334 336 340 342 354 355 359 360 362 366 370 377 380 390 394 396 398 401 409 411 423 426 439 441 442 449 460 464 469 471 479 480 487 498 499 505 507 510 517 518 524 525 526 529 532 534 537 556 569 573 580 583 584 590 597 610 613 628 629 630 632 637 639 646 651 670 674 678 679 681 683 684 687 699 703 712 716 718 734 737 741 756 760 765 767 775 783 787 789 798 802 808 814 815 817 825 827 832 838 841 853 856 857 861 865 867 874 876 878 889 896 901 902 903 916 921 924 925 930 937 940 942 947 951 953 972 973 974 982 984 988 
1 7 9 19 20 21 29 31 34 39 41 42 44 47 48 54 55 60 62 63 64 72 75 79 92 94 95 96 100 101 103 116 121 127 134 137 142 143 145 147 149 152 154 156 160 167 178 181 182 202 203 206 218 220 223 227 229 231 233 238 244 247 248 253 258 260 262 271 274 277 279 288 293 294 295 306 308 312 318 321 322 326 329 335 345 349 350 354 358 360 365 370 372 374 377 382 388 390 395 399 401 402 408 409 415 426 437 439 441 455 462 463 468 476 479 480 487 492 495 498 502 503 505 506 507 509 510 518 526 528 532 534 538 542 547 549 557 564 573 574 581 584 594 596 600 606 607 610 613 616 617 625 628 629 642 643 644 650 654 655 659 663 664 665 670 674 676 677 681 683 690 694 695 704 711 713 714 715 717 718 719 720 725 728 737 738 739 741 744 745 747 751 767 768 769 778 782 783 785 787 789 792 793 795 796 798 801 802 803 805 808 814 816 823 824 829 830 835 838 846 848 854 864 866 867 870 873 879 882 887 889 893 898 900 901 902 910 914 916 919 921 932 941 942 947 951 958 962 968 972 973 983 984 990 992 994 997 
18 22 26 27 35 43 53 61 67 68 73 80 98 105 113 123 161 172 184 185 186 199 201 208 219 222 234 255 257 265 269 278 280 291 299 309 316 317 330 346 349 385 386 403 419 428 447 448 451 454 459 474 477 485 489 490 493 508 516 521 536 539 545 552 562 565 568 578 585 588 598 599 602 614 626 631 640 652 673 688 689 693 700 731 735 750 755 766 770 771 777 780 786 791 797 806 810 818 820 822 834 837 839 847 849 851 852 869 883 888 891 892 907 912 913 915 931 948 954 955 959 967 991 996 998 
3 4 10 13 15 17 25 36 37 51 52 56 65 71 76 84 85 87 89 93 97 108 110 122 153 157 176 177 180 188 192 194 195 196 197 205 209 221 225 230 250 252 254 268 276 284 290 296 300 302 311 319 321 325 336 342 360 364 375 379 380 381 391 398 401 444 458 460 464 469 473 479 481 484 488 517 525 529 532 540 548 555 556 558 559 569 590 603 604 605 608 609 611 615 618 634 637 651 658 678 679 683 687 699 702 707 712 734 743 756 775 781 788 798 809 825 826 841 845 857 859 874 878 886 895 911 920 925 927 930 933 947 951 957 966 971 978 981 982 
4 6 14 26 40 45 50 57 61 69 74 82 90 99 104 107 112 119 120 133 138 146 163 168 171 173 200 212 236 249 266 267 272 275 282 283 301 303 304 320 336 337 339 341 363 393 400 404 407 417 425 432 436 440 443 445 450 465 466 472 483 501 511 514 519 522 523 541 542 551 566 567 571 586 589 592 603 608 622 627 648 669 675 685 705 710 712 721 722 727 730 732 743 749 771 774 778 793 800 807 811 828 833 843 880 881 890 900 917 935 936 939 943 957 976 986 999 
1 2 6 12 14 19 20 38 42 47 48 50 54 57 60 61 63 66 69 74 75 81 82 86 92 94 95 106 107 112 119 127 132 135 139 142 143 146 147 148 149 154 155 167 168 198 204 206 217 226 231 235 236 237 238 244 248 249 258 259 262 263 272 274 275 277 282 283 289 293 301 303 304 308 318 321 326 328 329 331 341 350 352 358 361 363 367 368 369 372 382 389 393 399 400 404 427 431 432 436 437 440 445 450 453 454 465 466 468 472 478 479 500 501 502 503 504 506 511 522 523 528 538 541 542 547 550 554 564 566 576 581 586 589 592 595 600 607 608 616 621 622 624 625 627 642 647 648 656 659 664 672 680 685 690 691 692 695 697 705 710 711 713 715 717 721 722 725 726 728 729 730 732 733 737 739 742 745 746 748 751 764 771 774 776 778 785 793 794 795 796 800 803 805 807 811 819 820 823 824 828 830 833 837 842 850 851 860 864 866 867 868 871 873 875 877 879 880 881 882 887 889 893 894 898 900 906 918 935 936 939 946 958 961 964 976 977 983 984 989 999 
11 27 28 35 43 49 58 68 80 88 105 113 123 130 151 158 159 193 201 215 216 219 234 239 242 255 256 261 269 270 285 291 298 309 324 343 349 357 384 385 402 405 406 408 410 416 419 420 428 429 447 457 459 477 485 486 497 508 513 516 533 536 543 544 552 553 565 568 570 572 578 582 587 598 602 620 626 635 652 686 689 696 698 701 708 723 770 779 780 791 812 813 818 822 831 839 854 858 869 872 884 885 904 905 909 915 928 931 938 945 949 954 955 960 970 975 979 
11 27 28 29 35 43 49 58 59 67 68 78 80 88 105 113 115 116 123 125 129 130 151 158 159 164 165 169 179 193 201 215 216 219 229 234 239 242 255 256 260 261 269 270 279 280 285 291 294 298 299 307 309 324 333 343 349 357 384 385 402 405 406 408 410 415 416 419 420 426 428 429 430 447 455 456 457 459 471 477 485 486 494 497 508 510 513 515 516 520 533 535 536 543 544 552 553 565 568 570 572 578 582 587 596 598 602 617 620 626 632 635 638 652 668 677 686 689 696 698 701 708 723 744 747 759 760 768 770 772 779 780 791 799 812 813 822 831 839 854 855 858 870 872 884 885 899 904 905 908 909 910 915 928 931 938 945 948 949 950 954 955 960 970 973 975 979 
18 22 26 27 32 45 53 61 67 68 91 98 104 120 123 133 138 161 166 172 184 185 186 189 199 201 208 217 222 234 251 255 265 272 278 280 316 317 320 330 346 378 393 403 417 419 422 428 433 436 451 454 461 474 475 482 489 490 491 516 521 539 545 546 562 579 585 588 599 614 631 640 662 673 680 688 689 691 693 700 709 730 731 733 735 750 752 753 755 762 763 766 770 771 777 780 791 797 806 810 818 820 834 837 847 849 851 852 854 883 888 891 892 907 912 913 915 923 934 948 954 955 959 963 967 980 991 993 996 998 
4 5 9 13 14 15 17 20 25 26 27 30 32 37 45 50 51 53 54 57 61 63 67 82 87 90 91 97 99 105 106 107 112 114 119 120 123 129 130 133 135 138 145 151 157 160 168 176 185 186 187 189 193 198 199 201 212 214 215 217 218 219 222 225 229 230 240 243 251 260 265 267 272 276 277 278 279 280 284 288 289 297 301 303 304 309 316 317 320 321 325 326 329 336 339 341 346 347 349 360 362 363 365 367 375 376 378 380 390 391 393 401 402 403 408 409 417 418 419 420 422 426 428 433 436 440 447 451 454 457 461 463 464 472 473 475 479 482 488 489 490 491 496 500 502 512 516 517 519 521 536 545 546 559 561 566 567 570 571 572 577 578 585 587 589 596 598 608 610 615 618 619 622 626 627 640 641 657 662 669 677 679 680 683 684 688 691 693 694 700 701 702 704 712 721 722 725 729 730 733 734 735 737 739 741 744 750 751 752 753 755 756 760 762 763 766 770 771 772 777 779 780 790 791 794 796 798 800 806 811 816 817 826 828 837 847 851 852 853 854 864 870 871 873 881 883 885 890 891 893 900 903 905 907 910 912 913 916 918 923 934 947 948 951 954 955 957 962 963 967 971 973 979 980 983 984 986 991 996 
2 41 48 60 63 64 66 69 75 92 94 95 103 106 121 127 141 142 143 147 148 154 155 167 182 203 213 220 231 235 244 248 258 259 263 271 274 286 293 308 312 318 321 335 344 345 351 358 359 374 382 395 397 404 431 437 441 450 468 480 487 501 503 506 507 511 528 532 538 542 547 554 564 594 595 606 607 616 636 642 644 647 659 663 664 681 690 695 697 703 710 711 713 715 719 734 745 746 769 776 778 785 793 795 798 803 805 824 829 830 833 842 846 848 866 867 868 875 879 882 887 889 901 916 935 942 946 958 983 990 992 995 
2 3 4 10 40 50 56 60 75 76 85 89 90 97 103 108 110 121 122 136 140 141 153 162 163 168 173 176 177 180 188 192 197 200 205 209 212 213 224 249 250 252 259 263 276 296 311 319 325 336 344 359 360 381 398 401 404 407 431 443 444 446 458 473 481 484 501 511 514 530 532 540 548 556 569 580 586 592 603 604 608 611 616 634 636 646 651 658 669 675 678 683 687 699 703 710 712 727 734 743 756 775 776 788 795 807 809 815 827 833 841 842 845 857 868 875 878 881 886 895 901 917 927 930 936 940 942 943 947 951 953 957 965 978 982 988 995 
1 7 8 9 16 21 28 29 31 34 39 42 44 46 47 49 55 58 59 63 70 72 77 78 79 96 100 101 102 116 125 126 128 130 131 134 137 142 145 149 154 156 165 174 178 179 182 202 203 210 211 223 229 233 244 246 247 248 253 256 258 260 261 262 271 288 292 294 295 305 306 307 310 312 314 322 326 340 348 354 356 366 370 372 377 383 388 408 413 414 415 426 430 434 435 439 455 456 462 467 470 476 487 492 494 495 499 503 505 509 510 513 518 520 526 534 535 538 549 553 557 560 573 574 584 591 596 600 613 617 625 628 629 630 632 639 643 645 649 654 655 660 665 666 670 674 676 677 694 704 713 714 716 718 720 724 728 738 741 744 747 754 761 767 768 782 783 787 789 792 798 801 802 808 814 816 821 830 835 838 840 858 861 863 865 885 889 898 899 909 910 914 916 926 928 932 937 941 947 949 951 956 960 962 968 973 984 994 997 
12 14 19 20 33 38 42 47 54 55 57 62 63 66 67 73 74 77 81 86 94 95 105 129 132 135 139 142 143 147 149 150 154 155 164 191 198 204 206 217 218 226 228 231 236 237 238 244 248 262 274 277 279 280 293 299 301 303 304 308 313 318 322 326 328 329 330 331 349 350 352 361 367 368 369 372 373 386 388 389 392 399 402 403 415 420 427 429 448 453 454 456 465 466 472 478 495 500 502 503 504 509 523 527 528 542 550 560 576 581 589 596 598 600 601 621 624 625 653 656 659 667 672 677 680 685 690 692 694 695 704 706 711 715 717 722 725 726 728 729 732 735 739 740 742 744 745 748 755 757 758 764 773 774 778 786 793 794 805 811 813 816 819 823 836 840 844 847 850 851 854 858 860 863 864 866 871 873 877 892 893 894 897 898 900 906 918 919 922 944 948 952 961 962 969 976 977 983 984 985 989 991 
6 18 26 50 61 82 90 99 104 107 108 112 120 133 138 146 163 168 171 173 185 212 221 236 251 266 267 272 283 303 315 316 320 337 339 341 387 393 407 417 421 425 436 440 444 445 466 483 491 514 519 522 530 541 551 559 562 567 571 579 585 586 599 611 612 627 648 669 685 688 702 705 709 721 722 727 730 743 749 753 771 797 800 807 809 820 828 843 849 852 881 886 888 890 917 923 927 939 943 957 959 967 976 986 993 999 
11 20 27 35 43 53 67 68 80 98 105 113 123 129 151 158 161 184 185 193 199 201 208 219 222 234 255 257 265 269 278 280 285 289 291 298 299 309 317 330 346 349 357 365 385 402 403 406 419 420 428 447 451 457 459 477 485 489 493 508 516 536 539 543 544 552 565 568 570 572 578 585 598 602 614 620 626 631 635 640 652 657 686 689 693 696 698 701 708 729 731 735 744 752 755 766 770 777 780 791 794 806 818 822 834 839 847 854 869 871 873 883 891 904 905 907 912 915 923 931 948 954 955 962 979 991 996 998 
28 29 34 35 49 55 58 59 70 72 77 78 88 96 105 109 115 125 129 130 131 137 150 151 159 164 165 174 179 193 211 216 223 239 242 246 256 260 261 270 279 285 292 294 299 307 309 324 343 356 384 402 405 408 410 413 414 415 416 420 429 430 447 455 456 457 459 476 494 495 497 509 510 513 520 531 533 535 536 543 544 549 553 557 560 574 575 582 587 596 602 617 620 623 626 632 635 645 652 665 666 677 686 696 698 708 714 723 736 738 744 747 761 768 779 782 783 784 792 812 813 821 831 839 844 858 862 870 873 884 885 899 904 909 914 922 928 938 941 949 956 960 962 970 975 987 
2 41 60 64 69 75 92 94 103 127 141 148 167 213 235 259 263 286 318 335 344 345 351 358 359 374 395 397 404 431 437 441 450 501 506 511 542 547 554 564 595 606 607 616 636 642 644 663 681 697 710 719 746 776 778 785 795 803 824 833 842 846 866 868 879 882 946 958 990 992 995 
5 10 13 23 24 25 30 32 36 37 51 52 65 71 83 84 87 93 97 118 122 144 153 157 175 180 183 188 190 194 195 196 197 207 214 225 230 232 241 245 250 254 264 268 273 276 281 284 287 288 290 295 297 300 302 319 323 325 342 353 355 364 371 378 379 380 391 418 424 452 460 464 469 473 484 488 512 517 524 525 529 540 555 556 558 561 577 590 593 605 609 613 615 618 637 641 651 668 679 682 687 699 701 707 741 756 762 775 781 789 804 825 826 856 859 874 895 903 905 911 920 925 929 930 933 963 966 971 974 978 980 981 982 
3 4 10 13 14 15 17 25 37 51 52 56 65 71 76 84 85 87 89 90 93 97 100 103 106 108 110 114 119 121 122 136 140 145 153 157 160 163 168 176 177 180 188 189 192 195 196 197 205 209 212 221 224 225 230 235 243 249 250 252 258 268 276 284 290 296 311 319 321 325 329 336 342 347 359 360 363 364 375 377 379 380 381 390 391 398 401 425 431 444 446 458 460 463 464 469 472 473 479 481 484 487 488 507 514 517 519 529 532 537 540 548 555 556 558 559 564 566 567 569 580 586 590 592 603 604 608 609 610 611 615 618 634 636 637 646 651 658 664 674 675 678 679 683 687 699 702 703 707 712 727 734 737 741 743 749 751 753 756 775 788 789 796 798 809 811 817 825 826 827 841 845 853 857 859 867 874 875 878 881 886 889 890 895 911 916 917 920 925 927 930 934 935 936 942 947 951 953 957 966 971 978 981 982 983 988 
1 7 8 9 20 28 29 31 34 39 42 44 47 49 54 55 58 59 62 63 70 72 77 78 79 88 96 100 101 102 109 125 129 130 131 134 137 142 149 150 154 159 164 165 174 178 179 182 193 203 210 211 218 223 229 233 239 244 246 247 248 253 256 260 261 262 270 271 279 292 294 306 307 310 312 322 326 340 343 348 349 350 356 365 372 373 383 388 402 408 409 413 414 415 420 426 429 430 435 439 455 456 457 462 470 476 487 492 494 495 497 503 505 509 510 513 518 520 526 531 535 538 549 553 557 560 573 574 575 582 587 596 600 617 623 625 629 630 632 643 645 649 654 655 660 665 666 676 677 690 694 698 704 708 713 714 717 723 725 728 736 738 739 744 747 754 757 760 761 767 768 779 782 783 784 792 801 802 808 813 814 816 821 823 830 835 838 840 854 858 862 863 864 870 873 884 885 898 899 909 910 914 916 919 926 928 932 938 941 944 949 956 960 962 968 970 973 984 987 994 997 
5 10 13 15 17 23 24 25 30 32 36 37 51 52 65 71 83 87 91 93 97 114 118 122 123 144 157 158 166 176 180 183 187 189 190 194 195 196 197 199 214 215 219 225 230 232 240 241 243 245 254 268 273 281 284 287 290 295 297 300 302 323 325 327 333 342 347 353 355 357 362 364 371 375 378 379 380 391 418 419 424 438 452 460 461 464 469 471 473 475 486 488 490 512 515 516 517 524 525 529 540 555 556 558 559 561 570 572 577 578 590 593 605 609 613 615 618 633 638 640 641 651 657 661 662 668 679 682 688 699 701 707 756 760 762 763 772 775 781 790 791 817 826 834 855 859 872 874 883 890 903 905 907 908 911 920 925 929 933 934 945 950 957 963 966 971 974 978 979 980 981 
4 10 13 14 15 17 25 26 32 37 45 50 51 65 82 85 87 89 90 91 93 97 99 104 106 107 108 110 112 114 119 120 123 133 138 145 153 157 163 168 173 176 187 189 197 212 221 225 230 243 251 252 266 267 268 272 276 278 284 290 303 320 321 325 336 339 341 342 347 360 364 375 376 379 380 381 390 391 393 401 407 417 422 425 433 436 444 461 464 473 475 479 481 482 484 488 490 491 514 517 519 530 532 540 546 551 556 558 559 566 567 571 585 586 589 592 603 604 608 609 610 611 615 618 619 622 627 651 657 658 669 679 683 684 688 699 702 707 712 721 727 734 743 749 753 756 763 771 775 796 798 800 809 817 826 828 843 845 853 857 881 883 886 890 895 903 911 917 920 923 925 927 930 934 943 947 951 957 963 966 971 978 980 981 982 986 
1 19 33 34 39 42 47 55 62 70 72 73 77 78 88 96 105 109 115 117 129 131 132 149 150 164 165 178 191 228 238 242 246 248 256 260 261 262 270 279 294 299 313 322 324 338 350 352 356 372 373 386 388 392 399 415 416 429 430 455 456 494 495 497 503 509 513 527 531 535 549 550 553 557 560 574 575 582 596 600 601 617 623 625 643 667 677 686 694 706 708 714 717 723 728 736 738 747 757 758 761 768 773 782 784 792 813 816 836 839 840 844 858 860 862 863 864 884 897 898 899 914 919 922 928 938 941 944 952 960 969 970 987 
5 11 13 15 17 24 25 27 30 32 36 37 43 45 83 87 91 93 113 114 118 123 138 144 151 157 158 166 183 187 189 199 201 208 214 215 219 222 225 240 241 243 245 251 255 257 265 273 278 284 291 297 298 327 342 357 362 378 379 380 391 406 412 418 419 422 424 428 433 447 451 461 464 475 477 482 489 490 491 493 512 516 517 521 546 555 558 561 565 568 570 572 577 578 585 593 610 615 626 633 638 640 641 657 661 662 668 679 684 688 693 700 701 750 752 753 755 760 762 763 766 770 772 790 791 806 817 818 826 834 854 855 872 883 891 903 905 907 908 911 923 929 934 945 954 955 963 966 967 971 979 980 981 998 
6 18 22 26 53 57 61 67 74 82 86 107 120 135 138 146 171 172 184 185 186 198 204 222 226 236 272 280 282 283 315 316 317 330 331 346 361 367 368 369 387 389 403 417 421 440 445 448 451 454 465 466 474 483 489 504 522 523 539 545 551 562 571 576 579 585 588 599 612 614 631 653 656 673 680 685 692 700 705 709 722 730 731 733 735 748 750 771 786 797 810 820 828 837 847 849 851 852 877 888 891 892 894 912 913 918 939 948 959 961 964 967 976 977 985 986 989 991 993 999 
16 21 44 46 79 100 101 102 124 126 128 134 152 156 181 182 202 203 210 227 233 253 271 305 306 310 314 332 340 348 354 366 370 377 383 394 411 434 435 439 449 462 467 470 480 487 492 498 499 505 518 526 563 584 597 628 629 630 639 649 650 654 655 660 670 674 676 716 718 720 724 754 767 787 802 808 814 821 829 861 865 876 902 921 926 932 937 968 972 994 997 
2 4 14 41 48 50 57 60 63 64 66 69 74 75 86 90 92 94 95 97 100 101 103 106 119 121 127 140 141 142 143 145 147 148 154 155 156 160 162 167 168 176 182 203 205 213 220 224 227 233 235 243 248 249 252 258 259 262 263 271 274 275 276 277 282 286 293 301 303 304 308 312 318 321 325 326 329 335 336 341 344 345 358 359 360 363 376 377 382 390 395 400 401 404 431 432 437 439 440 441 446 450 463 468 472 479 480 487 492 496 500 501 502 503 506 507 511 523 526 528 532 538 542 547 554 556 564 566 573 586 589 592 594 595 606 607 608 616 636 642 646 659 663 664 675 681 683 690 695 697 703 710 711 712 713 715 719 722 725 732 734 737 739 746 748 751 756 767 769 774 776 778 785 793 795 796 798 802 803 805 808 811 815 816 817 823 824 827 828 829 830 833 838 842 846 848 853 866 867 868 875 879 880 881 882 887 889 890 893 900 901 910 916 918 930 935 936 942 946 947 951 953 957 958 962 968 973 983 984 995 
11 27 35 43 53 67 68 80 98 105 113 123 129 130 144 151 158 159 161 164 184 193 199 201 208 214 215 216 219 222 234 239 240 241 255 257 265 269 270 273 280 285 291 297 298 299 309 317 324 327 330 343 349 357 378 385 402 403 405 406 408 410 412 416 418 419 420 424 428 429 447 457 459 461 477 485 486 489 493 508 512 516 533 536 539 543 544 552 561 565 568 570 572 577 578 587 593 598 602 614 620 626 631 633 635 638 640 652 686 689 693 696 698 701 708 735 755 762 766 770 777 779 780 790 791 806 812 813 818 822 834 839 854 855 858 869 872 884 904 905 907 909 912 915 931 938 945 948 954 955 975 979 980 996 998 
4 9 14 15 17 20 25 26 32 37 45 50 51 57 61 63 69 74 76 82 87 90 91 95 97 99 100 106 107 112 114 119 120 121 123 133 138 145 146 157 160 163 168 173 176 185 187 189 198 205 212 217 218 221 230 235 236 243 249 251 252 258 266 267 272 274 275 276 277 278 282 283 284 288 289 293 301 303 304 308 318 320 321 325 326 329 336 337 339 341 347 360 362 363 365 367 375 376 377 380 390 393 400 401 409 417 422 425 432 433 436 440 444 445 446 450 461 463 464 465 466 468 472 473 475 479 482 487 488 491 496 500 501 502 507 512 514 517 519 523 532 541 542 546 556 559 564 566 567 571 586 589 592 603 608 610 615 618 619 622 627 648 657 659 664 669 675 679 680 683 684 685 691 702 703 705 710 712 715 721 722 725 727 729 730 732 733 734 737 739 741 748 749 751 752 753 755 756 760 763 771 774 778 790 793 794 796 798 800 807 811 817 823 826 828 833 843 847 852 853 854 857 867 875 880 881 883 886 889 890 893 900 916 917 918 923 930 934 935 936 939 942 947 951 953 957 958 962 976 978 980 983 984 986 999 
4 6 10 14 15 17 18 25 26 32 37 45 50 51 61 82 87 90 91 97 99 104 106 107 108 112 114 119 120 133 138 163 168 173 176 185 189 212 221 243 251 265 266 267 272 278 283 284 303 315 316 320 321 325 336 337 339 341 347 360 364 375 376 393 401 407 417 422 425 433 436 444 445 451 473 475 479 482 483 488 490 491 514 517 519 530 541 546 551 556 559 566 567 571 579 585 586 589 608 611 612 615 618 619 622 627 648 669 679 688 691 702 707 709 712 721 727 730 734 743 749 752 753 756 763 771 796 797 800 809 817 826 828 843 849 852 853 881 883 886 888 890 917 923 927 934 939 943 957 963 967 978 986 
11 27 35 43 53 68 80 98 113 123 144 151 158 161 166 193 199 201 208 214 215 219 234 240 241 255 257 269 273 285 291 297 298 309 317 327 357 378 384 385 406 410 412 418 419 424 428 447 459 461 477 485 486 489 490 493 508 512 516 536 539 543 544 552 561 565 568 570 572 577 578 587 593 598 602 614 620 626 631 633 635 638 640 652 661 662 668 686 689 693 696 698 701 708 762 766 770 777 780 790 791 806 812 818 822 834 855 869 872 904 905 912 915 931 945 950 954 955 979 980 996 998 
3 4 10 48 51 56 65 76 85 90 97 100 103 106 108 110 114 121 122 136 140 145 153 160 162 176 177 180 188 192 205 209 224 230 249 250 252 258 276 296 311 319 321 325 336 342 359 360 377 380 381 390 398 401 404 431 444 446 458 460 469 473 479 481 487 488 507 517 532 537 540 548 556 569 580 586 592 603 604 608 610 634 636 646 651 658 674 675 678 679 683 687 699 703 707 712 734 737 741 756 775 776 788 789 795 798 809 815 817 827 841 845 853 857 867 875 878 886 889 895 901 916 925 930 936 940 942 947 951 953 957 978 982 988 
5 9 11 20 24 27 29 30 32 35 43 68 80 83 98 105 113 116 118 123 129 130 144 151 157 158 159 160 169 183 187 190 193 199 201 214 215 216 218 219 222 225 229 234 239 240 241 255 257 265 269 270 273 278 285 288 291 297 298 307 309 324 327 333 342 343 349 355 357 362 365 378 379 380 384 385 391 402 403 406 408 409 410 412 416 418 419 420 424 426 428 429 438 447 452 457 459 461 463 471 477 485 486 493 496 508 510 512 515 516 533 536 543 544 546 552 558 561 565 568 570 572 577 578 587 593 596 598 602 614 620 626 632 633 635 638 640 641 652 657 661 662 668 684 686 689 693 696 698 701 708 725 729 735 744 755 759 760 762 770 772 779 780 790 791 799 812 813 818 822 834 839 854 855 858 870 872 873 883 884 885 903 904 905 907 908 909 910 915 931 934 938 945 949 950 954 955 962 963 971 973 975 979 980 996 998 
6 14 18 26 37 45 50 61 82 87 90 91 97 99 104 107 108 112 119 120 133 138 146 163 168 171 173 185 212 221 236 243 251 265 266 267 272 275 278 283 301 303 315 316 320 336 337 339 341 347 363 376 387 393 407 417 421 422 425 432 433 436 440 444 445 451 466 472 475 482 483 491 514 519 522 530 541 546 551 559 562 566 567 571 579 585 586 589 599 608 611 612 619 622 627 648 669 685 688 691 702 705 709 721 722 727 730 743 749 752 753 771 797 800 807 809 811 820 828 843 849 852 881 883 886 888 890 917 923 927 939 943 957 959 967 976 986 993 999 
5 9 11 24 27 30 32 35 43 80 83 98 113 116 118 123 130 144 151 157 158 166 169 183 187 190 193 199 201 214 215 219 222 225 229 234 240 241 245 255 257 265 269 273 278 281 285 287 288 291 297 298 307 309 327 333 342 343 349 355 357 362 365 378 379 380 384 391 402 403 406 408 409 410 412 418 419 424 426 428 438 447 452 457 461 471 477 485 486 493 508 510 512 515 516 536 543 544 546 552 558 561 565 568 570 572 577 578 587 593 598 602 613 614 620 626 632 633 635 638 640 641 657 661 662 668 684 689 698 701 708 735 744 755 759 760 762 770 772 779 780 790 791 799 812 818 822 834 854 855 870 872 883 885 903 904 905 907 908 915 931 934 945 949 950 954 955 963 971 973 979 980 981 998 
7 8 9 16 20 21 23 24 29 30 31 34 39 44 48 49 52 54 56 58 59 63 65 72 83 84 95 96 100 101 102 114 116 121 125 126 128 130 134 137 142 145 151 154 156 157 159 160 169 170 175 177 178 179 181 182 187 190 193 203 205 209 211 214 215 218 223 224 227 229 230 233 247 248 250 253 258 260 261 262 270 271 276 277 279 281 287 288 292 294 295 297 306 307 312 319 321 323 326 329 333 334 340 342 343 349 350 354 355 360 362 365 366 370 372 377 379 380 384 390 396 401 402 408 409 410 414 423 426 435 439 452 455 457 460 463 464 468 469 471 476 479 480 487 492 495 496 498 499 500 502 505 507 510 512 515 517 518 520 524 526 532 534 537 538 549 557 564 573 574 584 587 590 591 596 597 609 610 613 625 628 629 630 632 637 638 639 645 646 657 660 664 665 666 670 674 676 677 679 681 683 684 690 694 698 704 715 716 718 719 725 737 738 739 741 744 747 751 760 767 768 772 779 783 785 787 789 790 792 793 796 798 799 801 802 808 813 814 816 821 823 827 830 832 835 838 853 854 858 861 865 867 870 872 873 878 885 889 893 896 900 903 908 909 910 916 921 924 925 940 942 947 949 950 951 958 960 962 972 973 981 983 984 994 997 
1 7 8 9 16 28 29 31 34 39 42 44 49 55 58 59 63 70 72 78 79 96 100 101 102 116 125 130 131 134 137 142 159 165 169 174 178 179 193 203 210 211 223 229 233 239 244 246 247 248 253 256 260 261 262 270 292 294 306 307 310 312 322 326 340 348 356 372 383 408 413 414 415 426 430 435 439 455 457 462 467 470 476 487 492 494 495 497 503 505 509 510 513 518 520 526 531 535 538 549 553 557 560 573 574 591 596 600 613 617 625 629 630 632 643 645 649 654 655 660 665 666 670 676 677 694 698 704 713 714 718 728 738 744 747 754 761 768 779 782 783 792 801 802 808 813 814 816 821 835 838 858 885 898 899 909 910 914 916 926 928 932 937 938 941 949 956 960 962 973 984 994 997 
33 34 42 55 62 70 73 77 78 88 96 109 115 117 131 132 150 164 165 191 228 242 246 256 261 270 294 299 313 322 324 338 352 356 373 386 392 405 415 416 429 430 455 456 494 495 497 509 513 527 531 533 535 553 557 560 575 582 601 617 623 643 667 706 717 723 736 747 758 761 768 773 784 831 836 839 840 844 858 860 862 863 884 897 899 919 922 928 938 941 944 952 960 969 970 987 
6 22 53 54 57 67 68 73 74 86 105 129 135 146 164 172 184 185 186 191 198 204 217 222 226 228 236 262 278 279 280 283 289 299 303 304 313 316 317 330 346 350 352 361 367 368 369 386 389 392 403 420 421 427 448 454 465 466 504 522 523 527 542 550 562 576 588 598 621 624 653 656 673 680 685 692 706 717 722 726 729 730 731 733 735 739 740 748 755 773 774 786 794 819 820 828 837 839 847 850 851 864 871 873 877 888 892 893 894 900 906 918 919 939 944 948 961 964 976 977 985 989 991 
5 9 11 13 15 24 25 27 30 32 36 37 43 83 87 91 93 113 114 118 123 130 144 151 157 158 160 166 183 187 189 190 193 199 201 214 215 218 219 222 225 229 240 241 243 245 255 265 273 278 281 284 287 288 291 297 298 327 333 342 349 355 357 362 364 365 375 378 379 380 384 390 391 402 403 406 408 409 410 412 418 419 422 424 426 428 447 451 452 457 461 464 475 477 482 486 489 490 496 512 515 516 517 536 546 555 558 561 565 568 570 572 577 578 585 587 593 598 610 615 626 633 638 640 641 657 661 662 668 679 684 688 693 698 701 707 735 744 752 755 759 760 762 763 770 772 779 780 790 791 817 818 826 834 853 854 855 870 872 883 885 891 903 904 905 907 908 911 923 929 934 945 950 954 955 963 966 971 973 979 980 981 996 
5 9 11 20 24 27 30 32 35 43 67 68 80 83 87 91 98 105 113 114 118 123 129 130 144 151 157 158 159 160 164 166 184 185 187 189 190 193 199 201 208 214 215 216 217 218 219 222 225 229 234 239 240 241 243 255 257 265 269 270 273 278 280 285 289 291 297 298 299 309 317 324 327 342 343 346 349 357 362 365 376 378 379 384 385 391 402 403 406 408 409 410 412 416 418 419 420 422 424 428 429 447 451 457 459 461 463 477 482 485 486 489 490 493 496 508 512 515 516 533 536 539 543 544 546 552 558 561 565 568 570 572 577 578 585 587 593 596 598 602 614 619 620 626 631 633 635 638 640 641 652 657 661 662 668 680 684 686 688 689 691 693 696 698 701 708 721 725 729 735 744 752 755 759 760 762 763 766 770 772 777 779 780 790 791 794 806 812 813 817 818 822 826 834 839 847 853 854 855 858 870 871 872 873 883 884 885 891 903 904 905 907 908 909 912 915 923 931 934 938 945 948 950 954 955 962 963 971 973 975 979 980 991 996 998 
6 18 22 26 45 53 57 61 82 91 99 104 107 112 120 133 138 146 168 171 185 186 199 212 217 222 251 265 266 267 272 278 283 303 315 316 317 320 339 341 346 387 393 417 422 433 436 445 451 474 475 483 489 490 491 519 521 545 551 562 567 571 579 585 588 599 612 622 627 640 648 662 673 680 688 691 700 705 709 721 730 731 733 750 752 753 766 771 797 800 806 810 820 828 837 847 849 852 883 888 890 891 907 912 913 923 939 959 963 967 986 991 993 
2 3 4 40 48 56 60 75 76 85 89 90 92 100 103 106 108 110 121 136 140 141 145 153 162 176 177 188 192 200 205 209 213 224 235 249 250 252 258 259 263 276 296 311 321 325 336 344 359 360 377 380 381 398 401 404 431 443 444 446 458 481 501 506 507 511 530 532 537 548 556 569 580 586 592 603 604 608 610 616 634 636 646 658 674 675 678 683 687 703 710 712 734 741 756 776 788 795 798 807 809 815 827 833 841 842 845 857 867 868 875 878 901 917 927 930 936 940 942 947 951 953 965 982 988 995 
1 12 19 33 34 38 42 47 62 66 72 81 86 94 95 127 132 139 142 143 147 149 154 155 178 191 206 220 231 237 238 244 247 248 262 274 308 312 313 318 322 328 331 350 352 361 372 373 382 388 399 427 437 453 462 478 492 495 503 528 538 542 550 581 600 621 624 625 642 643 647 659 667 671 672 690 694 695 697 711 713 714 717 726 728 742 745 748 757 758 764 769 793 801 805 816 819 823 824 836 848 860 866 882 887 893 897 898 906 914 932 952 969 989 994 
28 34 35 42 49 54 55 58 67 68 70 73 77 78 88 96 105 109 115 117 129 131 150 159 164 165 193 216 228 239 242 246 256 260 261 262 270 279 280 294 299 309 313 322 324 330 338 349 352 373 386 392 402 405 415 416 420 429 430 447 454 455 456 457 459 494 495 497 509 513 527 531 533 535 536 543 544 553 557 560 575 582 596 598 601 602 617 623 635 652 677 686 694 696 698 704 706 708 717 723 729 736 744 747 755 758 761 768 773 784 786 813 831 836 839 840 844 858 862 863 864 871 873 884 899 909 919 922 928 938 941 944 948 952 960 962 970 975 987 
8 16 21 23 44 71 83 84 101 102 111 116 126 128 169 170 175 190 194 195 207 254 264 281 287 295 300 302 306 323 332 333 334 342 355 366 370 371 394 396 423 426 435 438 439 442 449 452 467 469 471 499 515 520 524 525 529 534 537 583 590 591 597 613 630 632 639 670 674 682 716 718 741 765 781 789 799 804 814 825 832 838 856 861 874 876 885 896 924 937 949 950 974 
7 21 39 44 46 48 63 79 100 101 102 124 126 128 134 145 152 156 170 175 178 181 182 202 203 210 213 227 233 247 253 258 271 288 295 305 306 310 312 314 332 340 348 351 354 366 370 374 377 383 394 395 411 434 439 441 462 470 476 480 487 492 498 505 518 526 534 537 538 549 563 573 584 594 597 625 628 629 630 639 644 649 650 654 655 670 674 676 681 716 718 719 720 724 741 754 767 769 787 789 798 801 802 808 814 815 816 827 829 830 832 835 838 846 861 865 876 896 901 902 910 916 921 924 926 932 937 940 942 947 951 968 972 984 990 994 997 
5 6 15 17 18 20 22 26 27 32 45 53 61 67 68 80 82 87 91 98 104 107 112 114 120 123 129 133 138 151 161 166 184 185 186 187 189 199 201 208 217 218 222 225 234 243 251 255 265 267 272 278 280 283 284 289 303 315 316 317 320 346 347 349 365 375 376 378 391 393 403 417 418 419 420 422 428 433 436 445 451 454 461 474 475 482 483 485 489 490 491 496 500 512 516 519 521 536 539 545 546 551 552 559 561 562 567 571 577 578 579 585 588 589 598 599 612 614 619 622 627 631 640 657 662 673 680 684 688 689 691 693 700 702 709 721 729 730 731 733 735 750 752 753 755 762 763 766 770 771 777 780 790 791 794 797 800 806 810 817 818 820 826 828 834 837 847 849 851 852 853 854 871 873 883 888 890 891 892 903 907 912 913 923 934 939 948 954 955 959 962 963 967 979 980 986 991 996 998 
2 3 4 10 14 40 50 51 56 69 75 76 82 85 89 90 92 97 99 106 107 108 110 112 119 120 136 140 153 160 163 168 173 176 200 205 212 221 224 235 236 243 249 252 259 263 266 267 272 275 276 282 296 301 320 321 325 329 336 337 339 341 360 363 381 390 398 400 401 404 407 425 431 432 440 443 444 445 446 450 458 463 472 473 479 481 488 501 506 507 511 514 519 530 532 541 542 548 551 556 559 564 566 567 569 571 580 586 592 595 603 604 608 611 627 634 636 648 658 669 675 678 683 703 705 710 712 721 722 727 732 734 737 743 749 751 756 774 776 778 788 795 796 798 800 807 809 811 817 833 842 843 845 853 857 867 868 875 880 881 886 890 895 917 927 930 935 936 943 947 951 953 957 965 978 982 983 986 999 
8 9 11 16 20 24 27 28 29 30 31 39 43 49 58 80 83 105 116 123 125 129 130 144 151 157 158 159 160 169 183 187 190 193 199 201 214 215 216 218 219 222 223 225 229 233 234 239 241 255 260 261 265 269 270 273 278 281 285 288 291 294 295 297 298 307 309 323 333 334 342 343 349 355 357 362 365 379 380 384 402 403 406 408 409 410 418 419 420 423 424 426 428 435 438 447 452 455 457 461 463 471 477 485 486 496 499 510 512 515 516 520 533 534 536 543 544 546 553 557 565 568 570 572 573 577 578 587 591 596 597 598 602 613 620 626 629 630 632 633 635 638 641 657 660 665 666 668 670 684 689 694 696 698 701 708 725 729 735 744 755 759 760 762 768 770 772 779 780 783 790 791 799 802 808 812 813 814 816 838 854 855 858 870 872 873 883 885 903 904 905 907 908 909 910 916 928 934 938 945 949 950 954 955 960 962 973 975 979 980 984 
6 18 22 26 53 57 61 67 68 73 74 82 91 98 104 105 107 120 129 133 135 138 146 161 171 172 184 185 186 198 199 201 204 217 222 234 236 255 265 272 278 280 283 289 299 304 315 316 317 320 330 346 349 367 368 386 387 392 393 403 417 420 421 428 445 448 451 454 465 466 474 483 489 490 491 504 521 522 539 545 562 576 579 585 588 598 599 612 614 631 640 656 673 680 685 688 689 691 693 700 706 709 729 730 731 733 735 750 752 755 770 771 777 780 786 794 797 806 810 820 828 837 839 847 849 850 851 852 864 871 877 883 888 891 892 894 907 912 913 915 918 923 939 948 959 964 967 976 977 985 986 991 993 996 
4 14 20 26 37 45 50 54 57 61 63 69 74 82 87 90 91 95 97 99 106 107 112 114 119 120 123 129 133 135 138 146 147 151 160 168 176 185 186 187 189 198 212 217 218 222 235 236 243 248 251 262 265 267 272 274 275 277 278 282 283 289 293 301 303 304 308 316 318 320 321 326 329 336 339 341 346 347 349 350 360 362 363 365 367 376 390 393 400 401 409 417 422 427 428 432 436 440 445 450 451 461 463 465 466 468 472 479 482 491 496 500 502 503 512 519 523 536 541 542 546 550 559 564 566 567 571 585 589 592 608 619 622 627 648 657 659 664 669 680 684 685 688 690 691 692 704 705 712 715 721 722 725 726 729 730 732 733 734 735 737 739 748 751 752 753 755 760 763 771 774 778 790 793 794 796 798 800 811 816 817 823 828 833 837 847 851 852 853 854 864 870 871 873 880 881 883 889 890 893 900 918 923 934 935 936 939 947 948 957 958 962 976 983 984 986 991 999 
5 9 10 13 23 24 25 30 36 37 51 52 56 65 71 83 84 87 93 97 100 114 116 118 122 144 145 157 160 169 170 175 177 180 183 187 188 190 194 195 196 197 207 209 214 215 225 229 230 232 241 245 250 254 264 268 276 281 284 287 288 290 295 297 300 302 319 323 325 333 334 342 353 355 360 362 364 371 377 379 380 390 391 396 401 409 418 424 426 438 439 442 452 460 461 464 469 471 473 488 512 515 517 524 525 529 534 537 540 555 556 558 573 583 590 605 609 610 613 615 618 637 638 641 651 668 670 674 679 682 683 687 699 701 707 718 741 756 760 765 772 775 781 789 790 799 804 825 826 827 832 838 855 856 859 874 878 885 896 903 908 911 920 924 925 929 930 933 940 947 950 951 966 971 973 974 980 981 982 984 
7 8 9 16 21 23 29 30 31 39 44 58 59 83 100 101 102 116 125 126 128 130 134 137 159 169 174 175 179 190 207 210 211 215 223 229 233 253 261 264 281 287 288 292 294 295 302 305 306 307 310 323 332 333 334 340 342 343 348 354 355 366 370 383 384 394 396 408 410 413 414 423 426 435 438 439 442 449 452 467 469 470 471 476 499 505 510 515 518 520 524 525 526 534 549 573 574 583 587 591 597 613 628 629 630 632 639 645 649 660 665 666 670 676 682 716 718 738 741 754 760 765 768 772 783 787 789 792 799 801 802 804 808 814 821 832 835 838 856 861 865 870 876 885 908 909 910 916 924 926 937 949 950 973 974 984 997 
2 3 4 14 40 50 56 69 75 76 82 85 90 92 97 99 106 107 108 110 112 119 136 140 160 163 168 173 176 200 205 212 221 224 235 236 243 249 252 259 263 266 272 275 276 282 301 303 321 325 329 336 337 339 341 359 360 363 376 381 390 398 400 401 404 425 431 432 440 443 444 445 446 450 458 463 472 473 479 501 506 507 511 514 519 523 530 532 541 542 548 556 559 564 566 569 580 586 589 592 595 603 608 622 627 634 636 648 658 669 675 683 703 705 710 712 721 722 727 732 734 737 749 751 756 774 776 778 788 793 795 796 798 800 807 811 817 828 833 842 843 845 853 857 867 868 875 880 881 886 890 917 927 930 935 936 943 947 951 953 957 965 978 982 983 986 999 
5 11 13 15 24 27 32 36 43 83 91 93 113 118 123 144 157 158 166 183 187 190 199 201 208 214 215 219 225 240 241 245 255 257 273 281 284 287 291 297 298 327 353 355 357 362 378 379 391 406 412 418 419 424 428 447 452 461 464 475 477 486 489 490 493 512 516 555 558 561 565 568 570 572 577 578 593 615 633 638 640 641 657 661 662 668 688 701 759 760 762 763 766 770 772 790 791 806 818 826 834 855 869 872 883 903 905 907 908 911 929 934 945 950 954 963 966 971 979 980 981 998 
2 21 41 44 48 60 63 64 79 92 100 101 103 121 124 134 141 142 143 148 152 154 156 162 167 178 181 182 202 203 213 220 227 233 244 258 263 271 286 306 312 314 335 344 345 351 354 358 359 370 374 377 382 395 397 439 441 462 468 480 487 492 498 505 507 526 532 538 547 564 584 594 606 607 616 625 628 642 644 646 650 654 663 664 674 681 703 713 718 719 720 741 767 769 785 787 795 798 801 803 815 816 827 829 830 846 848 867 879 882 887 889 901 902 916 921 932 942 947 951 958 968 972 990 992 994 995 997 
2 4 14 40 48 50 57 60 63 66 69 74 75 86 90 92 94 95 103 106 119 121 127 136 140 141 143 147 148 154 155 167 168 176 203 213 235 249 258 259 263 271 274 275 277 282 293 301 304 308 318 321 336 341 344 358 359 360 363 400 404 431 432 437 440 443 446 450 468 472 479 487 501 502 506 507 511 523 528 532 542 547 554 564 586 592 595 607 608 616 636 642 659 664 675 681 690 695 697 703 710 712 715 722 732 734 737 746 748 751 774 776 778 785 793 795 796 798 803 805 807 811 824 830 833 842 866 867 868 875 879 880 881 882 889 893 900 916 918 935 936 942 946 953 958 983 995 
9 20 27 28 29 31 34 39 42 47 49 54 55 57 58 59 62 63 67 68 72 73 74 77 78 88 95 96 100 105 123 125 129 130 135 142 145 149 150 151 154 159 160 164 165 178 179 193 198 201 203 215 216 217 218 222 223 228 229 233 239 242 246 248 256 258 260 261 262 265 270 277 278 279 280 285 288 289 294 299 304 307 308 309 322 324 326 329 330 343 349 350 352 356 362 365 367 372 373 386 388 392 402 403 408 409 415 416 420 426 427 428 429 430 447 454 455 456 457 459 461 463 468 476 485 487 492 494 495 496 497 500 502 503 509 510 513 520 527 531 533 535 536 538 544 546 549 550 553 557 560 570 573 574 578 582 587 596 598 613 617 620 625 626 632 635 645 652 657 659 664 665 677 680 684 686 690 692 694 698 704 706 708 715 717 723 725 726 728 729 735 737 739 744 747 748 751 755 757 760 761 768 772 773 774 779 780 782 783 784 786 790 792 794 798 801 802 808 812 813 814 816 823 830 831 838 839 840 844 847 850 853 854 858 863 864 870 871 873 877 884 885 889 893 899 900 904 909 910 916 918 919 922 928 938 941 944 947 948 949 954 958 960 962 970 973 975 979 984 989 991 
8 9 16 21 23 30 31 44 71 83 84 100 101 102 111 116 125 126 128 130 134 145 156 169 170 175 177 181 190 203 207 210 215 229 233 250 264 276 281 287 288 295 302 305 306 307 310 323 332 333 334 340 342 343 354 355 366 370 377 380 383 384 394 396 408 410 411 423 426 434 435 438 439 442 449 452 460 467 469 471 480 487 498 499 505 510 515 518 520 524 525 526 534 537 563 573 583 584 587 591 597 610 613 628 629 630 632 637 639 660 666 670 674 676 682 687 716 718 724 741 754 760 765 767 772 783 787 789 799 802 804 808 814 815 821 825 827 832 838 856 861 865 870 874 876 878 885 896 908 916 921 924 926 937 940 947 949 950 951 972 973 974 984 
9 11 20 27 29 35 43 53 54 63 67 68 73 80 91 98 105 113 123 129 130 135 151 158 160 164 172 184 185 186 187 193 198 199 201 208 215 216 217 218 219 222 228 229 234 239 240 255 260 262 265 269 270 278 279 280 288 289 291 298 299 304 309 316 317 324 326 330 346 349 350 357 362 365 367 378 385 386 392 402 403 406 408 409 415 416 419 420 428 429 447 448 451 454 455 456 457 459 461 463 477 482 485 489 490 494 496 500 508 512 516 527 533 536 539 543 544 546 550 552 565 568 570 572 576 577 578 582 585 587 588 596 598 602 614 620 626 631 635 640 652 657 662 673 677 680 684 686 689 691 692 693 694 696 698 701 704 706 708 717 725 729 731 735 739 744 752 755 760 762 766 770 772 773 777 779 780 786 790 791 794 806 813 816 818 822 834 838 839 844 847 850 851 854 858 864 870 871 873 877 883 884 885 891 892 893 904 905 907 909 910 912 915 916 918 919 923 928 931 934 938 944 948 954 955 960 962 963 973 975 979 980 984 989 991 996 
6 18 22 26 45 53 61 67 82 91 104 107 112 120 133 138 146 161 172 184 185 186 198 199 201 217 222 251 265 272 278 280 283 303 315 316 317 320 346 387 393 403 417 428 433 436 445 451 454 474 475 483 489 490 491 521 539 545 551 562 571 579 585 588 599 612 614 622 631 640 662 673 680 685 688 691 693 700 709 730 731 733 735 750 752 755 766 770 771 777 780 797 806 810 820 828 837 847 849 851 852 883 888 891 892 907 912 913 923 939 948 959 963 964 967 986 991 993 996 
1 7 12 19 33 34 38 39 42 47 48 54 55 62 63 66 70 72 75 79 81 86 94 95 96 117 127 132 134 137 139 142 143 147 149 152 154 155 167 178 182 191 203 206 228 231 233 237 238 244 247 248 253 258 260 262 271 274 279 293 308 312 313 318 322 326 328 350 352 358 361 372 373 382 388 399 415 427 437 453 455 462 468 478 492 495 502 503 509 518 526 528 538 542 549 550 557 560 574 581 600 607 617 621 624 625 642 643 647 655 659 664 672 677 681 690 694 695 704 711 713 714 715 717 719 726 728 737 738 742 745 747 748 751 757 758 761 764 767 769 782 785 792 793 801 805 808 816 819 823 824 830 835 840 846 848 860 863 864 866 879 887 889 893 897 898 900 906 910 914 916 919 932 941 944 952 958 962 968 969 984 990 994 997 
1 19 33 34 38 42 47 55 62 70 73 77 78 88 96 109 115 117 131 132 139 149 150 164 191 228 238 242 246 256 262 279 299 313 322 324 328 338 350 352 356 369 372 373 386 388 392 399 415 416 429 430 453 455 456 478 494 495 497 509 527 531 535 550 560 575 582 601 617 623 624 643 653 667 677 706 714 717 723 728 736 747 757 758 761 773 784 819 836 839 840 844 858 860 862 863 864 884 897 899 906 919 922 928 938 941 944 952 969 970 987 989 
11 27 28 35 43 49 58 67 68 80 88 98 105 113 123 129 130 151 158 159 164 184 193 201 215 216 219 234 239 242 255 256 257 269 270 280 285 291 298 299 309 324 330 343 349 357 385 402 403 405 406 408 410 416 419 420 428 429 447 457 459 477 485 486 497 508 513 516 533 536 539 543 544 552 553 565 568 570 572 578 582 587 598 602 614 620 626 635 652 686 689 696 698 701 708 723 735 770 779 780 791 812 813 818 822 831 834 839 854 858 869 872 884 904 905 909 915 928 931 938 945 948 954 955 960 970 975 979 996 
2 3 4 10 25 37 40 50 51 56 69 76 82 85 87 89 90 92 97 99 106 108 110 114 119 121 136 140 153 162 163 168 173 176 188 192 197 200 205 212 221 224 235 243 249 252 266 267 275 276 296 311 321 325 336 337 339 341 359 360 363 364 381 398 400 401 404 407 425 431 440 443 444 446 458 472 473 479 481 484 488 501 506 507 511 514 517 519 530 532 540 541 548 556 559 566 569 580 586 592 603 604 608 611 615 618 634 636 646 658 669 675 678 679 683 703 707 710 712 721 727 734 743 749 756 776 788 795 798 800 807 809 817 833 841 842 843 845 853 857 867 868 875 881 886 890 895 917 927 930 935 936 943 947 951 953 957 965 978 982 988 
3 4 10 13 25 37 40 51 56 65 76 85 87 89 90 97 108 110 114 122 136 140 153 163 168 176 188 197 200 205 212 221 230 243 249 252 267 268 276 290 296 311 321 325 336 360 364 381 398 401 407 425 431 444 446 458 473 479 481 484 488 514 517 519 530 532 540 548 556 559 569 580 586 603 604 608 611 615 618 634 636 651 658 678 679 683 699 702 707 712 727 734 743 749 756 775 788 798 809 817 841 845 857 886 890 895 917 920 925 927 930 947 953 957 965 966 978 982 
5 13 23 24 25 30 36 37 51 52 65 71 83 84 87 93 118 122 144 157 175 180 183 188 190 194 195 196 197 207 214 225 230 232 241 245 250 254 264 268 276 281 284 287 288 290 295 297 300 302 319 323 333 334 342 353 355 364 371 379 380 391 396 418 424 438 452 460 464 469 471 473 488 512 517 524 525 529 540 555 558 590 605 609 613 615 637 638 641 651 668 679 682 687 699 707 741 781 789 804 825 826 855 856 859 874 903 911 920 925 929 933 950 966 971 974 981 982 
2 41 48 60 63 64 75 92 103 121 124 127 140 141 142 148 152 154 162 167 181 182 203 213 227 258 259 263 271 286 312 318 335 344 345 351 358 359 374 377 382 395 397 431 441 462 468 480 487 498 506 507 511 532 538 547 554 564 594 606 607 616 636 642 644 646 650 663 681 697 703 719 746 767 769 776 785 795 803 815 827 829 830 842 846 848 866 867 868 875 879 882 901 902 942 946 958 972 990 992 995 
2 14 41 48 60 63 64 66 69 74 75 86 92 94 95 103 106 119 121 127 139 140 141 142 143 147 148 154 155 167 182 203 206 213 220 231 235 244 248 258 259 262 263 271 274 277 286 293 301 308 312 318 321 326 335 336 344 345 350 358 359 360 361 363 374 382 395 397 399 400 404 427 431 437 441 446 450 468 472 478 479 480 487 501 502 503 506 507 511 523 528 532 538 542 547 554 564 594 595 600 606 607 608 616 621 625 636 642 647 659 663 664 672 675 681 690 695 697 703 710 711 712 713 715 719 722 726 728 732 734 737 745 746 748 751 769 774 776 778 785 793 795 796 798 803 805 811 816 823 824 829 830 833 842 846 848 866 867 868 875 879 880 882 887 889 893 898 900 901 916 935 936 942 946 953 958 962 983 984 990 992 995 
2 3 4 10 14 25 37 40 45 48 50 51 56 57 60 63 65 69 74 75 76 82 85 87 90 92 95 97 99 100 103 106 107 108 110 112 114 119 120 121 136 140 145 153 160 163 168 173 176 177 188 189 200 205 209 212 218 221 224 230 235 236 243 249 250 251 252 258 259 263 266 267 272 275 276 277 282 288 301 303 304 311 318 319 320 321 325 329 336 337 339 341 347 359 360 362 363 364 365 376 377 380 381 390 398 400 401 404 409 417 422 425 431 432 440 443 444 445 446 450 458 463 468 469 472 473 479 487 488 496 500 501 502 506 507 511 514 517 519 523 530 532 540 541 542 546 548 556 559 564 566 567 569 571 580 586 589 592 595 603 604 607 608 610 611 615 616 618 619 622 627 634 636 648 651 664 669 675 679 683 684 699 703 705 707 710 712 715 721 722 725 727 732 734 737 739 741 743 748 749 751 753 756 771 774 775 776 778 785 788 789 793 795 796 798 800 807 809 811 817 828 833 841 842 843 845 853 857 867 868 875 879 880 881 886 889 890 893 895 900 916 917 918 927 930 934 935 936 942 943 947 951 953 957 958 978 982 983 984 986 999 
5 10 13 23 24 25 30 32 36 37 51 52 65 71 83 84 87 93 97 114 116 118 122 144 157 175 176 180 183 187 188 189 190 194 195 196 197 214 215 225 229 230 232 241 243 245 250 254 264 268 276 281 284 287 288 290 295 297 300 302 319 323 325 333 334 342 347 353 355 362 364 371 375 379 380 391 396 401 418 424 426 438 452 460 461 464 469 471 473 488 512 515 517 524 525 529 534 540 555 556 558 559 573 590 605 609 610 613 615 618 637 638 641 651 668 670 679 682 687 699 701 707 718 741 756 760 763 772 775 781 789 790 804 817 825 826 832 838 855 859 874 890 903 911 920 925 929 930 933 934 950 951 957 966 971 973 974 978 980 981 982 
3 4 5 9 13 14 15 20 21 25 30 32 37 44 48 51 52 56 63 65 76 84 87 90 91 97 100 101 103 106 110 114 116 119 121 123 126 128 140 145 151 157 160 162 168 170 175 176 177 180 187 188 189 190 192 199 203 205 209 214 215 218 224 225 227 229 230 233 243 250 252 258 271 276 277 278 281 284 287 288 295 297 306 311 319 321 323 325 326 329 333 334 336 342 347 349 355 359 360 362 365 366 370 375 376 377 379 380 390 391 396 398 401 402 408 409 418 419 422 426 428 439 441 460 461 463 464 469 471 473 475 479 480 482 487 488 496 500 502 507 510 512 517 524 532 534 537 538 546 556 559 561 566 569 573 577 580 590 597 608 609 610 613 615 618 619 637 641 646 651 657 664 670 674 678 679 681 683 684 687 701 703 707 712 715 716 718 721 725 734 737 739 741 744 751 756 760 762 763 772 775 789 790 796 798 802 808 811 814 815 816 817 825 826 827 832 838 841 853 854 857 867 870 878 883 885 889 890 896 901 903 907 910 916 924 925 930 934 940 942 947 951 953 957 962 963 966 971 972 973 979 980 981 982 983 984 988 
4 10 13 17 25 37 40 51 82 85 87 89 90 97 99 108 120 153 163 168 173 176 197 200 212 221 249 251 252 266 267 268 296 320 325 336 339 347 360 364 375 381 407 425 444 458 473 481 484 488 514 519 530 540 548 551 556 559 567 571 586 603 604 608 611 615 618 634 658 679 702 707 712 727 743 749 753 756 788 807 809 843 845 857 886 890 895 917 920 927 943 957 965 966 978 982 
6 14 18 22 26 53 57 61 74 82 99 104 107 112 120 133 138 146 168 171 185 186 198 204 212 217 236 251 266 267 272 283 303 315 316 320 339 341 346 367 368 387 393 417 421 436 445 451 465 466 474 483 491 504 519 522 551 562 567 571 579 585 588 599 612 627 648 656 673 685 688 691 705 709 721 722 730 731 733 750 771 797 800 810 820 828 837 849 852 888 890 894 923 939 959 964 967 976 986 991 993 
8 9 16 21 23 24 29 30 31 32 37 39 44 51 52 56 63 65 71 83 84 87 93 97 100 101 111 114 116 121 122 125 126 128 130 144 145 151 157 159 160 169 170 175 177 180 183 187 188 190 203 205 207 209 214 215 218 223 224 225 227 229 230 232 233 245 250 258 260 264 268 276 281 287 288 290 294 295 297 300 302 306 307 319 323 326 333 334 336 342 343 349 353 355 360 362 365 366 370 371 377 379 380 384 390 396 401 402 408 409 410 423 426 435 438 439 442 449 452 457 460 461 463 464 469 471 473 476 479 480 486 487 488 499 502 510 512 515 517 518 520 524 525 529 532 534 537 538 549 555 558 572 573 574 583 587 590 591 596 597 605 609 610 613 615 629 630 632 637 638 641 646 651 657 660 665 666 668 670 674 679 682 683 684 687 694 698 701 707 716 718 725 737 741 744 751 756 759 760 765 772 775 779 783 789 790 798 799 802 804 808 813 814 815 816 817 825 826 827 832 838 853 855 856 859 870 872 873 874 878 885 889 896 903 908 909 910 916 924 925 930 934 940 942 945 947 949 950 951 962 966 971 972 973 974 980 981 984 
11 18 22 26 27 35 43 53 61 67 68 80 98 105 113 123 158 161 166 172 184 185 186 199 201 208 219 222 234 240 255 257 265 269 278 280 285 291 298 299 309 316 317 330 346 349 357 378 385 403 406 412 419 428 447 451 454 459 461 474 477 485 489 490 493 508 516 521 536 539 545 552 562 565 568 570 572 578 585 588 598 599 602 614 620 626 631 640 652 662 673 688 689 693 700 701 731 735 750 755 762 766 770 771 777 780 791 797 806 810 818 820 822 834 837 839 847 849 851 852 869 883 888 891 892 905 907 912 913 915 931 948 954 955 959 963 967 980 991 996 998 
4 5 10 13 15 17 23 24 25 30 32 36 37 51 52 65 82 83 85 87 90 91 93 97 110 112 114 118 122 123 144 153 157 163 168 176 180 183 187 188 189 190 195 196 197 199 212 214 215 221 225 230 232 241 243 245 251 252 254 268 273 276 281 284 287 288 290 295 297 300 302 319 320 323 325 333 336 342 347 353 355 360 362 364 371 375 376 378 379 380 381 390 391 401 418 419 422 424 425 433 444 452 460 461 464 469 471 473 475 484 488 512 515 517 519 524 529 540 546 555 556 558 559 561 566 567 577 590 593 603 604 605 608 609 610 611 613 615 618 638 641 651 657 668 679 682 683 684 699 701 702 707 712 721 727 741 749 753 756 760 762 763 772 775 781 790 809 817 826 853 855 857 859 874 883 886 890 895 903 905 907 908 911 920 925 929 930 933 934 950 951 957 963 966 971 974 978 980 981 982 
2 41 48 60 63 64 69 75 76 92 94 95 103 106 121 127 136 140 141 142 143 147 148 154 162 167 182 203 205 213 220 224 227 235 258 259 263 271 274 286 293 308 312 318 321 335 344 345 351 358 359 360 374 382 395 397 404 431 437 441 443 446 450 468 480 487 498 501 506 507 511 528 532 538 542 547 548 554 564 580 594 595 606 607 608 616 636 642 644 646 650 659 663 664 675 681 683 690 695 697 703 710 711 712 713 715 719 734 737 746 767 769 776 778 785 793 795 798 803 805 815 824 827 829 830 833 842 846 848 866 867 868 875 879 882 887 889 901 902 916 935 936 942 946 947 951 953 958 965 983 988 990 992 995 
1 9 20 28 29 31 34 39 42 47 49 54 55 58 59 62 63 70 72 73 77 78 88 96 105 109 117 125 129 142 149 150 159 164 165 178 179 193 216 218 223 228 233 239 242 244 246 247 248 256 260 261 262 270 279 294 299 307 309 312 322 324 326 338 349 350 352 356 365 372 373 388 392 402 408 409 415 416 420 429 430 447 455 456 457 459 462 476 492 494 495 497 503 509 510 513 527 531 533 535 538 544 549 553 557 560 574 575 582 596 600 601 617 623 625 635 643 645 652 665 677 686 690 694 698 704 708 713 714 717 723 725 728 736 738 739 744 747 757 758 761 768 779 782 783 784 792 801 802 808 813 816 823 839 840 844 854 858 862 863 864 873 884 893 898 899 909 910 914 916 919 922 928 932 938 941 944 952 960 962 970 975 984 987 994 
4 10 13 15 17 25 32 37 51 52 65 82 85 87 89 90 91 93 97 99 110 112 114 120 122 123 153 157 163 168 176 180 187 188 189 195 196 197 212 221 225 230 243 251 252 267 268 284 290 319 320 325 336 342 347 360 364 375 376 379 380 381 390 391 401 407 422 425 433 444 460 461 464 469 473 475 481 484 488 490 491 514 517 519 529 540 546 555 556 558 559 566 567 590 603 604 608 609 610 611 615 618 651 657 658 679 683 684 688 699 702 707 712 721 727 743 749 753 756 763 775 809 817 826 845 853 857 859 883 886 890 895 903 911 917 920 925 927 930 934 957 963 966 971 978 980 981 982 
14 15 17 20 26 32 37 45 50 57 61 82 87 90 91 95 97 99 107 112 114 119 120 123 133 138 146 151 160 168 185 186 187 189 199 201 212 217 218 222 243 251 265 267 272 277 278 284 289 301 303 304 316 320 326 329 336 339 341 346 347 349 362 363 365 375 376 390 393 401 409 417 419 422 428 433 436 440 451 461 463 472 475 479 482 489 490 491 496 500 502 512 519 536 546 559 566 567 571 578 585 589 608 610 619 622 627 657 669 680 684 688 691 702 721 722 725 729 730 733 735 739 751 752 753 755 760 763 771 774 790 793 794 796 800 811 817 823 826 828 837 847 852 853 854 870 873 881 883 890 891 893 900 907 918 923 934 939 957 962 963 967 979 980 983 984 986 991 
11 27 28 29 35 43 49 58 67 68 80 98 105 113 123 129 130 144 151 158 159 164 193 201 215 216 219 229 234 239 255 257 260 261 269 270 273 279 280 285 291 294 297 298 299 307 309 324 343 349 357 384 385 402 405 406 408 410 416 419 420 424 426 428 429 447 455 457 459 477 485 486 508 510 513 515 516 520 533 536 543 544 552 553 565 568 570 572 578 587 596 598 602 614 620 626 633 635 638 652 668 677 686 689 696 698 701 708 744 759 760 770 772 779 780 791 812 813 818 822 831 839 854 855 858 870 872 884 885 904 905 908 909 910 915 928 931 938 945 948 949 950 954 955 960 973 975 979 
1 12 14 19 33 38 42 47 54 57 62 66 69 73 74 75 81 86 94 95 127 129 132 135 139 142 143 147 149 154 155 191 198 204 206 226 228 231 237 238 244 262 274 279 293 301 308 313 318 326 328 331 350 352 361 367 368 369 372 373 386 388 389 392 399 427 437 448 450 453 454 465 478 502 503 504 522 523 527 528 542 550 576 581 600 607 621 624 625 642 647 653 656 659 667 671 672 680 685 690 692 695 706 711 713 715 717 722 726 728 729 732 739 740 742 745 748 757 764 773 774 778 786 793 805 819 823 824 840 850 851 860 864 866 871 873 877 887 893 894 897 898 900 906 918 919 944 948 952 958 961 969 976 977 983 985 989 
4 14 15 17 20 26 32 37 45 50 57 61 69 74 82 87 90 91 95 97 99 104 106 107 112 114 119 120 123 133 138 146 160 168 176 185 186 187 189 198 199 212 217 218 222 235 236 243 251 265 267 272 275 277 278 282 283 284 289 301 303 304 316 320 321 326 329 336 339 341 346 347 360 362 363 367 375 376 390 393 400 401 417 422 432 433 436 440 445 450 451 461 463 465 466 472 475 479 482 489 490 491 496 500 502 519 523 541 542 546 559 566 567 571 579 585 589 592 599 608 619 622 627 648 657 669 680 684 685 688 691 702 705 712 721 722 725 729 730 732 733 734 735 737 739 751 752 753 755 763 771 774 778 793 794 796 797 798 800 811 817 823 826 828 833 837 847 849 852 853 854 880 881 883 890 891 893 900 907 918 923 934 935 936 939 947 957 963 967 976 980 983 986 991 999 
1 33 34 42 47 55 59 62 70 77 78 88 96 109 115 117 131 150 164 165 179 242 246 256 261 270 294 322 324 338 356 372 373 388 405 430 455 456 494 495 497 509 513 531 533 535 553 557 560 575 582 601 617 623 643 667 714 723 736 738 747 758 761 768 782 784 792 831 836 840 844 858 862 863 884 897 899 914 922 928 938 941 952 956 960 970 987 
12 19 33 38 42 47 54 57 62 66 73 74 81 86 94 95 129 132 135 139 142 147 149 155 164 191 198 204 206 226 228 231 237 238 244 262 274 279 308 313 318 322 326 328 331 350 352 361 367 368 369 372 373 386 388 389 392 399 415 427 429 448 453 454 456 465 478 503 504 523 527 528 542 550 576 581 600 601 621 624 625 647 653 656 659 667 671 672 677 680 685 692 695 706 717 726 728 729 732 739 740 742 745 748 757 758 764 773 774 786 793 805 819 823 824 836 840 844 850 851 860 863 864 871 873 877 887 893 894 897 898 900 906 918 919 922 944 948 952 961 969 977 985 989 
1 7 9 19 20 29 31 34 39 41 42 44 47 48 54 55 59 62 63 64 66 70 72 77 79 94 95 96 100 101 117 125 127 132 134 137 139 142 143 145 147 149 152 154 156 160 164 165 167 174 178 179 182 202 203 206 211 218 220 223 231 233 237 238 244 246 247 248 253 256 258 260 261 262 271 274 277 279 288 292 293 294 306 308 310 312 318 322 326 335 340 348 349 350 352 354 356 358 361 365 372 373 374 382 383 388 395 399 402 408 409 413 414 415 427 430 439 441 453 455 456 462 463 468 470 476 478 480 487 492 494 495 498 502 503 505 509 510 518 526 528 531 535 538 542 549 550 557 560 573 574 581 584 594 596 600 607 617 621 624 625 629 630 642 643 644 645 647 649 650 654 655 659 663 664 665 666 672 676 677 681 690 694 695 704 711 713 714 715 717 719 724 725 726 728 737 738 739 744 745 747 748 751 757 758 761 767 768 769 782 783 785 792 793 798 801 802 805 808 813 814 816 821 823 824 829 830 835 838 840 846 848 854 858 860 863 864 866 873 879 882 887 889 893 897 898 899 900 902 909 910 914 916 919 928 932 941 942 944 947 956 958 960 962 968 973 984 990 992 994 997 
9 11 20 24 27 28 29 35 43 49 58 67 68 80 98 105 113 116 123 129 130 144 151 158 159 160 164 169 184 187 193 199 201 208 214 215 216 218 219 222 225 229 234 239 240 255 260 261 265 269 270 273 278 279 280 285 291 294 297 298 299 307 309 324 333 343 349 357 362 365 378 384 385 402 403 406 408 409 410 416 418 419 420 424 426 428 429 447 455 457 459 461 463 471 477 485 486 489 496 508 510 512 515 516 520 533 536 539 543 544 546 552 553 561 565 568 570 572 577 578 587 596 598 602 614 620 626 631 632 633 635 638 640 652 657 662 668 677 684 686 689 693 696 698 701 708 725 729 735 744 755 759 760 762 766 770 772 777 779 780 790 791 799 806 812 813 818 822 834 839 854 855 858 870 872 873 883 884 885 903 904 905 907 908 909 910 915 928 931 934 938 945 948 949 950 954 955 960 962 963 973 975 979 980 996 
6 14 18 20 26 37 45 50 57 61 69 74 75 82 86 87 90 91 94 95 97 99 104 106 107 112 119 120 133 138 146 163 168 171 173 185 198 204 212 217 235 236 243 251 266 267 272 274 275 277 278 282 283 289 301 303 304 308 315 316 318 320 321 326 336 337 339 341 347 363 367 368 376 389 393 400 417 422 432 436 440 445 450 451 465 466 472 479 482 483 491 496 500 501 502 519 522 523 541 542 546 551 559 566 567 571 579 585 586 589 592 608 612 619 622 627 648 669 680 685 688 691 692 705 709 710 721 722 729 730 732 733 739 748 752 753 771 774 778 793 794 796 797 800 807 811 817 820 823 828 833 837 849 852 853 880 881 888 890 893 894 900 918 923 935 936 939 957 967 976 983 986 999 
16 21 39 44 46 48 63 79 100 101 102 111 116 124 126 128 134 145 152 156 170 175 178 181 182 202 203 207 210 227 233 247 253 258 271 288 295 305 306 310 312 314 332 334 340 348 351 354 366 370 377 383 394 411 423 426 434 435 439 441 442 449 462 470 476 480 487 492 498 499 505 518 526 534 537 538 549 563 573 584 591 594 597 628 629 630 632 639 644 649 650 654 655 660 670 674 676 681 716 718 719 720 724 741 754 767 783 787 789 798 801 802 808 814 815 816 821 827 829 830 832 838 861 865 876 896 902 910 916 921 924 926 932 937 940 942 947 951 968 972 984 994 997 
7 8 9 16 21 29 30 31 34 39 44 46 49 58 59 63 72 79 96 100 101 102 111 116 125 126 128 130 134 137 145 156 159 165 169 170 174 175 178 179 181 203 207 210 211 215 223 229 233 247 253 258 260 261 288 292 294 295 305 306 307 310 314 332 333 334 340 343 348 354 366 370 377 383 384 394 408 410 411 413 414 423 426 430 434 435 439 442 449 455 462 467 470 471 476 480 487 492 495 498 499 505 510 515 518 520 526 534 537 538 549 557 563 573 574 584 587 591 597 613 625 628 629 630 632 639 645 649 654 655 660 665 666 670 674 676 694 716 718 720 724 738 741 744 747 754 760 767 768 772 782 783 787 789 792 798 799 801 802 808 814 815 816 821 827 832 835 838 861 865 870 876 885 889 896 908 909 910 914 916 921 924 926 932 937 940 947 949 951 956 960 962 968 972 973 984 994 997 
7 8 9 16 21 29 30 31 34 39 44 58 59 72 79 100 101 102 111 116 125 126 128 130 134 137 145 156 159 169 170 174 175 178 179 181 190 203 207 210 211 215 223 229 233 247 253 261 281 288 292 294 295 305 306 307 310 314 323 332 333 334 340 342 343 348 354 355 366 370 377 383 384 394 396 408 410 411 413 414 423 426 434 435 438 439 442 449 462 467 469 470 471 476 480 487 492 498 499 505 510 515 518 520 524 526 534 537 549 557 563 573 574 583 584 587 591 597 613 625 628 629 630 632 639 645 649 654 655 660 665 666 670 674 676 716 718 720 724 738 741 754 760 767 768 772 783 787 789 792 799 801 802 804 808 814 815 816 821 827 832 835 838 861 865 870 876 885 896 908 909 910 916 921 924 926 932 937 940 947 949 950 951 968 972 973 984 994 997 
18 22 26 27 43 53 61 67 68 80 98 113 123 161 166 172 184 185 186 199 201 208 219 222 234 240 255 257 265 280 291 309 316 317 330 346 357 378 403 406 412 419 428 447 451 454 461 474 477 485 489 490 493 508 516 521 536 539 545 552 562 565 568 578 585 588 598 599 614 626 631 640 662 673 688 689 693 700 701 731 735 750 762 766 770 771 777 780 791 797 806 810 818 820 822 834 837 847 849 851 852 869 883 888 891 892 905 907 912 913 915 931 948 954 955 959 963 967 980 991 996 998 
7 8 9 11 16 21 24 28 29 30 31 39 44 49 58 59 72 96 100 101 102 116 125 126 128 130 134 137 151 159 165 169 174 175 178 179 187 190 193 210 211 214 215 223 229 233 239 247 253 260 261 270 281 285 288 292 294 295 297 305 306 307 310 323 332 333 334 340 342 343 348 354 355 362 365 366 370 377 380 383 384 394 396 402 408 409 410 413 414 423 426 430 435 438 439 442 449 455 457 467 469 470 471 476 486 487 495 499 505 510 512 515 518 520 524 526 534 537 544 549 553 557 570 572 573 574 583 587 591 596 597 613 626 628 629 630 632 638 639 645 649 655 657 660 665 666 670 674 676 694 698 701 716 718 738 741 744 747 754 759 760 768 772 779 782 783 787 789 790 792 799 801 802 804 808 812 813 814 816 821 832 835 838 861 865 870 872 876 885 896 903 904 908 909 910 916 924 926 937 945 949 950 956 960 962 973 979 984 994 997 
5 11 24 27 32 43 83 113 118 123 144 151 157 158 166 183 199 201 208 214 215 219 225 240 241 245 255 257 269 273 285 291 297 298 327 353 357 378 379 384 391 406 410 412 418 419 424 428 447 452 461 477 486 493 512 516 558 561 565 568 570 572 577 578 587 593 620 626 633 638 640 641 661 662 668 701 759 762 770 772 790 791 812 818 834 855 869 872 903 904 905 908 929 931 945 950 954 963 971 979 980 981 998 
2 3 4 10 40 50 51 56 76 85 89 90 97 108 110 121 122 136 140 153 162 163 168 173 176 188 192 197 200 205 212 224 249 252 276 296 311 321 325 336 359 360 364 381 398 401 404 407 431 443 444 446 458 473 479 481 484 488 501 511 514 530 532 540 548 556 569 580 586 592 603 604 608 611 634 636 646 651 658 669 675 678 683 699 703 707 712 727 734 743 756 775 776 788 798 807 809 841 842 845 857 875 881 886 895 917 920 927 930 936 943 947 951 953 957 965 978 982 988 
11 27 28 29 35 43 49 58 59 67 68 73 78 80 88 105 113 115 123 125 129 130 150 151 158 159 164 165 179 184 193 201 215 216 219 234 239 242 246 255 256 260 261 269 270 279 280 285 291 294 298 299 307 309 324 330 343 349 357 384 385 402 403 405 406 408 410 415 416 419 420 428 429 430 447 455 456 457 459 477 485 486 494 497 508 510 513 516 520 527 533 535 536 543 544 552 553 565 568 570 572 578 582 587 596 598 602 617 620 626 635 652 677 686 689 696 698 701 708 723 735 736 744 747 768 770 779 780 784 791 812 813 818 822 831 839 844 854 858 869 870 872 884 885 899 904 905 909 915 922 928 931 938 944 945 948 949 954 955 960 970 975 979 
2 3 4 21 40 48 50 56 60 69 75 76 85 90 92 103 106 108 110 121 136 140 141 148 162 173 176 177 188 192 200 205 209 213 224 227 235 249 252 258 259 263 275 286 296 311 321 325 336 344 345 359 360 363 381 397 398 400 404 431 441 443 444 446 458 472 501 506 507 511 530 532 547 548 554 556 564 569 580 586 592 595 603 604 606 607 608 616 634 636 646 658 664 675 678 683 703 710 712 734 776 785 788 795 798 803 807 815 827 833 841 842 845 857 867 868 875 878 879 901 917 935 936 940 942 943 947 951 953 965 972 982 988 995 
9 21 23 24 30 44 52 56 65 71 83 84 100 101 110 111 114 116 121 122 126 128 145 157 160 170 175 177 180 187 188 190 192 194 195 205 207 209 214 224 227 229 230 250 254 264 268 276 281 287 288 290 295 300 302 306 311 319 323 333 334 342 355 360 362 366 370 377 379 380 390 396 398 401 409 426 439 442 449 452 460 464 469 471 488 517 524 525 529 532 534 537 540 555 556 573 590 597 605 609 610 613 637 646 651 670 674 679 683 687 699 707 716 718 741 756 760 765 775 781 789 802 814 815 825 827 832 838 856 859 874 878 896 903 916 920 924 925 930 940 942 947 951 966 972 973 974 981 982 984 
5 9 11 23 24 27 30 32 43 65 83 93 116 118 123 130 144 151 157 158 159 169 183 187 190 214 215 219 225 229 230 232 240 241 245 254 255 273 281 285 287 288 291 295 297 298 300 307 323 333 334 342 343 353 355 357 362 365 378 379 380 384 391 396 402 406 408 409 410 418 419 424 426 428 438 447 452 457 461 469 471 477 486 510 512 515 516 534 544 558 561 565 568 570 572 573 577 578 587 590 593 605 609 613 615 620 626 632 633 638 641 657 668 670 679 682 698 701 741 744 759 760 762 772 779 789 790 791 799 804 812 814 838 855 870 872 885 903 904 905 908 925 929 945 949 950 954 963 966 971 973 974 979 980 981 
7 8 16 21 44 46 79 100 101 102 111 116 126 128 134 137 156 170 174 175 181 202 203 207 210 211 233 253 295 305 306 310 314 332 334 340 348 354 366 370 377 383 394 396 411 413 423 426 434 435 439 442 449 467 470 476 480 487 498 499 505 518 526 534 537 549 563 573 583 584 591 597 628 629 630 632 639 649 654 655 660 666 670 674 676 716 718 720 724 741 754 765 767 783 787 789 792 801 802 808 814 815 821 827 832 835 838 856 861 865 876 896 921 924 926 937 940 968 972 994 997 
5 11 15 17 26 27 32 35 43 53 67 80 91 98 113 118 123 133 138 144 151 158 161 166 184 187 189 199 201 208 214 215 219 222 225 234 240 241 251 255 257 265 269 273 278 291 297 298 309 316 317 327 346 357 378 385 391 403 406 412 418 419 422 424 428 433 447 451 461 475 477 482 485 489 490 491 493 508 512 516 521 536 539 545 546 552 558 561 565 568 570 572 577 578 579 585 588 593 598 599 614 626 631 633 640 641 657 661 662 673 684 688 689 693 700 701 731 750 752 753 755 762 763 766 770 777 780 790 791 797 806 810 818 822 826 834 852 854 869 883 891 903 905 907 912 913 915 923 931 934 945 954 955 959 963 967 971 979 980 991 996 998 
5 9 11 13 15 23 24 25 30 32 36 37 51 52 65 83 87 91 93 97 114 118 123 130 144 151 157 158 160 166 183 187 189 190 194 195 196 199 214 215 218 219 225 229 230 232 240 241 245 254 268 273 276 281 284 287 288 290 295 297 298 300 302 323 327 333 334 342 353 355 357 362 364 365 371 375 378 379 380 384 390 391 396 401 406 408 409 410 412 418 419 424 426 428 438 452 461 464 469 471 473 475 486 488 490 496 512 515 516 517 524 525 529 546 555 558 561 570 572 577 578 587 590 593 605 609 610 613 615 633 638 640 641 657 661 662 668 679 682 684 688 701 707 741 756 759 760 762 763 772 781 790 791 817 826 834 853 854 855 859 870 872 874 883 885 903 905 907 908 911 925 929 933 934 945 950 951 963 966 971 974 979 980 981 
1 2 19 34 41 48 60 63 64 66 69 72 75 86 92 94 95 103 106 127 139 141 142 143 147 148 149 154 155 167 178 182 203 206 220 231 235 237 238 244 247 248 258 259 262 263 271 274 286 293 308 312 318 321 326 335 344 345 350 358 361 372 374 382 395 397 399 427 437 450 453 462 468 478 492 495 502 503 506 511 528 538 542 547 554 564 581 594 595 600 606 607 616 621 625 642 647 659 663 664 672 681 690 694 695 697 704 710 711 713 714 715 719 726 728 737 745 746 748 751 764 769 776 778 785 793 795 801 803 805 816 823 824 829 830 833 842 846 848 866 867 868 875 879 882 887 889 893 898 914 916 932 935 946 958 962 983 984 990 992 994 995 
1 19 33 34 39 42 47 54 55 62 63 70 72 77 96 109 117 132 142 147 149 150 154 165 178 203 206 231 233 238 244 246 247 248 256 260 261 262 279 294 308 312 322 326 338 350 352 356 372 373 388 399 415 455 456 462 492 494 495 503 509 528 531 535 538 549 557 560 574 575 581 600 601 617 623 625 643 677 690 694 704 711 713 714 717 728 738 745 747 757 758 761 768 782 792 801 805 808 816 823 836 840 860 862 863 864 897 898 899 910 914 916 919 932 941 944 952 960 962 969 984 987 994 
41 48 64 79 101 103 124 141 142 148 152 156 167 181 182 202 203 213 220 227 258 259 263 271 286 312 314 335 344 345 351 374 377 382 395 397 441 462 480 487 492 498 505 526 538 547 554 584 594 606 616 625 628 644 650 654 663 681 713 719 720 767 769 787 803 829 830 846 848 879 882 887 901 902 921 932 942 946 968 972 990 992 995 
7 8 16 28 29 31 34 39 44 49 55 58 59 72 78 96 100 102 116 125 130 131 137 159 165 169 174 178 179 210 211 223 233 239 246 247 253 256 260 261 270 292 294 306 307 340 348 356 408 413 414 426 430 435 439 455 467 470 476 494 495 509 510 513 518 520 535 549 553 557 573 574 591 596 617 625 629 630 632 645 660 665 666 670 676 677 694 714 718 738 747 754 761 768 782 783 792 801 802 808 813 814 816 821 835 838 858 885 899 909 910 914 916 928 938 941 949 956 960 973 994 997 
2 3 21 30 44 48 56 63 65 76 84 92 97 100 101 103 110 111 114 121 122 136 140 145 157 160 162 167 170 176 177 180 181 182 187 188 192 203 205 209 213 224 227 230 233 250 252 258 271 276 288 295 306 311 319 321 335 336 342 344 345 351 359 360 362 366 370 377 380 381 390 395 397 398 401 404 431 439 441 446 458 460 464 468 469 479 480 487 492 498 507 517 532 537 548 556 564 569 573 580 594 603 606 610 613 616 634 636 637 646 650 651 658 664 674 678 679 681 683 684 687 699 703 712 716 718 719 734 737 741 756 760 767 775 776 785 787 788 789 795 798 802 808 815 817 825 827 829 830 838 841 842 845 853 857 867 875 878 879 889 896 901 902 903 916 924 930 940 942 947 951 953 968 972 982 984 988 
1 12 19 33 38 64 66 69 75 81 86 94 95 127 132 139 143 147 149 154 155 204 206 220 226 231 237 238 244 259 274 301 308 318 328 331 350 358 361 369 382 389 399 427 437 450 453 465 478 523 528 542 547 581 600 607 621 624 625 642 647 659 671 672 695 697 711 713 726 728 732 740 742 745 746 748 764 769 793 805 819 823 824 848 860 866 882 887 893 897 898 906 946 958 961 969 
6 14 18 26 45 50 57 61 74 82 90 99 104 107 112 119 120 133 138 146 163 168 171 173 212 236 251 266 267 272 275 282 283 301 303 304 315 316 320 336 337 339 341 363 387 393 400 407 417 425 432 436 440 445 465 466 472 483 491 501 514 519 522 523 541 542 551 566 567 571 579 586 589 592 608 612 622 627 648 669 685 705 709 721 722 730 743 749 771 774 800 807 811 828 843 849 880 881 888 890 900 917 923 939 943 957 976 986 999 
7 8 16 21 31 34 39 44 46 72 79 96 100 101 102 124 126 128 134 137 152 156 174 178 181 182 202 203 210 211 233 247 253 271 305 306 310 314 332 340 348 354 366 370 383 394 411 413 414 434 435 439 462 467 470 476 492 498 505 518 526 549 557 563 574 584 591 625 628 629 630 632 639 649 650 654 655 660 666 670 676 714 716 718 720 724 738 754 767 782 783 787 792 801 802 808 814 821 829 835 861 865 876 914 921 926 932 937 956 968 994 997 
2 21 41 44 46 48 63 79 92 100 101 103 121 124 134 148 152 156 162 167 178 181 182 202 203 213 227 233 253 258 271 286 306 310 312 314 335 344 345 351 354 359 370 374 377 382 395 397 439 441 462 480 487 492 498 505 507 526 532 538 563 584 594 606 616 625 628 644 646 649 650 654 655 663 674 681 716 718 719 720 724 741 767 769 785 787 795 798 801 815 816 827 829 830 846 848 865 867 879 901 902 916 921 932 942 947 951 968 972 990 992 994 997 
3 4 10 13 15 17 25 30 36 37 51 52 56 65 71 76 84 85 87 93 97 110 111 114 122 153 157 170 175 176 177 180 187 188 190 192 194 195 196 197 205 207 209 214 224 225 230 243 250 252 254 264 268 276 281 284 287 288 290 295 300 302 311 319 321 323 325 336 342 360 362 364 375 379 380 381 391 398 401 444 458 460 464 469 473 479 484 488 517 524 525 529 532 537 540 548 555 556 558 559 569 590 604 605 608 609 610 613 615 618 634 637 646 651 678 679 683 687 699 702 707 712 734 741 756 760 775 781 789 798 809 815 817 825 826 827 841 845 857 859 874 878 886 890 895 896 903 911 920 924 925 930 933 940 947 951 957 966 971 974 978 981 982 988 
9 11 27 28 35 43 49 54 58 67 68 73 80 88 105 113 129 135 151 159 164 184 193 201 216 219 234 239 242 255 256 260 269 270 279 280 285 291 299 309 317 324 330 343 349 365 385 386 392 402 403 405 415 416 420 428 429 447 448 454 455 456 457 459 477 485 494 497 508 513 527 533 536 539 543 544 552 553 565 568 570 578 582 596 598 602 614 617 620 626 635 652 677 686 689 696 698 706 708 723 729 731 735 736 744 755 770 779 780 786 812 813 818 822 831 839 840 844 847 854 858 864 869 870 871 873 884 892 904 909 915 919 922 928 931 938 944 948 954 955 960 962 970 975 991 996 
6 12 19 22 33 38 54 57 66 73 74 81 86 129 132 135 139 146 155 164 172 191 198 204 206 226 228 231 237 262 274 279 283 308 313 328 331 350 352 361 367 368 369 373 386 389 392 399 421 427 429 448 453 454 465 478 504 522 523 527 550 562 576 601 621 624 653 656 667 671 672 680 685 692 706 717 726 729 740 742 748 757 758 764 773 786 819 820 836 837 840 844 850 851 860 864 871 873 877 893 894 906 918 919 922 939 944 948 952 961 964 969 976 977 985 989 
7 21 34 39 44 46 48 72 79 100 101 102 124 126 128 134 137 152 156 174 178 181 182 202 203 210 211 227 233 247 253 258 271 305 306 310 312 314 332 340 348 351 354 366 370 374 377 383 394 395 411 434 435 439 441 462 470 476 480 487 492 498 505 518 526 538 549 557 563 574 584 594 625 628 629 630 639 644 649 650 654 655 660 670 674 676 681 716 718 719 720 724 738 754 767 769 787 792 801 802 808 814 816 821 829 830 835 846 861 865 876 902 910 914 916 921 926 932 937 942 968 972 990 994 997 
1 7 16 21 31 34 39 44 46 72 79 100 101 102 124 126 128 134 137 142 152 156 174 178 181 182 202 203 210 211 227 233 244 247 248 253 271 305 306 310 312 314 332 340 348 354 366 370 372 377 383 394 411 414 434 435 439 462 470 476 480 487 492 495 498 503 505 518 526 538 549 557 563 574 584 600 625 628 629 630 632 639 649 650 654 655 660 666 670 674 676 694 713 714 716 718 720 724 728 738 754 767 783 787 792 801 802 808 814 816 821 829 835 861 865 876 898 902 910 914 916 921 926 932 937 968 972 994 997 
6 18 22 53 54 57 61 67 74 86 107 129 135 146 171 172 184 185 186 191 198 204 217 222 226 228 236 262 278 279 280 283 289 303 304 313 315 316 317 330 331 346 350 352 361 367 368 369 386 387 389 392 403 421 427 445 448 454 465 466 474 483 504 522 523 527 542 550 562 576 588 612 621 624 653 656 673 680 685 692 705 706 717 722 726 729 730 731 733 735 739 740 748 755 771 773 774 786 794 797 810 819 820 828 837 847 850 851 864 871 873 877 888 892 893 894 900 906 918 919 939 948 961 964 976 977 985 989 991 993 
5 9 11 13 14 15 17 20 24 25 27 29 30 32 37 45 54 63 65 67 68 80 82 83 87 91 97 100 105 112 114 116 118 123 129 130 144 145 151 157 158 159 160 168 169 183 184 185 187 189 190 193 199 201 214 215 217 218 219 222 225 229 230 234 240 241 243 245 251 255 260 265 270 273 276 277 278 279 280 281 284 288 289 295 297 303 304 307 309 317 320 326 329 333 336 341 342 343 346 347 349 362 365 375 376 378 379 380 384 390 391 393 401 402 403 408 409 410 418 419 420 422 426 428 447 451 457 461 463 464 469 471 473 475 479 482 485 486 489 490 491 496 500 502 510 512 515 516 517 534 536 546 552 558 559 561 566 570 572 573 577 578 585 587 589 593 596 598 610 613 615 618 619 622 626 632 638 640 641 657 662 670 677 679 680 684 688 691 693 694 698 701 704 721 725 729 730 735 737 739 741 744 751 752 753 755 759 760 762 763 770 772 779 780 790 791 794 796 799 811 813 814 816 817 826 838 847 853 854 855 864 870 871 872 873 883 885 890 891 893 900 903 904 905 907 908 909 910 911 916 918 923 934 945 947 948 949 951 954 955 962 963 971 973 979 980 981 983 984 991 996 
2 3 4 10 40 50 51 56 76 85 89 90 97 99 108 110 136 140 153 163 173 176 188 192 197 200 205 221 224 249 252 266 267 296 311 325 360 364 381 398 404 407 425 431 443 444 446 458 473 481 484 488 501 511 514 530 540 548 556 559 569 580 586 592 603 604 611 618 634 636 646 658 675 678 683 702 707 712 727 743 749 756 776 788 807 809 841 842 843 845 857 886 895 917 920 927 936 943 953 957 965 978 982 988 
1 12 14 19 20 38 42 47 48 54 57 60 63 64 66 69 74 75 81 86 94 95 119 127 129 132 135 139 142 143 147 149 154 155 167 178 182 198 203 204 206 217 218 220 226 228 231 236 237 238 244 248 258 259 262 271 274 277 279 282 293 301 303 304 308 312 318 321 326 328 329 331 341 349 350 352 358 361 363 367 368 369 372 373 382 388 389 392 399 400 402 420 427 432 437 440 450 453 454 465 466 468 472 478 479 492 495 500 502 503 506 511 523 528 538 542 547 550 564 566 581 589 595 596 600 607 616 621 624 625 642 647 659 664 672 677 680 681 685 690 692 694 695 697 704 706 710 711 713 715 717 719 722 725 726 728 729 732 737 739 742 744 745 746 748 751 755 757 764 769 773 774 778 785 793 794 796 805 811 816 819 823 824 828 830 840 848 850 854 860 864 866 868 871 873 877 879 880 882 887 889 893 898 900 906 916 918 919 935 944 946 948 952 958 961 962 976 983 984 989 
7 8 16 21 29 30 31 34 39 44 46 49 58 59 72 79 96 100 101 102 116 125 126 128 130 134 137 159 165 169 174 178 179 210 211 215 223 229 233 247 253 260 261 292 294 295 305 306 307 310 332 333 334 340 343 348 354 366 370 383 384 394 408 410 411 413 414 423 426 430 434 435 439 442 449 455 467 470 471 476 495 499 505 510 515 518 520 526 534 549 557 563 573 574 587 591 597 613 628 629 630 632 639 645 649 654 655 660 665 666 670 676 694 716 718 724 738 747 754 760 768 772 782 783 787 792 799 801 802 808 814 816 821 835 838 861 865 870 876 885 908 909 910 916 926 937 949 956 960 973 994 997 
5 11 27 32 83 98 113 118 123 144 158 166 183 199 201 208 219 225 240 241 255 257 273 297 298 327 357 378 391 406 412 418 419 424 428 461 489 490 493 508 512 516 558 561 568 570 572 577 578 593 633 640 641 661 662 668 701 762 766 770 791 806 818 834 855 869 905 931 945 963 971 979 980 998 
5 13 15 17 26 27 32 45 53 91 98 113 118 123 133 138 144 151 158 161 166 187 189 199 201 208 214 215 219 222 225 234 240 241 251 255 257 265 273 278 284 297 317 327 346 357 378 391 403 406 412 418 419 422 424 428 433 451 461 475 482 489 490 491 493 508 512 516 521 536 545 546 558 561 568 570 572 577 578 579 585 593 598 599 614 626 631 633 640 641 657 661 662 684 688 689 693 700 701 750 752 753 755 762 763 766 770 777 780 790 791 797 806 810 818 826 834 852 854 869 883 891 903 905 907 911 912 913 923 931 934 954 955 959 963 967 971 979 980 996 998 
2 41 48 60 63 64 75 92 94 103 124 127 141 142 143 148 152 154 167 182 203 213 220 258 259 263 271 286 312 318 335 344 345 351 358 374 382 395 397 437 441 462 468 487 492 498 506 511 528 538 547 554 564 594 606 607 616 625 642 644 650 663 681 695 697 711 713 719 746 767 769 785 795 803 805 824 829 830 842 846 848 866 867 868 879 882 887 902 942 946 958 968 990 992 995 
2 4 9 14 20 21 39 48 54 57 60 63 64 69 74 75 90 92 94 95 97 100 101 103 106 114 119 121 127 140 142 143 145 147 154 156 160 162 167 168 176 178 182 203 205 213 218 224 227 233 235 243 244 248 252 258 259 260 262 271 274 276 277 279 288 293 301 303 304 308 312 318 321 325 326 329 335 336 341 344 345 349 350 358 359 360 362 363 365 370 372 376 377 382 390 395 400 401 402 409 437 439 441 450 463 468 472 479 480 487 492 496 500 502 503 506 507 511 526 528 532 538 542 547 556 564 566 573 589 594 595 596 600 607 608 610 616 625 636 642 646 659 664 674 675 677 681 683 684 690 694 697 703 704 710 712 713 715 719 722 725 728 734 737 739 741 744 748 751 756 767 774 776 778 785 793 795 796 798 802 803 808 811 815 816 817 823 827 828 829 830 833 838 848 853 854 866 867 868 873 875 879 882 889 890 893 900 901 910 916 918 930 935 936 942 947 951 953 957 958 962 968 972 973 983 984 
7 8 9 16 20 28 29 31 34 39 42 44 49 54 55 58 59 63 72 96 100 101 102 116 125 129 130 134 137 159 164 165 169 174 178 179 193 203 211 218 223 229 233 239 247 248 253 256 260 261 262 270 279 292 294 306 307 326 340 343 349 356 365 372 402 408 409 413 414 415 420 426 429 430 435 439 455 456 457 476 487 492 494 495 505 509 510 518 520 526 535 538 549 553 557 573 574 587 591 596 613 617 625 629 630 632 645 660 665 666 670 676 677 694 698 704 708 714 718 725 738 744 747 760 761 768 779 782 783 792 801 802 808 813 814 816 821 835 838 854 858 870 873 884 885 899 909 910 914 916 919 928 938 941 949 960 962 973 984 994 997 
7 8 16 28 29 30 31 34 39 44 49 55 58 59 72 78 96 100 102 116 125 128 130 131 134 137 159 165 169 174 178 179 210 211 215 223 229 233 239 246 247 253 260 261 270 292 294 295 305 306 307 310 332 333 334 340 343 348 356 383 384 408 410 413 414 423 426 430 434 435 439 455 467 470 471 476 495 499 510 513 515 518 520 526 534 535 549 553 557 573 574 587 591 597 613 625 629 630 632 639 645 649 655 660 665 666 670 676 694 698 714 718 738 747 754 760 768 772 779 782 783 792 799 801 802 808 814 816 821 835 838 861 870 876 885 908 909 910 914 916 926 937 941 949 956 960 973 994 997 
12 19 33 38 42 62 70 73 77 81 109 117 132 139 149 150 164 191 206 228 231 237 238 262 308 313 322 328 338 350 352 361 369 373 386 392 399 415 429 453 456 478 509 527 550 560 575 581 601 621 623 624 653 667 671 672 706 717 740 742 757 758 764 773 819 836 840 844 850 860 862 863 864 877 897 906 919 922 944 952 969 985 989 
5 11 23 24 30 36 43 83 93 113 116 118 130 144 151 157 158 166 183 190 194 195 214 215 219 225 232 240 241 245 254 257 273 281 285 287 295 297 298 300 302 323 327 333 334 342 343 353 355 357 371 379 384 391 396 406 408 410 418 424 426 438 447 452 469 471 477 486 512 515 516 529 534 544 555 558 561 568 570 572 577 578 587 590 593 605 609 613 615 620 626 633 638 641 661 668 679 682 698 701 759 760 772 779 790 799 804 812 855 870 872 874 885 903 904 905 908 911 929 933 945 949 950 966 971 974 979 981 
4 14 26 37 40 45 50 61 69 76 82 85 87 90 97 99 104 106 107 108 112 119 120 133 138 163 168 171 173 176 200 205 212 221 235 236 243 249 251 252 266 267 272 275 282 283 301 303 320 321 325 336 337 339 341 347 360 363 376 393 400 401 404 407 417 422 425 432 436 440 443 444 445 446 466 472 473 479 483 501 511 514 519 530 541 546 548 551 559 566 567 571 586 589 592 603 608 619 622 627 634 648 669 675 683 705 709 710 712 721 722 727 730 734 743 749 753 771 788 796 800 807 811 817 828 833 843 845 853 857 875 880 881 886 890 917 927 935 936 943 953 957 978 986 999 
8 9 16 21 23 24 29 30 31 39 44 52 63 65 71 79 83 84 100 101 102 111 116 125 126 128 130 134 145 156 157 159 160 169 170 175 177 178 181 187 190 203 207 210 214 215 223 229 230 233 250 253 258 264 276 281 287 288 294 295 297 300 302 305 306 307 310 314 319 323 326 332 333 334 340 342 343 354 355 362 365 366 370 377 379 380 383 384 390 394 396 402 408 409 410 411 414 423 426 434 435 438 439 442 449 452 460 462 463 467 469 471 476 480 487 492 498 499 502 505 510 512 515 518 520 524 525 526 534 537 538 549 563 573 574 583 584 587 590 591 597 609 610 613 628 629 630 632 637 638 639 645 649 654 655 657 660 665 666 670 674 676 679 682 687 698 716 718 720 724 725 737 741 744 751 754 760 765 767 768 772 779 783 787 789 790 798 799 801 802 804 808 814 815 816 821 825 827 832 838 856 861 865 870 872 874 876 878 885 889 896 903 908 909 910 916 921 924 925 926 932 937 940 947 949 950 951 962 968 972 973 974 981 984 994 997 
12 19 33 38 81 86 132 139 191 204 206 226 231 237 238 308 313 328 331 352 361 369 399 427 453 478 504 527 581 621 624 647 653 667 671 672 740 742 764 773 819 860 897 906 952 961 969 977 985 989 
1 12 14 19 33 38 42 47 54 62 66 69 74 75 81 86 94 95 127 132 139 142 143 147 149 154 155 191 204 206 220 226 231 237 238 244 262 274 293 301 308 313 318 326 328 331 350 352 361 367 368 369 372 373 388 389 399 427 437 450 453 465 478 502 503 504 522 523 528 542 550 581 600 607 621 624 625 642 647 653 659 667 671 672 690 692 695 697 711 713 715 717 722 726 728 732 739 740 742 745 748 757 764 769 774 778 793 805 819 823 824 848 860 864 866 873 877 882 887 893 894 897 898 900 906 918 952 958 961 969 976 977 983 985 989 
6 18 22 26 53 57 61 67 68 73 74 98 105 135 146 161 171 172 184 185 186 198 199 204 217 222 234 236 255 265 272 278 280 283 289 299 304 315 316 317 330 346 367 368 386 387 392 393 403 421 448 451 454 465 466 474 483 489 490 504 522 539 545 562 576 579 585 588 598 599 612 614 631 640 656 673 680 685 688 689 691 693 700 706 730 731 733 735 750 752 755 770 771 777 780 786 794 797 806 810 820 828 837 839 847 849 850 851 852 864 871 877 883 888 891 892 894 907 912 913 915 918 939 948 959 964 967 976 977 985 991 993 996 
3 9 16 21 30 31 39 44 48 52 56 63 65 71 76 79 84 97 100 101 102 103 110 111 114 116 121 124 126 128 134 140 145 152 156 157 160 162 170 175 176 177 178 180 181 182 187 188 190 192 202 203 205 207 209 213 224 227 229 230 233 250 252 258 264 271 276 281 288 295 306 310 311 312 314 319 321 323 332 333 334 336 340 342 351 354 355 359 360 362 366 370 377 380 383 390 394 396 398 401 409 411 423 426 439 441 442 449 460 462 464 469 471 476 479 480 487 492 498 499 505 507 510 517 518 524 526 532 534 537 538 549 556 563 569 573 580 583 584 590 594 597 610 613 628 629 630 632 637 639 646 650 654 655 664 670 674 678 679 681 683 684 687 703 712 716 718 719 720 724 734 737 741 756 760 765 767 775 783 787 789 798 801 802 808 814 815 816 817 825 827 829 830 832 838 841 853 857 861 865 867 874 876 878 889 896 901 902 903 910 916 921 924 925 930 932 937 940 942 947 951 953 968 972 973 974 984 988 994 997 
2 3 4 14 40 48 50 56 60 69 75 76 82 85 90 92 97 99 103 106 108 110 119 121 136 140 141 160 162 163 168 173 176 200 205 212 213 224 235 243 249 252 258 259 263 275 276 301 321 325 329 336 339 341 344 359 360 363 381 390 398 400 401 404 431 432 440 443 444 446 458 463 472 473 479 501 506 507 511 514 530 532 541 548 556 564 566 569 580 586 592 595 603 607 608 616 634 636 658 664 669 675 683 703 710 712 721 727 734 737 751 756 774 776 778 785 788 795 796 798 800 807 811 817 833 842 845 853 857 867 868 875 879 880 881 886 890 901 917 927 930 935 936 942 943 947 951 953 957 965 982 983 988 995 999 
7 8 16 21 29 31 34 39 44 46 55 59 72 79 96 100 101 102 116 125 126 128 134 137 156 165 169 174 178 179 202 203 210 211 223 233 247 253 260 292 294 305 306 307 310 314 332 334 340 348 354 366 370 372 383 394 411 413 414 423 426 430 434 435 439 455 462 467 470 476 487 492 495 499 505 509 510 518 520 526 538 549 557 563 573 574 584 591 597 625 628 629 630 632 639 645 649 654 655 660 665 666 670 676 694 714 716 718 720 724 738 747 754 767 768 782 783 787 792 801 802 808 814 816 821 835 838 861 865 876 885 910 914 916 926 932 937 949 956 968 994 997 
1 9 19 20 28 29 31 33 34 39 42 47 49 54 55 58 59 62 63 67 68 70 72 73 74 77 78 88 95 96 100 105 109 117 123 125 129 132 135 142 145 147 149 150 151 154 159 160 164 165 178 179 191 193 203 206 216 218 223 228 229 233 238 239 242 244 246 247 248 256 258 260 261 262 265 270 277 278 279 280 288 289 293 294 299 304 307 308 309 312 313 322 324 326 329 330 349 350 352 356 362 365 367 372 373 386 388 392 399 402 403 408 409 415 416 420 427 428 429 430 447 454 455 456 457 459 462 463 468 476 487 492 494 495 496 497 500 502 503 509 510 513 527 531 533 535 536 538 544 546 549 550 553 557 560 573 574 582 596 598 600 601 617 620 624 625 626 635 643 645 652 657 659 664 665 677 684 686 690 692 694 698 704 706 708 713 714 715 717 723 725 726 728 729 735 736 737 739 744 747 748 751 755 757 758 760 761 768 773 774 779 780 783 784 786 792 794 798 801 802 808 813 816 823 830 836 838 839 840 844 850 853 854 858 860 863 864 870 871 873 877 884 889 893 897 898 899 900 904 909 910 914 916 918 919 922 928 932 938 941 944 947 948 952 958 960 962 969 970 973 975 984 989 994 
2 3 4 21 40 48 56 65 76 85 89 90 100 103 108 110 121 122 136 140 145 153 162 170 176 177 180 188 192 200 205 209 213 224 227 249 250 252 258 271 276 296 311 319 321 325 345 359 360 370 377 380 381 398 401 404 431 441 443 444 446 458 480 481 487 507 511 530 532 537 540 548 556 569 580 586 603 604 610 634 636 646 651 658 674 678 681 683 687 699 703 712 734 741 756 775 776 788 795 798 809 815 827 841 842 845 857 867 875 878 895 901 917 927 930 940 942 947 951 953 965 972 982 988 
4 5 9 10 13 15 17 23 24 25 30 32 36 37 51 52 56 65 71 82 83 84 85 87 90 91 93 97 100 110 112 114 116 118 121 122 123 144 145 153 157 160 163 168 175 176 177 180 183 187 188 189 190 195 196 197 199 205 209 212 214 215 218 221 224 225 229 230 232 241 243 245 250 251 252 254 268 276 281 284 287 288 290 295 297 300 302 311 319 320 323 325 333 334 336 342 347 353 355 360 362 364 365 375 376 377 379 380 381 390 391 396 401 408 409 418 419 422 424 425 426 439 444 452 460 461 464 469 471 473 475 479 484 488 512 515 517 519 524 529 532 534 537 540 546 555 556 558 559 561 566 567 569 573 577 590 603 604 605 608 609 610 611 613 615 618 637 638 641 646 651 657 668 670 674 679 682 683 684 687 699 701 702 707 712 718 721 727 741 749 753 756 760 762 763 772 775 781 789 790 809 817 825 826 827 832 838 841 853 855 857 859 870 874 878 883 885 886 890 895 903 907 908 911 920 925 929 930 933 934 942 947 950 951 957 963 966 971 973 974 978 980 981 982 984 
6 14 18 20 22 26 32 45 53 54 57 61 67 74 86 91 95 104 105 112 119 120 123 129 133 135 138 146 151 164 172 184 185 186 189 191 198 199 201 204 217 218 222 226 228 236 243 251 262 265 272 277 278 279 280 282 283 289 299 301 303 304 308 316 317 320 326 329 330 341 346 349 350 352 361 365 367 368 369 376 386 387 389 392 393 402 403 417 419 420 422 427 428 436 440 445 448 451 454 461 463 465 466 472 474 475 479 482 489 490 491 496 500 502 504 522 523 536 542 545 546 550 562 566 576 578 579 585 588 589 596 598 599 619 621 622 624 627 653 656 657 659 673 680 684 685 688 691 692 693 700 704 705 706 717 721 722 725 726 729 730 731 733 735 739 744 748 752 753 755 763 771 773 774 778 780 786 790 793 794 796 797 810 811 813 817 820 823 828 837 847 849 850 851 852 853 854 864 871 873 877 883 888 891 892 893 894 900 906 907 918 919 923 934 939 948 961 962 963 964 967 976 977 979 980 983 985 989 991 999 
2 21 39 41 44 48 56 60 63 64 75 79 92 100 101 103 106 121 124 127 134 140 141 142 143 145 147 148 152 154 156 160 162 167 177 178 181 182 192 202 203 205 209 213 220 224 227 233 244 248 250 258 259 263 271 276 286 288 293 306 312 318 321 326 335 344 345 351 354 358 359 360 370 374 377 380 382 390 395 397 401 439 441 462 468 479 480 487 492 498 502 503 505 506 507 518 526 532 537 538 547 554 564 573 584 594 595 600 606 607 610 616 625 628 642 644 646 650 654 659 663 664 674 678 681 683 690 697 703 713 715 718 719 720 728 734 737 741 746 751 767 769 776 778 785 787 793 795 798 801 802 803 808 814 815 816 827 829 830 838 846 848 866 867 868 875 878 879 882 887 889 901 902 910 916 921 932 935 940 942 946 947 951 958 962 968 972 973 983 984 988 990 992 994 995 997 
5 23 24 30 36 52 65 71 83 84 93 116 118 122 144 157 169 175 180 183 190 194 195 196 207 214 225 230 232 241 245 254 264 281 287 290 295 297 300 302 323 333 334 342 353 355 371 379 380 384 391 396 418 423 424 426 438 442 452 460 469 471 486 512 515 524 525 529 534 555 558 583 590 591 597 605 609 613 615 638 641 668 670 679 682 718 741 765 772 781 789 799 804 832 838 855 856 859 874 885 903 908 911 925 929 933 945 949 950 966 971 974 981 
2 3 4 10 13 14 21 25 30 37 40 48 50 51 52 56 63 65 76 84 85 87 90 92 97 100 101 103 106 108 110 114 119 121 122 136 140 145 153 157 160 162 163 168 170 173 175 176 177 180 187 188 192 197 203 205 209 212 213 218 221 224 227 230 233 235 243 249 250 252 258 268 271 275 276 281 288 290 295 296 306 311 319 321 323 325 329 336 342 344 345 359 360 362 363 364 365 370 376 377 380 381 390 398 400 401 404 409 422 425 431 439 441 443 444 446 458 460 463 464 469 472 473 479 480 481 484 487 488 496 501 502 506 507 514 517 519 524 532 537 538 540 546 548 556 559 564 566 569 573 580 586 590 592 603 604 608 610 613 615 616 618 634 636 637 646 651 658 664 669 674 675 678 679 681 683 684 687 699 703 707 712 715 718 727 734 737 741 749 751 756 760 775 776 785 788 789 795 796 798 802 807 808 809 811 815 816 817 825 826 827 838 841 845 853 857 867 875 878 879 881 886 889 890 895 896 901 903 910 916 917 920 924 925 927 930 934 935 936 940 942 947 951 953 957 962 966 972 973 978 982 983 984 988 
4 5 9 13 14 15 17 20 25 27 30 32 37 45 51 56 63 65 82 87 90 91 97 100 106 112 114 119 121 123 130 145 151 157 160 168 176 177 185 187 189 190 199 201 205 209 214 215 217 218 219 222 224 225 229 230 240 243 250 251 260 265 276 277 278 279 281 284 288 289 295 297 303 304 319 320 321 325 326 329 333 336 341 342 347 349 360 362 365 375 376 377 378 379 380 390 391 401 402 403 408 409 418 419 422 426 428 439 451 457 461 463 464 469 473 475 479 482 487 488 489 490 491 496 500 502 507 512 516 517 532 536 537 546 559 561 566 570 572 573 577 578 585 587 589 596 598 608 610 613 615 618 619 622 626 640 641 646 657 662 664 674 677 679 680 683 684 688 691 693 694 701 704 712 715 718 721 725 729 734 735 737 739 741 744 751 752 753 755 756 760 762 763 770 772 775 779 780 789 790 791 794 796 798 811 816 817 826 827 838 847 853 854 870 873 878 881 883 885 889 890 891 893 900 903 905 907 910 916 918 923 930 934 942 947 951 955 957 962 963 971 973 979 980 983 984 
6 14 18 20 22 26 53 54 57 61 66 69 74 75 82 86 94 95 107 112 120 129 135 138 146 155 171 172 185 186 191 198 204 217 222 226 228 236 262 272 274 278 279 280 282 283 289 301 303 304 308 315 316 318 326 330 331 339 341 346 350 352 361 367 368 369 386 387 389 392 393 417 421 427 436 440 445 448 450 451 454 465 466 472 474 483 500 504 522 523 541 542 550 551 562 566 571 576 588 589 599 612 621 622 624 627 648 653 656 659 673 680 685 691 692 705 706 709 717 722 726 729 730 731 732 733 739 740 748 752 764 771 773 774 778 786 793 794 797 800 810 811 819 820 823 828 837 847 849 850 851 852 864 871 873 877 888 892 893 894 900 906 918 919 939 948 959 961 964 976 977 983 985 986 989 991 993 999 
11 28 35 43 49 58 67 68 73 77 78 80 88 105 113 115 129 150 159 164 165 184 193 216 219 234 239 242 246 255 256 260 261 269 270 279 280 285 291 294 299 309 324 330 343 385 386 392 402 405 415 416 420 429 430 447 448 454 455 456 457 459 477 485 494 497 508 509 513 527 533 535 536 543 544 552 553 560 565 568 570 578 582 596 598 602 617 620 626 635 652 677 686 689 696 698 706 708 723 731 735 736 744 747 761 768 779 780 784 786 812 813 818 822 831 839 840 844 858 869 884 892 899 904 909 915 919 922 928 931 938 944 948 954 960 970 975 991 
3 21 44 52 56 65 71 84 100 101 110 111 121 122 126 128 140 145 153 162 170 175 177 180 188 192 194 195 205 207 209 224 227 230 250 252 254 264 268 276 281 288 290 295 300 302 306 311 319 323 325 342 360 366 370 377 380 381 394 398 401 439 449 458 460 469 488 524 525 529 532 534 537 540 548 555 556 569 580 590 597 605 609 610 613 637 646 651 670 674 678 679 683 687 699 703 707 716 718 741 756 775 781 787 789 814 815 825 827 832 838 841 859 874 878 895 896 901 920 924 925 930 940 942 947 951 966 972 974 982 988 
5 6 13 15 17 18 20 25 26 27 32 45 53 61 67 82 87 91 98 104 107 112 114 118 120 123 133 138 151 161 166 184 185 187 189 199 201 208 217 218 222 225 234 240 241 243 251 255 265 267 272 273 278 283 284 289 297 303 315 316 317 320 346 347 375 376 378 391 393 403 417 418 419 422 428 433 436 445 451 461 474 475 482 483 489 490 491 496 500 512 516 519 521 539 545 546 551 558 559 561 567 571 577 578 579 585 588 589 593 599 612 614 618 619 622 627 631 640 641 657 662 673 680 684 688 689 691 693 700 701 702 709 721 730 731 735 750 752 753 755 762 763 766 770 771 777 780 790 791 794 797 800 806 810 817 818 826 828 834 847 849 852 853 854 883 888 890 891 903 905 907 911 912 913 923 934 939 954 955 959 963 967 971 979 980 986 991 996 998 
11 27 35 43 53 67 68 80 98 105 113 123 151 158 161 166 184 193 199 201 208 219 222 234 240 255 257 265 269 280 285 291 298 299 309 316 317 330 346 349 357 378 385 402 403 406 412 419 420 428 447 457 459 461 477 485 489 490 493 508 516 521 536 539 543 544 545 552 565 568 570 572 578 585 587 588 598 602 614 620 626 631 635 640 652 662 673 686 688 689 693 696 698 700 701 708 731 735 750 755 762 766 770 777 779 780 791 806 810 818 822 834 839 854 869 883 891 904 905 907 912 913 915 931 948 954 955 963 979 980 991 996 998 
1 9 14 19 20 34 39 42 47 48 54 55 60 62 63 64 66 69 72 74 75 92 94 95 100 101 106 121 127 129 132 135 139 142 143 145 147 149 154 156 160 164 167 178 182 203 206 218 220 228 231 233 238 244 247 248 258 259 260 262 271 274 277 279 288 293 301 303 304 308 312 318 321 322 326 329 349 350 352 358 361 365 367 372 373 382 388 390 392 399 402 409 415 420 427 437 450 453 454 455 462 463 468 472 478 479 480 487 492 495 500 502 503 506 507 509 511 526 528 538 542 547 550 557 564 573 581 589 595 596 600 607 616 617 621 625 642 643 659 664 672 677 681 690 692 694 695 697 704 706 710 711 713 714 715 717 719 722 725 726 728 729 737 739 744 745 747 748 751 755 757 767 769 773 774 778 785 793 794 795 796 798 801 802 803 805 808 811 813 816 823 824 830 838 840 846 848 850 854 858 863 864 866 867 868 871 873 877 879 882 887 889 893 898 900 910 914 916 918 919 932 935 942 944 947 948 952 958 962 973 983 984 989 990 994 
6 14 18 20 22 26 32 45 53 57 61 67 74 82 91 95 104 107 112 114 119 120 123 129 133 135 138 146 151 160 168 172 184 185 186 187 189 198 199 201 217 218 222 236 243 251 265 267 272 277 278 280 282 283 289 301 303 304 315 316 317 320 326 329 336 341 346 347 349 362 363 365 367 376 390 393 401 403 409 417 419 420 422 428 433 436 440 445 451 454 461 463 465 466 472 474 475 479 482 483 489 490 491 496 500 502 512 519 523 536 542 545 546 566 567 571 578 579 585 588 589 598 599 612 619 622 627 657 673 680 684 685 688 691 692 693 700 704 705 709 721 722 725 729 730 731 733 735 739 751 752 753 755 760 763 771 774 780 790 793 794 796 797 800 810 811 817 820 823 828 837 847 849 851 852 853 854 864 870 871 873 881 883 888 890 891 892 893 900 907 918 923 934 939 948 962 963 964 967 976 979 980 983 984 986 991 999 
6 12 14 19 20 22 38 42 54 57 63 66 67 69 73 74 75 81 86 94 95 105 129 132 135 139 146 147 149 154 155 164 172 185 186 191 198 204 206 217 218 226 228 236 237 248 262 274 277 278 279 280 282 283 289 293 299 301 303 304 308 313 318 326 329 330 331 341 349 350 352 361 367 368 369 372 373 386 389 392 399 402 403 415 420 421 427 440 445 448 450 454 465 466 472 478 495 500 502 503 504 522 523 527 528 542 550 562 576 589 596 598 621 624 627 653 656 659 672 677 680 685 690 691 692 694 695 704 705 706 715 717 722 725 726 728 729 730 732 733 735 739 740 744 748 755 757 764 773 774 778 786 793 794 805 811 813 816 819 820 823 828 837 840 847 850 851 854 858 860 864 866 871 873 877 892 893 894 898 900 906 918 919 939 944 948 952 958 961 962 964 969 976 977 983 984 985 989 991 999 
5 20 26 27 32 43 45 53 61 67 68 80 91 98 105 113 120 123 129 133 135 138 151 161 166 172 184 185 186 187 193 199 201 208 217 218 219 222 225 234 240 251 255 257 265 278 280 289 291 299 309 316 317 320 330 346 349 357 365 378 386 391 392 393 402 403 406 412 418 419 420 422 428 447 451 454 457 461 475 477 482 485 489 490 491 493 496 508 512 516 521 536 539 545 546 552 561 565 568 570 577 578 585 588 598 599 614 626 631 640 657 662 673 680 684 688 689 691 693 700 701 729 730 731 733 735 744 750 752 755 762 763 766 770 777 780 786 790 791 794 806 810 818 822 826 834 837 847 851 852 854 864 869 871 873 883 891 892 903 905 907 912 913 915 923 931 934 948 954 955 962 963 967 979 980 991 996 998 
1 7 9 19 20 29 31 34 39 42 47 49 54 55 58 59 62 63 70 72 73 77 79 95 96 100 101 105 117 123 125 129 130 132 134 135 137 142 143 145 147 149 151 152 154 156 159 160 164 165 178 182 193 203 206 211 218 223 228 229 231 233 238 244 247 248 253 256 258 260 261 262 265 270 271 277 278 279 288 289 293 294 299 304 306 307 308 312 318 322 326 329 343 349 350 352 356 358 362 365 367 372 373 382 388 392 399 402 403 408 409 414 415 420 426 428 429 435 439 454 455 456 457 462 463 468 476 480 487 492 494 495 496 500 502 503 505 509 510 518 520 526 527 528 535 536 538 546 549 550 557 560 573 574 581 582 587 596 598 600 613 617 625 629 632 642 643 645 655 657 659 660 664 665 666 676 677 684 690 692 694 698 704 706 708 711 713 714 715 717 719 725 726 728 729 735 737 738 739 744 745 747 751 755 757 758 760 761 767 768 769 773 779 780 782 783 792 794 798 801 802 805 808 813 814 816 821 823 830 835 838 840 844 846 848 850 853 854 858 863 864 866 870 871 873 877 884 885 887 889 893 898 899 900 909 910 914 916 918 919 928 932 938 941 944 947 948 949 952 958 960 962 968 973 984 989 990 994 997 
1 12 14 19 33 38 42 47 54 60 63 64 66 69 74 75 81 86 94 95 127 132 139 142 143 147 148 149 154 155 167 204 206 220 226 231 237 238 244 248 259 262 274 293 301 308 318 326 328 331 350 352 358 361 368 369 372 382 389 399 427 437 450 453 465 468 478 502 503 506 511 523 528 538 542 547 550 564 581 595 600 607 616 621 624 625 642 647 659 663 672 690 692 695 697 710 711 713 715 717 722 726 728 732 739 742 745 746 748 764 769 774 778 785 793 803 805 819 823 824 830 848 860 864 866 868 873 879 882 887 893 897 898 900 906 918 946 958 961 969 983 989 
11 28 35 43 49 58 67 68 73 78 80 88 105 113 115 129 130 150 159 164 165 193 216 219 234 239 242 255 256 261 269 270 280 285 291 298 299 309 324 330 343 384 385 402 405 406 408 410 416 420 429 430 447 456 457 459 477 485 486 494 497 508 513 533 535 536 543 544 552 553 565 568 570 578 582 587 598 602 620 626 635 652 686 689 696 698 708 723 736 779 784 812 813 818 822 831 839 844 858 869 884 885 899 904 909 915 922 928 931 938 945 948 949 954 960 970 975 
2 41 48 60 63 64 66 69 74 75 86 92 94 95 103 106 127 139 141 143 147 148 154 155 167 182 206 220 231 235 237 244 258 259 263 274 286 293 301 308 312 318 321 335 344 345 358 361 382 400 404 431 437 450 453 468 472 478 501 506 511 523 528 542 547 554 564 581 595 606 607 616 642 647 659 663 664 672 681 690 695 697 710 711 713 715 719 722 732 745 746 748 764 769 774 776 778 785 793 795 803 805 811 824 830 833 842 846 848 866 867 868 875 879 880 882 887 898 935 946 958 983 990 992 995 
8 9 11 24 27 28 29 30 31 35 39 43 49 58 59 67 68 78 80 88 105 113 116 123 125 129 130 151 158 159 164 165 169 179 187 193 201 214 215 216 219 223 229 233 234 239 242 255 256 260 261 269 270 279 280 285 288 291 292 294 295 297 298 299 307 309 324 333 343 349 357 362 365 380 384 385 402 405 406 408 409 410 415 416 419 420 426 428 429 430 447 455 456 457 459 461 471 477 485 486 494 495 497 508 510 512 513 515 516 520 533 534 535 536 543 544 552 553 557 565 568 570 572 573 574 577 578 582 587 596 598 602 613 617 620 626 632 635 638 652 657 665 666 668 670 677 686 689 694 696 698 701 708 723 744 747 759 760 762 768 770 772 779 780 783 790 791 799 802 808 812 813 814 816 822 831 838 839 854 855 858 870 872 873 884 885 899 903 904 905 908 909 910 915 916 928 931 938 945 948 949 950 954 955 960 962 970 973 975 979 984 
3 4 10 13 25 36 37 51 52 56 65 71 76 84 85 87 93 97 110 122 153 170 176 177 180 188 192 194 195 196 197 205 209 224 230 250 252 254 268 276 290 300 302 311 319 321 325 336 342 360 364 380 381 398 401 444 458 460 469 473 479 484 488 517 525 529 532 537 540 548 555 556 558 559 569 590 604 605 608 609 615 618 634 637 646 651 678 679 683 687 699 707 712 734 741 756 775 781 789 798 809 815 825 827 841 845 857 859 874 878 886 895 920 925 930 933 940 947 951 957 966 978 982 988 
5 15 17 18 22 26 27 32 45 53 61 67 91 98 104 120 123 133 138 161 166 184 185 186 189 199 201 208 217 222 234 251 255 265 272 278 280 316 317 320 346 378 391 393 403 417 418 419 422 428 433 436 451 454 461 474 475 482 489 490 491 516 521 539 545 546 561 562 579 585 588 599 614 631 640 662 673 680 688 689 691 693 700 709 730 731 733 735 750 752 753 755 762 763 766 770 771 777 780 791 797 806 810 818 820 834 837 847 849 851 852 854 883 888 891 892 907 912 913 923 934 948 954 955 959 963 967 980 991 993 996 998 
5 9 11 13 15 24 27 30 32 35 36 43 65 80 83 91 93 98 105 113 114 116 118 123 130 144 151 157 158 160 166 169 183 187 190 193 199 201 208 214 215 218 219 222 225 229 230 234 240 241 245 255 257 265 269 273 278 281 284 285 287 288 291 295 297 298 307 309 323 327 333 342 343 349 355 357 362 365 378 379 380 384 391 402 403 406 408 409 410 412 418 419 420 424 426 428 447 452 457 461 464 469 471 475 477 485 486 489 490 493 496 508 510 512 515 516 517 536 543 544 546 552 555 558 561 565 568 570 572 577 578 587 590 593 598 602 609 610 613 614 615 620 626 631 632 633 635 638 640 641 657 661 662 668 679 684 688 689 693 698 701 708 735 744 755 759 760 762 763 766 770 772 777 779 780 790 791 799 806 812 818 822 826 834 853 854 855 869 870 872 883 885 903 904 905 907 908 911 915 925 929 931 934 945 949 950 954 955 963 966 971 973 979 980 981 996 998 
4 10 13 15 17 25 26 32 37 45 51 82 85 87 89 90 91 97 99 104 112 114 120 133 138 153 163 168 176 189 197 212 221 225 243 251 252 266 267 268 272 278 284 290 320 325 336 339 347 360 364 375 381 391 393 401 407 417 422 425 433 436 444 473 475 481 482 484 488 490 491 514 517 519 540 546 551 556 559 566 567 571 585 604 611 615 618 619 622 651 658 679 688 702 707 721 727 743 749 753 756 763 771 809 817 826 843 845 857 883 886 890 895 917 920 923 925 927 934 957 963 966 978 982 986 
2 3 4 21 40 48 56 60 63 69 75 76 85 90 92 97 100 103 106 108 110 119 121 136 140 141 145 160 162 167 168 176 177 188 192 203 205 209 213 224 227 235 243 249 250 252 258 259 263 271 276 286 311 321 325 335 336 344 345 358 359 360 363 370 377 380 381 390 395 397 398 400 401 404 431 441 443 446 458 468 472 479 480 487 501 506 507 511 532 537 547 548 556 564 566 569 580 586 592 594 595 603 606 607 608 610 616 634 636 646 664 674 675 678 681 683 687 703 710 712 715 734 737 741 756 776 778 785 788 795 798 803 807 811 815 817 827 830 833 841 842 853 857 867 868 875 878 879 881 889 890 901 916 917 930 935 936 940 942 947 951 953 957 958 965 972 982 983 988 995 
1 9 14 19 20 29 31 34 39 42 47 54 55 57 62 63 72 73 74 77 95 96 100 101 105 123 129 132 134 135 142 143 145 147 149 151 154 156 160 164 178 182 193 198 203 206 217 218 222 223 228 229 233 244 247 248 256 258 260 261 262 265 270 271 277 278 279 288 289 293 294 299 303 304 306 308 312 318 322 326 329 349 350 352 358 362 365 367 372 373 376 382 386 388 392 399 402 403 408 409 415 420 427 428 429 439 454 455 456 457 462 463 468 476 479 480 487 492 494 495 496 500 502 503 505 509 510 518 526 527 535 536 538 546 549 550 557 573 574 582 589 596 598 600 617 625 642 643 657 659 664 665 677 680 684 690 691 692 694 704 706 708 713 714 715 717 719 722 725 726 728 729 735 737 739 744 747 748 751 755 757 760 767 768 773 774 779 780 783 786 793 794 796 798 801 802 808 813 816 823 830 838 840 844 847 850 853 854 858 863 864 866 870 871 873 877 884 889 893 898 900 909 910 914 916 918 919 928 932 938 944 947 948 952 958 960 962 968 973 983 984 989 994 997 
6 14 18 20 26 45 50 57 61 69 74 75 82 86 90 94 95 99 104 106 107 112 119 120 133 138 146 163 168 171 173 198 204 212 217 236 266 267 272 274 275 277 282 283 289 301 303 304 308 315 316 318 320 321 326 336 337 339 341 363 367 368 387 389 393 400 417 421 432 436 440 445 450 465 466 472 479 483 500 501 502 504 519 522 523 541 542 551 562 566 571 579 586 589 592 608 612 622 627 648 656 669 680 685 691 692 705 709 710 721 722 729 730 732 733 739 748 771 774 778 793 794 796 800 807 811 820 823 828 833 837 849 880 881 888 890 893 894 900 918 935 936 939 957 964 976 983 986 999 
12 19 20 33 38 42 53 54 57 62 67 68 73 74 77 95 105 129 132 135 139 147 149 150 164 172 184 185 186 191 198 204 206 217 222 226 228 248 262 278 279 280 289 299 304 308 313 316 317 322 326 328 330 346 349 350 352 361 367 368 369 372 373 386 389 392 399 402 403 415 416 420 427 429 448 454 456 459 465 478 494 495 503 504 509 527 550 560 575 576 582 588 596 598 601 621 624 652 653 656 659 667 673 677 680 685 686 690 692 694 704 706 708 717 725 726 728 729 731 735 736 739 740 744 748 755 757 758 773 774 786 794 813 819 823 836 839 840 844 847 850 851 854 858 860 863 864 871 873 877 884 892 893 894 897 900 906 918 919 922 928 944 948 952 961 962 964 969 977 985 989 991 
3 4 5 10 13 15 17 24 25 30 32 36 37 51 52 56 65 71 76 83 84 85 87 89 90 93 97 110 114 118 122 153 157 163 168 176 177 180 183 187 188 189 190 192 194 195 196 197 205 209 212 214 221 225 230 243 245 250 252 254 268 276 281 284 287 288 290 295 296 300 302 311 319 321 323 325 336 342 347 360 362 364 375 379 380 381 391 398 401 418 425 433 444 458 460 461 464 469 473 475 479 481 484 488 512 517 519 524 525 529 532 540 555 556 558 559 567 569 577 590 603 604 605 608 609 610 611 613 615 618 634 637 641 651 658 679 683 687 699 702 707 712 727 734 741 743 749 753 756 760 763 775 781 789 798 809 817 825 826 841 845 857 859 874 878 886 890 895 903 911 920 925 927 929 930 933 934 947 951 957 963 966 971 978 980 981 982 
9 11 27 28 29 35 39 42 43 49 54 58 59 67 68 73 77 78 80 88 105 113 115 123 125 129 130 135 150 151 158 159 164 165 179 184 193 201 215 216 219 228 234 239 242 246 255 256 260 261 262 269 270 279 280 285 291 294 298 299 307 309 313 317 324 330 343 349 352 357 365 373 385 386 392 402 403 405 406 408 410 415 416 419 420 428 429 430 447 448 454 455 456 457 459 477 485 486 494 495 497 508 509 510 513 516 520 527 533 535 536 543 544 552 553 557 560 565 568 570 572 578 582 587 596 598 602 617 620 626 635 652 665 677 686 689 694 696 698 701 704 706 708 717 723 729 731 735 736 744 747 755 761 768 770 773 779 780 784 786 791 812 813 822 831 839 840 844 847 854 858 864 870 871 872 873 884 892 899 904 905 909 910 915 919 922 928 931 938 944 945 948 949 952 954 955 960 962 970 973 975 979 991 
6 14 18 22 26 53 57 61 82 99 104 107 112 120 133 138 146 163 168 171 173 185 186 212 217 236 251 266 267 272 283 303 315 316 320 337 339 341 346 387 393 407 417 421 425 436 445 451 466 474 483 490 491 514 519 522 545 551 562 567 571 579 585 588 599 612 627 648 669 685 688 691 700 705 709 721 722 730 733 743 749 750 771 797 800 810 820 828 837 843 849 852 888 890 923 939 943 959 967 976 986 991 993 
2 4 40 48 50 60 63 66 69 74 75 76 86 90 92 94 95 103 106 108 119 127 136 140 141 143 147 148 154 155 162 163 167 168 173 200 212 213 235 236 249 258 259 263 274 275 282 293 301 308 318 321 341 344 358 359 363 400 404 431 432 437 440 443 446 450 468 472 501 506 511 523 528 541 542 547 548 554 564 566 580 586 592 595 603 607 608 616 627 636 642 659 664 669 675 690 695 697 703 705 710 712 715 722 727 732 734 746 748 774 776 778 785 788 793 795 800 803 805 807 811 824 830 833 842 866 867 868 875 879 880 881 882 917 935 936 943 946 953 958 965 983 988 995 999 
1 19 34 41 42 47 54 60 62 63 64 66 72 75 94 95 127 139 142 143 147 149 154 155 167 178 182 203 206 220 231 237 238 244 247 248 259 262 274 293 308 312 318 322 326 335 350 358 361 372 382 388 399 427 437 453 462 468 478 492 495 503 506 528 538 542 547 550 564 581 600 607 616 621 625 642 643 647 659 663 672 690 694 695 697 711 713 714 715 717 719 726 728 745 746 748 769 785 793 801 805 816 823 824 830 846 848 860 864 866 868 879 882 887 893 897 898 900 914 932 946 958 990 994 
2 3 4 10 14 25 37 40 48 50 51 56 60 65 69 75 76 82 85 87 90 92 97 99 100 103 106 108 110 112 114 119 121 122 136 140 145 153 160 162 163 168 173 176 177 188 189 192 200 205 209 212 218 221 224 230 235 243 249 250 251 252 258 266 275 276 296 301 303 311 319 320 321 325 329 336 337 339 341 347 359 360 362 363 364 376 377 380 381 390 398 400 401 404 422 425 431 432 440 443 444 446 458 463 469 472 473 479 481 487 488 496 501 506 507 511 514 517 519 530 532 537 540 541 546 548 556 559 564 566 567 569 580 586 589 592 595 603 604 607 608 610 611 615 616 618 622 634 636 646 651 658 664 669 674 675 678 679 683 684 699 703 707 710 712 721 727 734 737 741 743 749 751 753 756 774 775 776 778 785 788 789 795 796 798 800 807 809 811 817 827 833 841 842 843 845 853 857 867 868 875 878 879 880 881 886 889 890 895 916 917 927 930 934 935 936 942 943 947 951 953 957 965 978 982 983 988 999 
1 7 19 34 39 41 42 47 48 55 60 62 63 64 66 72 75 79 94 95 96 100 101 127 134 137 139 142 143 147 149 152 154 155 156 167 178 182 203 206 220 231 233 237 238 244 247 248 253 258 259 260 262 271 274 293 308 312 318 322 326 335 350 358 361 372 374 382 388 395 399 415 427 437 453 455 462 468 478 480 487 492 495 502 503 506 509 518 526 528 538 542 547 549 557 564 574 581 594 600 607 616 617 621 625 642 643 644 647 655 659 663 664 672 677 681 690 694 695 697 704 711 713 714 715 719 726 728 737 738 745 746 747 748 751 767 769 782 785 792 793 801 803 805 808 816 823 824 829 830 835 846 848 860 866 868 879 882 887 889 893 897 898 910 914 916 932 941 946 958 962 968 984 990 992 994 997 
1 7 19 28 29 31 34 39 42 47 49 54 55 58 59 62 63 70 72 77 78 79 96 109 117 125 131 134 137 142 143 147 149 150 152 154 165 174 178 179 182 203 206 211 231 233 238 244 246 247 248 253 256 260 261 262 271 279 292 294 307 308 312 322 326 348 350 356 372 373 382 388 399 413 414 415 430 455 456 462 470 476 492 494 495 497 503 509 513 518 526 528 531 535 538 549 553 557 560 574 581 600 601 617 623 625 642 643 645 649 655 665 666 676 677 690 694 704 711 713 714 717 719 728 738 745 747 757 758 761 767 768 769 782 783 784 792 801 802 805 808 816 821 823 830 835 840 846 848 863 864 887 898 899 910 914 916 919 932 941 944 956 960 962 968 984 987 990 994 997 
9 14 20 39 42 48 54 57 60 63 64 66 69 74 75 86 92 94 95 100 101 103 106 114 119 121 127 129 139 142 143 145 147 149 154 155 156 160 167 178 182 203 204 206 218 231 233 235 244 248 258 259 260 262 271 274 277 279 282 288 293 301 303 304 308 312 318 321 326 329 336 341 349 350 358 360 361 362 363 365 368 372 376 377 382 389 390 399 400 401 402 409 420 427 432 437 440 450 463 465 468 472 478 479 480 487 492 495 496 500 502 503 506 507 511 523 526 528 532 538 542 547 550 564 566 573 589 595 596 600 607 608 610 616 621 625 642 659 664 672 677 681 683 684 690 692 694 695 697 703 704 710 711 713 715 717 719 722 725 726 728 729 732 734 737 739 741 744 745 748 751 755 767 774 778 785 793 794 795 796 798 802 803 805 808 811 816 823 824 828 830 833 838 848 853 854 864 866 867 868 873 875 879 880 882 889 893 898 900 910 916 918 919 935 936 942 947 951 958 962 973 983 984 
9 16 21 31 44 46 71 79 84 100 101 102 111 116 121 124 126 128 134 145 156 162 170 175 177 181 202 203 207 210 227 229 233 250 253 264 276 281 288 295 305 306 310 314 323 332 333 334 340 342 348 354 355 366 370 377 380 383 394 396 411 423 426 434 435 439 442 449 460 467 469 470 471 476 480 487 498 499 505 510 518 524 526 534 537 549 563 573 583 584 591 597 610 613 628 629 630 632 637 639 646 649 650 654 655 660 670 674 676 687 716 718 720 724 741 754 765 767 783 787 789 798 801 802 808 814 815 821 825 827 832 838 856 861 865 874 876 878 896 901 902 916 921 924 926 937 940 942 947 951 968 972 973 974 984 994 997 
1 12 19 20 33 34 38 39 42 47 54 55 57 62 63 66 67 70 73 74 77 81 94 95 96 105 109 117 129 132 135 139 142 143 147 149 150 154 164 178 191 198 206 217 228 231 237 238 244 248 260 262 274 277 279 280 293 299 304 308 313 318 322 326 328 330 338 349 350 352 361 367 368 369 372 373 386 388 389 392 399 402 403 415 416 420 427 429 448 453 454 455 456 465 478 494 495 502 503 504 509 527 528 538 542 550 557 560 575 576 581 582 596 598 600 601 617 621 624 625 643 653 656 659 667 672 677 680 685 690 692 694 695 704 706 708 711 714 715 717 723 725 726 728 729 735 736 739 742 744 745 747 748 755 757 758 761 764 773 774 786 793 794 805 813 816 819 823 836 839 840 844 847 850 851 854 858 860 862 863 864 866 871 873 877 884 892 893 897 898 899 900 906 910 918 919 922 928 941 944 948 952 958 961 962 969 984 985 989 991 
8 9 16 21 23 24 29 30 31 39 44 46 48 52 56 63 65 71 79 83 84 100 101 102 111 114 116 121 124 125 126 128 130 134 145 152 156 157 160 162 169 170 175 177 178 180 181 182 187 188 190 192 195 202 203 205 207 209 210 214 223 224 227 229 230 233 250 253 258 264 271 276 281 287 288 294 295 300 302 305 306 307 310 311 312 314 319 323 326 332 333 334 340 342 351 354 355 360 362 365 366 370 377 379 380 383 390 394 396 401 402 408 409 411 414 423 426 434 435 438 439 441 442 449 452 460 462 463 464 467 469 471 476 479 480 487 492 498 499 502 505 510 515 517 518 520 524 525 526 529 532 534 537 538 549 563 573 574 583 584 590 591 594 597 609 610 613 628 629 630 632 637 639 645 646 649 650 654 655 660 665 666 670 674 676 679 681 682 683 684 687 716 718 719 720 724 725 737 741 744 751 754 756 760 765 767 768 772 775 783 787 789 798 799 801 802 804 808 814 815 816 821 825 827 829 830 832 838 856 861 865 870 874 876 878 885 889 896 901 902 903 909 910 916 921 924 925 926 930 932 937 940 942 947 949 950 951 962 968 972 973 974 981 984 994 997 
1 21 34 39 41 44 48 60 63 64 72 75 79 92 100 101 103 121 124 127 134 141 142 143 145 147 148 152 154 156 167 178 181 182 202 203 213 220 227 231 233 244 247 248 258 259 263 271 286 288 293 306 312 318 326 335 344 345 351 354 358 370 372 374 377 382 395 397 439 441 462 468 480 487 492 495 498 502 503 505 506 507 518 526 528 532 538 547 554 564 573 584 594 600 606 607 616 625 628 642 644 646 650 654 659 663 664 674 681 690 694 697 704 711 713 714 715 718 719 720 728 737 741 745 746 751 767 769 778 785 787 793 795 798 801 802 803 805 808 815 816 824 827 829 830 838 846 848 866 867 868 879 882 887 889 898 901 902 910 914 916 921 932 942 946 947 951 958 962 968 972 973 983 984 990 992 994 995 997 
7 21 44 46 48 63 79 100 101 102 124 126 128 134 152 156 181 182 202 203 210 213 227 233 247 253 258 271 305 306 310 312 314 340 345 348 351 354 366 370 374 377 383 394 395 397 411 434 439 441 462 470 480 487 492 498 505 518 526 538 549 563 584 594 628 629 630 639 644 649 650 654 655 670 674 676 681 716 718 719 720 724 767 787 801 816 829 830 835 861 865 876 901 902 916 921 932 942 968 972 990 992 994 997 
4 6 14 15 17 18 20 25 26 32 37 45 50 51 57 61 69 74 82 87 90 91 97 99 104 106 107 112 114 119 120 123 133 138 146 151 160 163 168 171 173 176 185 187 189 199 201 212 217 218 221 222 235 236 243 251 265 266 267 272 275 277 278 282 283 284 289 301 303 304 315 316 320 321 325 329 336 337 339 341 347 349 360 362 363 365 375 376 390 393 400 401 407 409 417 419 422 425 428 432 433 436 440 445 450 451 461 463 465 466 472 473 475 479 482 483 488 489 490 491 496 500 501 502 512 514 517 519 523 536 541 542 546 551 559 566 567 571 578 579 585 586 589 592 603 608 610 612 615 618 619 622 627 648 657 669 675 679 680 684 688 691 702 705 709 712 721 722 725 727 730 732 734 735 737 739 743 749 751 752 753 755 756 760 763 771 774 778 790 793 794 796 797 798 800 807 811 817 826 828 833 843 847 849 852 853 854 870 873 875 880 881 883 886 888 890 891 900 907 923 934 935 936 939 947 957 962 963 967 976 978 979 980 983 986 999 
6 14 18 20 22 26 45 50 54 57 61 63 66 69 74 75 82 86 90 92 94 95 99 106 107 112 119 120 127 129 133 135 138 139 146 147 154 155 160 163 168 171 173 185 186 198 204 206 212 217 218 226 235 236 243 248 259 262 267 272 274 275 277 278 282 283 289 293 301 303 304 308 315 316 318 320 321 326 329 331 336 337 339 341 349 350 360 361 363 365 367 368 376 389 390 393 399 400 401 417 421 422 427 432 436 437 440 445 450 454 463 465 466 468 472 478 479 482 483 496 500 501 502 503 504 506 507 511 519 522 523 528 532 541 542 546 550 551 562 564 566 571 576 586 589 592 595 607 608 612 619 621 622 627 648 656 659 664 669 672 680 685 690 691 692 695 697 704 705 709 710 715 721 722 725 726 728 729 730 732 733 734 737 739 748 751 752 755 764 771 774 778 785 793 794 796 798 800 805 807 811 816 817 820 823 828 833 837 847 849 850 851 852 853 854 864 866 867 868 871 873 875 877 880 881 888 890 893 894 898 900 918 923 935 936 939 947 948 957 958 961 962 964 976 977 983 984 986 989 999 
28 34 35 42 49 55 58 70 73 77 78 88 96 105 109 115 117 129 131 150 159 164 165 193 216 239 242 246 256 260 261 270 279 294 299 309 322 324 338 356 373 392 402 405 415 416 420 429 430 447 455 456 457 459 494 495 497 509 513 527 531 533 535 543 544 553 557 560 575 582 596 601 602 617 623 635 652 677 686 696 698 708 717 723 736 744 747 758 761 768 784 813 831 836 839 840 844 858 862 863 884 899 909 919 922 928 938 941 944 952 960 970 975 987 
7 16 21 44 46 79 100 101 102 124 126 128 134 152 156 174 181 182 202 203 210 211 227 233 247 253 271 305 306 310 314 332 340 348 354 366 370 377 383 394 411 423 434 435 439 449 462 467 470 476 480 487 492 498 499 505 518 526 549 563 584 597 625 628 629 630 639 649 650 654 655 660 670 674 676 716 718 720 724 754 767 787 801 802 808 814 821 829 835 861 865 876 902 921 926 932 937 968 972 994 997 
9 14 20 29 30 31 39 42 45 54 57 63 74 91 95 100 101 105 106 112 114 116 119 123 129 130 135 142 145 147 149 151 154 160 164 178 185 187 198 203 214 215 217 218 222 223 228 229 233 243 248 258 260 262 265 272 274 277 278 279 288 289 293 294 295 299 301 303 304 306 308 318 321 326 329 336 341 349 350 360 362 365 367 372 376 377 380 386 390 392 393 399 401 402 403 408 409 415 420 422 426 427 428 436 439 451 454 455 457 461 463 468 469 479 482 487 492 495 496 500 502 503 507 510 512 534 536 538 542 546 550 557 564 566 570 573 578 587 589 596 598 608 610 613 617 619 622 625 626 657 659 664 665 670 677 680 684 690 691 692 694 704 706 715 717 718 721 722 725 726 728 729 730 735 737 739 741 744 748 751 752 755 760 772 773 774 778 779 780 789 790 793 794 796 798 802 808 811 813 814 816 817 823 828 830 838 847 850 853 854 858 864 870 871 873 877 883 885 889 893 900 903 909 910 916 918 919 923 934 935 947 948 951 958 960 962 973 979 983 984 989 
1 12 14 19 20 38 42 47 54 57 62 63 66 69 74 75 81 86 94 95 127 129 132 135 139 142 143 147 149 154 155 191 198 204 206 217 218 226 228 231 236 237 238 244 248 262 274 277 279 293 301 303 304 308 313 318 326 328 329 331 349 350 352 361 367 368 369 372 373 388 389 392 399 402 420 427 437 450 453 454 465 466 472 478 495 500 502 503 504 523 527 528 542 550 576 581 589 596 600 607 621 624 625 642 647 653 656 659 672 677 680 685 690 692 694 695 704 706 711 713 715 717 722 725 726 728 729 732 739 740 742 744 745 748 755 757 764 773 774 778 793 794 805 811 816 819 823 824 840 850 851 854 860 864 866 871 873 877 887 893 894 897 898 900 906 918 919 944 948 952 958 961 962 969 976 977 983 984 985 989 
4 10 25 26 37 40 45 50 51 69 76 82 85 87 89 90 97 99 104 106 107 108 112 114 119 120 133 136 138 153 163 168 173 176 200 205 212 221 235 243 249 251 252 266 267 272 275 296 320 321 325 336 337 339 341 347 360 363 364 375 381 393 400 401 404 407 417 422 425 436 440 443 444 446 458 472 473 479 481 484 488 491 501 511 514 517 519 530 541 548 551 556 559 566 567 571 586 592 603 604 608 611 615 618 634 658 669 675 679 683 702 707 710 712 721 727 734 743 749 753 756 771 788 800 807 809 817 833 843 845 853 857 875 881 886 890 895 917 923 927 936 943 953 957 965 978 982 986 
1 7 12 14 19 33 34 38 39 42 47 48 54 55 62 63 66 69 70 72 74 75 77 79 81 86 94 95 96 109 117 127 129 132 134 135 137 139 142 143 147 149 150 152 154 155 164 167 178 182 191 203 204 206 226 228 231 233 237 238 244 247 248 253 258 260 262 271 274 277 279 293 301 308 312 313 318 322 326 328 331 350 352 358 361 367 368 369 372 373 382 388 389 392 399 415 427 429 437 450 453 454 455 456 462 465 468 478 492 494 495 502 503 509 518 523 526 527 528 538 542 549 550 557 560 574 581 596 600 601 607 617 621 624 625 642 643 647 655 659 664 672 677 681 690 692 694 695 704 706 711 713 714 715 717 719 722 725 726 728 729 732 737 738 739 742 745 747 748 751 757 758 761 764 767 769 773 774 778 782 785 792 793 801 805 808 813 816 819 823 824 830 835 836 840 844 846 848 850 858 860 863 864 866 871 873 877 879 887 889 893 897 898 900 906 910 914 916 918 919 922 932 941 944 948 952 958 961 962 968 969 983 984 989 990 994 997 
9 14 19 20 27 29 42 53 54 57 63 67 68 73 74 80 91 95 105 112 119 123 129 132 135 146 147 149 151 160 164 184 185 186 191 193 198 199 201 215 217 218 222 228 234 236 248 260 262 265 270 272 277 278 279 280 282 289 299 301 303 304 308 309 313 316 317 326 329 330 341 346 349 350 352 362 365 367 368 369 372 373 376 386 389 392 393 399 402 403 408 409 415 419 420 427 428 429 436 440 445 447 448 451 454 455 456 457 459 461 463 465 466 472 479 482 485 494 495 496 500 502 503 504 523 527 536 542 546 550 552 566 570 576 578 582 585 587 588 589 596 598 619 621 622 624 626 627 652 653 656 657 659 677 680 684 685 690 691 692 693 694 704 705 706 708 715 717 722 725 726 728 729 730 731 733 735 737 739 744 748 751 752 755 757 760 773 774 778 779 780 786 790 793 794 796 811 813 816 820 823 828 837 839 840 844 847 850 851 853 854 858 864 870 871 873 877 883 884 891 892 893 900 906 907 909 910 916 918 919 923 928 934 938 944 948 952 954 955 960 961 962 964 973 976 979 980 983 984 985 989 991 996 999 
6 14 18 20 22 26 45 50 53 57 61 67 74 82 91 95 99 104 107 112 119 120 123 133 135 138 146 168 171 172 184 185 186 198 201 204 212 217 218 222 236 243 251 265 267 272 277 278 280 282 283 289 301 303 304 315 316 317 320 326 329 336 339 341 346 363 367 368 376 387 393 403 417 421 422 428 436 440 445 451 454 463 465 466 472 474 479 482 483 490 491 496 500 502 504 519 522 523 541 542 545 546 551 562 566 567 571 576 579 585 588 589 599 612 619 622 627 648 656 657 669 673 680 685 688 691 692 693 700 705 709 721 722 725 729 730 731 733 735 739 748 750 752 753 755 771 774 778 780 793 794 796 797 800 810 811 817 820 823 828 837 847 849 850 851 852 853 854 864 871 873 877 881 883 888 890 891 892 893 894 900 907 918 923 939 948 959 961 964 967 976 983 986 989 991 993 999 
6 18 22 26 53 57 61 67 68 73 80 98 105 129 135 146 161 164 172 184 185 186 193 198 199 201 217 222 234 255 265 278 280 289 299 304 309 315 316 317 330 346 349 367 386 387 392 393 402 403 416 420 421 428 429 448 451 454 457 459 474 485 489 490 504 522 527 536 539 545 552 562 576 579 585 588 598 599 612 614 631 640 652 656 673 680 685 686 688 689 691 693 700 706 708 729 730 731 733 735 750 752 755 770 771 777 780 786 794 797 806 810 813 820 822 837 839 844 847 849 850 851 852 864 871 877 883 888 891 892 894 907 912 913 915 918 939 948 954 955 959 964 967 985 991 993 996 
12 14 50 54 57 66 69 74 75 81 82 86 92 94 95 106 112 119 127 139 147 154 155 168 204 206 226 231 235 236 237 249 259 274 275 282 283 293 301 303 304 308 318 321 326 331 341 350 361 363 367 368 369 389 399 400 404 427 432 437 440 445 450 465 466 468 472 478 479 501 502 504 506 511 522 523 528 541 542 550 564 566 586 589 592 595 607 608 621 622 624 627 647 659 672 685 692 695 697 705 710 715 721 722 726 728 732 739 740 748 764 774 776 778 785 793 796 800 805 807 811 823 824 828 833 842 864 866 867 868 873 875 877 880 881 893 894 898 900 906 918 935 936 958 961 976 977 983 989 999 
6 14 18 20 22 26 45 53 57 61 67 74 82 91 95 104 107 112 120 123 129 133 135 138 146 171 172 184 185 186 198 201 204 217 222 236 265 272 278 280 282 283 289 301 303 304 315 316 317 320 330 341 346 367 368 387 393 403 417 421 428 436 440 445 448 451 454 465 466 472 474 482 483 496 500 504 522 523 542 545 546 562 566 576 579 585 588 589 599 612 619 622 627 656 673 680 685 691 692 693 700 705 709 722 729 730 731 733 735 739 748 752 755 771 774 778 780 786 793 794 797 800 810 811 820 828 837 847 849 850 851 852 854 864 871 873 877 883 888 891 892 893 894 900 907 918 923 939 948 961 964 967 976 983 985 986 989 991 999 
2 3 4 10 14 37 40 48 50 51 56 60 63 65 69 75 76 82 85 87 90 92 97 99 100 103 106 108 110 112 114 119 121 136 140 145 153 160 162 163 167 168 173 176 177 188 189 192 203 205 209 212 213 218 221 224 227 230 235 243 249 250 251 252 258 271 275 276 277 301 303 311 318 319 320 321 325 329 336 339 341 344 345 347 358 359 360 362 363 376 377 380 381 390 398 400 401 404 422 425 431 440 441 443 444 446 458 463 468 469 472 473 479 480 487 488 496 501 502 506 507 511 517 519 532 537 540 546 547 548 556 559 564 566 567 569 580 586 589 592 595 603 604 607 608 610 616 622 634 636 646 651 664 669 674 675 678 681 683 684 699 703 707 710 712 715 721 722 727 734 737 741 749 751 753 756 774 775 776 778 785 788 789 793 795 796 798 800 803 807 809 811 815 817 827 830 833 841 842 845 853 857 867 868 875 878 879 881 886 889 890 895 900 901 916 917 930 934 935 936 942 947 951 953 957 958 978 982 983 984 988 
9 18 20 22 26 27 29 32 35 45 53 54 57 61 63 67 68 73 74 80 91 105 120 123 129 133 135 138 151 160 164 172 184 185 186 187 189 193 198 199 201 215 217 218 219 222 228 234 240 243 251 255 260 262 265 270 278 279 280 289 291 299 303 304 309 316 317 320 326 329 330 346 349 350 362 365 367 376 378 386 392 393 402 403 408 409 416 419 420 422 428 429 447 448 451 454 455 457 459 461 463 474 475 482 485 489 490 491 496 500 512 516 527 536 539 545 546 550 552 562 565 570 572 576 577 578 585 587 588 589 596 598 599 602 614 619 622 626 631 635 652 656 657 673 677 680 684 686 688 689 691 692 693 694 700 701 704 706 708 717 721 725 729 730 731 733 735 739 744 752 753 755 760 762 763 770 771 773 774 777 779 780 786 790 791 794 796 797 810 813 816 817 820 822 828 837 839 844 847 849 850 851 852 853 854 858 864 870 871 873 877 883 888 891 892 893 900 905 907 909 910 912 915 916 918 919 923 934 938 944 948 954 955 960 962 963 964 967 973 979 980 984 989 991 996 
28 34 42 55 68 70 73 77 78 88 96 105 109 115 117 129 131 150 164 165 216 228 239 242 246 256 261 270 279 280 294 299 313 322 324 330 338 352 356 373 386 392 405 415 416 429 430 455 456 459 494 495 497 509 513 527 531 533 535 553 557 560 575 582 601 617 623 635 652 677 686 696 706 708 717 723 736 747 758 761 768 773 784 786 813 831 836 839 840 844 858 862 863 884 899 919 922 928 938 941 944 948 952 960 970 975 987 
2 3 4 9 14 20 21 29 30 31 37 39 48 54 56 57 63 69 74 75 87 90 92 94 95 97 100 101 103 106 110 114 116 119 121 140 142 143 145 147 151 154 156 157 160 162 167 168 176 177 178 182 187 203 205 209 213 218 223 224 227 229 230 233 235 243 244 248 250 252 258 260 262 271 274 276 277 279 288 293 295 301 303 304 306 308 312 318 321 325 326 329 336 341 344 345 349 350 358 359 360 362 363 365 370 372 376 377 380 382 390 400 401 402 408 409 426 439 441 461 463 464 468 469 472 479 480 487 492 496 500 502 503 506 507 510 512 517 526 528 532 534 537 538 542 546 556 564 566 569 573 586 589 592 595 596 600 607 608 610 613 616 622 625 642 646 657 659 664 670 674 675 677 681 683 684 690 694 703 704 712 713 715 718 719 721 722 725 728 729 734 737 739 741 744 748 751 756 760 767 774 778 785 789 790 793 794 795 796 798 802 808 811 814 815 816 817 823 826 827 828 830 833 838 848 853 854 857 866 867 870 873 875 878 879 881 889 890 893 900 901 910 916 918 930 934 935 936 942 947 951 953 957 958 962 972 973 983 984 
1 7 8 16 28 29 31 34 39 42 44 49 55 58 59 70 72 78 79 88 96 100 102 109 115 125 131 134 137 142 159 165 169 174 178 179 210 211 216 223 233 239 242 244 246 247 248 253 256 260 261 270 292 294 305 306 307 310 312 322 340 348 356 372 383 405 413 414 430 434 435 439 455 462 467 470 476 492 494 495 497 503 509 510 513 518 520 526 531 533 535 538 549 553 557 560 573 574 591 600 617 623 625 629 630 632 643 645 649 654 655 660 665 666 676 694 713 714 728 738 747 754 761 768 782 783 784 792 801 802 808 814 816 821 831 835 838 898 899 909 910 914 916 926 932 937 938 941 949 956 960 987 994 997 
9 12 14 20 29 39 42 45 54 57 63 66 67 74 86 91 94 95 100 105 106 112 114 119 123 129 132 135 139 142 145 146 147 149 151 154 160 164 178 185 186 187 198 203 204 206 217 218 222 228 233 236 243 248 258 260 262 265 272 274 277 278 279 280 282 288 289 293 299 301 303 304 308 318 321 326 329 336 341 349 350 352 360 361 362 365 367 368 369 372 376 380 386 389 390 392 393 399 401 402 403 408 409 415 420 422 427 428 436 440 445 451 454 455 457 461 463 465 466 468 472 478 479 482 492 495 496 500 502 503 504 507 512 523 528 536 538 542 546 550 557 564 566 573 576 589 596 598 608 610 617 619 621 622 624 625 627 656 657 659 664 672 677 680 684 685 690 691 692 694 695 704 705 706 715 717 721 722 725 726 728 729 730 732 733 735 737 739 744 748 751 752 755 760 773 774 778 779 780 786 790 793 794 796 798 805 808 811 813 816 817 820 823 828 830 837 838 847 850 851 853 854 858 864 866 870 871 873 877 883 889 893 898 900 906 909 910 916 918 919 923 934 935 947 948 958 960 961 962 964 973 976 983 984 989 991 999 
12 33 38 66 81 86 132 139 155 191 204 206 226 228 231 237 274 308 313 328 331 352 361 367 368 369 389 399 427 450 453 465 478 504 522 523 527 550 576 621 624 647 653 656 667 671 672 685 692 706 726 732 740 742 748 764 773 819 850 860 864 877 893 894 906 952 961 969 976 977 985 989 
3 9 14 16 21 23 24 30 31 32 37 39 44 48 51 52 56 63 65 71 76 83 84 87 97 100 101 102 103 106 110 111 114 116 119 121 122 126 128 130 134 140 145 156 157 160 162 169 170 175 176 177 178 180 181 182 187 188 190 192 195 203 205 207 209 213 214 215 218 224 225 227 229 230 233 250 252 258 264 268 271 276 281 287 288 290 295 300 306 311 312 319 321 323 325 326 329 332 333 334 336 340 342 354 355 359 360 362 365 366 370 377 379 380 390 394 396 398 401 402 408 409 411 423 426 438 439 441 442 449 452 460 461 463 464 469 471 473 476 479 480 487 488 492 498 499 502 505 507 510 512 515 517 518 524 526 529 532 534 537 538 546 549 555 556 566 569 573 580 583 584 590 591 594 597 605 608 609 610 613 615 628 629 630 632 637 638 639 641 646 650 651 657 664 670 674 678 679 681 682 683 684 687 699 703 707 712 715 716 718 719 725 734 737 741 744 751 756 760 765 767 772 775 783 787 789 790 796 798 799 801 802 804 808 811 814 815 816 817 825 826 827 830 832 838 841 853 856 857 859 861 865 867 870 874 876 878 885 889 896 901 902 903 910 916 921 924 925 930 934 937 940 942 947 950 951 953 962 966 971 972 973 974 980 981 982 983 984 988 997 
12 19 33 38 47 62 66 81 86 94 95 132 139 147 149 155 191 204 206 226 231 237 238 274 308 313 318 328 331 350 352 361 369 373 388 389 399 427 453 478 504 527 528 542 550 581 600 621 624 647 653 659 667 671 672 695 717 726 728 740 742 745 748 757 758 764 773 793 805 819 823 824 836 860 887 893 897 898 906 952 961 969 977 985 989 
4 10 17 26 37 40 50 51 82 85 87 89 90 97 99 104 107 108 112 120 133 138 153 163 168 173 176 197 200 212 221 249 251 252 266 267 272 296 320 325 336 337 339 341 347 360 364 375 381 407 417 425 444 458 473 481 483 484 488 491 514 519 530 540 541 548 551 556 559 567 571 586 603 604 608 611 618 634 648 658 669 702 707 709 712 721 727 743 749 753 756 771 788 800 807 809 843 845 857 886 890 895 917 920 923 927 943 957 965 978 982 986 
9 11 20 24 27 28 29 30 31 34 39 42 49 54 55 57 58 59 63 67 68 72 73 74 80 88 95 96 100 101 105 116 123 125 129 130 134 135 142 145 151 154 159 160 164 165 169 178 179 184 187 190 193 198 201 203 214 215 216 217 218 222 223 228 229 233 234 239 242 248 256 258 260 261 262 265 270 277 278 279 280 281 285 288 289 294 295 297 299 304 306 307 308 309 317 324 326 329 330 333 342 343 349 350 362 365 367 372 380 384 386 390 392 402 403 408 409 410 415 416 419 420 426 427 428 429 439 447 454 455 456 457 459 461 463 468 469 471 476 479 485 486 487 492 494 495 496 497 500 502 505 509 510 512 515 518 520 526 527 533 534 535 536 538 544 546 549 550 552 553 557 570 572 573 574 577 578 582 587 596 598 610 613 617 620 625 626 629 632 635 638 652 657 659 664 665 670 677 680 684 686 690 692 693 694 698 701 704 706 708 715 717 718 723 725 726 729 735 737 739 741 744 747 748 751 755 759 760 768 772 773 774 779 780 783 789 790 794 798 799 801 802 808 812 813 814 816 823 830 838 839 844 847 850 853 854 858 864 870 871 872 873 877 884 885 889 893 900 903 904 907 908 909 910 916 918 919 928 934 938 944 947 948 949 954 955 958 960 962 970 973 975 979 984 989 991 996 997 
1 12 19 33 34 38 42 47 62 64 66 72 75 81 86 94 95 127 132 139 142 143 147 149 154 155 167 178 182 206 220 231 237 238 244 247 248 259 262 274 293 308 312 318 322 328 331 350 352 358 361 372 382 388 399 427 437 450 453 462 478 492 495 503 528 538 542 547 550 581 600 607 621 624 625 642 643 647 659 672 690 694 695 697 711 713 714 715 717 719 726 728 742 745 746 748 757 764 769 778 793 801 805 816 819 823 824 830 846 848 860 866 882 887 893 897 898 906 914 932 946 958 969 983 990 994 
2 41 48 60 64 66 69 75 92 94 103 127 141 143 147 148 154 155 167 182 220 231 235 258 259 263 274 286 308 312 318 335 344 345 358 382 404 431 437 450 468 501 506 511 528 542 547 554 564 595 606 607 616 642 647 659 663 681 695 697 710 711 713 719 745 746 769 776 778 785 795 803 805 824 830 833 842 846 848 866 867 868 879 882 887 946 958 990 992 995 
1 7 28 29 31 34 39 42 47 49 54 55 58 59 62 70 72 73 77 78 88 96 105 109 115 117 125 129 130 131 137 142 149 150 159 164 165 174 178 179 193 211 216 223 233 239 242 244 246 247 248 253 256 260 261 262 270 279 292 294 299 307 312 322 324 326 338 343 350 356 372 373 388 392 402 405 408 413 414 415 416 420 426 429 430 455 456 457 462 476 492 494 495 497 503 509 510 513 518 520 527 531 533 535 538 544 549 553 557 560 573 574 575 582 596 600 601 617 623 625 629 632 635 643 645 660 665 666 676 677 686 690 694 698 704 708 713 714 717 723 728 736 738 744 747 757 758 761 768 779 782 783 784 792 801 802 808 813 814 816 821 823 831 835 840 844 858 862 863 864 873 884 885 898 899 909 910 914 919 922 928 932 938 941 944 949 952 956 960 962 970 973 975 987 994 997 
1 6 12 14 19 20 22 38 42 47 54 57 63 66 69 74 75 81 86 94 95 106 119 127 129 132 135 139 142 143 146 147 149 154 155 191 198 204 206 217 218 226 228 231 235 236 237 238 244 248 259 262 274 277 279 282 283 289 293 301 303 304 308 315 318 321 326 328 329 331 341 349 350 352 358 361 363 367 368 369 372 389 392 399 400 402 420 421 427 432 437 440 445 450 453 454 465 466 468 472 478 479 500 501 502 503 504 506 511 522 523 528 542 550 562 564 566 576 581 589 595 596 600 607 608 621 624 625 627 642 647 653 656 659 664 672 677 680 685 690 692 695 697 704 705 706 710 711 713 715 717 722 725 726 728 729 730 732 733 737 739 740 742 744 745 748 751 755 764 773 774 778 785 793 794 796 805 811 816 819 820 823 824 828 830 833 837 850 851 854 860 864 866 868 871 873 877 880 887 889 893 894 898 900 906 918 919 935 936 939 948 958 961 962 964 976 977 983 984 985 989 999 
4 10 17 25 26 37 40 45 50 51 82 85 87 89 90 97 99 104 106 107 108 112 114 119 120 133 138 153 163 168 173 176 200 212 221 243 249 251 252 266 267 272 275 320 321 325 336 337 339 341 347 360 364 375 381 393 400 401 407 417 422 425 436 440 444 473 479 481 483 484 488 491 501 514 517 519 530 541 551 556 559 566 567 571 586 592 603 604 608 611 615 618 648 658 669 679 683 702 707 709 712 721 727 734 743 749 753 756 771 788 800 807 809 817 843 845 853 857 881 886 890 895 917 923 927 943 957 965 978 982 986 
5 6 15 17 18 22 26 27 32 45 53 61 91 98 104 120 123 133 138 161 166 184 185 186 189 199 201 208 222 251 255 265 272 278 316 317 320 346 378 387 391 393 417 418 419 422 433 436 451 461 474 475 482 489 490 491 516 521 539 545 546 561 562 579 585 588 599 612 614 631 640 662 673 688 689 693 700 709 730 731 750 752 753 762 763 766 770 771 777 791 797 806 810 818 820 834 837 849 852 883 888 891 907 912 913 923 934 954 955 959 963 967 980 991 993 996 998 
4 9 14 20 29 30 31 39 48 54 57 63 69 74 75 90 92 94 95 97 100 101 103 106 114 116 119 121 129 142 143 145 147 151 154 156 160 167 168 176 178 182 187 203 218 223 229 230 233 235 243 244 248 252 258 260 262 271 274 276 277 278 279 288 289 293 295 301 303 304 306 308 312 318 321 325 326 329 336 341 349 350 358 360 362 363 365 372 376 377 380 382 390 400 401 402 408 409 420 426 439 461 463 468 469 472 479 480 482 487 492 496 500 502 503 506 507 510 512 517 526 528 532 534 538 542 546 556 564 566 573 586 589 592 595 596 600 607 608 610 613 619 622 625 642 657 659 664 670 675 677 681 683 684 690 691 694 704 712 713 715 718 719 721 722 725 728 729 734 737 739 741 744 748 751 755 756 760 767 774 778 785 789 790 793 794 796 798 802 808 811 814 816 817 823 828 830 833 838 848 853 854 864 866 867 870 873 875 879 881 889 890 893 900 910 916 918 930 934 935 936 942 947 951 957 958 962 973 983 984 
5 14 15 18 20 22 26 27 32 45 53 57 61 67 68 80 82 87 91 104 107 112 114 120 123 129 133 135 138 146 151 172 184 185 186 187 189 198 199 201 217 218 222 225 234 243 251 265 267 272 277 278 280 284 289 303 304 316 317 320 329 341 346 347 349 365 367 376 378 391 393 403 417 418 419 420 422 428 433 436 445 451 454 461 463 474 475 482 485 489 490 491 496 500 512 519 521 536 545 546 552 561 566 567 571 577 578 579 585 588 589 598 599 619 622 627 640 657 662 673 680 684 685 688 691 693 700 721 722 725 729 730 731 733 735 739 750 752 753 755 762 763 766 770 771 777 780 790 791 794 796 797 800 806 810 817 820 826 828 837 847 849 851 852 853 854 871 873 883 888 890 891 892 900 903 907 912 913 918 923 934 939 948 954 955 959 962 963 964 967 979 980 986 991 996 
4 5 10 13 14 15 17 20 25 26 32 37 45 50 51 61 82 87 90 91 97 99 104 106 107 112 114 119 120 123 133 138 163 168 176 185 187 189 199 212 217 218 221 222 225 243 251 265 266 267 272 278 284 289 303 316 320 321 325 336 339 341 346 347 360 364 375 376 391 393 401 407 417 418 422 425 433 436 445 451 461 464 473 475 479 482 488 489 490 491 496 514 517 519 521 545 546 551 556 559 561 566 567 571 579 585 589 608 611 615 618 619 622 627 640 657 662 669 679 680 684 688 691 700 702 707 712 721 727 730 734 735 743 749 750 752 753 755 756 762 763 766 771 794 796 797 800 806 809 817 826 828 843 847 849 852 853 854 881 883 886 890 891 903 907 923 934 957 963 967 971 978 980 986 
7 8 16 21 31 34 39 44 46 59 72 79 96 101 102 116 125 126 128 134 137 165 169 174 178 179 210 211 233 247 253 292 305 306 307 310 314 332 334 340 348 354 366 370 383 394 411 413 414 423 426 430 434 435 439 449 467 470 476 499 510 518 520 526 549 557 563 574 584 591 597 628 629 630 632 639 645 649 654 655 660 666 670 676 716 718 724 738 754 768 782 783 787 792 801 802 808 814 821 835 861 865 876 885 926 937 949 956 994 997 
9 14 20 22 26 27 29 32 45 53 54 57 61 63 67 68 73 74 80 87 91 95 105 112 114 120 123 129 133 135 138 151 160 164 172 184 185 186 187 189 193 198 199 201 214 215 217 218 219 222 225 228 234 240 243 248 251 255 260 262 265 270 272 277 278 279 280 289 291 297 299 303 304 308 309 316 317 320 326 329 330 341 346 349 350 362 365 367 376 378 386 392 393 402 403 408 409 415 418 419 420 422 427 428 429 436 447 448 451 454 455 456 457 459 461 463 475 482 485 489 490 491 494 496 500 502 508 512 516 527 536 539 545 546 550 552 561 565 566 570 572 576 577 578 582 585 587 588 589 596 598 599 614 619 622 626 640 652 656 657 659 662 673 677 680 684 688 689 690 691 692 693 694 700 701 704 706 708 715 717 721 722 725 726 729 730 731 733 735 739 744 748 751 752 753 755 760 762 763 770 773 774 777 779 780 786 790 791 794 796 810 813 816 817 822 823 826 828 837 839 844 847 850 851 852 853 854 858 864 870 871 873 877 883 884 891 892 893 900 903 905 907 909 910 912 915 916 918 919 923 928 934 938 944 948 954 955 960 962 963 964 967 973 979 980 984 989 991 996 
3 4 10 13 14 25 30 32 37 51 52 56 65 71 76 82 84 85 87 89 90 93 97 100 103 106 108 110 112 114 119 121 122 140 145 153 157 160 163 168 175 176 177 180 187 188 189 190 192 195 196 197 205 209 212 214 218 221 224 225 230 235 243 249 250 251 252 258 268 276 281 284 287 288 290 295 296 311 319 320 321 323 325 329 336 342 347 359 360 362 363 364 375 376 377 379 380 381 390 398 401 422 425 439 444 446 458 460 463 464 469 472 473 479 481 484 487 488 496 507 514 517 519 524 529 532 537 540 546 548 555 556 558 559 564 566 567 569 580 586 590 592 603 604 608 609 610 611 613 615 618 634 637 641 646 651 658 664 674 675 678 679 683 684 687 699 702 703 707 712 718 721 727 734 737 741 743 749 751 753 756 760 763 775 789 796 798 809 811 817 825 826 827 838 841 845 853 857 859 867 874 875 878 881 886 889 890 895 896 903 911 916 917 920 924 925 927 930 934 935 936 940 942 947 951 953 957 966 971 978 980 981 982 983 984 988 
1 12 19 33 34 38 39 42 47 54 55 62 66 70 77 81 96 109 117 129 132 135 139 142 147 149 150 164 178 191 206 228 231 237 238 244 248 260 262 279 308 313 322 326 328 338 350 352 361 367 369 372 373 388 392 399 415 427 429 453 454 455 456 478 494 495 503 509 527 528 550 557 560 581 596 600 601 617 621 624 625 643 653 659 667 672 677 690 692 694 704 706 714 717 726 728 729 742 745 747 757 758 761 764 773 813 816 819 823 836 840 844 850 858 860 863 864 871 873 877 893 897 898 906 918 919 922 941 944 948 952 962 969 989 
1 19 33 34 38 42 47 55 62 70 73 77 96 109 117 132 139 149 150 164 178 191 206 228 231 238 246 248 262 279 299 313 322 328 338 350 352 369 372 373 386 388 392 399 415 416 429 453 456 478 494 495 503 509 527 531 550 560 575 581 582 600 601 617 623 624 625 643 653 667 677 694 706 714 717 723 728 736 742 747 757 758 761 773 784 816 819 836 839 840 844 858 860 862 863 864 884 897 898 899 906 919 922 941 944 952 969 987 989 
9 11 24 29 30 83 116 118 123 130 144 151 157 158 159 169 183 187 190 193 214 215 219 229 239 241 245 270 273 281 285 287 288 297 298 307 333 342 343 349 355 357 362 365 379 380 384 402 406 408 409 410 418 419 424 426 428 438 447 452 457 461 471 477 486 510 512 515 516 536 544 570 572 577 578 587 593 613 620 626 632 633 638 641 657 668 698 701 744 759 760 762 772 779 790 799 812 854 855 870 872 885 903 904 905 908 909 910 945 949 950 954 973 979 981 
5 8 9 11 13 15 16 20 23 24 25 27 29 30 31 32 37 39 44 49 51 52 56 58 63 65 83 87 91 97 100 101 105 114 116 118 121 123 125 126 128 129 130 144 145 151 157 158 159 160 169 175 177 180 183 187 189 190 193 199 201 203 205 209 214 215 218 219 222 223 224 225 229 230 233 239 241 243 245 250 260 265 270 273 276 277 278 279 281 284 285 287 288 289 294 295 297 304 306 307 319 323 326 329 333 334 336 342 343 349 355 360 362 365 376 377 378 379 380 384 390 391 396 401 402 403 408 409 410 418 419 420 422 423 426 428 435 438 439 447 452 455 457 460 461 463 464 469 471 473 475 479 482 486 487 488 496 499 500 502 510 512 515 516 517 518 520 524 532 534 536 537 544 546 557 558 561 566 570 572 573 577 578 587 589 590 591 593 596 597 598 609 610 613 615 619 620 626 629 630 632 637 638 641 646 651 657 660 665 666 668 670 674 677 679 683 684 691 694 698 701 704 707 718 721 725 729 735 737 739 741 744 751 755 756 759 760 762 763 768 772 775 779 780 783 789 790 794 796 798 799 802 808 812 813 814 816 817 826 827 832 838 853 854 855 870 872 873 878 883 885 889 903 904 905 907 908 909 910 911 916 925 930 934 942 945 947 949 950 951 960 962 963 966 971 973 979 980 981 984 
1 28 29 34 39 42 47 49 55 58 59 62 70 72 73 77 78 88 96 105 109 115 117 125 129 131 149 150 164 165 178 179 216 223 239 242 246 247 248 256 260 261 262 270 279 294 299 307 322 324 338 356 372 373 388 392 405 415 416 429 430 455 456 494 495 497 503 509 510 513 527 531 533 535 549 553 557 560 574 575 582 596 600 601 617 623 625 643 645 665 677 686 694 708 714 717 723 728 736 738 747 757 758 761 768 782 783 784 792 813 816 831 836 840 844 858 862 863 884 899 909 914 919 922 928 938 941 944 952 956 960 970 987 
5 11 13 15 17 24 25 27 30 32 36 37 43 45 53 83 87 91 93 98 113 114 118 123 138 144 151 157 158 160 166 183 187 189 190 193 199 201 208 214 215 218 219 222 225 234 240 241 243 245 251 255 257 265 273 278 284 291 297 298 317 327 342 349 357 362 365 378 379 380 390 391 402 403 406 410 412 418 419 422 424 428 433 447 451 457 461 464 475 477 482 486 489 490 491 493 496 512 516 517 521 536 545 546 555 558 561 565 568 570 572 577 578 585 587 593 598 610 614 615 626 631 633 638 640 641 657 661 662 679 684 688 689 693 698 700 701 735 750 752 753 755 759 760 762 763 766 770 772 777 779 780 790 791 806 817 818 826 834 853 854 855 870 872 883 885 891 903 904 905 907 908 911 912 913 923 929 934 945 954 955 963 966 967 971 979 980 981 996 998 
5 13 15 17 20 25 26 27 30 32 37 45 51 53 65 82 87 91 93 97 112 114 118 120 123 133 138 151 157 160 166 168 185 187 189 199 201 212 214 217 218 219 222 225 230 240 241 243 251 265 272 273 278 284 289 297 303 317 320 336 341 342 346 347 362 364 365 375 376 378 379 380 390 391 393 401 403 418 419 422 428 433 436 451 461 464 473 475 482 488 489 490 491 496 512 516 517 519 521 545 546 558 559 561 566 567 577 578 585 589 593 609 610 615 618 619 622 640 641 657 662 679 680 684 688 691 693 700 701 702 707 721 735 750 752 753 755 756 760 762 763 766 770 777 780 790 791 794 806 817 826 847 852 853 854 870 883 890 891 903 905 907 911 912 913 923 925 934 955 957 963 966 967 971 979 980 981 996 
12 19 33 38 66 69 74 75 81 86 94 95 127 132 139 147 149 155 191 204 206 220 226 231 236 237 238 274 282 301 308 313 318 328 331 350 352 361 367 368 369 373 389 399 427 437 450 453 465 478 504 522 523 528 542 550 581 600 621 624 642 647 653 659 667 671 672 685 692 695 697 717 722 726 728 732 740 742 745 748 757 764 774 793 805 819 823 824 860 866 877 882 887 893 894 897 898 906 952 961 969 976 977 985 989 
16 21 23 44 71 83 84 101 111 116 126 128 169 170 175 180 190 194 195 207 254 264 281 287 295 300 302 305 306 323 332 333 334 342 355 366 370 371 394 396 411 423 426 438 439 442 449 452 460 469 471 499 524 525 534 537 583 590 591 597 613 637 639 670 674 682 716 718 741 765 781 789 799 804 814 825 832 838 856 874 876 896 924 937 950 974 
5 15 17 26 27 32 43 53 80 91 98 113 123 133 138 161 166 184 189 199 201 208 219 222 234 240 251 255 257 265 278 291 309 317 327 346 357 378 391 403 406 412 418 419 422 428 433 447 461 475 477 482 485 489 490 491 493 508 516 521 536 539 545 546 552 561 565 568 578 579 585 593 598 599 614 626 631 640 661 662 688 689 693 700 701 750 752 753 762 763 766 770 777 780 791 797 806 810 818 834 852 869 883 891 905 907 912 913 915 923 931 934 954 955 959 963 967 980 996 998 
1 2 7 21 34 39 41 44 46 48 63 64 72 79 92 100 101 102 103 121 124 126 128 134 142 145 152 154 156 162 167 170 175 178 181 182 202 203 213 220 227 233 244 247 248 253 258 271 286 288 295 306 310 312 314 326 335 340 344 345 348 351 354 358 359 366 370 372 374 377 382 383 395 397 439 441 462 468 476 480 487 492 495 498 502 503 505 507 518 526 532 534 537 538 549 557 563 564 573 584 594 597 600 606 616 625 628 629 630 639 644 646 649 650 654 655 663 664 670 674 676 681 690 694 704 713 714 715 716 718 719 720 724 728 737 741 751 767 769 785 787 789 795 798 801 802 808 814 815 816 827 829 830 832 838 846 848 861 865 867 879 882 887 889 896 898 901 902 910 914 916 921 924 932 940 942 947 951 958 962 968 972 973 984 990 992 994 997 
7 8 16 28 29 31 34 39 42 44 49 54 55 58 59 70 72 77 78 88 96 100 102 105 109 116 125 129 130 131 137 150 159 164 165 169 174 178 179 193 210 211 215 216 223 229 233 239 242 246 247 248 253 256 260 261 262 270 279 292 294 299 306 307 322 324 333 340 343 348 356 372 384 402 408 410 413 414 415 416 420 426 429 430 435 439 455 456 457 467 470 471 476 492 494 495 497 509 510 513 515 518 520 531 533 535 538 544 549 553 557 560 573 574 575 582 587 591 596 617 623 625 629 630 632 635 643 645 660 665 666 670 676 677 686 694 698 704 708 714 718 723 736 738 744 747 754 760 761 768 772 779 782 783 784 792 799 801 802 808 813 814 816 821 831 835 838 840 858 862 863 870 873 884 885 899 908 909 910 914 916 919 928 938 941 949 956 960 962 970 973 975 987 994 997 
1 34 41 48 60 63 64 66 72 75 79 94 100 101 124 127 139 142 143 147 148 152 154 155 156 167 178 182 202 203 206 220 231 233 237 238 244 247 248 258 259 271 286 293 308 312 318 335 345 351 358 372 374 382 395 397 437 441 453 462 468 478 480 487 492 495 498 503 505 506 526 528 538 547 564 581 584 594 600 606 607 616 625 642 644 647 650 654 659 663 672 681 690 694 695 697 711 713 714 719 728 745 746 767 769 785 801 803 805 816 824 829 830 846 848 866 868 879 882 887 898 902 914 916 932 942 946 958 968 990 992 994 
5 11 27 32 35 43 53 67 68 80 91 98 105 113 123 133 138 151 158 161 166 184 185 187 193 199 201 208 214 215 219 222 225 234 240 241 255 257 265 269 273 278 280 285 291 297 298 309 316 317 327 330 346 349 357 378 385 391 402 403 406 412 418 419 420 422 424 428 447 451 457 459 461 475 477 482 485 489 490 491 493 508 512 516 521 536 539 543 544 545 546 552 561 565 568 570 572 577 578 585 587 588 593 598 599 602 614 620 626 631 633 635 640 652 657 661 662 673 684 688 689 693 698 700 701 708 731 735 750 752 755 762 763 766 770 777 779 780 790 791 806 810 818 822 826 834 847 852 854 869 883 891 903 904 905 907 912 913 915 923 931 934 945 948 954 955 959 963 967 979 980 991 996 998 
6 14 18 22 26 37 45 50 53 57 61 67 74 82 87 90 91 97 99 104 107 112 119 120 133 138 146 163 168 171 172 173 184 185 186 198 204 212 217 221 222 236 243 251 265 266 267 272 277 278 280 282 283 289 301 303 304 315 316 317 320 336 337 339 341 346 347 363 367 368 376 387 393 403 407 417 421 422 425 433 436 440 445 451 454 465 466 472 474 475 479 482 483 489 490 491 496 500 504 514 519 522 523 539 541 542 545 546 551 559 562 566 567 571 579 585 588 589 599 608 612 614 619 622 627 631 648 656 669 673 680 685 688 691 700 702 705 709 721 722 727 730 731 733 735 743 749 750 752 753 771 774 793 796 797 800 810 811 820 828 837 843 847 849 851 852 881 883 888 890 891 892 894 900 907 912 913 918 923 939 948 957 959 963 964 967 976 983 986 991 993 999 
5 8 9 11 16 20 23 24 29 30 31 32 44 58 65 83 100 105 114 116 118 123 125 126 128 129 130 144 145 151 157 158 159 160 169 175 183 187 190 193 214 215 218 219 223 225 229 230 232 239 240 241 245 260 270 273 276 281 285 287 288 294 295 297 298 300 306 307 323 333 334 342 343 349 353 355 357 362 365 378 379 380 384 390 391 396 401 402 406 408 409 410 418 419 420 423 424 426 428 435 438 439 447 452 457 461 463 464 469 471 477 486 496 499 510 512 515 516 517 518 520 524 534 536 544 546 558 561 570 572 573 577 578 587 590 591 593 596 597 598 609 610 613 615 620 626 629 630 632 633 638 641 657 660 666 668 670 679 682 684 698 701 718 725 741 744 759 760 762 768 772 779 783 789 790 799 802 812 813 814 826 832 838 853 854 855 870 872 873 874 885 903 904 905 908 909 910 916 925 934 945 949 950 951 962 963 971 973 974 979 980 981 984 
12 19 20 22 33 38 42 54 57 62 67 73 74 77 81 95 105 129 132 135 139 147 149 150 164 172 191 198 204 206 217 226 228 248 262 279 280 299 304 308 313 322 326 328 330 331 349 350 352 361 367 368 369 372 373 386 389 392 399 402 403 415 416 420 427 429 448 453 454 456 465 478 494 495 503 504 509 527 550 560 575 576 582 596 598 601 621 624 653 656 659 667 671 677 680 685 690 692 694 704 706 708 717 725 726 728 729 735 736 739 740 742 744 748 755 757 758 773 774 786 794 813 819 823 836 839 840 844 847 850 851 854 858 860 863 864 871 873 877 884 892 893 894 897 900 906 918 919 922 928 944 948 952 961 962 964 969 976 977 985 989 991 
4 6 12 14 20 26 50 54 57 61 63 66 69 74 75 82 86 90 92 94 95 106 107 112 119 127 129 132 135 139 145 146 147 149 154 155 160 168 176 185 186 198 204 206 217 218 226 228 235 236 243 248 249 258 259 262 272 274 275 277 278 279 282 283 289 293 301 303 304 308 318 321 326 329 331 336 341 349 350 352 358 360 361 363 365 367 368 369 376 389 390 392 393 399 400 401 402 404 420 427 432 436 437 440 445 450 454 463 465 466 468 472 478 479 482 496 500 501 502 503 504 506 507 511 522 523 528 532 541 542 550 564 566 576 586 589 592 595 596 607 608 619 621 622 624 627 648 656 659 664 672 675 677 680 685 690 691 692 695 697 704 705 706 710 712 715 717 721 722 725 726 728 729 730 732 733 734 735 737 739 744 748 751 755 764 771 773 774 776 778 785 793 794 796 798 800 805 811 816 817 820 823 828 830 833 837 842 847 850 851 853 854 864 866 867 868 871 873 875 877 880 881 888 889 890 893 894 898 900 906 918 919 935 936 939 947 948 953 958 961 962 964 976 977 983 984 989 999 
3 4 10 13 25 30 37 51 52 56 65 71 76 84 85 87 93 97 100 110 114 121 122 145 153 157 160 170 175 176 177 180 187 188 190 192 195 196 197 205 209 214 224 230 243 250 252 268 276 281 287 288 290 295 311 319 321 323 325 336 342 360 362 364 377 379 380 381 390 398 401 439 444 458 460 464 469 473 479 484 488 517 524 529 532 537 540 548 555 556 558 559 569 590 604 608 609 610 613 615 618 634 637 646 651 674 678 679 683 684 687 699 707 712 718 734 741 756 760 775 789 798 809 815 817 825 826 827 838 841 845 853 857 859 874 878 886 890 895 896 903 911 920 924 925 930 940 942 947 951 957 966 978 981 982 988 
2 3 4 40 48 50 56 60 69 75 76 85 90 92 94 103 106 108 119 121 127 136 140 141 148 162 167 168 173 176 192 200 205 209 213 224 227 235 249 252 258 259 263 271 275 286 301 318 321 335 336 341 344 345 358 359 360 363 397 400 404 431 437 440 441 443 444 446 450 458 468 472 479 480 501 506 507 511 532 542 547 548 554 564 569 580 586 592 595 603 606 607 608 616 634 636 642 646 658 664 675 678 681 683 697 703 710 712 732 734 746 774 776 778 785 788 795 798 803 807 811 815 827 830 833 841 842 845 857 866 867 868 875 878 879 880 881 882 901 917 935 936 942 943 946 947 951 953 958 965 983 988 995 
27 32 43 53 67 68 80 91 98 113 123 133 138 161 166 184 199 201 208 219 222 234 240 255 257 265 278 280 291 309 316 317 330 346 349 357 378 403 406 412 419 422 428 447 451 461 474 475 477 482 485 489 490 491 493 508 516 521 536 539 545 546 552 565 568 578 585 588 598 599 614 626 631 640 662 673 688 689 693 700 701 731 735 750 752 755 762 763 766 770 777 780 791 797 806 810 818 822 834 852 869 883 891 905 907 912 913 915 923 931 934 948 954 955 959 963 967 980 991 996 998 
2 4 14 20 48 50 54 57 60 63 64 66 69 74 75 82 86 90 92 94 95 103 106 112 119 121 127 135 139 142 143 145 146 147 148 154 155 160 167 168 176 182 198 203 204 206 217 231 235 236 248 249 258 259 262 263 271 274 275 277 282 289 293 301 303 304 308 312 318 321 326 329 336 341 350 358 360 361 363 367 368 376 382 389 390 399 400 401 404 427 431 432 437 440 445 450 463 465 466 468 472 478 479 487 496 500 501 502 503 506 507 511 523 528 532 538 541 542 547 550 554 564 566 586 589 592 595 607 608 616 621 622 627 642 659 664 672 675 680 681 685 690 692 695 697 703 705 710 712 715 719 721 722 725 726 728 729 730 732 733 734 737 739 745 746 748 751 774 776 778 785 793 794 795 796 798 800 803 805 807 811 816 823 824 828 830 833 842 848 853 864 866 867 868 871 873 875 879 880 881 882 889 893 898 900 916 918 935 936 942 946 947 953 958 962 976 983 984 999 
8 9 11 20 24 27 28 29 30 31 35 39 49 54 58 59 63 67 68 80 105 116 123 125 129 130 151 158 159 160 164 165 169 179 187 190 193 199 201 214 215 216 218 219 222 223 225 229 233 234 239 255 256 260 261 265 269 270 278 279 280 285 288 291 292 294 295 297 298 299 307 309 324 326 333 343 349 362 365 380 384 402 403 408 409 410 416 419 420 426 428 429 447 455 457 459 461 463 471 477 485 486 494 495 496 510 512 515 520 533 534 535 536 543 544 546 553 557 565 570 572 573 574 577 578 587 596 598 602 613 617 620 626 632 635 638 652 657 665 666 668 670 677 684 686 689 694 696 698 701 704 708 725 729 735 739 744 747 755 759 760 762 768 770 772 779 780 783 790 799 802 808 812 813 814 816 822 838 839 854 855 858 864 870 872 873 883 884 885 893 903 904 907 908 909 910 916 918 928 934 938 945 948 949 950 954 955 960 962 973 975 979 980 984 
9 11 20 26 27 29 32 35 43 45 53 54 61 63 67 68 73 80 91 98 105 113 120 123 129 133 135 138 151 158 160 161 164 172 184 185 186 187 193 199 201 208 215 217 218 219 222 234 239 240 251 255 260 265 269 270 278 279 280 289 291 298 299 303 304 309 316 317 320 326 330 346 349 357 362 365 378 385 386 392 393 402 403 406 408 409 416 419 420 422 428 429 447 448 451 454 457 459 461 463 477 482 485 489 490 491 496 500 508 512 516 521 536 539 543 544 545 546 552 565 568 570 572 577 578 585 587 588 596 598 599 602 614 620 626 631 635 640 652 657 662 673 677 680 684 686 688 689 691 693 694 698 700 701 704 708 725 729 730 731 733 735 739 744 752 755 760 762 763 766 770 777 779 780 786 790 791 794 806 810 813 816 818 822 834 837 839 844 847 851 852 854 864 869 870 871 873 883 891 892 893 904 905 907 909 910 912 913 915 916 918 923 931 934 948 954 955 962 963 967 973 979 980 984 991 996 
5 13 23 36 52 65 71 83 84 93 118 122 175 180 183 188 194 195 196 197 207 232 245 250 254 264 268 281 287 290 300 302 319 323 334 342 353 355 364 371 379 391 396 418 438 449 452 460 469 488 524 525 529 540 555 558 583 590 605 609 615 637 641 651 679 682 687 699 707 765 781 804 825 856 859 874 911 920 925 929 933 966 971 974 981 982 
1 7 8 28 29 31 34 39 42 49 55 58 59 70 72 77 78 79 88 96 102 109 115 117 125 131 137 142 150 165 174 178 179 210 211 216 233 239 242 244 246 247 248 253 256 260 261 270 292 294 307 312 322 348 356 372 405 413 414 430 435 455 462 467 470 476 492 494 495 497 503 509 513 518 520 531 533 535 538 549 553 557 560 574 596 600 617 623 625 629 632 643 645 649 660 665 666 676 694 713 714 728 738 747 754 761 768 782 783 784 792 801 802 808 813 816 821 831 835 858 863 898 899 909 914 928 932 938 941 956 960 987 994 997 
7 8 9 16 21 28 29 30 31 34 39 42 44 49 55 58 59 63 72 96 100 101 102 116 125 126 128 130 134 137 145 159 165 169 174 175 178 179 193 203 210 211 215 223 229 233 239 247 248 253 256 258 260 261 262 270 288 292 294 295 306 307 310 326 332 333 334 340 343 348 354 356 366 370 372 377 383 384 408 410 413 414 415 423 426 430 435 439 455 457 467 470 471 476 487 492 494 495 499 505 509 510 515 518 520 526 534 535 537 538 549 553 557 573 574 587 591 596 597 613 617 625 628 629 630 632 639 645 649 655 660 665 666 670 674 676 677 694 698 704 714 716 718 738 741 744 747 754 760 761 768 772 779 782 783 787 789 792 798 799 801 802 808 813 814 816 821 832 835 838 858 861 865 870 885 889 896 899 908 909 910 914 916 924 926 928 937 938 941 947 949 951 956 960 962 973 984 994 997 
28 34 49 55 59 70 73 77 78 88 96 109 115 117 131 150 164 165 179 216 239 242 246 256 260 261 270 294 299 322 324 338 356 405 416 429 430 455 456 494 495 497 509 513 527 531 533 535 553 557 560 575 582 596 601 617 623 635 677 686 696 708 714 723 736 738 747 758 761 768 782 784 792 813 831 836 839 840 844 858 862 863 884 899 909 914 922 928 938 941 944 952 956 960 970 975 987 
2 14 41 48 60 63 64 66 69 74 75 86 92 94 95 100 101 103 106 119 121 127 140 141 142 143 145 147 148 152 154 155 156 162 167 178 181 182 203 205 213 220 224 227 233 235 244 248 258 259 262 263 271 274 277 286 293 301 308 312 318 321 326 335 336 344 345 351 358 359 360 363 374 377 382 395 397 400 404 431 437 439 441 446 450 462 468 472 479 480 487 492 498 501 502 503 506 507 511 523 526 528 532 538 542 547 554 564 573 594 595 600 606 607 608 616 625 636 642 646 650 659 663 664 675 681 683 690 695 697 703 710 711 712 713 715 719 722 728 732 734 737 746 748 751 767 769 774 776 778 785 793 795 796 798 802 803 805 808 811 815 816 823 824 827 829 830 833 838 842 846 848 866 867 868 875 879 880 882 887 889 900 901 902 910 916 935 936 942 946 947 951 953 958 962 968 972 973 983 984 990 992 995 
20 22 42 53 54 57 67 68 73 74 105 123 129 132 135 164 172 184 185 186 191 193 198 201 222 228 234 262 265 278 279 280 289 299 304 309 313 316 317 330 346 349 350 352 367 368 369 373 386 389 392 399 402 403 415 416 420 427 428 429 448 454 456 457 459 465 485 494 504 527 536 539 550 562 576 582 588 596 598 621 624 652 653 656 673 677 680 685 686 692 693 704 706 708 717 729 731 733 735 736 739 755 773 780 786 794 813 820 822 837 839 840 844 847 850 851 854 858 864 871 873 877 884 892 893 906 918 919 922 928 944 948 952 954 961 962 964 985 989 991 996 
16 21 39 44 46 48 63 79 84 100 101 102 111 116 121 124 126 128 134 145 152 156 162 170 175 177 178 181 182 202 203 207 210 213 227 233 250 253 258 271 288 295 305 306 310 312 314 332 334 340 348 351 354 366 370 377 383 394 411 423 426 434 435 439 441 442 449 462 470 476 480 487 492 498 499 505 518 526 534 537 538 549 563 573 584 591 594 597 628 629 630 632 639 644 646 649 650 654 655 660 670 674 676 681 687 716 718 719 720 724 741 754 767 783 787 789 798 801 802 808 814 815 816 821 825 827 829 830 832 838 861 865 876 878 896 901 902 910 916 921 924 926 932 937 940 942 947 951 968 972 984 994 997 
2 3 4 10 40 50 56 69 76 85 89 90 92 97 99 106 108 110 121 136 140 153 162 163 168 173 176 188 192 197 200 205 212 224 235 249 252 267 275 296 311 325 336 359 360 363 381 398 400 404 407 425 431 443 444 446 458 472 473 481 484 501 506 511 514 530 532 540 548 556 569 580 586 592 603 604 608 611 634 636 646 658 669 675 678 683 703 710 712 727 734 743 749 776 788 795 807 809 833 841 842 843 845 857 868 875 881 886 895 917 927 935 936 943 951 953 957 965 978 982 988 
3 9 16 21 23 24 30 31 39 44 51 52 56 63 65 71 83 84 97 100 101 102 110 111 114 116 121 122 126 128 130 134 145 156 157 160 169 170 175 176 177 180 181 187 188 190 192 195 203 205 207 209 214 224 227 229 230 233 250 252 258 264 268 276 281 287 288 290 295 300 302 306 311 319 321 323 325 326 332 333 334 336 340 342 354 355 360 362 365 366 370 377 379 380 390 394 396 398 401 402 408 409 411 423 426 438 439 442 449 452 460 463 464 469 471 476 479 480 487 488 498 499 502 505 510 515 517 518 524 525 526 529 532 534 537 538 549 555 556 569 573 583 584 590 591 597 605 608 609 610 613 628 629 630 632 637 638 639 646 651 670 674 679 682 683 684 687 699 707 712 716 718 725 734 737 741 744 751 756 760 765 767 772 775 783 787 789 798 799 802 804 808 814 815 816 817 825 827 832 838 841 853 856 857 859 861 865 870 874 876 878 885 889 896 903 910 916 921 924 925 930 937 940 942 947 950 951 962 966 972 973 974 981 982 984 
5 9 11 13 20 24 27 29 30 32 43 65 83 87 91 100 105 113 114 116 118 123 129 130 144 145 151 157 158 159 160 169 183 185 187 189 190 193 199 201 214 215 217 218 219 222 225 229 230 240 241 243 245 255 260 265 270 273 276 278 281 284 287 288 289 291 295 297 298 307 309 323 329 333 336 342 343 349 355 357 362 365 376 378 379 380 384 390 391 401 402 403 406 408 409 410 418 419 420 422 424 426 428 447 451 452 457 461 463 464 469 471 477 479 482 486 489 490 496 500 510 512 515 516 517 534 536 546 558 561 565 566 568 570 572 573 577 578 585 587 589 590 593 596 598 609 610 613 615 619 626 632 633 638 640 641 657 662 668 670 679 680 684 688 691 693 698 701 721 725 729 735 737 739 741 744 751 752 755 759 760 762 763 770 772 779 780 790 791 794 796 799 812 813 814 817 818 826 834 838 847 853 854 855 870 871 872 873 883 885 891 903 904 905 907 908 909 910 911 916 923 925 934 945 947 948 949 950 951 954 955 962 963 971 973 979 980 981 984 996 
5 11 27 32 35 43 53 67 68 80 91 98 105 113 118 123 144 151 158 161 166 184 185 187 193 199 201 208 214 215 219 222 225 234 240 241 255 257 265 269 273 278 285 291 297 298 309 317 327 346 349 357 378 385 391 402 403 406 410 412 418 419 420 422 424 428 447 451 457 461 475 477 482 485 486 489 490 493 508 512 516 521 536 539 543 544 545 546 552 558 561 565 568 570 572 577 578 585 587 593 598 602 614 620 626 631 633 635 638 640 641 657 661 662 684 688 689 693 698 700 701 708 735 750 752 755 762 763 766 770 777 780 790 791 806 812 818 822 826 834 847 854 855 869 872 883 891 903 904 905 907 912 913 915 923 931 934 945 948 954 955 963 967 971 979 980 991 996 998 
1 7 8 16 28 29 31 34 39 42 44 49 55 58 59 70 72 78 79 88 96 100 102 109 115 116 125 128 130 131 134 137 142 159 165 169 174 178 179 210 211 216 223 233 239 242 244 246 247 248 253 256 260 261 270 292 294 305 306 307 310 312 322 340 348 356 372 383 405 408 413 414 426 430 434 435 439 455 462 467 470 476 492 494 495 497 503 509 510 513 518 520 526 531 533 535 538 549 553 557 560 573 574 591 596 600 617 623 625 629 630 632 639 643 645 649 654 655 660 665 666 676 677 694 713 714 728 738 747 754 761 768 782 783 784 792 801 802 808 813 814 816 821 831 835 838 858 861 885 898 899 909 910 914 916 926 928 932 937 938 941 949 956 960 987 994 997 
1 9 12 14 19 20 38 42 47 48 50 54 57 60 61 63 64 66 69 74 75 81 82 86 92 94 95 100 106 112 119 127 132 135 139 142 143 145 146 147 149 154 155 160 167 168 182 198 203 204 206 217 218 226 231 235 236 237 238 243 244 248 258 259 262 271 272 274 275 277 282 283 288 289 293 301 303 304 308 312 318 321 326 328 329 331 336 341 350 352 358 360 361 363 365 367 368 369 372 376 382 389 390 393 399 400 401 409 427 432 436 437 440 445 450 453 463 465 466 468 472 478 479 496 500 501 502 503 504 506 507 511 522 523 528 532 538 541 542 547 550 564 566 573 581 589 592 595 600 607 608 616 619 621 622 624 625 627 642 647 659 664 672 680 681 685 690 691 692 695 697 704 705 710 711 713 715 717 719 721 722 725 726 728 729 730 732 733 734 737 739 742 745 748 751 764 771 774 778 785 793 794 795 796 798 800 803 805 811 816 817 819 823 824 828 830 833 838 848 853 860 864 866 867 868 871 873 875 877 879 880 881 882 887 889 890 893 894 898 900 906 910 916 918 935 936 939 947 958 961 962 973 976 977 983 984 989 999 
9 14 20 22 26 27 32 45 53 54 57 61 63 67 68 74 80 91 95 105 112 119 120 123 129 133 135 146 151 160 164 172 184 185 186 189 198 199 201 217 218 222 228 234 236 243 248 251 260 262 265 272 277 278 279 280 282 289 299 301 303 304 308 316 317 320 326 329 330 341 346 349 350 362 365 367 368 376 386 389 392 393 402 403 409 419 420 422 427 428 436 440 445 448 451 454 461 463 465 466 472 475 479 482 485 489 490 491 496 500 502 504 523 536 542 546 550 552 566 576 578 585 588 589 596 598 619 622 627 656 657 659 673 677 680 684 685 688 690 691 692 693 694 704 705 706 715 717 721 722 725 726 729 730 731 733 735 737 739 744 748 751 752 753 755 760 763 773 774 778 780 786 790 793 794 796 811 813 816 817 820 823 828 837 847 850 851 852 853 854 864 870 871 873 877 883 891 892 893 900 907 910 916 918 919 923 934 939 948 954 955 961 962 963 964 976 979 980 983 984 989 991 996 999 
2 3 4 40 41 48 56 60 63 64 69 75 76 90 92 94 101 103 106 119 121 127 136 140 141 142 143 148 154 162 167 168 176 181 182 192 203 205 209 213 224 227 235 249 252 258 259 263 271 286 293 312 318 321 335 336 344 345 351 358 359 360 363 374 377 382 395 397 400 404 431 437 441 443 446 450 468 472 479 480 487 492 498 501 506 507 511 532 538 542 547 548 554 564 569 580 586 592 594 595 603 606 607 608 616 636 642 646 650 663 664 675 678 681 683 690 697 703 710 712 715 719 734 737 746 767 776 778 785 788 793 795 798 803 807 811 815 827 829 830 833 841 842 846 848 857 866 867 868 875 878 879 881 882 889 901 902 916 935 936 942 946 947 951 953 958 965 968 972 983 988 992 995 
4 9 14 20 37 45 50 54 57 61 63 69 74 75 82 87 90 91 92 94 95 97 99 100 106 112 114 119 121 123 142 145 146 151 154 157 160 168 176 185 187 189 203 212 217 218 222 230 235 236 243 248 251 252 258 262 265 272 274 276 277 278 282 283 288 289 293 301 303 304 308 318 320 321 325 326 329 336 339 341 347 349 350 358 360 362 363 365 376 377 380 390 393 400 401 409 422 428 432 436 440 445 450 451 461 463 464 465 466 468 472 479 482 487 496 500 502 506 507 512 517 519 523 528 532 536 538 542 546 556 559 564 566 567 573 586 589 592 595 607 608 610 619 622 627 657 659 664 669 675 680 683 684 690 691 704 705 712 715 721 722 725 729 730 732 734 735 737 739 741 748 751 752 753 755 756 760 771 774 778 785 790 793 794 796 798 800 811 816 817 823 826 828 830 833 838 847 853 854 866 867 870 873 875 880 881 883 889 890 893 900 910 916 918 923 930 934 935 936 939 942 947 951 957 958 962 973 976 983 984 999 
6 18 22 26 45 53 57 61 67 82 91 104 107 112 120 133 138 146 171 172 184 185 186 198 199 217 222 251 265 267 272 278 280 283 303 315 316 317 320 330 346 387 393 403 417 421 422 433 436 445 451 454 474 475 483 489 490 491 519 521 522 539 545 551 562 567 571 579 585 588 599 612 614 622 627 631 640 656 662 673 680 685 688 691 700 709 721 730 731 733 735 750 752 753 766 771 777 797 800 806 810 820 828 837 847 849 851 852 883 888 890 891 892 894 907 912 913 923 939 948 959 963 964 967 986 991 993 996 
2 3 4 9 10 14 20 21 29 30 31 37 39 44 48 51 56 60 63 65 69 75 76 85 90 92 95 97 100 101 103 106 110 114 116 119 121 134 140 142 145 153 154 156 160 162 167 168 170 176 177 178 181 182 187 188 192 203 205 209 213 218 223 224 227 229 230 233 235 243 248 249 250 252 258 260 271 276 277 279 288 293 295 301 303 304 306 311 312 318 319 321 325 326 329 335 336 341 344 345 349 351 354 358 359 360 362 363 365 366 370 372 376 377 380 381 382 390 395 397 398 400 401 402 408 409 426 439 441 444 446 458 463 468 469 472 473 476 479 480 487 488 492 496 498 500 502 505 506 507 510 517 518 526 532 534 537 538 540 546 547 549 556 559 564 566 569 573 580 584 586 589 592 594 595 596 603 604 607 608 610 613 616 622 625 628 629 634 636 646 650 651 664 670 674 675 677 678 681 683 684 690 694 699 703 704 707 712 715 716 718 719 721 722 725 734 737 739 741 744 751 756 760 767 774 775 776 778 783 785 787 789 793 795 796 798 801 802 803 808 809 811 814 815 816 817 823 827 828 829 830 833 838 841 848 853 854 857 867 870 873 875 878 879 881 886 889 890 895 896 900 901 902 910 916 921 930 935 936 940 942 947 951 953 957 958 962 968 972 973 978 982 983 984 988 997 
8 9 11 16 23 24 29 30 31 44 49 58 83 100 102 116 125 126 128 130 151 159 169 175 179 183 187 190 207 214 215 223 229 232 239 245 254 264 270 281 285 287 288 292 294 295 297 300 302 306 307 323 332 333 334 342 343 353 355 362 365 366 371 379 380 384 396 402 408 409 410 413 423 426 435 438 439 442 449 452 457 467 469 471 486 499 510 512 515 518 520 524 525 534 544 570 572 573 583 587 590 591 597 613 626 629 630 632 638 657 660 666 668 670 682 698 701 718 741 744 759 760 765 768 772 779 783 789 790 799 802 804 812 814 832 838 855 856 870 872 874 885 903 904 908 909 910 916 924 937 945 949 950 973 974 979 984 
4 6 14 18 26 37 40 45 50 57 61 69 74 82 87 90 91 97 99 104 106 107 112 119 120 133 138 146 163 168 171 173 176 185 200 212 217 221 235 236 243 249 251 266 267 272 275 277 282 283 289 301 303 304 315 316 320 321 325 336 337 339 341 347 360 363 376 387 393 400 401 404 407 417 422 425 432 436 440 443 445 450 451 465 466 472 473 479 482 483 491 496 500 501 511 514 519 522 523 541 542 546 551 559 566 567 571 579 585 586 589 592 603 608 612 619 622 627 648 669 675 685 688 691 705 709 710 712 721 722 727 730 732 733 734 743 749 752 753 771 774 778 793 796 797 800 807 811 817 828 833 837 843 849 852 853 875 880 881 886 888 890 900 917 923 935 936 939 943 957 967 976 978 983 986 999 
1 7 9 16 19 21 29 31 34 39 42 44 47 48 55 59 62 63 72 79 96 100 101 102 116 125 126 128 134 137 142 143 145 147 149 152 154 156 165 174 178 179 181 182 202 203 206 210 211 223 231 233 238 244 247 248 253 258 260 262 271 288 292 294 306 307 308 310 312 322 326 340 348 350 354 366 370 372 374 377 382 383 388 399 408 413 414 415 426 430 435 439 441 455 462 470 476 480 487 492 495 498 499 503 505 509 510 518 526 528 538 549 557 573 574 581 584 591 594 596 600 617 625 628 629 630 632 639 642 643 645 649 650 654 655 660 665 666 670 674 676 677 681 690 694 704 711 713 714 716 718 719 720 724 728 738 741 744 745 747 754 767 768 769 782 783 787 792 798 801 802 805 808 814 816 821 823 829 830 835 838 846 848 858 861 865 887 889 898 902 909 910 914 916 921 926 932 941 942 947 951 956 962 968 972 973 984 990 994 997 
7 8 9 16 20 21 29 30 31 34 39 42 44 48 49 55 56 58 59 63 72 79 84 96 100 101 102 116 121 125 126 128 130 134 137 142 145 154 156 159 160 165 169 170 174 175 177 178 179 181 182 190 193 203 205 209 210 211 215 218 223 224 227 229 233 247 248 250 253 258 260 261 262 270 271 276 279 281 288 292 294 295 306 307 310 312 321 323 326 333 334 340 342 343 348 349 354 355 360 362 365 366 370 372 377 380 383 384 390 396 401 402 408 409 410 413 414 415 423 426 430 435 439 455 457 460 462 463 467 468 469 470 471 476 479 480 487 492 495 498 499 502 505 507 509 510 515 518 520 524 526 532 534 537 538 549 557 563 564 573 574 584 587 591 596 597 610 613 617 625 628 629 630 632 637 639 645 646 649 654 655 660 664 665 666 670 674 676 677 681 683 690 694 698 704 714 715 716 718 719 724 725 737 738 741 744 747 751 754 760 767 768 772 779 782 783 785 787 789 792 798 799 801 802 808 813 814 816 821 827 830 832 835 838 854 858 861 865 867 870 873 878 885 889 896 908 909 910 914 916 921 924 926 932 937 940 942 947 949 951 956 958 960 962 968 972 973 984 994 997 
2 41 48 60 63 64 69 75 92 94 103 106 121 127 141 142 143 148 152 154 167 182 203 213 220 227 235 258 259 263 271 286 293 312 318 321 335 344 345 351 358 359 374 382 395 397 404 431 437 441 450 462 468 480 487 501 506 507 511 532 538 542 547 554 564 594 595 606 607 616 636 642 644 663 664 681 690 695 697 703 710 713 715 719 734 746 769 776 778 785 793 795 798 803 824 829 830 833 842 846 848 866 867 868 875 879 882 887 889 901 916 935 942 946 958 983 990 992 995 
8 16 23 24 30 36 44 52 71 83 84 93 111 116 122 126 128 169 175 180 183 190 194 195 207 232 245 254 264 281 287 290 295 300 302 306 323 332 333 334 342 353 355 366 371 379 384 394 396 423 426 435 438 442 449 452 460 467 469 471 486 499 515 520 524 525 529 534 555 583 590 591 597 605 609 613 630 632 638 668 670 682 718 741 765 781 789 799 804 814 832 838 855 856 859 874 885 908 924 925 929 933 945 949 950 974 981 
1 12 14 19 34 38 41 42 47 54 60 62 63 64 66 69 72 74 75 81 86 94 95 127 132 139 142 143 147 149 154 155 167 178 182 204 206 220 226 231 237 238 244 247 248 259 262 274 293 301 308 312 318 322 326 328 331 335 350 352 358 361 368 369 372 382 388 389 399 427 437 450 453 462 465 468 478 492 495 502 503 506 511 523 528 538 542 547 550 564 581 595 600 607 616 621 624 625 642 643 647 659 663 672 690 692 694 695 697 710 711 713 714 715 717 719 722 726 728 732 739 742 745 746 748 764 769 774 778 785 793 801 805 816 819 823 824 830 846 848 860 864 866 868 873 879 882 887 893 897 898 900 906 914 918 932 946 958 961 983 989 990 994 
5 15 17 18 26 27 32 43 53 67 80 91 98 113 123 133 138 161 166 184 185 189 199 201 208 219 222 234 240 251 255 257 265 278 291 309 316 317 327 346 357 378 391 403 406 412 418 419 422 428 433 447 451 461 474 475 477 482 485 489 490 491 493 508 516 521 536 539 545 546 552 561 565 568 578 579 585 588 593 598 599 614 626 631 640 661 662 673 688 689 693 700 701 731 750 752 753 762 763 766 770 777 780 791 797 806 810 818 834 849 852 869 883 891 905 907 912 913 915 923 931 934 954 955 959 963 967 980 991 993 996 998 
2 4 40 50 60 69 75 76 82 85 89 90 92 99 106 107 108 112 119 136 140 162 163 168 173 176 200 205 212 221 235 236 249 252 259 263 266 267 272 275 282 296 301 325 336 337 339 341 359 360 363 400 404 407 425 431 432 440 443 444 445 446 450 472 479 481 501 506 511 514 519 530 541 542 548 551 566 571 580 586 592 595 603 608 611 627 634 636 648 658 669 675 683 703 705 710 712 721 722 727 732 734 743 749 776 778 788 795 800 807 809 833 842 843 845 857 868 875 880 881 886 890 917 927 935 936 943 953 957 965 978 986 988 999 
1 7 8 9 16 20 21 29 30 31 34 39 42 44 47 48 54 55 56 59 63 72 79 95 96 100 101 102 116 121 125 126 128 130 134 137 142 145 149 154 156 159 160 165 170 174 175 177 178 179 181 182 203 205 209 210 211 218 223 224 227 229 233 244 247 248 250 253 258 260 262 271 276 277 279 288 292 294 295 306 307 310 312 321 322 326 334 340 343 348 349 350 354 360 362 365 366 370 372 377 380 383 388 390 401 402 408 409 413 414 415 426 430 435 439 455 457 462 463 467 468 469 470 476 479 480 487 492 495 498 499 502 503 505 507 509 510 518 520 526 532 534 537 538 549 557 563 564 573 574 584 587 591 596 597 600 610 613 617 625 628 629 630 632 639 643 645 646 649 654 655 660 664 665 666 670 674 676 677 681 683 690 694 698 704 713 714 715 716 718 719 724 725 728 737 738 739 741 744 747 751 754 760 767 768 779 782 783 785 787 789 792 798 801 802 808 813 814 816 821 823 827 830 832 835 838 854 858 861 865 867 870 873 878 885 889 893 896 898 900 909 910 914 916 921 924 926 932 937 940 942 947 949 951 956 958 962 968 972 973 984 994 997 
3 4 10 13 17 25 37 40 51 65 76 82 85 87 89 90 97 99 108 110 114 120 122 136 153 163 168 173 176 188 197 200 205 212 221 230 243 249 252 266 267 268 276 290 296 321 325 336 339 347 360 364 375 381 398 401 407 425 431 443 444 446 458 473 479 481 484 488 514 517 519 530 532 540 548 551 556 559 567 569 571 580 586 603 604 608 611 615 618 634 651 658 678 679 683 699 702 707 712 727 734 743 749 753 756 775 788 798 807 809 817 843 845 857 886 890 895 917 920 925 927 930 943 947 957 965 966 978 982 
6 18 22 26 53 61 67 68 82 91 98 104 107 120 133 138 146 161 172 184 185 186 198 199 201 217 222 234 255 265 272 278 280 283 315 316 317 320 330 346 387 393 403 417 421 428 445 451 454 474 475 483 489 490 491 521 522 539 545 562 579 585 588 599 612 614 631 640 656 662 673 680 685 688 689 691 693 700 709 730 731 733 735 750 752 755 766 770 771 777 780 797 806 810 820 828 837 847 849 851 852 883 888 891 892 894 907 912 913 915 923 939 948 955 959 963 964 967 986 991 993 996 
4 14 20 45 48 50 54 57 60 61 63 69 74 75 82 86 90 92 94 95 97 99 100 103 106 107 112 114 119 120 121 127 135 145 146 154 155 160 168 176 198 204 205 212 217 218 224 230 235 236 243 249 252 258 259 267 272 274 275 276 277 278 282 283 288 289 293 301 303 304 308 318 320 321 325 326 329 336 339 341 350 358 359 360 361 362 363 365 367 368 376 377 380 389 390 393 400 401 404 409 417 422 427 432 436 437 440 445 450 463 465 466 468 472 479 482 487 496 500 501 502 506 507 511 517 519 522 523 528 532 541 542 546 550 556 564 566 571 586 589 592 595 607 608 610 619 622 627 648 657 659 664 669 675 680 683 684 685 690 691 692 697 703 705 710 712 715 721 722 725 726 729 730 732 733 734 737 739 741 748 751 756 771 774 776 778 785 793 794 795 796 798 800 811 817 823 828 830 833 842 853 854 864 866 867 868 871 873 875 880 881 889 890 893 894 900 916 918 930 935 936 939 942 947 951 953 957 958 976 983 984 986 999 
11 24 27 28 29 35 43 49 58 83 105 113 116 130 144 151 158 159 169 183 190 193 214 215 216 219 229 239 255 257 260 261 269 270 273 285 291 294 297 298 307 309 324 333 343 355 357 384 402 405 406 408 410 419 424 426 438 447 452 455 457 471 477 486 510 513 515 516 520 533 536 543 544 553 565 568 570 572 578 587 596 602 620 626 632 633 635 638 652 668 686 696 698 701 708 744 759 760 772 779 790 791 799 812 813 831 855 858 870 872 885 904 905 908 909 910 928 938 945 949 950 954 960 973 975 979 
9 11 20 27 28 29 31 34 35 39 42 47 49 54 55 58 59 62 63 67 68 73 77 78 80 88 96 105 115 123 125 129 130 135 149 150 151 159 160 164 165 178 179 184 193 201 215 216 218 219 222 223 228 229 233 234 239 242 246 248 256 260 261 262 265 269 270 278 279 280 285 288 289 294 298 299 304 307 309 313 317 322 324 326 330 343 349 350 352 356 362 365 367 372 373 386 388 392 402 403 405 408 409 410 415 416 420 426 428 429 430 447 448 454 455 456 457 459 461 463 477 485 494 495 497 503 509 510 513 520 527 531 533 535 536 543 544 550 553 557 560 565 570 573 574 578 582 587 596 598 602 613 617 620 625 626 632 635 645 652 657 665 677 680 686 690 692 694 696 698 704 706 708 717 723 725 728 729 731 735 736 739 744 747 755 757 760 761 768 772 773 779 780 782 783 784 786 790 792 794 802 808 812 813 814 816 822 823 831 838 839 840 844 847 850 854 858 863 864 870 871 873 877 884 885 892 893 899 904 909 910 916 918 919 922 928 938 941 944 948 949 952 954 960 962 970 973 975 979 984 989 991 
7 8 9 16 21 24 29 30 31 34 39 44 49 58 59 63 71 72 79 84 96 100 101 102 111 116 125 126 128 130 134 137 145 156 159 160 165 169 170 174 175 177 178 179 181 187 190 193 203 207 210 211 214 215 223 227 229 233 247 250 253 258 260 261 264 270 271 276 281 288 292 294 295 297 306 307 310 323 326 332 333 334 340 342 343 348 354 355 362 365 366 370 377 380 383 384 390 394 396 402 408 409 410 411 413 414 423 426 435 438 439 442 449 455 457 460 462 463 467 469 471 476 480 487 492 495 498 499 502 505 510 512 515 518 520 524 526 534 537 538 549 557 563 573 574 583 584 587 591 596 597 610 613 625 628 629 630 632 637 638 639 645 649 654 655 657 660 665 666 670 674 676 681 687 694 698 716 718 724 725 737 738 741 744 747 751 754 760 765 767 768 772 779 783 787 789 790 792 798 799 801 802 804 808 813 814 815 816 821 825 827 832 835 838 861 865 870 872 874 876 878 885 889 896 903 908 909 910 916 921 924 926 932 937 940 942 947 949 950 951 960 962 968 972 973 974 984 994 997 
2 3 21 44 48 56 63 76 84 92 100 101 102 103 110 111 121 122 126 128 140 145 156 160 162 167 170 175 177 180 181 182 188 192 203 205 207 209 213 224 227 233 250 258 271 276 288 295 306 311 319 321 335 340 344 345 351 354 359 360 366 370 377 380 390 394 395 397 398 401 404 411 431 439 441 446 449 460 468 469 479 480 487 492 498 505 507 518 526 532 534 537 548 564 569 580 584 594 597 606 610 613 616 628 629 630 636 637 639 646 650 651 664 670 674 678 681 683 687 699 703 716 718 719 734 737 741 767 775 776 785 787 789 795 798 814 815 825 827 829 830 832 838 841 842 861 865 867 875 876 878 879 889 896 901 902 916 921 924 930 940 942 947 951 953 968 972 982 988 
1 7 9 14 19 20 21 29 30 31 34 39 42 44 47 48 54 55 62 63 70 72 74 75 79 95 96 100 101 105 116 117 121 123 125 129 130 134 137 142 143 145 147 149 151 152 154 156 159 160 164 167 178 181 182 202 203 206 211 218 223 227 229 231 233 238 244 247 248 253 258 260 262 265 271 277 278 279 288 289 293 294 295 303 304 306 307 308 312 318 321 322 326 329 335 340 343 348 349 350 354 358 360 362 365 370 372 373 374 377 380 382 388 390 392 395 399 401 402 403 408 409 414 415 420 426 427 428 435 439 441 455 457 462 463 468 469 476 479 480 487 492 495 496 498 500 502 503 505 507 509 510 518 520 526 528 532 534 536 538 546 549 550 557 560 564 573 574 581 584 587 589 594 596 598 600 607 610 613 617 625 628 629 630 632 642 643 645 650 654 655 657 659 660 664 665 666 670 674 676 677 681 683 684 690 692 694 698 704 711 713 714 715 717 718 719 720 722 725 726 728 729 735 737 738 739 741 744 745 747 748 751 755 757 758 760 761 767 768 769 774 778 779 780 782 783 785 787 789 792 793 794 796 798 801 802 805 808 813 814 816 821 823 829 830 835 838 840 846 848 853 854 858 863 864 866 867 870 873 879 885 887 889 893 898 900 902 909 910 914 916 918 919 921 932 941 942 944 947 949 951 958 960 962 968 972 973 983 984 990 994 997 
3 4 5 9 10 13 14 15 17 20 25 26 30 32 37 45 50 51 56 57 65 76 82 85 87 90 91 93 97 99 100 106 110 112 114 119 120 121 123 133 138 145 151 153 157 160 163 168 176 177 185 187 189 199 201 205 209 212 214 217 218 221 222 224 225 230 235 243 249 250 251 252 265 272 276 277 278 284 288 289 301 303 304 319 320 321 325 329 336 339 341 342 347 349 360 362 363 364 365 375 376 377 379 380 381 390 391 393 400 401 409 418 419 422 425 428 433 436 440 444 446 451 461 463 464 469 472 473 475 479 482 487 488 489 490 491 496 500 502 507 512 517 519 532 536 537 546 556 558 559 561 564 566 567 569 577 578 585 586 589 592 603 604 608 609 610 613 615 618 619 622 627 641 646 651 657 664 669 674 675 679 680 683 684 688 691 702 703 707 712 721 722 725 727 730 734 735 737 739 741 749 751 752 753 755 756 760 762 763 774 775 789 790 793 794 796 798 800 809 811 817 826 827 828 847 853 854 857 867 870 873 875 878 881 883 886 889 890 891 895 900 903 907 911 916 917 923 925 930 934 935 936 942 947 951 953 957 962 963 966 971 978 979 980 981 982 983 984 
11 27 35 43 53 68 80 98 113 123 158 161 166 184 199 201 208 214 215 219 222 234 240 241 255 257 265 269 273 285 291 297 298 309 317 327 357 378 385 403 406 412 418 419 424 428 447 459 461 475 477 485 489 490 493 508 512 516 521 536 539 543 545 552 561 565 568 570 572 577 578 585 593 598 602 614 620 626 631 633 635 640 652 661 662 686 688 689 693 696 700 701 750 762 766 770 777 780 790 791 806 818 822 834 869 883 891 905 907 912 913 915 931 945 954 955 963 967 979 980 996 998 
12 19 33 38 66 73 81 86 94 95 132 139 147 149 155 164 191 204 206 226 228 231 237 238 274 308 313 318 328 331 350 352 361 367 368 369 373 386 389 392 399 427 429 453 478 504 527 528 542 550 576 581 600 601 621 624 647 653 656 659 667 671 672 685 692 695 706 717 726 728 740 742 745 748 757 758 764 773 793 805 819 823 824 836 840 844 850 860 864 877 887 893 894 897 898 906 919 922 944 952 961 969 977 985 989 
6 14 18 22 26 53 57 61 67 74 82 86 107 112 120 135 138 146 171 172 184 185 186 198 204 217 222 226 236 272 278 280 282 283 289 303 304 315 316 317 330 331 341 346 361 367 368 369 387 389 393 403 417 421 436 440 445 448 451 454 465 466 474 483 489 504 522 523 539 542 545 551 562 571 576 579 585 588 599 612 614 627 631 653 656 673 680 685 691 692 700 705 709 722 729 730 731 733 735 739 748 750 752 771 774 786 794 797 810 820 828 837 847 849 850 851 852 864 871 873 877 888 891 892 893 894 900 912 913 918 939 948 959 961 964 967 976 977 985 986 989 991 993 999 
7 8 16 21 28 29 31 34 39 44 46 49 55 58 59 72 78 79 96 100 101 102 116 125 126 128 131 134 137 159 165 169 174 178 179 210 211 223 233 246 247 253 260 261 292 294 305 306 307 310 332 334 340 348 354 356 366 370 383 394 411 413 414 423 426 430 434 435 439 455 467 470 476 495 499 510 513 518 520 526 535 549 553 557 563 573 574 591 597 625 628 629 630 632 639 645 649 654 655 660 665 666 670 676 694 714 716 718 724 738 747 754 768 782 783 787 792 801 802 808 814 816 821 835 838 861 865 876 885 910 914 916 926 932 937 941 949 956 960 994 997 
11 27 35 43 53 67 68 73 80 98 105 113 129 151 158 164 184 193 199 201 208 216 219 222 234 239 255 257 265 269 270 280 285 291 298 299 309 317 324 330 349 357 385 386 392 402 403 405 406 416 419 420 428 429 447 448 454 457 459 477 485 489 493 508 516 533 536 539 543 544 552 565 568 570 572 578 598 602 614 620 626 631 635 640 652 686 689 693 696 698 701 708 731 735 755 770 777 779 780 786 791 813 818 822 834 839 844 854 858 869 884 892 904 905 909 912 915 931 938 948 954 955 975 991 996 998 
1 9 12 14 19 20 34 38 39 42 47 54 55 57 62 63 66 69 72 74 75 81 86 94 95 100 105 112 119 127 129 132 135 139 142 143 145 147 149 154 155 160 164 178 198 203 204 206 217 218 226 228 231 233 236 237 238 244 247 248 258 260 262 272 274 277 279 282 288 289 293 299 301 303 304 308 312 318 321 322 326 328 329 331 341 349 350 352 358 361 365 367 368 369 372 373 376 382 386 388 389 390 392 393 399 402 409 415 420 427 436 437 440 445 450 453 454 455 462 463 465 466 468 472 478 479 492 495 496 500 502 503 507 509 523 528 538 542 550 557 564 566 573 581 589 596 600 607 617 619 621 622 624 625 627 642 643 647 659 664 672 677 680 685 690 691 692 694 695 704 705 706 711 713 714 715 717 722 725 726 728 729 730 732 737 739 742 744 745 747 748 751 755 757 764 773 774 778 785 793 794 796 798 801 805 808 811 813 816 819 823 824 828 830 838 840 850 854 858 860 863 864 866 867 871 873 877 887 889 893 898 900 906 910 914 916 918 919 932 935 944 947 948 952 958 961 962 973 976 983 984 989 994 999 
1 12 19 33 38 41 60 63 64 66 69 75 81 86 94 95 127 132 139 142 143 147 148 149 154 155 167 182 204 206 220 226 231 237 238 244 248 259 263 274 293 301 308 312 318 328 331 335 350 358 361 369 382 389 399 427 437 450 453 465 468 478 503 506 511 523 528 538 542 547 554 564 581 595 600 607 616 621 624 625 642 647 659 663 672 690 695 697 710 711 713 715 719 726 728 732 742 745 746 748 764 769 778 785 793 803 805 819 823 824 830 846 848 860 866 868 879 882 887 893 897 898 906 946 958 961 969 983 990 
21 44 52 56 65 71 84 100 101 110 111 121 122 126 128 145 170 175 177 180 188 192 194 195 205 207 209 224 227 230 250 254 264 268 276 281 288 290 295 300 302 306 311 319 323 334 342 360 366 370 377 380 394 396 398 401 439 442 449 460 469 488 524 525 529 532 534 537 540 555 556 583 590 597 605 609 610 613 637 646 651 670 674 679 683 687 699 707 716 718 741 756 765 775 781 787 789 814 815 825 827 832 838 856 859 874 878 896 920 924 925 930 940 942 947 951 966 972 974 982 
5 9 10 13 15 17 24 25 27 30 32 36 37 45 51 52 65 82 83 87 91 93 97 112 114 118 122 123 144 145 151 157 160 166 168 176 180 183 187 189 190 196 197 199 201 212 214 215 218 219 221 222 225 229 230 240 241 243 245 251 265 268 273 276 278 281 284 287 288 290 295 297 300 319 320 323 325 329 333 336 342 347 360 362 364 365 375 376 378 379 380 390 391 401 408 409 418 419 422 425 426 428 433 451 460 461 463 464 469 473 475 479 482 488 489 490 491 496 512 516 517 519 529 540 546 555 556 558 559 561 566 567 577 578 585 590 593 605 609 610 613 615 618 619 622 640 641 651 657 662 679 683 684 688 693 701 702 707 721 737 741 752 753 755 756 760 762 763 770 772 775 790 791 796 817 826 853 854 859 870 883 885 890 891 903 905 907 911 920 923 925 929 930 934 947 951 955 957 963 966 971 978 979 980 981 
2 3 9 21 30 44 48 52 56 63 65 71 76 84 92 97 100 101 102 103 110 111 114 116 121 122 126 128 140 145 156 157 160 162 167 170 175 176 177 180 181 182 187 188 190 192 203 205 207 209 213 224 227 229 230 233 250 252 258 271 276 281 288 295 306 311 319 321 323 333 334 335 336 340 342 344 345 351 354 355 359 360 362 366 370 377 380 390 394 395 396 397 398 401 409 411 426 439 441 446 449 460 464 468 469 471 479 480 487 492 498 505 507 517 518 524 526 532 534 537 548 556 564 569 573 580 584 590 594 597 606 610 613 616 628 629 630 636 637 639 646 650 651 664 670 674 678 679 681 683 684 687 699 703 712 716 718 719 734 737 741 756 760 767 775 776 785 787 789 795 798 802 808 814 815 817 825 827 829 830 832 838 841 853 857 861 865 867 874 875 876 878 879 889 896 901 902 903 916 921 924 925 930 940 942 947 951 953 968 972 973 982 984 988 
6 14 18 20 22 26 37 45 50 53 57 61 69 74 75 82 86 87 90 91 94 95 97 99 104 106 107 112 119 120 123 133 135 138 146 160 168 171 185 186 198 204 212 217 218 222 235 236 243 251 265 267 272 274 275 277 278 282 283 289 293 301 303 304 308 315 316 318 320 321 326 329 336 339 341 346 347 360 363 367 368 376 387 389 390 393 400 401 417 421 422 432 436 440 445 450 451 454 463 465 466 468 472 474 479 482 483 491 496 500 502 504 519 522 523 541 542 546 551 559 562 564 566 567 571 576 579 585 588 589 592 599 608 612 619 622 627 648 656 659 664 669 673 680 685 688 691 692 705 709 715 721 722 725 729 730 732 733 735 737 739 748 751 752 753 755 771 774 778 793 794 796 797 798 800 810 811 817 820 823 828 833 837 847 849 850 851 852 853 854 864 871 873 877 880 881 883 888 890 893 894 900 918 923 935 936 939 947 957 958 959 961 964 967 976 983 986 989 991 993 999 
21 41 44 46 48 63 64 79 92 100 101 103 121 124 134 142 143 148 152 154 156 167 178 181 182 202 203 213 220 227 233 244 247 253 258 271 286 306 310 312 314 335 344 345 351 354 358 370 374 377 382 395 397 439 441 462 468 480 487 492 498 505 507 526 532 538 547 563 564 584 594 606 607 616 625 628 642 644 646 649 650 654 655 663 664 674 681 713 718 719 720 724 767 769 785 787 795 798 801 803 815 816 827 829 830 846 848 867 879 882 887 889 901 902 916 921 932 942 947 951 958 968 972 990 992 994 997 
1 2 9 14 19 20 21 34 39 41 42 44 47 48 54 60 63 64 69 72 75 79 92 94 95 100 101 103 106 121 124 127 134 140 141 142 143 145 147 148 149 152 154 156 160 162 167 178 181 182 202 203 206 213 218 220 224 227 231 233 235 238 244 247 248 258 259 260 262 263 271 274 277 279 286 288 293 301 306 308 312 318 321 326 329 335 344 345 349 350 351 354 358 359 360 365 370 372 374 377 382 388 390 395 397 399 402 409 437 439 441 450 462 463 468 472 479 480 487 492 495 498 502 503 505 506 507 511 518 526 528 532 538 542 547 549 557 564 573 584 594 595 596 600 606 607 616 625 628 642 644 646 650 654 659 663 664 674 677 681 690 694 695 697 703 704 710 711 713 714 715 718 719 720 725 728 734 737 739 741 744 745 746 748 751 767 769 774 776 778 785 787 793 795 796 798 801 802 803 805 808 811 815 816 823 824 827 829 830 833 838 842 846 848 854 866 867 868 873 875 879 882 887 889 893 898 900 901 902 910 914 916 921 932 935 942 946 947 951 958 962 968 972 973 983 984 990 992 994 995 997 
28 35 49 58 59 77 78 88 96 109 115 125 131 150 159 164 165 179 193 216 239 242 246 256 261 270 285 294 309 324 343 356 405 416 429 430 447 455 456 457 494 497 513 531 533 535 543 544 553 575 582 596 602 620 623 635 652 686 696 698 708 723 736 738 747 761 768 782 784 792 812 813 831 839 844 858 862 884 899 909 922 928 938 941 956 960 970 975 987 
8 9 16 21 23 24 30 31 44 52 65 71 83 84 100 101 102 111 116 126 128 130 134 145 156 157 169 170 175 177 180 181 190 195 203 207 214 229 230 233 250 264 276 281 287 288 295 300 302 305 306 319 323 332 333 334 340 342 354 355 366 370 371 377 379 380 394 396 408 411 423 426 435 438 439 442 449 452 460 467 469 471 480 487 498 499 505 510 515 518 520 524 525 526 529 534 537 573 583 584 590 591 597 609 610 613 628 629 630 632 637 639 670 674 679 682 687 716 718 741 760 765 767 772 783 787 789 799 802 804 808 814 815 825 827 832 838 856 861 865 874 876 878 885 896 903 916 921 924 925 937 940 947 949 950 951 972 973 974 981 984 
2 4 14 40 48 50 57 60 69 74 75 76 82 86 90 92 94 95 103 106 108 112 119 121 127 136 140 141 148 155 162 163 167 168 173 176 200 205 212 213 224 235 236 249 258 259 263 274 275 277 282 301 303 304 308 318 321 336 341 344 358 359 360 363 400 404 431 432 437 440 443 446 450 468 472 479 501 502 506 507 511 523 532 541 542 547 548 554 564 566 580 586 589 592 595 603 607 608 616 622 627 636 642 664 669 675 697 703 705 710 712 715 721 722 727 732 734 737 746 748 751 774 776 778 785 788 793 795 796 798 800 803 807 811 828 830 833 842 866 867 868 875 879 880 881 882 893 900 901 917 918 935 936 943 946 953 958 965 983 988 995 999 
5 11 27 32 35 43 53 80 98 113 118 123 144 158 161 166 183 184 199 201 208 214 215 219 222 225 234 240 241 255 257 265 269 273 291 297 298 309 317 327 357 378 385 391 403 406 412 418 419 424 428 447 461 475 477 485 489 490 493 508 512 516 521 536 539 545 552 558 561 565 568 570 572 577 578 585 593 598 602 614 626 631 633 640 641 661 662 688 689 693 700 701 750 762 766 770 777 780 790 791 806 818 822 834 855 869 883 891 905 907 912 913 915 931 945 954 955 963 967 971 979 980 996 998 
1 7 8 16 29 31 34 39 44 46 55 59 72 79 96 100 102 125 128 134 137 142 165 174 178 179 202 210 211 223 233 244 247 248 253 260 292 294 305 306 307 310 312 314 332 340 348 354 356 372 383 394 411 413 414 430 434 435 439 455 462 467 470 476 492 495 503 505 509 510 518 520 526 535 538 549 557 573 574 584 591 600 625 629 630 632 639 645 649 654 655 660 665 666 676 694 713 714 720 724 728 738 747 754 768 782 783 792 801 802 808 814 816 821 835 838 861 876 898 910 914 916 926 932 937 941 956 968 994 997 
1 19 33 38 42 47 55 62 70 73 77 109 117 132 139 149 150 164 191 206 228 231 238 246 262 313 322 328 338 350 352 369 372 373 386 388 392 399 415 429 453 456 478 494 495 509 527 531 550 560 575 581 582 601 623 624 643 653 667 677 706 717 723 728 736 742 757 758 761 773 784 819 836 840 844 860 862 863 864 897 899 906 919 922 941 944 952 969 987 989 
6 14 18 20 22 26 45 53 57 61 67 74 82 86 91 104 107 112 120 123 133 135 138 146 171 172 184 185 186 198 201 204 217 222 236 265 272 278 280 283 289 303 304 315 316 317 320 330 341 346 367 368 387 389 393 403 417 421 428 436 445 448 451 454 465 466 474 482 483 489 496 500 504 522 523 539 542 545 546 562 576 579 585 588 589 599 612 614 619 622 627 631 653 656 673 680 685 691 692 693 700 705 709 722 729 730 731 733 735 739 748 750 752 755 771 774 780 786 794 797 800 810 820 828 837 847 849 850 851 852 854 864 871 873 877 883 888 891 892 893 894 900 907 912 913 918 923 939 948 959 961 964 967 976 977 985 986 989 991 993 
7 8 9 16 20 21 23 24 29 30 31 34 39 44 48 52 54 56 63 65 71 72 83 84 95 100 101 102 105 111 114 116 121 125 126 128 129 130 134 137 142 145 151 154 156 157 159 160 169 170 175 177 178 180 181 182 187 188 190 203 205 207 209 211 214 215 218 223 224 227 229 230 233 247 248 250 253 258 260 262 264 271 276 277 279 281 287 288 294 295 297 300 306 307 312 319 321 323 326 329 332 333 334 340 342 343 349 350 354 355 360 362 365 366 370 372 377 379 380 384 390 394 396 401 402 408 409 410 411 414 420 423 426 435 438 439 442 449 452 457 460 463 464 467 468 469 471 476 479 480 487 492 495 496 498 499 500 502 505 507 510 512 515 517 518 520 524 526 532 534 536 537 538 549 557 564 573 574 583 584 587 590 591 596 597 598 609 610 613 625 628 629 630 632 637 638 639 645 646 657 660 664 665 666 670 674 676 677 679 681 682 683 684 687 690 694 698 704 715 716 718 719 725 737 738 739 741 744 751 756 760 765 767 768 772 775 779 783 785 787 789 790 792 793 796 798 799 801 802 804 808 813 814 815 816 821 823 825 827 830 832 835 838 853 854 856 861 865 867 870 872 873 874 876 878 885 889 893 896 900 903 908 909 910 916 921 924 925 930 937 940 942 947 949 950 951 958 962 972 973 974 981 983 984 994 997 
9 11 27 28 35 42 49 53 54 58 67 68 73 77 80 88 105 129 135 150 151 159 164 172 184 185 186 193 201 216 219 222 228 234 239 242 256 260 265 269 270 278 279 280 299 309 313 316 317 324 330 346 349 352 365 367 373 385 386 392 402 403 405 415 416 420 428 429 447 448 454 455 456 457 459 477 485 494 497 508 509 513 527 533 536 539 543 544 552 553 560 565 570 575 576 578 582 588 596 598 601 602 614 617 620 626 635 652 673 677 686 689 696 698 706 708 717 723 729 731 735 736 744 755 758 773 779 780 784 786 813 822 831 839 840 844 847 850 851 854 858 863 864 870 871 873 877 884 892 899 904 909 915 919 922 928 938 944 948 952 954 955 960 962 970 975 987 989 991 996 
1 19 33 34 38 39 42 47 54 55 62 68 70 72 73 77 88 96 105 109 117 129 132 135 139 142 147 149 150 164 165 178 191 206 228 238 242 244 246 248 256 260 261 262 270 279 280 294 299 308 313 322 324 326 328 330 338 350 352 367 369 372 373 386 388 392 399 415 416 427 429 448 453 454 455 456 459 478 494 495 497 503 509 527 531 535 549 550 557 560 575 582 596 600 601 617 621 623 624 625 643 652 653 659 667 677 686 690 692 694 704 706 708 714 717 723 726 728 729 736 747 757 758 761 768 773 784 786 813 816 819 823 836 839 840 844 850 858 860 862 863 864 871 873 877 884 893 897 899 906 918 919 922 928 938 941 944 948 952 960 962 969 970 985 987 989 
3 10 48 51 56 65 76 85 97 100 103 110 121 122 136 140 145 153 162 176 177 180 188 192 205 209 224 230 250 252 258 276 311 319 321 325 336 342 359 360 377 380 381 398 401 431 446 458 460 469 473 479 488 507 517 532 537 540 548 556 569 580 603 604 608 610 634 636 646 651 658 674 678 679 683 687 699 703 707 712 734 741 756 775 776 788 789 795 798 815 827 841 845 857 867 875 878 895 901 925 930 940 942 947 951 953 982 988 
2 3 40 41 48 50 60 64 69 75 76 92 94 103 106 108 119 121 127 136 140 141 148 162 167 173 192 200 205 213 224 227 235 249 252 258 259 263 275 286 301 318 321 335 341 344 345 358 359 363 397 398 400 404 431 437 440 441 443 446 450 458 468 472 501 506 507 511 530 532 542 547 548 554 564 580 586 592 595 603 606 607 608 616 634 636 642 646 658 663 675 678 697 703 710 712 732 734 746 774 776 778 785 788 795 803 807 811 815 830 833 842 845 857 866 867 868 875 879 880 881 882 901 917 935 936 943 946 953 958 965 983 988 992 995 
4 26 40 50 82 85 89 90 97 99 104 107 108 112 119 120 133 138 163 168 173 176 200 212 221 249 251 266 267 272 275 320 325 336 337 339 341 400 404 407 417 425 440 443 444 473 481 483 491 501 514 519 530 541 551 559 566 567 571 586 592 603 608 611 648 658 669 702 709 712 721 727 743 749 753 771 788 800 807 809 843 845 857 881 886 890 917 923 927 943 957 965 978 986 
19 33 34 35 38 42 47 54 55 62 67 68 70 73 77 78 88 105 109 115 117 129 131 132 135 149 150 164 184 191 193 216 228 234 242 246 256 260 262 270 279 280 299 309 313 322 324 328 330 338 349 350 352 372 373 386 388 392 399 402 403 405 415 416 420 429 447 448 454 455 456 457 459 485 494 495 497 509 527 531 533 535 536 550 553 560 575 582 596 598 601 617 623 624 635 652 653 667 677 686 694 696 704 706 708 717 723 728 729 731 735 736 744 747 755 757 758 761 773 780 784 786 813 819 822 831 836 839 840 844 847 850 858 860 862 863 864 871 873 877 884 892 897 899 909 919 922 928 938 944 948 952 960 962 969 970 985 987 989 991 
2 3 4 10 40 50 51 56 76 85 89 90 97 99 108 110 122 136 140 153 163 168 173 176 188 192 197 200 205 212 221 224 249 252 266 267 268 290 296 311 325 336 360 364 381 398 404 407 425 431 443 444 446 458 473 481 484 488 501 511 514 519 530 540 548 556 559 569 580 586 592 603 604 608 611 618 634 636 646 651 658 669 675 678 683 699 702 707 712 727 734 743 749 756 775 776 788 807 809 841 842 843 845 857 875 881 886 895 917 920 927 930 936 943 953 957 965 978 982 988 
1 34 41 48 60 63 64 72 75 79 92 100 101 103 124 127 141 142 143 147 148 152 154 156 167 178 182 202 203 213 220 231 233 244 247 248 258 259 263 271 286 312 318 335 344 345 351 358 372 374 382 395 397 441 462 468 480 487 492 495 498 503 505 506 526 528 538 547 554 564 584 594 600 606 607 616 625 642 644 650 654 663 681 690 694 697 711 713 714 719 728 745 746 767 769 785 795 801 803 805 816 824 829 830 846 848 866 867 868 879 882 887 898 901 902 914 916 932 942 946 958 968 990 992 994 995 
14 18 20 22 26 27 32 45 53 54 57 61 67 68 73 74 80 91 104 105 112 120 123 129 133 135 138 146 151 164 172 184 185 186 189 193 198 199 201 217 218 222 228 234 243 251 262 265 272 277 278 279 280 289 299 303 304 309 316 317 320 326 329 330 341 346 349 350 352 365 367 368 376 386 392 393 402 403 417 419 420 422 428 429 436 448 451 454 457 459 461 463 465 466 474 475 482 485 489 490 491 496 500 502 504 527 536 539 545 546 550 552 562 566 576 578 579 585 588 589 596 598 599 614 619 622 631 652 656 657 673 680 684 685 688 691 692 693 700 704 706 708 717 721 722 725 729 730 731 733 735 739 744 752 753 755 763 770 771 773 774 780 786 790 791 794 796 797 810 813 817 820 828 837 839 844 847 849 850 851 852 853 854 864 871 873 877 883 888 891 892 893 894 900 907 912 918 919 923 934 939 944 948 954 955 961 962 963 964 967 976 979 980 985 989 991 996 
1 34 41 48 60 63 64 66 72 75 92 94 100 101 103 121 124 127 139 142 143 147 148 152 154 155 156 167 178 182 202 203 206 220 231 233 237 238 244 247 248 258 259 263 271 286 293 308 312 318 326 335 345 351 358 372 374 382 395 397 437 441 453 462 468 478 480 487 492 495 502 503 506 507 526 528 538 547 564 581 594 600 606 607 616 625 642 644 647 650 659 663 664 672 681 690 694 695 697 711 713 714 715 719 728 737 745 746 751 767 769 778 785 793 795 798 801 803 805 816 824 829 830 846 848 866 867 868 879 882 887 889 898 901 914 916 932 942 946 958 962 968 983 984 990 992 994 995 
6 14 18 22 26 45 53 57 61 67 82 99 104 107 112 120 133 138 146 168 171 172 184 185 186 198 212 217 222 236 251 265 266 267 272 278 280 283 303 315 316 317 320 339 341 346 387 393 403 417 421 422 436 445 451 454 466 474 483 489 490 491 519 521 522 539 545 551 562 567 571 579 585 588 599 612 614 622 627 631 648 673 680 685 688 691 700 705 709 721 722 730 731 733 735 750 752 753 771 797 800 806 810 820 828 837 847 849 851 852 888 890 891 892 894 907 912 913 923 939 948 959 964 967 976 986 991 993 
6 12 19 20 22 38 42 53 54 57 67 68 73 74 86 95 105 129 132 135 139 146 147 149 164 172 184 185 186 191 198 204 217 222 226 228 236 248 262 278 279 280 283 289 299 303 304 308 313 316 317 326 328 330 346 349 350 352 361 367 368 369 372 373 386 389 392 399 402 403 415 420 427 429 448 454 465 466 478 495 503 504 522 523 527 542 550 576 588 596 598 621 624 653 656 659 667 673 677 680 685 690 692 694 704 706 717 722 725 726 728 729 730 731 733 735 739 740 744 748 755 757 773 774 786 794 813 819 820 823 828 837 839 840 844 847 850 851 854 858 864 871 873 877 892 893 894 900 906 918 919 922 939 944 948 952 961 962 964 969 976 977 985 989 991 
6 14 18 20 22 26 53 54 57 61 67 68 73 74 86 91 105 123 129 135 146 164 172 184 185 186 191 198 201 204 217 222 226 228 234 236 262 265 278 279 280 283 289 299 303 304 316 317 330 346 349 350 352 361 367 368 369 386 387 389 392 393 403 420 421 427 428 448 451 454 465 466 474 482 489 496 500 504 522 523 527 539 542 545 546 550 562 576 585 588 589 598 599 614 621 624 631 653 656 673 680 685 691 692 693 700 706 717 722 726 729 730 731 733 735 739 748 752 755 771 773 774 780 786 794 797 810 820 828 837 839 847 849 850 851 852 854 864 871 873 877 883 888 891 892 893 894 900 906 907 912 918 919 923 939 944 948 961 964 967 976 977 985 989 991 996 
6 14 18 20 22 26 32 45 53 57 61 67 82 91 104 107 112 120 123 133 135 138 146 172 184 185 186 189 198 199 201 217 222 251 265 267 272 278 280 283 289 303 304 315 316 317 320 341 346 367 376 387 393 403 417 422 428 433 436 445 451 454 461 466 474 475 482 483 489 490 491 496 500 519 521 539 545 546 551 562 566 567 571 579 585 588 589 599 612 614 619 622 627 631 640 662 673 680 685 688 691 693 700 709 721 722 730 731 733 735 750 752 753 755 763 766 770 771 777 780 794 797 800 806 810 820 828 837 847 849 851 852 854 871 883 888 890 891 892 900 907 912 913 918 923 934 939 948 959 963 964 967 980 986 991 993 996 
3 4 9 13 14 20 25 30 32 37 45 50 51 56 57 63 65 76 82 87 90 91 95 97 99 100 106 110 112 114 119 121 123 145 151 157 160 163 168 176 177 185 187 189 199 201 205 209 212 214 215 217 218 221 222 224 225 229 230 235 243 249 250 251 252 258 260 265 272 276 277 278 279 284 288 289 297 301 303 304 318 319 320 321 325 326 329 336 339 341 342 347 349 360 362 363 365 375 376 377 379 380 390 393 400 401 402 408 409 418 419 422 425 426 428 436 440 444 446 451 461 463 464 468 469 472 473 479 482 487 488 489 490 496 500 502 507 512 517 519 532 536 537 546 556 559 564 566 567 569 573 577 578 585 586 589 592 596 603 608 610 613 615 618 619 622 627 641 646 657 664 669 674 675 677 679 680 683 684 688 691 694 701 703 704 712 715 721 722 725 727 729 730 734 735 737 739 741 744 749 751 752 753 755 756 760 762 763 772 774 775 778 789 790 793 794 796 798 800 811 816 817 826 827 828 838 847 853 854 857 867 870 873 875 878 881 883 885 886 889 890 891 893 900 903 907 910 916 917 918 923 930 934 935 936 942 947 951 953 957 958 962 963 971 973 978 979 980 983 984 
9 11 14 20 26 27 29 30 31 32 35 37 39 42 45 53 54 57 61 63 67 68 74 80 82 87 91 95 97 100 105 112 114 120 123 129 130 133 135 138 142 145 151 154 158 159 160 164 168 178 184 185 186 187 189 193 198 199 201 203 214 215 217 218 219 222 223 225 228 229 233 234 239 240 243 248 251 255 258 260 262 265 269 270 277 278 279 280 288 289 291 294 297 299 303 304 308 309 316 317 320 326 329 336 341 343 346 347 349 350 362 365 367 372 376 378 380 386 390 392 393 401 402 403 408 409 410 415 418 419 420 422 426 427 428 429 447 451 454 455 457 459 461 463 464 468 475 477 479 482 485 486 487 489 490 491 492 495 496 500 502 510 512 516 536 538 543 544 545 546 550 552 557 561 565 566 570 572 573 577 578 585 587 589 596 598 602 610 617 619 620 622 625 626 635 640 641 652 657 659 662 664 665 677 680 684 688 689 690 691 692 693 694 698 700 701 704 706 708 715 717 721 722 725 726 729 730 733 735 737 739 744 748 751 752 753 755 759 760 762 763 770 772 773 774 779 780 786 790 791 794 796 798 802 808 811 813 816 817 822 823 826 828 830 837 838 839 847 850 851 852 853 854 858 864 870 871 872 873 877 883 885 889 890 891 893 900 903 904 905 907 908 909 910 916 918 919 923 934 945 947 948 954 955 958 960 962 963 967 971 973 979 980 983 984 989 991 996 
5 11 23 24 27 30 32 43 83 93 113 116 118 123 130 144 151 157 158 166 183 187 190 214 215 219 225 232 240 241 245 254 255 257 273 281 285 287 291 295 297 298 300 323 327 333 334 342 343 353 355 357 362 378 379 384 391 396 406 408 410 412 418 419 424 426 428 438 447 452 461 469 471 477 486 493 512 515 516 534 544 558 561 565 568 570 572 577 578 587 590 593 605 609 613 615 620 626 633 638 641 657 661 668 679 682 698 701 759 760 762 772 779 790 791 799 804 812 834 855 870 872 885 903 904 905 908 929 945 949 950 954 963 966 971 974 979 980 981 998 
16 21 23 36 44 71 83 84 111 116 122 126 128 169 170 175 180 190 194 195 207 232 245 254 264 281 287 290 295 300 302 305 323 332 333 334 342 353 355 366 371 394 396 411 423 426 438 442 449 452 460 469 471 499 524 525 529 534 537 555 583 590 591 597 605 613 637 639 670 682 716 718 741 765 781 789 799 804 825 832 838 856 859 874 876 896 924 929 933 937 950 974 
2 3 4 10 25 37 40 50 51 56 65 76 85 87 89 90 92 97 99 100 103 106 108 110 114 119 121 122 136 140 145 153 160 162 163 168 173 176 177 188 197 200 205 209 212 221 224 230 235 243 249 250 252 267 275 276 296 311 319 321 325 336 359 360 363 364 377 380 381 390 398 400 401 404 407 425 431 443 444 446 458 469 472 473 479 481 484 487 488 501 506 507 511 514 517 519 530 532 537 540 548 556 559 566 569 580 586 592 603 604 608 610 611 615 618 634 636 646 651 658 669 674 675 678 679 683 699 702 703 707 712 727 734 737 741 743 749 756 775 776 788 789 795 798 807 809 817 827 841 842 843 845 853 857 867 875 878 881 886 889 890 895 916 917 920 925 927 930 935 936 942 943 947 951 953 957 965 966 978 982 988 
9 11 20 28 29 31 34 35 39 42 47 49 54 55 58 59 62 63 67 68 70 72 73 77 78 80 88 96 105 109 115 125 129 130 135 149 150 151 159 164 165 178 179 193 216 218 219 223 228 233 239 242 246 248 256 260 261 262 269 270 279 280 285 294 299 307 309 313 322 324 326 330 343 349 350 352 356 365 367 372 373 386 388 392 402 405 408 409 415 416 420 429 430 447 454 455 456 457 459 476 477 485 494 495 497 503 509 510 513 520 527 531 533 535 536 543 544 549 550 553 557 560 565 570 573 574 575 578 582 587 596 598 601 602 617 620 623 625 626 635 645 652 665 677 686 690 692 694 696 698 704 706 708 717 723 725 728 729 735 736 739 744 747 755 757 758 761 768 773 779 782 783 784 786 792 801 802 808 812 813 816 822 823 831 839 840 844 850 854 858 862 863 864 870 871 873 877 884 893 899 904 909 910 916 918 919 922 928 938 941 944 948 949 952 954 960 962 970 973 975 984 987 989 
5 10 13 23 25 30 36 37 51 52 65 71 84 87 93 97 118 122 153 157 175 180 183 188 190 194 195 196 197 207 214 230 232 245 250 254 264 268 276 281 287 288 290 295 300 302 319 323 325 342 353 364 371 379 380 391 418 452 460 464 469 473 484 488 517 524 525 529 540 555 556 558 590 605 609 613 615 618 637 641 651 679 682 687 699 707 741 756 775 781 789 804 825 826 856 859 874 895 903 911 920 925 929 930 933 966 971 974 978 981 982 
1 12 19 33 38 42 47 55 62 66 70 73 77 81 94 95 109 117 132 139 142 147 149 150 164 191 206 226 228 231 237 238 244 262 274 308 313 318 322 328 331 338 350 352 361 369 372 373 386 388 392 399 415 427 429 453 456 478 495 509 527 528 542 550 560 575 581 600 601 621 624 625 643 647 653 659 667 671 672 677 692 695 706 711 713 717 726 728 740 742 745 748 757 758 764 773 793 805 819 823 824 836 840 844 860 862 863 864 887 893 897 898 906 919 922 944 952 961 969 989 
7 8 16 21 44 46 79 100 101 102 111 116 126 128 134 137 156 170 174 175 181 202 203 207 210 211 233 247 253 295 305 306 310 314 332 334 340 348 354 366 370 377 383 394 411 413 423 426 434 435 439 442 449 467 470 476 480 487 498 499 505 518 526 534 537 549 563 573 583 584 591 597 628 629 630 632 639 649 654 655 660 666 670 674 676 716 718 720 724 741 754 767 783 787 789 792 801 802 808 814 815 821 827 832 835 838 861 865 876 896 921 924 926 937 940 968 972 994 997 
33 34 42 55 62 70 77 78 88 96 109 115 117 131 132 150 164 165 191 242 246 256 261 270 294 313 322 324 338 352 356 373 405 415 430 455 456 494 495 497 509 513 527 531 533 535 553 557 560 575 582 601 617 623 643 667 717 723 736 747 758 761 768 784 831 836 840 844 858 860 862 863 884 897 899 922 928 938 941 944 952 960 969 970 987 
1 19 33 34 38 39 42 47 54 55 62 70 72 73 77 78 88 96 109 115 117 131 132 139 142 147 149 150 164 165 178 191 206 228 238 244 246 248 256 260 261 262 279 294 299 308 313 322 326 328 338 350 352 356 372 373 386 388 392 399 415 416 429 430 453 455 456 478 494 495 497 503 509 527 531 535 549 550 557 560 575 582 596 600 601 617 623 624 625 643 667 677 690 694 704 706 714 717 723 728 736 747 757 758 761 768 773 782 784 813 816 823 836 839 840 844 858 860 862 863 864 884 897 898 899 914 919 922 928 941 944 952 960 962 969 970 987 989 
1 6 9 12 14 19 20 22 29 33 34 38 39 42 47 53 54 55 57 62 63 66 67 68 73 74 77 86 94 95 105 123 129 132 135 139 142 143 146 147 149 150 151 154 164 172 178 184 185 186 191 193 198 201 204 206 217 218 222 226 228 234 236 238 244 248 260 262 265 270 274 277 278 279 280 283 289 293 299 301 303 304 308 309 313 316 317 318 322 326 328 329 330 346 349 350 352 361 365 367 368 369 372 373 386 388 389 392 399 402 403 408 409 415 420 427 428 429 448 454 455 456 457 459 463 465 466 472 478 485 494 495 496 500 502 503 504 509 522 523 527 528 536 538 542 546 550 557 560 576 582 588 589 596 598 600 601 617 621 624 625 643 652 653 656 657 659 667 672 673 677 680 685 690 691 692 693 694 695 704 706 708 711 714 715 717 722 725 726 728 729 730 731 732 733 735 739 740 744 747 748 751 755 757 758 773 774 778 779 780 786 793 794 805 811 813 816 819 820 823 828 836 837 839 840 844 847 850 851 854 858 860 863 864 866 870 871 873 877 884 892 893 894 897 898 900 906 909 910 916 918 919 922 928 938 939 944 948 952 954 958 960 961 962 964 969 973 976 977 983 984 985 989 991 996 
16 21 44 46 79 100 101 102 111 116 124 126 128 134 156 170 175 181 202 203 207 210 233 253 295 305 306 310 314 332 334 340 348 354 366 370 377 383 394 411 423 426 434 435 439 442 449 467 470 476 480 487 498 499 505 518 526 534 537 549 563 573 584 591 597 628 629 630 632 639 649 650 654 655 660 670 674 676 716 718 720 724 741 754 767 783 787 789 801 802 808 814 815 821 827 832 838 861 865 876 896 921 924 926 937 940 968 972 994 997 
1 2 14 19 41 42 47 48 54 60 63 64 66 69 74 75 86 92 94 95 103 106 127 139 141 142 143 147 148 149 154 155 167 178 182 203 206 220 231 235 237 238 244 248 258 259 262 263 271 274 277 293 301 308 312 318 321 326 335 344 345 350 358 361 372 382 388 399 400 404 427 431 437 450 453 468 472 478 479 492 501 502 503 506 511 523 528 538 542 547 550 554 564 581 595 600 606 607 616 621 625 642 647 659 663 664 672 681 690 692 694 695 697 704 710 711 713 715 717 719 722 726 728 732 737 739 745 746 748 751 764 769 774 776 778 785 793 795 796 803 805 811 816 823 824 830 833 842 846 848 864 866 867 868 873 875 879 880 882 887 889 893 898 900 916 918 935 946 958 962 983 984 995 
2 3 4 14 41 48 50 56 60 63 64 69 75 76 90 92 94 95 97 100 101 103 106 110 119 121 127 140 141 142 143 145 148 154 156 160 162 167 168 176 177 181 182 192 203 205 209 213 224 227 233 235 243 248 249 250 252 258 259 263 271 275 276 277 286 293 301 312 318 321 325 326 329 335 336 341 344 345 351 358 359 360 363 377 380 382 390 395 397 400 401 404 431 437 439 440 441 446 450 463 468 472 479 480 487 492 498 501 502 506 507 511 526 532 537 538 542 547 556 564 566 569 573 580 586 592 594 595 603 606 607 608 610 616 636 642 646 650 663 664 674 675 678 681 683 690 697 703 710 712 715 719 722 732 734 737 741 746 751 756 767 774 776 778 785 793 795 796 798 802 803 808 811 815 816 817 823 827 829 830 833 838 841 842 846 848 853 857 866 867 868 875 878 879 880 881 882 889 890 900 901 902 910 916 930 935 936 942 946 947 951 953 957 958 962 968 972 973 983 984 988 995 
2 4 40 41 48 50 60 63 64 66 69 74 75 76 86 90 92 94 95 103 106 119 121 127 136 140 141 143 147 148 154 155 162 167 168 176 205 213 220 224 227 235 249 258 259 263 271 274 275 286 293 301 308 318 321 335 336 341 344 345 358 359 360 363 382 397 400 404 431 437 440 441 443 446 450 468 472 479 480 501 506 507 511 523 528 532 542 547 548 554 564 580 586 592 595 603 606 607 608 616 636 642 659 663 664 675 681 690 695 697 703 710 711 712 713 715 719 722 732 734 746 748 769 774 776 778 785 788 793 795 803 805 807 811 824 830 833 842 846 848 866 867 868 875 879 880 881 882 887 901 935 936 942 946 953 958 965 983 988 992 995 
27 35 43 68 80 98 113 158 161 166 199 208 219 234 240 255 257 269 291 298 309 327 357 378 385 406 412 419 424 447 459 477 485 489 490 493 508 516 521 539 543 552 565 568 593 602 614 631 633 635 640 652 661 662 686 689 693 696 701 766 770 777 780 791 806 818 822 834 869 905 915 931 945 954 955 996 998 
8 9 11 16 20 24 27 28 29 30 31 32 39 49 54 58 63 65 67 68 83 87 91 100 105 114 116 123 125 129 130 144 145 151 157 158 159 160 164 169 187 189 190 193 199 201 203 214 215 216 218 219 222 223 225 229 230 233 239 241 243 258 260 265 270 273 276 277 278 279 280 281 285 288 289 294 295 297 299 304 307 309 323 326 329 333 334 342 343 349 355 362 365 376 379 380 384 386 390 392 401 402 403 408 409 410 418 419 420 422 423 426 428 429 435 438 439 447 452 455 457 459 461 463 464 469 471 479 482 485 486 487 495 496 499 500 502 510 512 515 516 517 520 533 534 536 538 544 546 553 557 570 572 573 577 578 587 589 591 596 597 598 610 613 619 620 626 629 630 632 635 638 641 652 657 660 665 666 668 670 677 679 684 691 694 698 701 704 708 718 721 725 729 735 737 739 741 744 751 755 759 760 762 763 768 772 779 780 783 789 790 794 796 798 799 802 808 812 813 814 816 817 826 838 839 853 854 855 858 864 870 871 872 873 883 885 889 893 903 904 905 907 908 909 910 916 918 928 934 938 945 947 948 949 950 951 954 960 962 971 973 975 979 980 984 
9 14 19 20 22 26 27 42 53 54 57 61 67 68 73 74 80 91 95 105 123 129 132 135 146 147 149 151 164 172 184 185 186 191 193 198 199 201 217 218 222 228 234 236 248 260 262 265 270 277 278 279 280 289 299 301 303 304 308 309 313 316 317 326 329 330 346 349 350 352 365 367 368 369 372 373 386 389 392 393 399 402 403 415 419 420 427 428 429 448 451 454 455 456 457 459 461 465 466 472 482 485 494 495 496 500 502 503 504 523 527 536 542 546 550 552 576 578 582 585 588 589 596 598 621 624 652 653 656 657 659 673 677 680 685 690 691 692 693 694 704 706 708 717 722 725 726 728 729 730 731 733 735 739 744 748 752 755 757 773 774 778 780 786 790 793 794 811 813 820 823 828 837 839 840 844 847 850 851 852 854 858 864 870 871 873 877 883 884 891 892 893 900 906 907 909 918 919 923 928 934 938 939 944 948 952 954 955 960 961 962 964 976 979 980 983 985 989 991 996 
5 9 11 24 27 30 32 43 83 113 116 118 123 130 144 151 157 158 159 169 183 187 190 193 201 214 215 219 225 229 240 241 245 255 257 269 273 281 285 287 288 291 295 297 298 307 309 323 333 342 343 349 355 357 362 365 378 379 380 384 391 402 406 408 409 410 418 419 424 426 428 438 447 452 457 461 471 477 486 510 512 515 516 534 536 543 544 558 561 565 568 570 572 573 577 578 587 593 602 613 620 626 632 633 635 638 641 657 668 670 698 701 708 744 759 760 762 772 779 790 791 799 812 814 838 854 855 870 872 885 903 904 905 908 945 949 950 954 963 971 973 979 980 981 
9 12 14 19 20 27 28 29 31 39 42 49 54 57 58 63 66 67 68 73 74 80 86 91 94 95 100 105 123 129 130 132 135 139 142 145 146 147 149 151 154 159 160 164 165 178 184 185 186 187 191 193 198 199 201 203 204 206 215 217 218 222 223 228 229 233 234 236 243 248 256 258 260 261 262 265 270 274 277 278 279 280 288 289 293 294 299 301 303 304 307 308 309 313 317 318 326 329 330 343 346 349 350 352 361 362 365 367 368 369 372 373 376 386 389 392 399 402 403 408 409 415 419 420 422 426 427 428 429 447 448 451 454 455 456 457 459 461 463 465 466 468 472 478 479 482 485 487 492 494 495 496 500 502 503 504 509 510 512 523 527 528 535 536 538 542 546 550 552 553 557 570 573 576 578 582 585 587 589 596 598 613 617 619 621 624 625 626 652 653 656 657 659 664 665 672 677 680 684 685 690 691 692 693 694 695 698 704 706 708 715 717 721 722 725 726 728 729 730 732 733 735 737 739 744 747 748 751 752 755 757 760 768 772 773 774 778 779 780 786 790 793 794 796 798 802 805 808 811 813 816 817 820 823 828 830 837 838 839 840 844 847 850 851 853 854 858 864 866 870 871 873 877 883 884 885 889 891 892 893 898 900 904 906 907 909 910 916 918 919 923 928 934 938 944 947 948 952 954 955 958 960 961 962 964 973 976 979 980 983 984 985 989 991 996 
21 23 24 30 36 44 52 65 71 83 84 93 101 110 111 116 122 126 128 157 169 170 175 177 180 183 188 190 192 194 195 196 207 209 214 230 232 245 250 254 264 268 276 281 287 288 290 295 300 302 306 311 319 323 333 334 342 353 355 366 370 371 379 380 396 398 426 438 439 442 449 452 460 469 471 488 515 524 525 529 534 537 540 555 556 558 583 590 597 605 609 613 615 637 641 651 668 670 674 679 682 687 699 707 716 718 741 756 765 772 775 781 789 799 804 814 825 827 832 838 856 859 874 878 885 896 903 920 924 925 929 930 933 940 950 951 966 971 974 981 982 
2 3 4 14 40 48 50 56 60 63 69 75 76 82 85 90 92 94 97 99 103 106 108 110 119 121 127 136 140 141 160 162 163 167 168 173 176 192 203 205 209 212 213 224 235 243 249 252 258 259 263 271 275 276 277 301 318 321 325 329 335 336 339 341 344 345 358 359 360 363 381 390 398 400 401 404 431 437 440 441 443 444 446 450 458 463 468 472 473 479 480 487 501 502 506 507 511 532 542 547 548 556 564 566 569 580 586 592 595 603 606 607 608 616 634 636 642 646 664 669 675 678 681 683 697 703 710 712 715 721 722 727 732 734 737 751 756 774 776 778 785 788 793 795 796 798 800 803 807 811 815 817 827 830 833 841 842 845 853 857 866 867 868 875 878 879 880 881 882 886 889 890 900 901 916 917 930 935 936 942 947 951 953 957 958 982 983 988 995 
8 16 21 44 46 101 102 111 116 126 128 134 170 174 175 181 207 210 211 253 295 305 306 310 314 332 334 340 348 354 366 370 377 383 394 396 411 413 423 426 434 435 439 442 449 467 470 476 499 505 518 534 537 563 583 584 591 597 628 629 630 632 639 649 654 655 660 666 670 674 676 716 718 720 724 741 754 765 787 789 814 815 821 827 832 835 838 856 861 865 876 896 921 924 926 937 940 972 997 
6 12 19 20 22 38 42 53 54 57 66 67 68 73 74 86 95 105 129 132 135 139 146 147 149 155 164 172 184 185 186 191 198 204 217 222 226 228 236 248 262 274 278 279 280 283 289 299 303 304 308 313 316 317 326 328 330 331 346 349 350 352 361 367 368 369 372 373 386 389 392 399 402 403 415 420 421 427 429 448 454 465 466 478 495 503 504 522 523 527 542 550 562 576 588 596 598 621 624 653 656 659 667 672 673 677 680 685 690 692 694 704 706 717 722 725 726 728 729 730 731 732 733 735 739 740 744 748 755 757 764 773 774 786 793 794 813 819 820 823 828 837 839 840 844 847 850 851 854 858 864 871 873 877 888 892 893 894 900 906 918 919 922 939 944 948 952 961 962 964 969 976 977 985 989 991 
3 21 30 44 48 52 56 65 71 76 84 97 100 101 103 110 111 114 121 122 126 128 140 145 153 157 160 162 170 175 176 177 180 181 187 188 192 195 203 205 207 209 213 224 227 230 233 250 252 258 271 276 281 288 290 295 306 311 319 321 323 325 336 342 345 359 360 362 366 370 377 380 381 390 398 401 431 439 441 446 458 460 464 469 479 480 487 488 507 517 524 529 532 534 537 540 548 556 569 573 580 590 597 610 613 636 637 646 651 670 674 678 679 681 683 684 687 699 703 707 712 716 718 734 737 741 756 760 775 776 787 789 795 798 802 808 814 815 817 825 827 832 838 841 853 857 867 874 875 878 889 895 896 901 902 903 916 920 924 925 930 940 942 947 951 953 972 982 984 988 
2 41 48 60 63 64 69 75 92 94 95 100 101 103 106 121 127 140 141 142 143 147 148 152 154 156 162 167 178 181 182 203 205 213 220 224 227 233 235 244 248 258 259 263 271 274 286 293 308 312 318 321 326 335 344 345 351 358 359 360 374 377 382 395 397 404 431 437 439 441 446 450 462 468 480 487 492 498 502 503 506 507 511 526 528 532 538 542 547 554 564 594 595 600 606 607 608 616 625 636 642 644 646 650 659 663 664 675 681 683 690 695 697 703 710 711 712 713 715 719 728 734 737 746 751 767 769 776 778 785 793 795 798 803 805 815 816 824 827 829 830 833 842 846 848 866 867 868 875 879 882 887 889 901 902 916 935 936 942 946 947 951 953 958 962 968 972 983 984 990 992 995 
14 50 57 69 74 75 82 86 90 92 94 95 106 107 112 119 127 155 163 168 173 204 212 235 236 249 259 272 274 275 282 283 293 301 303 304 308 318 321 337 339 341 363 400 404 432 437 440 445 450 465 466 468 472 479 501 502 506 511 522 523 541 542 564 566 586 589 592 595 607 608 622 627 648 659 669 675 697 705 710 712 715 721 722 732 748 774 776 778 785 793 796 800 807 811 828 833 842 866 867 868 875 880 881 893 900 918 935 936 953 958 976 983 986 999 
4 14 26 37 40 45 50 57 61 69 74 75 76 82 85 87 90 92 97 99 106 107 108 112 114 119 120 133 136 138 146 160 163 168 171 173 176 189 200 205 212 217 218 221 235 236 243 249 251 252 266 267 272 275 276 277 282 283 289 301 303 304 320 321 325 329 336 337 339 341 347 360 362 363 376 390 393 400 401 404 417 422 425 432 436 440 443 444 445 446 450 463 465 466 472 473 479 482 483 496 500 501 502 506 507 511 514 519 522 523 532 541 542 546 548 551 556 559 564 566 567 571 586 589 592 595 603 608 619 622 627 634 648 669 675 683 684 691 703 705 710 712 721 722 727 730 732 734 737 749 751 753 756 771 774 776 778 788 793 795 796 798 800 807 811 817 828 833 842 843 845 853 857 867 868 875 880 881 886 890 900 917 930 934 935 936 939 943 947 953 957 976 978 983 986 999 
2 41 48 60 63 64 66 69 75 86 92 94 95 103 106 127 139 141 142 143 147 148 152 154 155 167 182 203 206 220 231 235 237 244 248 258 259 263 271 274 286 293 308 312 318 321 335 344 345 358 361 374 382 395 397 437 450 453 462 468 478 492 503 506 511 528 538 542 547 554 564 581 594 595 606 607 616 625 642 644 647 659 663 664 672 681 690 695 697 710 711 713 715 719 745 746 764 767 769 776 778 785 793 795 803 805 824 829 830 833 842 846 848 866 867 868 875 879 882 887 898 935 946 958 968 983 990 992 995 
5 13 15 17 20 25 26 27 30 32 37 45 53 57 61 67 68 80 82 87 91 97 98 104 112 114 118 120 123 129 133 135 138 151 157 160 161 166 168 184 185 186 187 189 198 199 201 208 212 214 215 217 218 219 222 225 230 234 240 241 243 251 255 265 267 272 273 278 280 284 289 297 303 304 316 317 320 329 336 341 342 346 347 349 362 365 367 375 376 378 379 380 390 391 393 401 402 403 409 417 418 419 420 422 428 433 436 447 451 454 457 461 463 464 473 475 479 482 485 489 490 491 496 500 512 516 517 519 521 536 539 545 546 552 558 559 561 566 567 570 571 572 577 578 579 585 587 588 589 593 598 599 610 614 615 618 619 622 626 631 640 641 657 662 673 679 680 684 688 689 691 693 700 701 702 721 725 729 730 731 733 735 739 750 752 753 755 760 762 763 766 770 771 777 779 780 790 791 794 796 797 806 810 817 818 826 828 834 837 847 851 852 853 854 870 871 873 883 890 891 903 905 907 911 912 913 918 923 934 948 954 955 957 959 962 963 967 971 979 980 986 991 996 998 
11 28 29 34 35 39 42 49 54 55 58 67 68 70 73 77 78 80 88 96 105 109 115 129 150 159 164 165 193 216 219 228 239 242 246 256 260 261 262 269 270 279 280 294 299 309 313 322 324 330 349 352 373 385 386 392 402 405 415 416 420 429 430 447 454 455 456 457 459 477 485 494 495 497 508 509 513 527 531 533 535 536 543 544 553 557 560 565 570 575 578 582 596 598 601 602 617 620 623 626 635 652 665 677 686 694 696 698 704 706 708 717 723 729 736 744 747 755 758 761 768 773 779 784 786 813 822 831 839 840 844 858 862 863 864 871 873 884 899 904 909 910 919 922 928 938 941 944 948 952 954 960 962 970 975 987 
8 9 11 16 20 23 24 28 29 30 31 32 39 44 49 58 59 65 83 96 100 102 105 114 116 123 125 126 128 129 130 144 145 151 157 158 159 160 165 169 174 175 179 187 190 193 214 215 216 218 219 223 225 229 230 233 239 241 260 261 270 273 276 281 285 287 288 292 294 295 297 298 300 306 307 323 332 333 334 340 342 343 349 355 362 365 366 379 380 384 390 396 401 402 406 408 409 410 413 414 418 419 420 423 426 428 435 438 439 442 447 449 452 455 457 461 463 464 467 469 471 476 477 486 496 499 510 512 515 516 517 518 520 524 534 536 543 544 546 549 553 557 570 572 573 574 577 578 583 587 590 591 596 597 598 610 613 620 626 629 630 632 635 638 641 645 657 660 665 666 668 670 676 679 682 684 694 696 698 701 718 725 741 744 747 754 759 760 762 768 772 779 783 789 790 792 799 802 804 808 812 813 814 816 821 826 832 838 853 854 855 870 872 873 874 885 903 904 905 908 909 910 916 934 937 945 949 950 951 954 960 962 971 973 974 975 979 980 984 997 
3 4 10 13 17 25 37 40 50 51 65 76 82 85 87 89 90 97 99 106 108 110 112 114 119 120 122 136 153 163 168 173 176 188 197 200 205 212 221 230 235 243 249 251 252 266 267 268 276 296 320 321 325 336 337 339 341 347 360 363 364 375 381 398 401 404 407 422 425 443 444 446 458 472 473 479 481 484 488 501 514 517 519 530 532 540 548 551 556 559 566 567 569 571 586 592 603 604 608 611 615 618 634 651 658 669 675 679 683 699 702 707 712 721 727 734 743 749 753 756 775 788 798 800 807 809 817 843 845 853 857 875 881 886 890 895 917 920 925 927 930 936 943 947 953 957 965 966 978 982 986 
1 12 19 33 34 38 41 48 60 63 64 66 72 75 81 86 94 95 127 132 139 142 143 147 148 149 152 154 155 167 178 182 203 206 220 231 237 238 244 247 248 258 259 271 274 293 308 312 318 328 331 335 350 358 361 372 374 382 395 399 427 437 450 453 462 468 478 492 495 503 506 528 538 542 547 564 581 594 600 607 616 621 624 625 642 644 647 659 663 672 681 690 694 695 697 711 713 714 719 726 728 742 745 746 748 764 767 769 785 793 801 803 805 816 819 823 824 829 830 846 848 860 866 868 879 882 887 893 897 898 906 914 932 946 958 968 969 990 992 994 
6 14 18 22 26 53 57 61 67 74 82 99 104 107 112 120 133 135 138 146 168 171 172 184 185 186 198 204 212 217 222 236 251 265 267 272 278 280 283 303 304 315 316 317 320 330 339 341 346 367 368 387 393 403 417 421 436 445 451 454 465 466 474 483 489 491 504 519 522 539 545 551 562 567 571 576 579 585 588 599 612 614 627 631 648 656 673 680 685 688 691 700 705 709 721 722 730 731 733 735 750 752 771 774 797 800 810 820 828 837 847 849 851 852 877 888 890 891 892 894 907 912 913 918 923 939 948 959 964 967 976 977 985 986 991 993 
3 9 14 20 21 29 30 31 39 48 54 56 60 63 75 92 94 95 97 100 101 103 106 110 114 116 119 121 134 140 142 143 145 147 154 156 160 162 167 176 177 178 182 187 203 205 209 218 223 224 227 229 230 233 244 248 250 252 258 260 262 271 274 276 277 279 288 293 295 301 306 308 312 318 321 325 326 329 335 336 345 349 350 358 359 360 362 365 370 372 376 377 380 382 390 395 401 402 408 409 426 439 441 463 468 469 476 479 480 487 492 496 500 502 503 505 506 507 510 517 518 526 528 532 534 537 538 542 547 549 556 564 566 569 573 589 594 595 596 600 607 608 610 613 616 625 629 642 646 659 664 670 674 677 681 683 684 690 694 703 704 712 713 715 718 719 725 728 734 737 739 741 744 748 751 756 760 767 774 778 783 785 789 793 795 796 798 801 802 803 808 811 814 815 816 817 823 827 829 830 838 848 853 854 857 866 867 870 873 875 878 879 889 893 900 901 910 916 930 935 942 947 951 958 962 968 972 973 983 984 997 
4 6 10 13 14 15 17 18 25 26 32 37 45 50 51 57 61 65 76 82 85 87 90 91 93 97 99 104 106 107 112 114 119 120 123 133 138 145 146 153 157 160 163 168 171 173 176 185 187 189 199 205 212 217 218 221 225 230 235 243 249 251 252 265 266 267 272 275 276 277 278 283 284 289 301 303 304 315 316 320 321 325 329 336 337 339 341 342 347 360 362 363 364 375 376 379 380 381 390 391 393 400 401 407 417 422 425 433 436 440 444 445 446 451 461 463 464 466 472 473 475 479 482 483 488 489 490 491 496 500 501 502 507 514 517 519 532 541 546 551 556 558 559 564 566 567 571 579 585 586 589 592 603 604 608 609 610 611 612 615 618 619 622 627 648 651 657 664 669 675 679 683 684 688 691 702 703 705 707 709 712 721 722 727 730 734 737 743 749 751 752 753 756 763 771 774 775 793 796 797 798 800 807 809 811 817 826 828 843 849 852 853 854 857 867 875 881 883 886 888 890 891 895 900 903 907 911 917 923 925 927 930 934 935 936 939 943 947 951 953 957 963 966 967 971 978 980 981 982 983 986 
5 15 17 18 20 22 26 27 32 45 53 61 67 68 80 87 91 98 104 105 114 120 123 129 133 135 138 151 161 166 172 184 185 186 187 189 199 201 208 217 218 222 225 234 243 251 255 265 272 278 280 284 289 316 317 320 330 346 347 349 365 376 378 391 393 403 417 418 419 420 422 428 433 436 451 454 461 474 475 482 485 489 490 491 496 512 516 521 536 539 545 546 552 561 562 577 578 579 585 588 598 599 614 619 622 631 640 657 662 673 680 684 688 689 691 693 700 721 729 730 731 733 735 750 752 753 755 762 763 766 770 771 777 780 790 791 794 797 806 810 817 818 820 826 834 837 847 849 851 852 853 854 871 873 883 888 890 891 892 903 907 912 913 915 923 934 948 954 955 959 962 963 967 979 980 991 996 998 
6 18 22 26 53 54 57 61 67 68 73 74 105 129 135 146 164 172 184 185 186 193 198 201 217 222 228 234 262 265 278 279 280 289 299 304 309 315 316 317 330 346 349 350 352 367 368 386 387 392 393 402 403 416 420 421 428 429 448 451 454 457 459 465 474 485 489 504 522 527 536 539 545 550 562 576 585 588 598 599 614 631 652 656 673 680 685 686 691 692 693 700 706 708 717 729 730 731 733 735 752 755 771 773 780 786 794 797 810 813 820 822 837 839 844 847 849 850 851 852 864 871 873 877 888 891 892 893 894 907 912 918 919 939 944 948 961 964 967 985 989 991 993 996 
1 6 9 12 14 19 20 29 38 39 42 47 54 57 63 66 67 69 73 74 75 81 86 94 95 100 105 106 112 119 123 127 129 132 135 139 142 143 145 146 147 149 151 154 155 160 164 178 185 186 191 198 203 204 206 217 218 222 226 228 231 233 235 236 237 238 244 248 258 260 262 265 272 274 277 278 279 280 282 283 288 289 293 299 301 303 304 308 313 318 321 326 328 329 330 331 341 349 350 352 358 361 362 363 365 367 368 369 372 373 376 382 386 388 389 392 393 399 400 402 403 408 409 415 420 427 428 432 436 437 440 445 448 450 453 454 455 457 463 465 466 468 472 478 479 492 495 496 500 502 503 504 522 523 527 528 536 538 542 546 550 564 566 573 576 581 589 595 596 598 600 607 608 617 619 621 622 624 625 627 642 647 653 656 657 659 664 672 677 680 684 685 690 691 692 694 695 704 705 706 711 713 715 717 722 725 726 728 729 730 732 733 735 737 739 740 742 744 745 748 751 755 757 764 773 774 778 779 780 786 793 794 796 805 808 811 813 816 819 820 823 824 828 830 833 837 838 840 847 850 851 853 854 858 860 864 866 870 871 873 877 880 887 889 892 893 894 898 900 906 909 910 916 918 919 935 936 939 944 948 952 958 960 961 962 964 969 973 976 977 983 984 985 989 991 999 
6 12 14 18 22 53 57 61 66 74 81 86 95 107 135 139 146 155 171 172 185 186 191 198 204 217 226 228 236 237 274 282 283 301 303 304 308 315 316 331 341 346 352 361 367 368 369 387 389 421 427 440 445 450 454 465 466 474 483 504 522 523 542 550 562 576 588 612 621 624 627 653 656 672 673 680 685 692 705 706 722 726 730 731 732 733 740 748 764 771 773 774 793 797 810 811 819 820 828 837 847 849 850 851 864 877 888 892 893 894 900 906 918 939 959 961 964 976 977 985 989 991 993 999 
3 4 10 13 25 37 51 56 65 76 85 87 89 90 97 108 110 114 122 153 163 168 176 177 180 188 192 195 196 197 205 209 212 221 230 243 250 252 268 276 290 296 311 319 321 325 336 360 364 381 398 401 425 444 458 473 479 481 484 488 514 517 519 529 532 540 548 555 556 559 569 586 603 604 608 611 615 618 634 651 658 678 679 683 687 699 702 707 712 727 734 743 749 756 775 788 798 809 817 841 845 857 859 878 886 890 895 917 920 925 927 930 947 951 957 966 978 982 
9 16 21 30 31 44 52 56 65 71 84 100 101 102 111 116 121 122 126 128 134 145 156 162 170 175 177 180 181 188 190 192 195 203 205 207 209 224 227 229 230 233 250 264 276 281 288 295 300 302 305 306 311 319 323 332 333 334 340 342 354 355 360 366 370 377 380 394 396 401 411 423 426 439 442 449 460 469 471 480 487 498 499 505 510 518 524 525 526 529 532 534 537 573 583 584 590 597 610 613 628 629 630 632 637 639 646 651 670 674 683 687 716 718 741 756 765 767 775 783 787 789 798 802 808 814 815 825 827 832 838 856 861 865 874 876 878 896 901 902 916 921 924 925 930 937 940 942 947 951 972 973 974 984 
1 12 19 33 38 42 47 55 62 66 70 77 81 109 117 132 139 142 147 149 150 164 191 206 228 231 237 238 244 262 308 313 322 328 338 350 352 361 372 373 388 392 399 415 429 453 456 478 495 509 527 528 550 560 575 581 600 601 621 623 624 625 643 647 667 671 672 677 695 706 711 713 717 726 728 742 745 757 758 764 773 805 819 824 836 840 844 860 862 863 864 887 897 898 906 919 922 944 952 969 989 
1 7 12 14 19 33 34 38 39 42 47 54 55 62 63 64 66 69 70 72 74 75 79 81 86 94 95 96 117 127 132 134 137 139 142 143 147 149 152 154 155 167 178 182 203 204 206 220 226 231 233 237 238 244 247 248 253 260 262 271 274 293 301 308 312 318 322 326 328 331 350 352 358 361 368 369 372 373 382 388 389 399 415 427 437 450 453 455 462 465 468 478 492 495 502 503 509 518 523 526 528 538 542 549 550 557 560 574 581 600 607 617 621 624 625 642 643 647 655 659 672 677 690 692 694 695 697 704 711 713 714 715 717 719 722 726 728 732 738 739 742 745 747 748 757 758 764 767 769 774 778 782 792 793 801 805 808 816 819 823 824 830 835 846 848 860 863 864 866 873 882 887 893 897 898 900 906 910 914 916 918 932 941 952 958 961 962 968 969 983 984 989 990 994 997 
28 29 34 39 42 49 55 58 59 70 72 73 77 78 88 96 105 109 115 117 125 129 131 150 159 164 165 178 179 193 216 223 239 242 246 256 260 261 262 270 279 294 299 307 322 324 338 356 372 373 392 405 415 416 429 430 455 456 457 494 495 497 509 510 513 527 531 533 535 544 549 553 557 560 574 575 582 596 601 617 623 625 635 643 645 665 677 686 694 696 698 708 714 717 723 736 738 747 758 761 768 782 783 784 792 813 831 836 839 840 844 858 862 863 884 899 909 914 919 922 928 938 941 944 952 956 960 970 975 987 
9 12 14 20 26 39 42 45 50 54 57 61 63 66 69 74 75 82 86 92 94 95 100 106 107 112 119 120 129 132 133 135 138 139 142 143 145 146 147 149 154 155 160 168 178 185 186 198 203 204 206 217 218 228 233 235 236 243 244 248 258 260 262 272 274 275 277 278 279 282 283 288 289 293 301 303 304 308 318 320 321 326 329 336 341 349 350 352 358 360 361 362 363 365 367 368 369 372 376 389 390 392 393 399 400 401 402 409 420 422 427 432 436 440 445 450 454 463 465 466 468 472 478 479 482 492 495 496 500 502 503 504 506 507 522 523 528 532 538 541 542 546 550 564 566 573 576 589 595 596 600 607 608 619 621 622 624 625 627 648 656 657 659 664 672 677 680 684 685 690 691 692 694 695 704 705 706 711 715 717 721 722 725 726 728 729 730 732 733 734 735 737 739 744 748 751 752 755 771 773 774 778 785 793 794 796 798 800 805 808 811 816 817 820 823 828 830 833 837 838 847 850 851 852 853 854 864 866 867 871 873 875 877 880 881 889 890 893 894 898 900 906 910 916 918 919 923 935 936 939 947 948 958 961 962 964 973 976 983 984 989 999 
2 3 21 41 44 48 56 60 63 64 75 76 92 100 101 103 106 121 124 140 141 142 145 152 154 156 160 162 167 170 177 181 182 188 192 202 203 205 209 213 224 227 233 235 250 258 263 271 276 286 311 312 321 335 344 345 351 358 359 360 366 370 374 377 380 382 390 395 397 398 401 404 431 439 441 446 468 479 480 487 492 498 506 507 511 526 532 537 538 547 548 564 569 580 584 594 606 607 610 616 636 644 646 650 664 674 675 678 681 683 687 703 716 718 719 720 734 737 741 767 776 785 787 795 798 803 815 827 829 830 833 841 842 846 848 867 868 875 878 879 889 896 901 902 916 921 935 936 940 942 947 951 953 958 968 972 988 992 995 
2 21 41 44 48 63 79 92 100 101 103 121 124 134 148 152 156 162 167 170 177 178 181 182 202 203 213 227 233 258 271 286 306 312 314 335 344 345 351 354 359 366 370 374 377 395 397 439 441 462 480 487 492 498 505 507 526 532 537 538 563 584 594 606 616 625 628 644 646 650 654 655 663 674 681 716 718 719 720 724 741 767 769 785 787 795 798 801 815 816 827 829 830 846 867 878 879 896 901 902 916 921 932 940 942 947 951 968 972 990 992 994 997 
5 9 13 15 17 20 23 24 25 27 29 30 32 36 37 51 52 56 65 83 87 91 93 97 100 114 116 118 121 122 123 130 144 145 151 157 158 159 160 166 169 175 177 180 183 187 189 190 199 201 205 209 214 215 218 219 222 224 225 229 230 232 240 241 243 245 250 254 265 268 273 276 278 281 284 287 288 290 295 297 300 307 319 323 333 334 336 342 343 347 349 353 355 360 362 364 365 375 377 378 379 380 384 390 391 396 401 402 408 409 410 418 419 422 424 426 428 439 451 452 457 460 461 463 464 469 471 473 475 479 482 486 488 489 490 496 510 512 515 516 517 524 529 532 534 536 537 546 555 558 559 561 570 572 573 577 578 585 587 590 593 605 609 610 613 615 618 626 632 633 637 638 640 641 646 651 657 662 668 670 674 679 682 683 684 688 693 698 701 707 718 725 741 744 752 753 755 756 759 760 762 763 770 772 775 779 789 790 791 799 814 817 826 827 832 838 853 854 855 859 870 872 874 878 883 885 890 891 903 905 907 908 909 910 911 923 925 929 930 934 942 947 949 950 951 955 962 963 966 971 973 974 979 980 981 984 
9 11 24 27 28 29 35 43 49 58 67 68 80 105 113 116 123 129 130 144 151 158 159 164 169 190 193 201 214 215 216 219 229 234 239 255 260 261 269 270 273 279 280 285 291 294 297 298 299 307 309 324 333 343 349 357 365 384 385 402 406 408 410 416 418 419 420 424 426 428 429 447 455 457 459 461 471 477 485 486 508 510 512 515 516 520 533 536 543 544 552 553 565 568 570 572 577 578 587 596 598 602 620 626 632 633 635 638 652 657 668 677 686 689 696 698 701 708 744 759 760 762 770 772 779 780 790 791 799 812 813 822 839 854 855 858 870 872 873 884 885 904 905 908 909 910 915 928 931 938 945 948 949 950 954 955 960 962 973 975 979 
5 11 13 15 24 27 30 32 35 36 43 80 83 91 93 98 113 118 123 130 144 151 157 158 166 183 187 190 193 199 201 208 214 215 219 222 225 234 240 241 245 255 257 265 269 273 278 281 284 285 287 291 297 298 309 327 333 342 349 355 357 362 378 379 384 391 403 406 410 412 418 419 424 426 428 447 452 461 464 475 477 485 486 489 490 493 508 512 515 516 536 543 544 546 552 555 558 561 565 568 570 572 577 578 587 593 598 602 614 615 620 626 631 633 635 638 640 641 657 661 662 668 684 688 689 693 698 701 708 735 755 759 760 762 763 766 770 772 777 780 790 791 806 812 818 822 826 834 854 855 869 870 872 883 885 903 904 905 907 908 911 915 929 931 934 945 950 954 955 963 966 971 979 980 981 996 998 
12 19 33 38 54 57 66 73 74 81 86 94 95 129 132 135 139 147 149 155 191 198 204 206 226 228 231 237 238 262 274 279 308 313 318 326 328 331 350 352 361 367 368 369 373 386 389 392 399 427 448 453 454 465 478 504 522 523 527 528 542 550 576 581 600 601 621 624 647 653 656 659 667 671 672 680 685 692 695 706 717 726 728 729 732 739 740 742 745 748 757 758 764 773 774 786 793 805 819 823 824 836 840 850 851 860 864 871 873 877 887 893 894 897 898 900 906 918 919 944 948 952 961 969 976 977 985 989 
5 13 15 18 20 25 26 27 30 32 37 45 53 61 67 68 80 87 91 98 104 105 114 118 120 123 129 133 135 138 151 157 160 161 166 184 185 186 187 189 193 199 201 208 214 215 217 218 219 222 225 234 240 241 243 251 255 265 272 273 278 280 284 289 291 297 309 316 317 320 342 346 347 349 362 365 376 378 379 380 390 391 393 402 403 417 418 419 420 422 428 433 436 447 451 454 457 461 464 474 475 482 485 489 490 491 496 512 516 517 521 536 539 545 546 552 558 561 565 570 572 577 578 579 585 587 588 593 598 599 610 614 615 619 622 626 631 640 641 657 662 673 679 680 684 688 689 691 693 700 701 721 729 730 731 733 735 744 750 752 753 755 760 762 763 766 770 771 777 779 780 790 791 794 797 806 810 817 818 826 834 837 847 849 851 852 853 854 870 871 873 883 888 890 891 892 903 905 907 912 913 923 934 948 954 955 962 963 967 971 979 980 991 996 998 
5 8 9 11 16 23 24 29 30 31 32 49 58 83 116 118 123 125 130 144 151 157 158 159 169 183 187 190 193 214 215 219 223 225 229 232 239 240 241 245 270 273 281 285 287 288 294 295 297 298 300 307 323 333 334 342 343 349 353 355 357 362 365 378 379 380 384 391 396 402 406 408 409 410 418 419 423 424 426 428 435 438 447 452 457 461 469 471 477 486 499 510 512 515 516 520 534 536 544 558 561 570 572 573 577 578 587 590 591 593 597 613 615 620 626 629 630 632 633 638 641 657 660 666 668 670 679 682 698 701 744 759 760 762 768 772 779 783 790 799 802 804 812 814 838 854 855 870 872 885 903 904 905 908 909 910 945 949 950 954 963 971 973 974 979 980 981 
8 9 11 16 20 27 28 29 30 31 34 35 39 42 49 54 55 58 59 63 67 68 72 73 77 78 80 88 96 100 105 116 123 125 129 130 150 151 159 160 164 165 169 178 179 187 193 201 214 215 216 218 219 223 229 233 239 242 246 248 256 260 261 262 269 270 279 280 285 288 292 294 295 298 299 306 307 309 324 326 330 333 343 349 356 362 365 372 380 384 386 392 402 403 405 408 409 410 414 415 416 420 426 428 429 430 435 439 447 455 456 457 459 461 463 471 476 477 485 486 494 495 497 509 510 512 513 515 518 520 527 531 533 534 535 536 543 544 549 553 557 565 570 573 574 578 582 587 591 596 598 602 613 617 620 625 626 629 630 632 635 645 652 657 660 665 666 670 677 686 694 696 698 704 708 718 723 725 729 735 738 739 744 747 755 759 760 761 768 772 779 780 782 783 784 790 792 799 801 802 808 812 813 814 816 822 831 838 839 844 854 858 864 870 871 873 884 885 893 899 903 904 908 909 910 916 918 919 928 938 941 944 945 948 949 954 956 960 962 970 973 975 979 984 
1 7 8 9 16 20 21 29 30 31 34 39 42 44 47 48 49 54 55 58 59 63 72 79 95 96 100 101 102 105 116 121 123 125 129 130 134 137 142 145 149 151 154 156 159 160 164 169 178 179 181 182 187 190 193 203 211 214 215 218 223 229 233 239 244 247 248 253 256 258 260 261 262 265 270 271 277 278 279 281 285 288 289 292 294 295 299 304 306 307 312 321 322 326 329 333 340 342 343 348 349 350 354 360 362 365 370 372 377 380 384 388 390 392 401 402 403 408 409 410 414 415 420 426 428 429 435 439 447 455 456 457 462 463 468 469 471 476 479 480 486 487 492 494 495 496 498 500 502 503 505 507 509 510 512 515 518 520 526 532 534 535 536 538 544 546 549 557 564 570 573 574 584 587 591 596 598 600 610 613 617 620 625 626 628 629 630 632 643 645 654 655 657 660 664 665 666 670 674 676 677 681 683 684 690 694 698 704 708 713 714 715 717 718 719 725 728 729 735 737 738 739 741 744 747 751 755 759 760 767 768 772 779 780 783 785 787 789 790 792 793 794 796 798 799 801 802 808 812 813 814 816 821 823 830 835 838 853 854 858 864 867 870 873 884 885 889 893 898 900 903 904 908 909 910 914 916 918 919 921 928 932 938 942 947 949 951 958 960 962 968 972 973 983 984 994 997 
5 10 13 15 17 24 25 30 32 36 37 51 52 65 83 87 91 93 97 114 118 122 144 157 176 180 183 187 189 190 195 196 197 199 214 225 230 232 241 243 245 254 268 273 281 284 287 290 297 300 325 342 347 353 362 364 375 378 379 380 391 418 424 452 460 461 464 469 473 475 488 490 512 517 529 540 555 556 558 559 561 577 590 593 605 609 615 618 641 651 657 662 668 679 682 688 701 707 756 760 762 763 775 781 790 817 826 859 883 890 903 905 911 920 925 929 933 934 957 963 966 971 978 980 981 
18 22 26 27 32 43 53 61 67 68 80 91 98 105 123 133 138 161 166 172 184 185 186 199 201 208 219 222 234 255 265 278 280 291 316 317 330 346 349 378 403 419 422 428 451 454 461 474 475 477 482 485 489 490 491 508 516 521 536 539 545 546 552 562 565 568 578 579 585 588 598 599 614 631 640 662 673 688 689 693 700 731 735 750 752 755 762 763 766 770 771 777 780 791 797 806 810 818 820 822 834 837 847 849 851 852 883 888 891 892 907 912 913 915 923 934 948 954 955 959 963 967 980 991 993 996 998 
18 22 26 27 32 53 61 67 91 98 123 133 138 161 166 184 185 186 199 201 208 222 234 255 265 278 316 317 346 378 403 419 422 428 451 461 474 475 482 489 490 491 516 521 539 545 546 562 579 585 588 599 614 631 640 662 673 688 689 693 700 731 750 752 762 763 766 770 771 777 780 791 797 806 810 818 820 834 837 849 852 883 888 891 907 912 913 915 923 934 954 955 959 963 967 980 991 993 996 998 
1 7 19 28 29 31 34 39 42 47 49 55 58 59 62 63 70 72 77 78 79 96 109 117 125 131 134 137 142 143 147 149 150 152 154 165 174 178 179 182 203 206 211 231 233 238 244 246 247 248 253 256 260 261 262 271 292 294 307 308 312 322 326 340 348 350 356 372 382 388 399 413 414 415 430 455 462 470 476 492 494 495 497 503 505 509 513 518 526 528 531 535 538 549 553 557 560 574 581 600 617 623 625 629 642 643 645 649 654 655 665 666 676 677 690 694 704 711 713 714 719 728 738 745 747 761 767 768 769 782 783 784 792 801 802 805 808 816 821 823 830 835 846 848 863 887 898 899 910 914 916 932 941 956 960 962 968 984 987 990 994 997 
11 27 35 43 53 67 68 80 98 105 113 158 161 184 193 199 201 208 219 222 234 240 255 257 265 269 280 285 291 298 299 309 316 317 330 346 349 357 378 385 403 406 419 428 447 459 477 485 489 490 493 508 516 521 536 539 543 544 545 552 565 568 570 572 578 588 598 602 614 620 626 631 635 640 652 673 686 689 693 696 698 701 708 731 735 755 766 770 777 780 791 806 810 818 822 834 839 869 891 904 905 912 913 915 931 948 954 955 991 996 998 
1 3 7 9 14 16 20 21 29 30 31 34 39 42 44 47 48 54 55 56 60 63 72 75 79 84 92 95 97 100 101 102 103 105 106 110 114 116 119 121 123 125 126 128 129 130 134 137 140 142 143 145 147 149 151 152 154 156 159 160 162 164 167 169 175 176 177 178 181 182 187 190 202 203 205 209 211 215 218 223 224 227 229 230 233 244 247 248 250 252 253 258 260 262 265 271 276 277 278 279 281 288 289 293 294 295 304 306 307 312 318 321 322 323 325 326 329 333 334 335 336 340 342 343 345 348 349 350 354 355 358 359 360 362 365 366 370 372 374 377 380 382 388 390 392 395 396 401 402 403 408 409 414 415 420 423 426 428 435 439 441 455 457 460 462 463 468 469 471 476 479 480 487 492 495 496 498 499 500 502 503 505 506 507 510 517 518 520 524 526 532 534 536 537 538 546 547 549 556 557 564 566 569 573 574 584 587 591 594 595 596 597 598 600 607 608 610 613 616 617 625 628 629 630 632 637 642 643 645 646 650 654 655 657 659 660 664 665 666 670 674 676 677 681 683 684 690 694 698 703 704 712 713 714 715 716 718 719 720 725 728 729 734 735 737 738 739 741 744 751 755 756 760 767 768 769 772 778 779 780 783 785 787 789 790 792 793 794 795 796 798 799 801 802 803 808 811 813 814 815 816 817 821 823 827 829 830 832 835 838 846 848 853 854 857 858 864 866 867 870 873 875 878 879 885 889 893 896 898 900 901 902 909 910 914 916 918 919 921 924 930 932 935 942 947 949 951 958 960 962 968 972 973 983 984 990 994 997 
3 4 10 40 50 51 69 76 82 85 89 90 97 99 106 108 119 120 136 140 153 163 168 173 176 200 205 212 221 235 243 249 252 266 267 275 296 320 321 325 336 337 339 360 363 364 381 398 400 401 404 407 425 431 440 443 444 446 458 472 473 479 481 484 488 501 511 514 519 530 541 548 551 556 559 566 567 571 580 586 592 603 604 608 611 618 634 636 648 658 669 675 678 683 702 703 710 712 727 734 743 749 756 776 788 800 807 809 817 833 842 843 845 853 857 875 881 886 890 895 917 927 935 936 943 953 957 965 978 982 986 
6 9 12 14 18 19 20 22 26 29 42 45 54 57 61 63 66 67 69 73 74 75 86 91 94 95 105 106 112 119 123 129 132 135 139 146 147 149 151 154 160 164 172 185 186 191 198 204 206 217 218 222 226 228 235 236 248 260 262 265 272 274 277 278 279 280 282 283 289 293 299 301 303 304 308 313 316 318 321 326 329 330 341 346 349 350 352 361 362 363 365 367 368 369 372 373 376 386 387 389 392 393 399 400 402 403 408 409 415 420 427 428 432 436 440 445 448 450 451 454 455 457 463 465 466 468 472 478 479 482 495 496 500 502 503 504 522 523 527 528 536 542 546 550 562 564 566 576 588 589 595 596 598 608 619 621 622 624 627 653 656 657 659 664 672 673 677 680 684 685 690 691 692 694 695 704 705 706 715 717 722 725 726 728 729 730 731 732 733 735 737 739 744 748 751 752 755 757 771 773 774 778 779 780 786 793 794 796 805 811 813 816 820 823 828 833 837 840 847 850 851 852 853 854 858 864 866 870 871 873 877 880 883 888 892 893 894 898 900 906 909 910 916 918 919 923 935 936 939 944 948 952 958 960 961 962 964 973 976 977 983 984 985 989 991 999 
1 9 19 20 29 33 34 38 39 42 47 54 55 57 62 63 67 68 70 73 74 77 88 95 96 105 109 117 129 132 135 139 142 147 149 150 154 164 178 191 193 198 206 217 218 228 238 242 244 248 256 260 261 262 270 277 279 280 293 294 299 304 308 309 313 322 324 326 328 330 349 350 352 365 367 368 369 372 373 386 388 389 392 399 402 403 409 415 416 420 427 429 448 454 455 456 457 459 465 478 494 495 502 503 504 509 527 535 536 538 550 557 560 575 576 582 596 598 600 601 617 621 624 625 643 652 653 656 659 665 667 677 680 685 686 690 692 694 704 706 708 714 715 717 723 725 726 728 729 735 736 739 744 747 748 755 757 758 761 768 773 774 786 794 813 816 819 823 836 839 840 844 847 850 851 854 858 860 863 864 871 873 877 884 892 893 897 899 900 906 909 910 916 918 919 922 928 938 941 944 948 952 958 960 961 962 969 970 984 985 989 991 
4 10 13 15 17 25 36 37 51 52 65 71 84 85 87 89 93 97 110 122 153 157 176 177 180 188 192 194 195 196 197 209 221 225 230 250 252 254 268 276 284 290 296 300 302 311 319 325 342 360 364 375 379 380 381 391 398 444 458 460 464 469 473 481 484 488 517 525 529 540 555 556 558 559 590 604 605 609 611 615 618 634 637 651 658 679 683 687 699 702 707 743 756 775 781 809 825 826 845 857 859 874 878 886 895 911 920 925 927 930 933 957 966 971 978 981 982 
21 39 44 46 48 63 79 100 101 102 124 126 128 134 145 152 156 170 175 178 181 182 202 203 213 227 233 253 258 271 288 295 305 306 310 312 314 340 345 351 354 366 370 374 377 383 394 395 397 411 434 439 441 462 480 487 492 498 505 518 526 534 537 538 563 573 584 594 597 628 629 630 639 644 649 650 654 655 670 674 681 716 718 719 720 724 741 767 787 789 798 801 802 808 814 815 816 827 829 830 832 838 861 865 876 896 901 902 910 916 921 924 932 940 942 947 951 968 972 984 990 992 994 997 
19 33 34 38 42 47 54 55 62 68 70 73 77 78 88 105 109 115 117 129 131 132 149 150 164 191 216 228 242 246 256 260 262 270 279 280 299 313 322 324 328 330 338 350 352 372 373 386 388 392 399 405 415 416 429 448 454 455 456 459 494 495 497 509 527 531 533 535 550 553 560 575 582 596 601 617 623 624 635 652 653 667 677 686 696 706 708 717 723 728 736 747 757 758 761 773 784 786 813 819 831 836 839 840 844 850 858 860 862 863 864 877 884 897 899 919 922 928 938 941 944 948 952 960 969 970 985 987 989 
5 6 14 15 17 18 20 26 27 32 37 45 53 57 61 67 68 80 82 87 91 97 99 104 107 112 114 120 123 129 133 135 138 146 151 163 168 184 185 186 187 189 198 199 201 212 217 218 221 222 225 234 243 251 265 266 267 272 277 278 280 283 284 289 303 304 315 316 317 320 329 336 339 341 346 347 349 365 367 375 376 378 391 393 401 403 407 417 418 419 420 422 425 428 433 436 445 451 454 461 463 475 482 483 485 489 490 491 496 500 512 514 519 521 536 545 546 551 552 559 561 566 567 571 577 578 579 585 588 589 598 599 612 619 622 627 640 648 657 662 680 684 688 691 693 700 702 709 721 722 725 727 729 730 733 735 739 743 749 750 752 753 755 762 763 766 770 771 777 780 790 791 794 796 797 800 806 810 817 826 828 837 843 847 849 851 852 853 854 871 873 883 888 890 891 900 903 907 912 913 918 923 934 939 948 954 955 957 962 963 967 979 980 986 991 996 
9 16 21 23 30 31 44 52 56 65 71 84 100 101 102 111 116 122 126 128 134 145 156 169 170 175 177 180 181 188 190 195 203 207 209 229 230 233 250 264 276 281 287 288 295 300 302 305 306 319 323 332 333 334 340 342 354 355 360 366 370 377 380 394 396 401 411 423 426 438 439 442 449 460 469 471 480 487 498 499 505 510 518 524 525 526 529 534 537 573 583 584 590 591 597 610 613 628 629 630 632 637 639 646 651 670 674 683 687 716 718 741 756 765 767 775 783 787 789 799 802 804 808 814 815 825 827 832 838 856 861 865 874 876 878 896 916 921 924 925 930 937 940 947 951 972 973 974 984 
4 5 9 10 13 15 17 23 24 25 30 32 36 37 51 52 56 65 71 83 84 85 87 93 97 100 110 111 114 116 118 122 145 153 157 160 170 175 176 177 180 183 187 188 189 190 192 194 195 196 197 207 209 214 215 225 229 230 232 243 245 250 252 254 264 268 276 281 284 287 288 290 295 297 300 302 311 319 323 325 333 334 336 342 347 353 355 360 362 364 371 375 377 379 380 381 390 391 396 398 401 409 418 426 439 444 452 458 460 461 464 469 471 473 484 488 512 515 517 524 525 529 534 537 540 555 556 558 559 569 573 590 604 605 609 610 613 615 618 637 638 641 651 670 674 679 682 683 687 699 701 702 707 718 741 756 760 763 772 775 781 789 790 804 809 817 825 826 827 832 838 841 857 859 874 878 886 890 895 896 903 911 920 924 925 929 930 933 934 940 947 950 951 957 966 971 973 974 978 980 981 982 984 
7 8 16 21 31 34 39 44 46 72 79 101 102 116 126 128 134 137 174 178 210 211 233 247 253 305 306 310 314 332 340 348 354 366 370 383 394 411 413 414 423 434 435 439 449 467 470 476 499 505 518 526 549 557 563 574 584 591 597 628 629 630 632 639 649 654 655 660 666 670 676 716 718 724 738 754 783 787 792 801 802 808 814 821 835 861 865 876 926 937 994 997 
3 4 10 40 50 51 76 82 85 89 90 97 99 108 120 136 153 163 168 173 176 197 200 212 221 249 252 266 267 296 325 336 337 339 360 364 381 398 404 407 425 431 443 444 446 458 473 481 484 488 501 514 519 530 540 548 551 556 559 567 571 580 586 592 603 604 608 611 618 634 658 669 675 678 683 702 707 712 727 743 749 756 788 807 809 843 845 857 886 890 895 917 920 927 936 943 953 957 965 978 982 986 
28 29 34 35 39 42 49 54 55 58 59 67 68 70 72 73 77 78 88 96 105 109 115 117 125 129 130 131 150 151 159 164 165 178 179 193 216 223 228 239 242 246 256 260 261 262 270 279 280 285 294 299 307 309 313 322 324 330 338 343 349 352 356 372 373 386 392 402 405 408 415 416 420 429 430 447 454 455 456 457 459 494 495 497 509 510 513 520 527 531 533 535 536 543 544 549 553 557 560 574 575 582 587 596 598 601 602 617 620 623 625 626 635 645 652 665 677 686 694 696 698 704 706 708 717 723 729 736 744 747 755 761 768 773 779 782 783 784 786 792 812 813 831 839 840 844 858 862 863 864 870 871 873 884 899 904 909 910 919 922 928 938 941 944 948 949 952 960 962 970 975 987 
5 13 23 24 25 32 36 37 51 52 71 83 87 93 118 122 144 157 158 180 183 190 194 195 196 214 225 232 241 245 254 264 268 273 281 284 287 290 297 300 302 323 327 342 353 355 357 364 371 378 379 391 418 424 438 452 464 469 473 486 488 512 524 525 529 555 558 561 577 590 593 605 609 615 633 638 641 668 679 682 701 707 762 781 804 826 855 856 859 874 903 905 911 925 929 933 945 950 963 966 971 974 980 981 
3 4 10 13 14 21 25 30 37 51 52 56 65 71 76 84 85 87 90 97 100 103 106 110 114 119 121 122 140 145 153 157 160 162 168 170 175 176 177 180 187 188 190 192 195 197 205 209 214 224 227 230 235 243 249 250 252 258 268 276 281 287 288 290 295 311 319 321 323 325 329 336 342 359 360 362 363 364 370 377 379 380 381 390 398 401 439 444 446 458 460 463 464 469 472 473 479 484 487 488 507 517 524 529 532 537 540 548 555 556 559 564 566 569 580 586 590 592 603 604 608 609 610 613 615 618 634 637 646 651 664 674 675 678 679 683 684 687 699 703 707 712 718 734 737 741 751 756 760 775 789 796 798 809 811 815 817 825 826 827 838 841 845 853 857 859 867 874 875 878 881 886 889 890 895 896 903 916 920 924 925 930 935 936 940 942 947 951 953 957 966 972 978 981 982 983 988 
11 27 35 43 68 80 98 113 158 161 166 193 199 201 208 219 234 240 255 257 269 285 291 298 309 327 357 378 385 406 412 419 424 447 459 477 485 489 490 493 508 516 536 539 543 544 552 565 568 570 572 578 598 602 614 620 626 631 633 635 640 652 661 662 686 689 693 696 698 701 708 766 770 777 780 791 806 818 822 834 869 904 905 915 931 945 954 955 996 998 
1 7 19 21 34 39 41 42 44 46 47 48 55 62 63 72 79 96 100 101 124 134 137 142 143 147 149 152 154 156 178 181 182 202 203 206 211 231 233 238 244 247 248 253 258 260 262 271 306 308 310 312 314 322 326 340 348 350 354 370 372 374 377 382 383 388 395 399 415 434 439 441 455 462 470 476 480 487 492 495 498 503 505 509 518 526 528 538 549 557 563 574 581 584 594 600 617 625 628 629 630 642 643 644 649 650 654 655 670 674 676 677 681 690 694 704 711 713 714 718 719 720 724 728 738 745 747 767 769 782 787 792 801 802 805 808 814 816 821 823 829 830 835 846 848 887 898 902 910 914 916 921 932 941 942 962 968 972 984 990 992 994 997 
5 13 23 36 52 65 71 83 93 118 122 144 180 183 190 194 195 196 197 232 245 254 264 268 281 287 290 300 302 323 342 353 355 364 371 379 391 418 424 438 452 460 469 488 524 525 529 540 555 558 590 605 609 615 641 651 668 679 682 699 707 781 804 856 859 874 911 920 925 929 933 950 966 971 974 981 
4 5 9 10 13 14 15 17 20 25 26 27 30 32 37 45 51 53 65 82 87 90 91 93 97 106 112 114 118 119 120 123 129 130 133 138 145 151 157 160 166 168 176 185 187 189 190 199 201 212 214 215 217 218 219 221 222 225 229 230 240 241 243 251 265 272 273 276 278 281 284 288 289 297 303 317 320 321 325 329 333 336 341 342 346 347 349 360 362 364 365 375 376 378 379 380 390 391 393 401 402 403 408 409 418 419 420 422 425 426 428 433 436 447 451 457 461 463 464 469 473 475 479 482 488 489 490 491 496 500 512 516 517 519 521 536 545 546 556 558 559 561 566 567 570 572 577 578 585 587 589 593 598 608 609 610 613 615 618 619 622 626 640 641 657 662 679 680 683 684 688 691 693 700 701 702 707 712 721 725 729 734 735 737 739 741 744 750 751 752 753 755 756 760 762 763 766 770 772 777 779 780 790 791 794 796 806 817 826 847 852 853 854 870 871 873 881 883 885 890 891 903 905 907 911 912 913 923 925 934 947 948 951 954 955 957 962 963 966 967 971 973 978 979 980 981 984 996 
2 4 14 40 48 50 57 60 63 69 74 75 76 82 86 90 92 94 95 97 103 106 108 112 119 121 127 136 140 141 145 154 155 160 163 167 168 173 176 203 205 212 213 224 235 236 243 249 252 258 259 263 271 274 275 276 277 282 293 301 303 304 308 318 321 325 326 329 336 341 344 345 358 359 360 363 376 377 390 400 401 404 431 432 437 440 441 443 445 446 450 463 465 466 468 472 479 480 487 496 500 501 502 506 507 511 523 528 532 541 542 547 556 564 566 586 589 592 595 603 607 608 616 622 627 636 642 659 664 669 675 681 683 690 697 703 705 710 712 715 721 722 725 732 734 737 739 748 751 756 774 776 778 785 788 793 795 796 798 800 803 807 811 817 823 828 830 833 842 853 857 866 867 868 875 879 880 881 882 889 890 893 900 901 916 917 918 930 935 936 942 947 951 953 957 958 976 983 984 995 999 
2 3 4 14 40 48 50 56 57 60 69 74 75 76 82 85 90 92 95 97 99 103 106 108 112 119 121 136 140 141 160 162 163 168 173 176 200 205 212 213 224 235 236 243 249 252 258 259 263 275 276 277 282 301 303 304 318 321 325 329 336 339 341 344 359 360 363 390 400 401 404 431 432 440 443 444 446 450 458 463 468 472 473 479 501 502 506 507 511 514 523 530 532 541 542 548 556 564 566 569 580 586 589 592 595 603 607 608 616 622 627 634 636 658 664 669 675 683 703 705 710 712 715 721 722 727 732 734 737 748 751 756 774 776 778 785 788 793 795 796 798 800 807 811 817 828 833 842 845 853 857 867 868 875 879 880 881 886 890 893 900 901 917 918 927 930 935 936 943 947 951 953 957 958 965 983 988 995 999 
7 8 16 21 31 39 44 46 101 102 116 125 126 128 134 137 169 174 175 207 210 211 253 292 295 305 306 307 310 314 332 333 334 340 348 354 366 370 383 394 411 413 414 423 426 434 435 439 442 449 467 470 471 476 499 505 510 518 520 534 537 549 563 574 583 584 591 597 628 629 630 632 639 649 654 655 660 666 670 674 676 716 718 724 738 741 754 765 783 787 789 792 799 802 808 814 821 832 835 838 856 861 865 876 885 896 924 926 937 949 997 
9 11 28 29 34 35 39 42 43 49 54 55 58 59 67 68 73 77 78 80 88 96 105 109 115 125 129 130 131 150 151 159 164 165 179 193 216 219 223 239 242 246 256 260 261 262 269 270 279 280 285 294 299 307 309 324 330 343 349 356 365 385 386 392 402 405 408 415 416 420 429 430 447 455 456 457 459 477 485 494 495 497 508 509 510 513 520 527 531 533 535 536 543 544 553 557 560 565 570 574 575 578 582 587 596 598 601 602 617 620 623 626 635 645 652 665 677 686 694 696 698 704 708 723 729 735 736 738 744 747 755 761 768 779 782 783 784 792 812 813 822 831 839 840 844 858 862 864 870 871 873 884 899 904 909 910 919 922 928 938 941 944 948 949 954 956 960 962 970 973 975 987 
6 14 18 22 26 45 53 57 61 74 82 86 99 104 107 112 119 120 133 135 138 146 168 171 172 185 186 198 204 212 217 222 236 251 267 272 277 278 282 283 289 301 303 304 315 316 320 339 341 346 363 367 368 387 389 393 417 421 436 440 445 451 454 465 466 472 474 479 482 483 491 496 500 504 519 522 523 541 542 551 562 566 567 571 576 579 585 588 589 599 612 619 622 627 648 653 656 673 680 685 688 691 692 705 709 721 722 730 731 733 748 752 771 774 793 794 796 797 800 810 811 820 828 837 847 849 850 851 852 864 871 877 881 888 890 892 893 894 900 918 923 939 959 961 964 967 976 977 983 985 986 989 991 993 999 
3 21 44 48 52 56 65 71 84 100 101 102 103 110 111 121 122 126 128 140 145 156 162 170 175 177 180 181 188 192 195 203 205 207 209 213 224 227 230 233 250 258 271 276 281 288 295 306 311 319 323 340 342 345 354 359 360 366 370 377 380 394 398 401 411 439 441 449 460 469 480 487 498 505 507 518 524 526 529 532 534 537 548 569 573 580 584 590 597 610 613 628 629 630 636 637 639 646 651 670 674 678 681 683 687 699 703 716 718 741 756 767 775 787 789 798 802 808 814 815 825 827 832 838 841 861 865 874 876 878 896 901 902 921 924 925 930 940 942 947 951 972 982 988 
1 7 28 29 31 34 39 42 47 49 55 58 59 62 70 72 77 78 79 88 96 109 115 117 125 131 137 142 149 150 164 165 174 178 179 211 216 223 239 242 244 246 247 248 253 256 260 261 262 270 292 294 307 312 322 338 356 372 373 388 405 413 414 415 430 455 456 462 476 492 494 495 497 503 509 510 513 531 533 535 538 549 553 557 560 574 575 582 596 600 601 617 623 625 643 645 665 666 677 694 713 714 717 723 728 736 738 747 757 758 761 768 782 783 784 792 801 813 816 821 831 835 836 840 858 862 863 884 898 899 909 914 919 922 928 932 938 941 944 956 960 970 987 994 997 
2 3 14 21 30 39 41 44 48 56 60 63 64 65 75 76 79 84 92 97 100 101 103 106 110 114 119 121 124 134 140 142 145 152 154 156 157 160 162 167 170 176 177 178 180 181 182 187 188 192 202 203 205 209 213 218 224 227 230 233 248 250 252 258 271 276 286 288 295 306 311 312 319 321 325 326 329 335 336 342 344 345 351 354 358 359 360 362 365 366 370 374 377 380 382 390 395 397 398 401 409 439 441 446 460 462 463 464 468 469 479 480 487 492 498 502 505 506 507 517 518 526 532 537 538 547 548 556 564 566 569 573 580 584 594 595 606 607 608 610 613 616 625 628 636 637 644 646 650 654 663 664 674 675 678 679 681 683 684 687 690 703 712 715 716 718 719 720 734 737 741 751 756 760 767 769 775 776 778 785 787 789 795 796 798 801 802 803 808 811 814 815 816 817 825 827 829 830 838 841 846 848 853 857 867 868 875 878 879 889 896 901 902 903 910 916 921 930 932 935 940 942 947 951 953 958 962 968 972 973 983 984 988 990 992 994 997 
4 40 50 69 76 82 85 89 90 97 99 104 107 108 120 136 163 168 173 176 200 212 221 249 266 267 275 296 320 325 336 337 339 400 404 407 417 425 431 440 443 444 446 473 481 483 501 511 514 519 530 541 548 551 559 567 571 586 592 603 608 611 634 636 648 658 669 675 709 710 712 727 743 749 776 788 800 807 809 833 842 843 845 857 881 886 890 917 927 936 943 953 957 965 978 986 
1 19 33 34 38 39 42 47 54 55 62 67 68 70 73 77 88 96 105 109 117 129 132 135 139 142 147 149 150 164 178 191 193 206 228 238 242 244 248 256 260 262 270 279 280 299 308 309 313 322 324 326 328 330 338 349 350 352 367 369 372 373 386 388 389 392 399 402 403 415 416 420 427 429 447 448 453 454 455 456 457 459 478 494 495 503 504 509 527 536 550 557 560 575 576 582 596 598 600 601 617 621 624 625 635 643 652 653 659 667 677 686 690 692 694 704 706 708 714 717 723 726 728 729 735 736 744 747 755 757 758 761 773 784 786 813 816 819 823 836 839 840 844 847 850 851 858 860 862 863 864 871 873 877 884 892 893 897 899 906 909 918 919 922 928 938 941 944 948 952 960 961 962 969 970 985 987 989 991 
11 23 24 27 30 43 83 113 116 118 123 130 144 151 158 159 169 183 190 193 201 208 214 215 216 219 232 239 240 241 245 255 257 269 270 273 281 285 287 291 295 297 298 300 307 309 323 327 333 334 342 343 349 353 355 357 365 378 379 384 396 402 406 408 410 412 418 419 424 426 428 438 447 452 457 461 471 477 486 493 508 510 512 515 516 520 534 536 543 544 558 561 565 568 570 572 577 578 587 593 602 613 620 626 632 633 635 638 640 641 657 661 668 682 696 698 701 708 759 760 762 770 772 779 790 791 799 804 812 818 834 854 855 869 870 872 885 904 905 908 909 929 931 945 949 950 954 974 975 979 981 998 
2 41 48 60 64 66 69 75 92 94 103 127 141 143 147 148 154 155 167 182 213 220 231 235 258 259 263 274 286 308 312 318 335 344 345 351 358 374 382 395 397 404 431 437 450 468 501 506 511 528 542 547 554 564 595 606 607 616 642 644 647 659 663 681 695 697 710 711 713 719 745 746 769 776 778 785 795 803 805 824 830 833 842 846 848 866 867 868 879 882 887 946 958 990 992 995 
2 3 4 9 10 14 20 21 29 30 31 37 39 44 48 51 52 56 63 65 76 84 85 87 90 92 95 97 100 101 103 106 110 114 116 119 121 126 128 134 140 142 145 151 153 154 156 157 160 162 167 168 170 175 176 177 178 180 181 182 187 188 190 192 203 205 209 213 218 223 224 227 229 230 233 235 243 248 249 250 252 258 260 271 276 277 279 281 288 293 295 301 303 304 306 311 312 318 319 321 323 325 326 329 333 334 335 336 340 341 342 344 345 349 351 354 355 359 360 362 363 365 366 370 372 376 377 380 381 390 395 396 397 398 401 402 408 409 422 426 439 441 444 446 458 460 461 463 464 468 469 471 472 473 476 479 480 487 488 492 496 498 500 502 505 507 510 512 517 518 524 526 532 534 537 538 540 546 548 549 556 559 564 566 569 573 580 584 586 589 590 592 594 596 597 603 604 608 610 613 616 622 625 628 629 630 634 636 637 646 650 651 657 664 670 674 675 677 678 679 681 683 684 687 690 694 699 703 704 707 712 715 716 718 719 721 722 725 734 737 739 741 744 751 756 760 767 774 775 776 778 783 785 787 789 790 793 795 796 798 801 802 808 809 811 814 815 816 817 823 825 826 827 828 829 830 832 838 841 853 854 857 867 870 873 875 878 879 881 886 889 890 895 896 900 901 902 903 910 916 921 924 925 930 934 935 936 940 942 947 951 953 957 958 962 968 972 973 978 982 983 984 988 997 
9 14 18 19 20 22 26 27 35 42 53 54 57 61 67 68 73 74 80 91 95 105 123 129 132 135 146 147 149 151 164 172 184 185 186 191 193 198 199 201 217 218 219 222 228 234 239 248 255 260 262 265 270 277 278 279 280 289 291 299 303 304 308 309 313 316 317 326 329 330 346 349 350 352 365 367 368 369 372 373 386 389 392 393 399 402 403 415 416 419 420 427 428 429 447 448 451 454 455 456 457 459 461 465 474 482 485 489 494 495 496 500 502 503 504 527 536 539 544 545 546 550 552 562 565 576 578 582 585 588 589 596 598 599 602 614 620 621 624 626 631 635 652 653 656 657 659 673 677 680 685 686 689 690 691 692 693 694 696 698 700 704 706 708 717 722 725 726 728 729 730 731 733 735 736 739 744 748 752 755 757 770 771 773 774 777 779 780 786 790 791 794 797 810 813 820 822 823 837 839 840 844 847 849 850 851 852 854 858 864 870 871 873 877 883 884 888 891 892 893 900 904 906 907 909 912 915 918 919 922 923 928 934 938 944 948 952 954 955 960 961 962 964 967 979 980 985 989 991 996 
8 9 11 16 23 24 28 29 30 31 39 44 49 58 59 83 96 100 102 116 125 128 130 151 158 159 165 169 174 179 187 190 193 214 215 216 223 229 233 239 260 261 270 281 285 288 292 294 295 297 298 306 307 323 332 333 334 340 343 355 362 365 380 384 396 402 406 408 409 410 413 414 423 426 430 435 438 439 442 447 452 455 457 467 471 476 477 486 499 510 512 515 518 520 533 534 543 544 549 553 557 570 572 573 574 583 587 591 596 597 613 620 626 629 630 632 635 638 645 657 660 665 666 668 670 676 682 694 696 698 701 708 718 738 744 747 754 759 760 768 772 779 783 790 792 799 802 804 808 812 813 814 816 821 832 838 855 858 870 872 885 903 904 908 909 910 916 928 937 938 945 949 950 956 960 962 973 975 979 984 997 
11 16 23 24 30 36 43 65 71 83 93 113 116 118 130 144 151 157 158 159 169 175 183 187 190 194 195 207 214 215 219 225 229 230 232 239 241 245 254 257 264 273 281 285 287 288 295 297 298 300 302 307 323 333 334 342 343 353 355 357 371 379 380 384 396 406 408 410 418 423 424 426 438 442 447 452 469 471 477 486 499 510 512 515 516 520 524 525 529 534 544 558 568 570 572 573 577 578 583 587 590 591 593 597 605 609 613 615 620 626 630 632 633 638 641 668 670 679 682 698 701 718 741 759 760 765 772 779 789 790 799 804 812 814 832 838 855 856 870 872 874 885 903 904 905 908 925 929 933 945 949 950 966 971 973 974 979 981 
2 3 4 9 10 14 21 30 31 32 37 39 44 48 51 52 56 63 65 71 76 84 85 87 90 92 97 100 101 103 106 110 111 114 116 119 121 122 126 128 134 136 140 145 153 156 157 160 162 167 168 170 175 176 177 178 180 181 182 187 188 190 192 195 203 205 207 209 213 214 215 218 224 225 227 229 230 233 243 249 250 252 258 271 276 281 287 288 295 306 311 312 319 321 323 325 326 329 333 334 335 336 340 342 344 345 351 354 355 359 360 362 365 366 370 376 377 379 380 381 390 395 396 397 398 401 404 408 409 422 426 431 439 441 444 446 458 460 461 463 464 468 469 471 473 476 479 480 487 488 492 496 498 502 505 507 510 512 517 518 524 526 529 532 534 537 538 540 546 548 549 556 559 564 566 569 573 580 584 586 590 592 594 597 603 608 609 610 613 615 616 628 629 630 634 636 637 641 646 650 651 657 664 670 674 675 678 679 681 683 684 687 699 703 707 712 715 716 718 719 725 734 737 741 751 756 760 767 772 775 776 783 785 787 788 789 790 795 796 798 801 802 808 811 814 815 816 817 825 826 827 829 830 832 838 841 853 857 867 870 874 875 878 879 885 889 890 895 896 901 902 903 910 916 921 924 925 930 934 935 936 940 942 947 951 953 957 962 966 968 971 972 973 980 981 982 983 984 988 997 
1 12 19 33 34 38 42 47 54 55 62 70 73 77 81 105 109 117 129 132 135 139 147 149 150 164 191 206 226 228 231 237 238 246 248 262 279 280 299 308 313 322 326 328 330 338 350 352 361 367 369 372 373 386 388 389 392 399 415 416 427 429 448 453 454 456 478 494 495 503 504 509 527 531 550 560 575 581 582 600 601 617 621 623 624 643 653 659 667 671 672 677 690 692 694 704 706 708 717 723 726 728 729 736 740 742 747 757 758 761 764 773 784 786 813 819 823 836 839 840 844 850 858 860 862 863 864 871 873 877 884 893 897 898 899 906 918 919 922 928 944 948 952 961 969 977 985 987 989 
2 3 4 40 48 50 56 60 69 75 76 85 90 92 97 100 103 106 108 110 119 121 136 140 141 145 162 163 168 173 176 177 192 200 205 209 212 213 224 235 243 249 250 252 258 259 263 275 276 296 301 311 321 325 336 341 344 345 359 360 363 377 380 381 398 400 401 404 431 440 443 444 446 458 472 473 479 501 506 507 511 514 530 532 537 548 556 564 566 569 580 586 592 595 603 604 607 608 610 616 634 636 646 658 664 669 674 675 678 683 703 710 712 727 734 737 741 756 774 776 778 785 788 795 798 807 811 815 817 827 833 841 842 845 853 857 867 868 875 878 879 880 881 886 890 901 917 927 930 935 936 942 943 947 951 953 957 965 982 983 988 995 
9 11 20 27 35 43 53 67 68 80 98 105 113 123 129 130 135 144 151 158 159 161 164 166 184 185 193 199 201 208 214 215 216 218 219 222 234 239 240 241 255 257 265 269 270 273 278 280 285 289 291 297 298 299 309 317 324 327 330 343 346 349 357 365 378 385 386 392 402 403 406 408 410 412 416 418 419 420 424 428 429 447 451 454 457 459 461 477 485 486 489 490 493 496 508 512 516 521 533 536 539 543 544 545 546 552 561 565 568 570 572 577 578 585 587 593 596 598 602 614 620 626 631 633 635 638 640 652 657 662 686 688 689 693 696 698 700 701 708 729 731 735 744 750 752 755 759 762 766 770 777 779 780 786 790 791 794 806 812 813 818 822 834 839 847 854 855 858 864 869 870 871 872 873 883 884 885 891 904 905 907 908 909 912 913 915 923 931 934 938 945 948 954 955 962 963 975 979 980 991 996 998 
5 11 20 27 32 35 43 53 67 68 80 91 98 105 113 123 129 151 158 161 166 184 185 187 193 199 201 208 219 222 225 234 240 255 257 265 269 278 280 285 289 291 298 299 309 317 330 346 349 357 365 378 385 391 402 403 406 412 418 419 420 422 428 447 451 457 459 461 475 477 482 485 489 490 493 508 512 516 521 536 539 543 544 545 546 552 561 565 568 570 572 577 578 585 587 598 602 614 620 626 631 635 640 652 657 662 684 688 689 693 698 700 701 708 729 731 735 744 750 752 755 762 763 766 770 777 779 780 790 791 794 806 810 818 822 826 834 839 847 854 869 871 873 883 891 903 904 905 907 912 913 915 923 931 934 948 954 955 962 963 967 979 980 991 996 998 
7 8 28 31 34 39 49 55 58 59 70 72 78 88 96 102 109 115 125 131 137 159 165 169 174 178 179 210 211 216 239 242 246 247 253 256 261 270 292 294 305 307 310 348 356 405 413 414 430 434 435 455 467 470 476 497 510 513 518 520 531 533 535 549 553 557 574 623 625 629 632 645 649 660 666 676 714 738 747 754 761 768 782 783 784 792 801 802 808 821 831 835 899 909 914 938 941 949 956 960 987 994 997 
3 4 10 13 14 15 17 25 26 37 40 45 50 51 56 65 76 82 85 87 89 90 91 93 97 99 104 106 107 108 110 112 114 119 120 122 133 138 145 153 157 160 163 168 173 176 187 188 189 197 200 205 212 218 221 230 235 243 249 251 252 266 267 268 272 275 276 284 290 296 301 303 320 321 325 329 336 337 339 341 342 347 360 362 363 364 375 376 379 380 381 390 393 398 400 401 407 417 422 425 433 436 440 444 445 446 458 463 464 472 473 475 479 481 482 484 488 491 496 501 507 514 517 519 530 532 540 541 546 548 551 556 558 559 564 566 567 569 571 586 589 592 603 604 608 609 610 611 615 618 619 622 627 634 648 651 658 664 669 675 679 683 684 699 702 703 705 707 712 721 722 727 734 737 743 749 751 753 756 763 771 775 788 796 798 800 807 809 811 817 826 828 843 845 853 857 867 875 881 883 886 890 895 911 917 920 923 925 927 930 934 935 936 943 947 951 953 957 966 971 978 981 982 983 986 
2 9 14 20 39 41 42 48 54 57 60 63 64 66 69 74 75 86 92 94 95 100 101 103 106 119 121 127 139 141 142 143 145 147 148 149 152 154 155 156 160 167 178 182 203 204 206 218 220 231 233 235 244 248 258 259 260 262 263 271 274 277 279 282 286 288 293 301 303 304 308 312 318 321 326 329 335 336 341 344 345 349 350 358 359 360 361 363 365 368 372 374 376 382 389 390 395 399 400 401 402 404 409 427 431 432 437 440 441 450 462 463 465 468 472 478 479 480 487 492 495 496 500 501 502 503 506 507 511 523 526 528 532 538 542 547 554 564 566 573 589 594 595 596 600 606 607 608 616 621 625 642 647 659 663 664 672 677 681 690 692 694 695 697 703 704 710 711 713 715 717 719 722 725 726 728 732 734 737 739 744 745 746 748 751 767 769 774 776 778 785 793 795 796 798 802 803 805 808 811 816 823 824 828 829 830 833 838 842 846 848 853 854 864 866 867 868 873 875 879 880 882 887 889 893 898 900 901 910 916 918 919 935 936 942 946 947 958 962 968 973 983 984 990 995 
6 18 22 26 53 61 82 104 107 120 133 138 146 161 171 184 185 186 198 199 222 272 283 315 316 317 320 346 387 393 417 421 445 451 474 475 483 489 490 491 521 522 539 545 551 562 571 579 585 588 599 612 614 631 640 662 673 685 688 700 709 730 731 750 752 766 770 771 777 797 806 810 820 828 837 849 852 883 888 891 894 912 913 939 959 963 964 967 986 991 993 996 
9 20 28 29 31 34 35 39 42 49 54 55 58 59 63 67 68 70 72 73 77 78 88 96 105 109 115 125 129 130 131 137 150 151 159 164 165 174 178 179 193 211 216 218 223 229 239 242 246 256 260 261 262 270 279 280 285 292 294 299 307 309 322 324 326 330 343 349 356 365 372 386 392 402 405 408 409 413 414 415 416 420 426 429 430 447 455 456 457 459 476 494 495 497 509 510 513 520 527 531 533 535 536 543 544 549 553 557 560 573 574 575 582 587 596 598 602 617 620 623 625 626 629 632 635 643 645 652 660 665 666 677 686 694 696 698 704 708 714 723 725 729 735 736 738 739 744 747 755 760 761 768 779 782 783 784 792 802 812 813 814 816 821 831 839 840 844 854 858 862 863 864 870 871 873 884 885 893 899 904 909 910 914 916 918 919 922 928 938 941 944 948 949 956 960 962 970 973 975 984 987 
6 12 22 38 54 57 66 73 74 81 86 94 95 129 132 135 139 146 147 155 172 185 186 191 198 204 206 217 226 228 231 236 237 262 274 278 279 280 282 283 289 301 303 304 308 313 315 318 326 328 330 331 350 352 361 367 368 369 373 386 389 392 399 421 427 437 448 450 453 454 465 466 478 504 522 523 527 528 542 550 562 576 621 624 647 653 656 659 671 672 680 685 692 695 706 717 722 726 728 729 730 732 733 739 740 742 748 764 773 774 786 793 794 805 819 820 823 824 828 837 847 850 851 860 864 871 873 877 892 893 894 898 900 906 918 919 939 944 948 952 961 964 969 976 977 985 989 991 
1 9 14 20 27 28 29 30 31 34 39 42 47 48 49 54 55 57 58 62 63 67 68 72 73 74 75 77 80 91 95 96 100 101 105 114 116 121 123 125 129 130 134 135 142 143 145 147 149 151 154 156 159 160 164 165 167 178 182 184 185 187 193 198 199 201 203 214 215 217 218 222 223 228 229 233 234 243 244 247 248 256 258 260 261 262 265 270 271 277 278 279 280 288 289 293 294 295 299 303 304 306 307 308 309 312 317 318 321 322 326 329 336 343 349 350 352 358 360 362 365 367 372 373 376 377 380 382 386 388 390 392 399 401 402 403 408 409 415 419 420 422 426 427 428 429 439 447 451 454 455 456 457 459 461 462 463 468 469 476 479 480 482 485 487 492 494 495 496 500 502 503 505 507 509 510 512 518 520 526 527 532 534 535 536 538 546 549 550 552 553 557 564 566 570 573 574 578 582 585 587 589 596 598 600 607 610 613 617 619 625 626 629 632 642 643 652 657 659 664 665 670 677 680 681 683 684 690 691 692 693 694 698 704 706 708 713 714 715 717 718 719 721 722 725 726 728 729 735 737 739 741 744 747 748 751 752 755 757 760 767 768 772 773 774 778 779 780 783 785 786 789 790 793 794 796 798 801 802 808 813 814 816 817 823 830 838 839 840 844 847 848 850 853 854 858 863 864 866 867 870 871 873 877 879 883 884 885 889 891 893 898 900 903 904 907 909 910 914 916 918 919 923 928 932 934 938 942 944 947 948 949 951 954 955 958 960 962 968 973 979 980 983 984 989 991 994 996 997 
5 13 15 17 20 24 25 26 27 30 32 36 37 45 53 83 87 91 93 98 104 112 114 118 120 123 133 138 144 151 157 158 161 166 183 185 187 189 199 201 208 214 215 217 218 219 222 225 234 240 241 243 245 251 255 265 272 273 278 284 289 297 317 320 327 342 346 347 357 362 364 375 376 378 379 380 391 393 403 412 417 418 419 422 424 428 433 436 451 461 464 475 482 489 490 491 496 512 516 517 521 536 545 546 555 558 559 561 567 570 572 577 578 579 585 593 598 599 610 614 615 618 619 622 626 631 633 638 640 641 657 661 662 679 680 684 688 689 691 693 700 701 702 707 721 735 750 752 753 755 760 762 763 766 770 771 772 777 780 790 791 794 797 806 810 817 818 826 834 847 852 853 854 855 872 883 890 891 903 905 907 908 911 912 913 923 929 934 954 955 959 963 966 967 971 979 980 981 996 998 
6 18 22 26 53 57 61 67 74 86 107 135 146 171 172 184 185 186 198 204 217 222 226 236 272 278 280 283 289 303 304 315 316 317 330 331 346 361 367 368 369 386 387 389 392 393 403 421 445 448 451 454 465 466 474 483 504 522 523 542 562 576 588 599 612 653 656 673 680 685 691 692 705 706 722 729 730 731 733 735 739 748 752 755 771 773 774 786 794 797 810 820 828 837 847 849 850 851 852 864 871 873 877 888 892 893 894 900 918 939 948 959 961 964 976 977 985 989 991 993 
2 3 4 10 40 50 60 75 76 85 89 90 99 103 108 136 140 141 153 162 163 173 176 200 205 213 224 249 252 259 263 266 267 296 325 344 359 381 398 404 407 425 431 443 444 446 458 481 484 501 511 514 530 548 580 586 592 603 604 611 616 634 636 658 675 678 703 710 712 727 743 749 776 788 795 807 809 833 842 843 845 857 868 886 917 927 936 943 953 965 978 988 995 
4 5 10 13 15 17 23 24 25 30 32 36 37 51 52 65 71 83 84 85 87 93 97 110 114 118 122 144 153 157 176 180 183 187 188 189 190 194 195 196 197 214 221 225 230 232 241 243 245 250 252 254 268 273 276 281 284 287 288 290 295 297 300 302 319 323 325 336 342 347 353 355 360 362 364 371 375 378 379 380 381 391 401 418 424 444 452 460 461 464 469 473 484 488 512 517 524 525 529 540 555 556 558 559 561 577 590 593 604 605 609 610 611 613 615 618 637 638 641 651 668 679 682 683 687 699 701 702 707 741 756 760 762 763 775 781 789 809 817 825 826 855 857 859 874 886 890 895 903 905 911 920 925 929 930 933 934 950 951 957 963 966 971 974 978 980 981 982 
5 6 15 17 18 22 26 32 45 53 57 61 67 82 91 98 104 107 112 120 123 133 138 146 161 166 184 185 186 189 199 201 208 217 222 251 265 267 272 278 280 283 303 315 316 317 320 346 378 387 391 393 403 417 418 419 422 428 433 436 445 451 454 461 474 475 482 483 489 490 491 516 519 521 539 545 546 551 561 562 567 571 579 585 588 599 612 614 619 622 627 631 640 662 673 680 688 691 693 700 709 721 730 731 733 735 750 752 753 755 762 763 766 770 771 777 780 791 797 800 806 810 818 820 828 834 837 847 849 851 852 854 883 888 890 891 892 907 912 913 923 934 939 948 955 959 963 967 980 986 991 993 996 998 
1 7 21 34 39 41 44 46 48 63 64 72 79 92 100 101 103 121 124 134 142 152 154 156 167 178 181 182 202 203 210 213 220 227 233 244 247 248 253 258 271 305 306 310 312 314 326 335 340 345 348 351 354 358 370 372 374 377 382 383 395 397 411 434 439 441 462 468 470 476 480 487 492 495 498 503 505 507 518 526 532 538 549 557 563 564 584 594 600 625 628 629 630 639 644 646 649 650 654 655 663 664 670 674 676 681 694 704 713 714 716 718 719 720 724 728 767 769 785 787 795 798 801 802 808 814 815 816 827 829 830 835 846 848 861 865 867 879 882 887 889 898 901 902 910 914 916 921 932 942 947 951 958 962 968 972 984 990 992 994 997 
1 12 19 33 38 42 47 55 62 66 70 73 77 81 109 117 132 139 147 149 150 164 191 206 226 228 231 237 238 262 308 313 322 328 331 338 350 352 361 369 372 373 386 388 392 399 415 427 429 453 456 478 495 509 527 528 550 560 575 581 600 601 621 624 643 647 653 667 671 672 677 692 695 706 717 726 728 740 742 745 757 758 764 773 819 824 836 840 844 850 860 862 863 864 877 887 893 897 898 906 919 922 944 952 961 969 985 989 
28 34 35 49 55 58 70 73 77 78 88 96 105 109 115 117 129 131 150 159 164 165 193 216 239 242 246 256 260 261 270 279 294 299 309 324 338 356 392 402 405 415 416 420 429 430 447 455 456 457 459 494 495 497 509 513 527 531 533 535 543 544 553 557 560 575 582 596 601 602 617 623 635 652 677 686 696 698 708 723 736 744 747 761 768 784 813 831 839 840 844 858 862 863 884 899 909 919 922 928 938 941 944 960 970 975 987 
5 9 10 13 15 17 23 24 25 30 32 36 37 51 52 65 83 87 91 93 97 114 118 123 144 151 157 158 160 166 176 183 187 189 190 195 196 197 199 214 215 218 219 225 229 230 232 240 241 243 245 254 268 273 276 281 284 287 288 290 295 297 300 323 325 327 333 342 347 353 355 357 362 364 365 375 378 379 380 390 391 401 408 409 418 419 422 424 426 428 452 461 464 469 471 473 475 488 490 496 512 515 516 517 524 529 540 546 555 556 558 559 561 570 572 577 578 590 593 605 609 610 613 615 618 633 638 640 641 651 657 661 662 668 679 682 684 688 701 707 741 753 756 760 762 763 772 781 790 791 817 826 834 853 854 855 859 870 872 874 883 885 890 903 905 907 908 911 920 925 929 933 934 950 951 957 963 966 971 978 979 980 981 
2 21 39 44 48 56 63 79 84 92 100 101 102 103 111 121 124 126 128 134 140 145 152 156 160 162 170 175 177 178 181 182 188 192 202 203 205 207 209 213 224 227 233 250 258 271 276 288 295 306 310 311 312 314 319 321 340 344 345 351 354 359 360 366 370 377 380 383 390 394 395 397 401 411 439 441 449 462 469 479 480 487 492 498 505 507 518 526 532 534 537 538 563 573 584 594 597 606 610 613 628 629 630 636 637 639 644 646 650 654 655 664 670 674 678 681 683 687 703 716 718 719 720 724 737 741 767 785 787 789 795 798 801 802 808 814 815 816 825 827 829 830 832 838 861 865 867 876 878 879 889 896 901 902 910 916 921 924 930 932 940 942 947 951 968 972 984 988 992 994 997 
8 9 16 20 21 23 24 29 30 31 39 44 48 49 52 54 58 59 63 65 83 84 95 100 101 105 114 116 121 123 125 126 128 129 130 134 142 145 151 154 156 157 159 160 164 169 175 178 179 182 187 190 193 203 214 215 218 223 229 230 233 239 248 250 258 260 261 262 270 271 276 277 279 281 285 287 288 292 294 295 297 299 306 307 312 319 321 323 326 329 333 334 342 343 349 350 355 360 362 365 366 370 372 377 379 380 384 390 396 401 402 403 408 409 410 414 420 423 426 428 429 435 439 447 452 455 457 460 461 463 464 468 469 471 476 479 480 486 487 492 495 496 499 500 502 505 507 510 512 515 517 518 520 524 526 532 534 536 537 538 544 546 549 557 564 570 572 573 574 577 578 587 590 591 596 597 598 609 610 613 620 625 626 629 630 632 637 638 645 657 660 664 665 666 670 674 677 679 681 683 684 690 694 698 701 704 708 715 716 718 719 725 729 735 737 739 741 744 747 751 755 759 760 767 768 772 779 780 783 785 789 790 793 796 798 799 801 802 808 812 813 814 816 823 827 830 832 838 853 854 858 864 867 870 872 873 885 889 893 896 900 903 904 908 909 910 916 918 924 925 934 938 942 947 949 950 951 958 960 962 973 979 981 983 984 997 
21 23 24 30 36 44 52 65 71 83 84 93 101 111 116 122 126 128 144 157 169 170 175 180 183 188 190 194 195 207 214 230 232 245 250 254 264 276 281 287 288 290 295 297 300 302 306 319 323 333 334 342 353 355 366 370 371 379 380 384 396 423 426 438 439 442 449 452 460 469 471 486 515 524 525 529 534 537 555 558 583 590 591 597 605 609 613 615 637 638 641 651 668 670 674 679 682 687 716 718 741 765 772 781 789 799 804 814 825 832 838 855 856 859 874 885 896 903 908 924 925 929 933 945 950 966 974 981 
11 28 29 35 43 49 58 59 68 78 80 88 105 115 125 129 130 151 159 164 165 179 193 216 219 239 242 256 260 261 269 270 279 285 294 298 299 307 309 324 343 384 385 402 405 408 410 415 416 420 429 430 447 455 456 457 459 477 485 486 494 497 508 510 513 520 533 535 536 543 544 553 565 570 578 582 587 596 598 602 617 620 626 635 652 677 686 696 698 708 723 736 744 747 768 779 784 812 813 822 831 839 858 870 884 885 899 904 909 928 938 945 949 954 960 970 975 
6 12 14 18 20 22 26 50 54 57 61 66 69 74 75 81 82 86 94 95 106 107 112 119 120 135 138 139 146 155 168 171 172 185 186 198 204 217 226 236 237 272 274 275 277 278 282 283 289 301 303 304 308 315 316 318 321 326 331 339 341 350 361 363 367 368 369 387 389 393 400 417 421 427 432 436 440 445 450 454 465 466 472 479 483 500 502 504 522 523 541 542 550 551 562 566 571 576 588 589 612 621 622 627 648 653 656 659 672 673 680 685 691 692 705 709 721 722 726 729 730 732 733 739 740 748 764 771 773 774 778 793 794 796 800 811 820 823 828 837 847 849 850 851 864 871 873 877 880 881 888 893 894 900 906 918 935 939 961 964 976 977 983 985 986 989 993 999 
6 12 18 22 38 57 66 74 81 86 95 132 135 139 146 155 172 186 191 198 204 226 228 236 237 274 282 283 301 308 313 315 328 331 352 361 367 368 369 387 389 421 427 450 454 465 466 504 522 523 527 542 550 562 576 588 621 624 653 656 671 672 673 680 685 692 706 722 726 732 740 742 748 764 773 774 793 819 820 837 850 851 864 877 888 893 894 906 918 939 952 961 964 976 977 985 989 993 
3 4 10 13 15 17 25 37 40 50 51 65 76 82 85 87 89 90 91 93 97 99 106 108 110 112 114 119 120 122 153 157 163 168 173 176 188 189 196 197 200 205 212 221 225 230 243 249 251 252 266 267 268 276 284 290 296 320 321 325 336 339 341 342 347 360 364 375 379 380 381 391 398 401 407 422 425 433 444 458 464 473 475 479 481 484 488 514 517 519 530 532 540 548 555 556 558 559 566 567 569 586 592 603 604 608 609 611 615 618 634 651 658 669 679 683 699 702 707 712 721 727 734 743 749 753 756 775 788 798 800 807 809 817 826 843 845 853 857 859 881 886 890 895 911 917 920 925 927 930 934 943 947 957 965 966 971 978 981 982 
5 9 11 13 20 24 27 30 32 43 67 68 80 83 87 91 105 113 114 116 118 123 129 130 144 151 157 158 159 160 166 169 184 185 187 189 190 193 199 201 214 215 217 218 219 222 225 229 234 239 240 241 243 255 265 269 270 273 278 280 284 285 288 289 291 297 298 307 309 317 333 342 343 346 349 357 362 365 376 378 379 380 384 390 391 402 403 406 408 409 410 412 418 419 420 422 424 426 428 447 451 457 461 463 464 471 475 477 482 485 486 489 490 496 510 512 515 516 536 543 544 546 552 558 561 565 568 570 572 577 578 585 587 593 596 598 602 610 619 620 626 632 633 635 638 640 641 657 661 662 668 680 684 688 689 691 693 698 701 708 721 725 729 735 744 752 755 759 760 762 763 770 772 779 780 790 791 794 799 812 813 817 818 826 834 847 853 854 855 870 871 872 873 883 885 891 903 904 905 907 908 909 923 934 945 948 949 950 954 955 962 963 971 973 979 980 991 996 
5 9 11 13 15 17 20 24 25 27 30 32 36 37 43 45 51 53 65 83 87 91 93 97 98 113 114 118 120 123 129 133 138 144 145 151 157 158 160 166 183 185 187 189 190 199 201 208 214 215 217 218 219 222 225 229 230 234 240 241 243 245 251 255 265 273 276 278 281 284 287 288 289 291 295 297 298 316 317 320 323 327 333 336 342 346 347 349 357 362 364 365 375 376 378 379 380 390 391 393 401 402 403 406 408 409 412 418 419 420 422 424 426 428 433 447 451 457 461 464 469 473 475 477 482 488 489 490 491 496 512 516 517 521 536 545 546 555 558 559 561 565 566 568 570 572 577 578 585 587 590 593 598 609 610 613 614 615 618 619 622 626 631 633 638 640 641 657 661 662 679 680 684 688 689 691 693 700 701 707 721 729 735 741 750 752 753 755 756 760 762 763 766 770 772 777 779 780 790 791 794 806 817 818 826 834 847 852 853 854 855 870 871 872 873 883 885 890 891 903 905 907 908 911 912 913 923 925 929 934 948 951 954 955 962 963 966 967 971 979 980 981 991 996 998 
5 10 13 15 17 23 24 25 30 32 36 37 51 52 65 71 83 84 87 93 97 114 116 118 122 144 157 158 175 176 180 183 187 189 190 194 195 196 197 214 215 225 229 230 232 241 243 245 250 254 268 273 276 281 284 287 288 290 295 297 300 302 319 323 325 327 333 334 342 347 353 355 357 362 364 371 375 378 379 380 384 391 396 401 418 424 426 438 452 460 461 464 469 471 473 486 488 512 515 517 524 525 529 534 540 555 556 558 559 561 572 573 577 590 593 605 609 610 613 615 618 633 637 638 641 651 657 668 670 679 682 701 707 718 741 756 759 760 762 763 772 775 781 789 790 804 817 826 832 838 855 859 872 874 890 903 905 908 911 920 925 929 930 933 934 945 950 951 957 963 966 971 973 974 978 980 981 
3 4 10 13 25 37 51 52 56 65 71 76 84 85 87 89 90 97 108 110 114 122 136 140 153 163 168 170 176 177 180 188 192 194 195 196 197 205 209 212 221 224 230 243 249 250 252 254 268 276 290 296 300 302 311 319 321 325 336 342 360 364 380 381 398 401 425 431 444 446 458 460 469 473 479 481 484 488 514 517 519 525 529 532 537 540 548 555 556 559 569 580 586 590 592 603 604 605 608 609 610 611 615 618 634 636 637 646 651 658 675 678 679 683 687 699 702 703 707 712 727 734 741 743 749 756 775 781 788 789 798 809 815 817 825 827 841 845 857 859 874 875 878 886 890 895 917 920 925 927 930 940 947 951 953 957 966 978 982 988 
4 9 14 20 48 50 54 57 60 61 63 64 66 69 74 75 82 86 90 92 94 95 97 100 103 106 112 114 119 121 127 135 139 142 143 145 146 147 154 155 160 167 168 176 182 198 203 204 205 206 217 218 224 230 231 235 236 243 248 249 252 258 259 262 271 272 274 275 276 277 278 282 283 288 289 293 301 303 304 308 312 318 321 325 326 329 336 341 350 358 359 360 361 362 363 365 367 368 376 377 380 382 389 390 393 399 400 401 404 409 427 432 436 437 440 445 450 463 465 466 468 472 478 479 482 487 496 500 501 502 503 506 507 511 517 523 528 532 538 542 546 547 550 556 564 566 573 586 589 592 595 607 608 610 616 619 621 622 627 642 657 659 664 672 675 680 681 683 684 685 690 691 692 695 697 703 704 705 710 712 715 719 721 722 725 726 728 729 730 732 733 734 737 739 741 745 748 751 756 771 774 776 778 785 793 794 795 796 798 800 803 805 811 816 817 823 824 828 830 833 838 842 848 853 854 864 866 867 868 871 873 875 879 880 881 882 889 890 893 898 900 910 916 918 930 935 936 939 942 947 951 953 957 958 962 973 976 983 984 999 
1 9 14 16 20 21 29 30 31 34 39 42 44 47 48 52 54 55 56 63 65 72 74 75 84 95 97 100 101 103 105 106 114 116 119 121 123 125 126 128 129 130 134 142 143 145 147 149 151 154 156 157 159 160 164 167 169 175 177 178 181 182 187 190 203 205 209 214 215 218 223 224 227 229 230 233 244 247 248 250 258 260 262 265 271 274 276 277 278 279 281 288 289 293 294 295 301 303 304 306 307 308 312 318 319 321 322 323 326 329 333 334 336 340 342 343 349 350 354 355 358 360 362 365 366 370 372 376 377 380 382 388 390 392 396 399 401 402 403 408 409 415 420 423 426 427 428 439 455 457 460 461 462 463 464 468 469 471 476 479 480 482 487 492 495 496 498 499 500 502 503 505 507 510 512 517 518 520 524 526 532 534 536 537 538 542 546 549 550 557 564 566 573 574 584 587 589 590 591 596 597 598 600 607 608 610 613 617 619 625 628 629 630 632 637 642 643 646 657 659 664 665 670 674 677 679 681 683 684 690 691 692 694 698 704 713 714 715 716 717 718 719 722 725 726 728 729 734 735 737 739 741 744 748 751 755 756 760 767 772 774 778 779 780 783 785 787 789 790 793 794 796 798 799 801 802 808 811 813 814 816 817 823 827 830 832 838 848 853 854 858 864 866 867 870 873 878 879 885 889 893 896 898 900 903 909 910 914 916 918 919 921 924 925 932 934 935 942 947 949 951 958 960 962 968 972 973 983 984 994 997 
6 12 22 38 54 57 66 73 74 81 86 129 132 135 139 146 155 164 172 186 191 198 204 226 228 262 274 279 280 283 308 313 328 330 331 350 352 361 367 368 369 373 386 389 392 399 421 427 429 448 454 465 478 504 522 523 527 550 562 576 588 621 624 653 656 667 671 672 673 680 685 692 706 717 726 729 731 733 740 742 748 764 773 786 819 820 837 840 844 847 850 851 864 871 873 877 888 892 893 894 906 918 919 922 939 944 948 952 961 964 969 976 977 985 989 991 
6 14 18 22 26 37 45 50 53 57 61 82 87 90 91 97 99 104 107 108 112 119 120 133 138 146 163 168 171 173 185 186 212 217 221 236 243 251 265 266 267 272 275 278 282 283 301 303 315 316 320 336 337 339 341 346 347 363 376 387 393 400 407 417 421 422 425 432 433 436 440 444 445 451 466 472 474 475 482 483 491 501 514 519 522 530 541 546 551 559 562 566 567 571 579 585 586 588 589 592 599 608 612 619 622 627 648 669 685 688 691 702 705 709 721 722 727 730 733 743 749 752 753 771 797 800 807 810 811 820 828 837 843 849 852 880 881 883 886 888 890 917 923 927 939 943 957 959 967 976 986 991 993 999 
28 34 42 55 59 70 73 77 78 88 96 109 115 117 131 150 164 165 179 216 239 242 246 256 261 270 294 299 322 324 338 356 373 405 416 429 430 455 456 494 495 497 509 513 527 531 533 535 553 557 560 575 582 601 617 623 643 714 723 736 738 747 758 761 768 782 784 792 831 836 839 840 844 858 862 863 884 899 914 922 928 938 941 944 952 956 960 970 987 
2 3 21 40 48 56 60 76 85 92 100 103 110 121 122 136 140 141 145 162 170 176 177 180 188 192 205 209 213 224 227 235 249 250 252 258 263 271 276 311 319 321 325 344 345 359 360 370 377 380 381 398 401 404 431 441 443 446 458 480 487 501 506 507 511 532 537 548 556 569 580 603 610 616 634 636 646 651 658 674 675 678 681 683 687 699 703 710 712 734 741 756 775 776 788 795 798 807 815 827 833 841 842 845 857 867 868 875 878 901 930 936 940 942 947 951 953 965 972 982 988 995 
6 12 19 20 22 33 38 42 54 57 62 66 67 73 74 81 86 94 95 105 129 132 135 139 146 147 149 155 164 172 185 186 191 198 204 206 217 226 228 231 236 237 238 248 262 274 278 279 280 283 289 299 303 304 308 313 318 322 326 328 330 331 349 350 352 361 367 368 369 372 373 386 389 392 399 402 403 415 420 421 427 429 448 453 454 456 465 466 478 495 503 504 522 523 527 528 542 550 562 576 581 596 598 601 621 624 653 656 659 667 671 672 677 680 685 690 692 694 695 704 706 717 722 725 726 728 729 730 732 733 735 739 740 742 744 748 755 757 758 764 773 774 786 793 794 805 813 819 820 823 828 836 837 839 840 844 847 850 851 854 858 860 863 864 871 873 877 892 893 894 897 898 900 906 918 919 922 939 944 948 952 961 962 964 969 976 977 985 989 991 
1 34 41 48 60 63 64 72 79 100 101 124 127 134 141 142 143 147 148 152 154 156 167 178 182 202 203 213 220 231 233 244 247 248 258 259 263 271 286 306 312 335 344 345 351 358 372 374 382 395 397 441 462 468 480 487 492 495 498 503 505 526 538 547 554 584 594 600 606 607 616 625 642 644 650 654 663 681 690 694 697 711 713 714 719 720 728 745 746 767 769 785 801 803 805 816 824 829 830 846 848 879 882 887 898 902 914 916 921 932 942 946 958 968 990 992 994 995 997 
6 18 20 22 26 27 45 53 54 57 61 67 68 73 74 80 82 91 98 104 105 107 112 120 123 129 133 135 138 146 151 161 164 172 184 185 186 193 198 199 201 217 222 228 234 255 262 265 272 278 279 280 283 289 299 303 304 309 315 316 317 320 330 346 349 350 352 365 367 368 386 387 392 393 402 403 416 417 419 420 421 428 429 436 445 448 451 454 457 459 461 465 474 482 483 485 489 490 491 496 500 504 522 527 536 539 545 546 550 552 562 576 578 579 585 588 589 596 598 599 612 614 619 622 631 640 652 656 657 673 680 685 686 688 689 691 692 693 700 706 708 709 717 729 730 731 733 735 739 744 750 752 755 770 771 773 777 780 786 791 794 797 806 810 813 820 822 828 837 839 844 847 849 850 851 852 854 864 871 873 877 883 888 891 892 893 894 907 912 913 915 918 919 923 939 944 948 954 955 959 961 962 964 967 979 980 985 986 989 991 993 996 
2 41 48 60 64 75 101 103 124 127 141 142 148 152 156 167 181 182 202 203 213 220 227 258 259 263 271 286 312 335 344 345 351 358 359 374 382 395 397 441 462 480 487 492 498 511 526 538 547 554 594 606 607 616 625 642 644 650 663 681 697 713 719 720 746 767 769 785 795 803 829 830 842 846 848 868 879 882 887 901 902 921 932 942 946 968 972 990 992 995 
6 18 22 26 53 61 82 104 107 120 133 138 146 171 172 185 186 198 204 236 272 283 315 316 320 346 368 387 393 417 421 445 451 474 483 490 504 521 522 545 551 562 571 579 588 599 612 656 673 685 700 709 730 731 750 771 797 806 810 820 828 837 849 852 888 892 894 912 913 939 959 964 967 976 977 986 991 993 
1 7 19 21 29 31 34 39 42 44 46 47 48 55 59 62 63 72 79 96 100 101 102 125 134 137 142 143 147 149 152 154 156 165 174 178 179 181 182 202 203 206 210 211 223 231 233 238 244 247 248 253 258 260 262 271 292 294 305 306 308 310 312 314 322 326 340 348 350 354 370 372 374 377 382 383 388 399 411 413 414 415 430 434 435 439 441 455 462 470 476 480 487 492 495 498 503 505 509 510 518 526 528 538 549 557 563 573 574 581 584 594 600 617 625 628 629 630 632 639 642 643 645 649 650 654 655 660 665 666 670 674 676 677 681 690 694 704 711 713 714 716 718 719 720 724 728 738 745 747 754 767 768 769 782 783 787 792 801 802 805 808 814 816 821 823 829 830 835 838 846 848 861 865 887 898 902 910 914 916 921 926 932 941 942 956 962 968 972 984 990 994 997 
2 41 48 60 64 75 76 92 103 121 127 136 140 141 148 162 167 213 227 235 258 259 263 286 318 335 344 345 351 358 359 374 395 397 404 431 441 443 446 468 501 506 507 511 532 547 548 554 564 580 594 595 606 607 616 636 642 644 663 675 681 697 703 710 719 746 776 785 795 803 830 833 842 846 848 866 867 868 875 879 882 901 935 936 946 953 958 965 988 990 992 995 
20 27 32 35 43 53 67 68 73 80 91 98 105 113 123 129 133 135 138 151 161 166 172 184 185 186 193 199 201 208 219 222 234 240 255 257 265 269 278 280 289 291 299 309 316 317 330 346 349 357 365 378 385 386 392 402 403 406 412 419 420 422 428 447 448 451 454 457 459 461 474 475 477 482 485 489 490 491 493 508 516 521 536 539 545 546 552 565 568 570 577 578 585 588 598 599 602 614 626 631 640 652 657 662 673 688 689 693 700 701 729 731 735 744 750 752 755 762 763 766 770 777 780 786 790 791 794 797 806 810 818 822 834 839 847 851 852 854 864 869 871 873 883 891 892 905 907 912 913 915 923 931 934 948 954 955 959 962 963 967 979 980 991 996 998 
1 7 8 9 16 21 29 31 34 39 44 46 55 59 63 72 79 96 100 101 102 116 125 126 128 134 137 142 145 152 156 165 169 174 178 179 181 182 202 203 210 211 223 233 244 247 248 253 258 260 271 288 292 294 305 306 307 310 312 314 326 340 348 354 366 370 372 377 383 408 411 413 414 426 430 434 435 439 441 455 462 467 470 476 480 487 492 495 498 499 503 505 509 510 518 520 526 538 549 557 563 573 574 584 591 594 600 625 628 629 630 632 639 645 649 650 654 655 660 665 666 670 674 676 681 694 704 713 714 716 718 719 720 724 728 738 741 744 747 754 767 768 782 783 787 792 798 801 802 808 814 816 821 829 830 835 838 861 865 876 885 889 898 902 910 914 916 921 926 932 937 941 942 947 949 951 956 962 968 972 973 984 990 994 997 
5 11 27 35 43 53 80 98 113 118 123 144 158 161 166 183 199 201 208 219 240 241 255 257 269 273 291 297 298 317 327 357 378 385 406 412 418 419 424 447 461 475 477 489 490 493 508 516 521 539 545 552 561 565 568 570 572 578 585 593 614 631 633 640 661 662 688 689 693 700 701 750 762 766 770 777 791 806 818 822 834 855 869 883 891 905 907 912 913 915 931 945 954 955 963 967 980 996 998 
6 14 20 50 57 61 69 74 75 82 86 90 94 95 99 106 107 112 119 146 163 168 171 173 198 204 212 217 236 249 266 267 272 274 275 277 282 283 289 301 303 304 308 315 318 321 326 337 339 341 363 367 368 389 393 400 404 417 421 432 436 440 445 450 465 466 472 479 483 500 501 502 511 522 523 541 542 551 562 566 571 586 589 592 608 622 627 648 669 675 680 685 691 692 705 710 712 721 722 729 730 732 733 739 748 771 774 778 793 794 796 800 807 811 820 823 828 833 880 881 893 894 900 918 935 936 939 976 983 986 999